"Strategy Name";"Filters result";"Fitness (IS)";"Symbol (IS)";"TimeFrame (IS)";"Net profit (IS)";"Mini equity chart (IS)";"# of trades (IS)";"Profit factor (IS)";"Sharpe Ratio (IS)";"R Expectancy (IS)";"Annual % Return (IS)";"Stability (IS)";"Symmetry (IS)";"Drawdown (IS)";"Win/Loss ratio (IS)";"Ret/DD Ratio (IS)";"CAGR/Max DD % (IS)";"Avg. Win (IS)";"Avg. Loss (IS)";"Avg. Bars Win (IS)";"Avg. Bars Loss (IS)";"Avg. Bars in Trade (IS)";"Exposure (IS)";"Fitness (OOS)";"Net profit (OOS)";"Mini equity chart (OOS)";"# of trades (OOS)";"Profit factor (OOS)";"Sharpe Ratio (OOS)";"R Expectancy (OOS)";"Annual % Return (OOS)";"Stability (OOS)";"Symmetry (OOS)";"Drawdown (OOS)";"Win/Loss ratio (OOS)";"Ret/DD Ratio (OOS)";"CAGR/Max DD % (OOS)";"Avg. Win (OOS)";"Avg. Loss (OOS)";"Avg. Bars Win (OOS)";"Avg. Bars Loss (OOS)";"Avg. Bars in Trade (OOS)";"Exposure (OOS)"
"Strategy 1.1.393";"";"0.83";"NDXm_TICK_UTCPlus02";"M15";"888.99";"";"424";"1.31";"1.25";"0.15";"22.22";"0.85";"0.0";"144.61";"1.12";"6.15";"1.44";"16.71";"14.27";"10.54";"9.91";"10.24";"1.44";"0.83";"0.0";"";"0";"0.0";"0.0";"0.0";"0.0";"0.0";"0.0";"0.0";"0.0";"0.0";"0.0";"0.0";"0.0";"0.0";"0.0";"0.0";"0.0"
"Strategy 1.1.304";"";"0.78";"NDXm_TICK_UTCPlus02";"M15";"724.93";"";"452";"1.25";"1.08";"0.11";"18.12";"0.84";"0.0";"167.09";"1.27";"4.34";"0.99";"14.23";"14.44";"12.09";"9.8";"11.08";"0.78";"0.78";"0.0";"";"0";"0.0";"0.0";"0.0";"0.0";"0.0";"0.0";"0.0";"0.0";"0.0";"0.0";"0.0";"0.0";"0.0";"0.0";"0.0";"0.0"
"Strategy 1.1.315";"";"0.84";"NDXm_TICK_UTCPlus02";"M15";"1029.78";"";"618";"1.28";"1.32";"0.11";"25.74";"0.83";"0.0";"158.36";"1.5";"6.5";"2.4";"12.64";"14.81";"11.16";"10.38";"10.85";"1.0";"0.84";"0.0";"";"0";"0.0";"0.0";"0.0";"0.0";"0.0";"0.0";"0.0";"0.0";"0.0";"0.0";"0.0";"0.0";"0.0";"0.0";"0.0";"0.0"
"Strategy 1.1.375";"";"0.68";"NDXm_TICK_UTCPlus02";"M15";"586.65";"";"420";"1.16";"0.64";"0.09";"14.67";"0.81";"0.0";"242.16";"0.67";"2.42";"0.87";"25.74";"14.99";"25.76";"20.65";"22.7";"2.0";"0.68";"0.0";"";"0";"0.0";"0.0";"0.0";"0.0";"0.0";"0.0";"0.0";"0.0";"0.0";"0.0";"0.0";"0.0";"0.0";"0.0";"0.0";"0.0"
"Strategy 1.1.428";"";"0.86";"NDXm_TICK_UTCPlus02";"M15";"1170.21";"";"798";"1.22";"1.19";"0.1";"29.25";"0.83";"0.0";"152.24";"1.22";"7.69";"1.61";"14.87";"14.92";"12.26";"14.82";"13.41";"2.22";"0.86";"0.0";"";"0";"0.0";"0.0";"0.0";"0.0";"0.0";"0.0";"0.0";"0.0";"0.0";"0.0";"0.0";"0.0";"0.0";"0.0";"0.0";"0.0"
"Strategy 1.1.396";"";"0.76";"NDXm_TICK_UTCPlus02";"M15";"1038.14";"";"606";"1.22";"1.07";"0.11";"25.96";"0.77";"0.0";"267.86";"0.94";"3.88";"1.65";"19.51";"14.95";"24.01";"20.32";"22.11";"1.94";"0.76";"0.0";"";"0";"0.0";"0.0";"0.0";"0.0";"0.0";"0.0";"0.0";"0.0";"0.0";"0.0";"0.0";"0.0";"0.0";"0.0";"0.0";"0.0"
"Strategy 1.1.441";"";"0.8";"NDXm_TICK_UTCPlus02";"M15";"1085.78";"";"607";"1.23";"1.1";"0.12";"27.15";"0.88";"0.0";"223.38";"0.96";"4.86";"1.32";"19.35";"15.03";"24.27";"19.81";"21.99";"1.83";"0.8";"0.0";"";"0";"0.0";"0.0";"0.0";"0.0";"0.0";"0.0";"0.0";"0.0";"0.0";"0.0";"0.0";"0.0";"0.0";"0.0";"0.0";"0.0"
"Strategy 1.1.369";"";"0.68";"NDXm_TICK_UTCPlus02";"M15";"899.99";"";"1033";"1.12";"0.77";"0.06";"22.5";"0.82";"0.0";"378.16";"0.99";"2.38";"0.97";"16.82";"14.86";"15.21";"13.77";"14.48";"3.06";"0.68";"0.0";"";"0";"0.0";"0.0";"0.0";"0.0";"0.0";"0.0";"0.0";"0.0";"0.0";"0.0";"0.0";"0.0";"0.0";"0.0";"0.0";"0.0"
"Strategy 1.1.305";"";"0.76";"NDXm_TICK_UTCPlus02";"M15";"1321.67";"";"1333";"1.13";"0.95";"0.07";"33.04";"0.85";"0.0";"352.15";"0.84";"3.75";"1.41";"19.25";"14.28";"10.79";"8.29";"9.43";"1.72";"0.76";"0.0";"";"0";"0.0";"0.0";"0.0";"0.0";"0.0";"0.0";"0.0";"0.0";"0.0";"0.0";"0.0";"0.0";"0.0";"0.0";"0.0";"0.0"
"Strategy 1.1.352";"";"0.72";"NDXm_TICK_UTCPlus02";"M15";"1251.98";"";"1183";"1.12";"0.8";"0.07";"31.3";"0.78";"0.0";"418.72";"0.7";"2.99";"0.86";"23.76";"14.88";"21.26";"14.29";"17.16";"4.39";"0.72";"0.0";"";"0";"0.0";"0.0";"0.0";"0.0";"0.0";"0.0";"0.0";"0.0";"0.0";"0.0";"0.0";"0.0";"0.0";"0.0";"0.0";"0.0"
"Strategy 1.1.430";"";"0.8";"NDXm_TICK_UTCPlus02";"M15";"1534.02";"";"1655";"1.11";"0.9";"0.06";"38.35";"0.84";"0.0";"316.3";"0.75";"4.85";"1.0";"22.02";"14.92";"25.95";"17.26";"20.99";"10.11";"0.8";"0.0";"";"0";"0.0";"0.0";"0.0";"0.0";"0.0";"0.0";"0.0";"0.0";"0.0";"0.0";"0.0";"0.0";"0.0";"0.0";"0.0";"0.0"
"Strategy 1.1.453";"";"0.76";"NDXm_TICK_UTCPlus02";"M15";"2420.65";"";"2272";"1.12";"1.18";"0.07";"60.51";"0.78";"0.0";"626.99";"0.7";"3.86";"1.11";"23.3";"14.6";"17.83";"11.41";"14.07";"7.61";"0.76";"0.0";"";"0";"0.0";"0.0";"0.0";"0.0";"0.0";"0.0";"0.0";"0.0";"0.0";"0.0";"0.0";"0.0";"0.0";"0.0";"0.0";"0.0"
"Strategy 1.1.494";"";"0.77";"NDXm_TICK_UTCPlus02";"M15";"652.17";"";"488";"1.21";"0.92";"0.09";"16.3";"0.71";"0.0";"163.37";"1.33";"3.99";"1.23";"13.4";"14.77";"16.57";"16.67";"16.61";"0.22";"0.77";"0.0";"";"0";"0.0";"0.0";"0.0";"0.0";"0.0";"0.0";"0.0";"0.0";"0.0";"0.0";"0.0";"0.0";"0.0";"0.0";"0.0";"0.0"
"Strategy 1.1.482";"";"0.81";"NDXm_TICK_UTCPlus02";"M15";"2132.54";"";"1539";"1.16";"1.3";"0.09";"53.31";"0.75";"0.0";"390.73";"0.75";"5.46";"2.33";"22.93";"14.71";"17.2";"12.2";"14.34";"4.11";"0.81";"0.0";"";"0";"0.0";"0.0";"0.0";"0.0";"0.0";"0.0";"0.0";"0.0";"0.0";"0.0";"0.0";"0.0";"0.0";"0.0";"0.0";"0.0"
"Strategy 1.1.364";"";"0.85";"NDXm_TICK_UTCPlus02";"M15";"1848.2";"";"1640";"1.15";"1.23";"0.08";"46.2";"0.87";"0.0";"243.32";"0.97";"7.6";"1.92";"17.76";"14.95";"24.3";"20.84";"22.54";"10.78";"0.85";"0.0";"";"0";"0.0";"0.0";"0.0";"0.0";"0.0";"0.0";"0.0";"0.0";"0.0";"0.0";"0.0";"0.0";"0.0";"0.0";"0.0";"0.0"
"Strategy 1.1.340";"";"0.8";"NDXm_TICK_UTCPlus02";"M15";"1455.27";"";"1257";"1.15";"1.09";"0.08";"36.38";"0.8";"0.0";"301.43";"0.96";"4.83";"1.2";"18.34";"15.35";"31.63";"23.5";"27.48";"14.28";"0.8";"0.0";"";"0";"0.0";"0.0";"0.0";"0.0";"0.0";"0.0";"0.0";"0.0";"0.0";"0.0";"0.0";"0.0";"0.0";"0.0";"0.0";"0.0"
"Strategy 1.1.422";"";"0.84";"NDXm_TICK_UTCPlus02";"M15";"1361.25";"";"1800";"1.11";"0.99";"0.05";"34.03";"0.86";"0.0";"209.71";"1.15";"6.49";"1.35";"14.35";"14.88";"19.96";"18.25";"19.17";"6.5";"0.84";"0.0";"";"0";"0.0";"0.0";"0.0";"0.0";"0.0";"0.0";"0.0";"0.0";"0.0";"0.0";"0.0";"0.0";"0.0";"0.0";"0.0";"0.0"
"Strategy 1.1.492";"";"0.69";"NDXm_TICK_UTCPlus02";"M15";"826.1";"";"925";"1.12";"0.75";"0.06";"20.65";"0.67";"0.0";"329.71";"0.93";"2.51";"0.84";"17.31";"14.4";"15.69";"13.39";"14.5";"1.89";"0.69";"0.0";"";"0";"0.0";"0.0";"0.0";"0.0";"0.0";"0.0";"0.0";"0.0";"0.0";"0.0";"0.0";"0.0";"0.0";"0.0";"0.0";"0.0"
"Strategy 1.1.484";"";"0.79";"NDXm_TICK_UTCPlus02";"M15";"1932.5";"";"1521";"1.15";"1.14";"0.09";"48.31";"0.85";"0.0";"404.35";"0.65";"4.78";"1.21";"24.68";"13.94";"15.74";"10.12";"12.33";"5.22";"0.79";"0.0";"";"0";"0.0";"0.0";"0.0";"0.0";"0.0";"0.0";"0.0";"0.0";"0.0";"0.0";"0.0";"0.0";"0.0";"0.0";"0.0";"0.0"
"Strategy 1.1.412";"";"0.74";"NDXm_TICK_UTCPlus02";"M15";"1648.87";"";"2088";"1.11";"0.99";"0.05";"41.22";"0.72";"0.0";"474.32";"1.02";"3.48";"0.93";"16.48";"15.14";"24.45";"20.01";"22.25";"17.0";"0.74";"0.0";"";"0";"0.0";"0.0";"0.0";"0.0";"0.0";"0.0";"0.0";"0.0";"0.0";"0.0";"0.0";"0.0";"0.0";"0.0";"0.0";"0.0"
"Strategy 1.1.485";"";"0.75";"NDXm_TICK_UTCPlus02";"M15";"1401.13";"";"1342";"1.14";"1.05";"0.07";"35.03";"0.82";"0.0";"395.91";"1.0";"3.54";"0.79";"17.15";"15.07";"26.58";"22.58";"24.58";"7.89";"0.75";"0.0";"";"0";"0.0";"0.0";"0.0";"0.0";"0.0";"0.0";"0.0";"0.0";"0.0";"0.0";"0.0";"0.0";"0.0";"0.0";"0.0";"0.0"
"Strategy 1.1.386";"";"0.85";"NDXm_TICK_UTCPlus02";"M15";"2265.15";"";"3014";"1.11";"1.17";"0.05";"56.63";"0.87";"0.0";"304.76";"1.11";"7.43";"1.44";"14.92";"14.92";"15.83";"14.98";"15.43";"11.83";"0.85";"0.0";"";"0";"0.0";"0.0";"0.0";"0.0";"0.0";"0.0";"0.0";"0.0";"0.0";"0.0";"0.0";"0.0";"0.0";"0.0";"0.0";"0.0"
"Strategy 1.1.424";"";"0.8";"NDXm_TICK_UTCPlus02";"M15";"1511.92";"";"1330";"1.16";"1.21";"0.08";"37.8";"0.74";"0.0";"302.72";"1.05";"4.99";"2.22";"16.54";"14.98";"44.73";"39.36";"42.11";"13.44";"0.8";"0.0";"";"0";"0.0";"0.0";"0.0";"0.0";"0.0";"0.0";"0.0";"0.0";"0.0";"0.0";"0.0";"0.0";"0.0";"0.0";"0.0";"0.0"
"Strategy 1.1.500";"";"0.76";"NDXm_TICK_UTCPlus02";"M15";"1178.9";"";"630";"1.21";"0.99";"0.12";"29.47";"0.83";"0.0";"317.1";"0.68";"3.72";"1.29";"26.76";"15.05";"31.43";"21.25";"25.37";"4.94";"0.76";"0.0";"";"0";"0.0";"0.0";"0.0";"0.0";"0.0";"0.0";"0.0";"0.0";"0.0";"0.0";"0.0";"0.0";"0.0";"0.0";"0.0";"0.0"
"Strategy 1.1.509";"";"0.75";"NDXm_TICK_UTCPlus02";"M15";"606.67";"";"739";"1.14";"0.79";"0.06";"15.16";"0.74";"0.0";"166.29";"1.38";"3.65";"1.13";"11.4";"13.82";"7.72";"7.49";"7.62";"0.0";"0.75";"0.0";"";"0";"0.0";"0.0";"0.0";"0.0";"0.0";"0.0";"0.0";"0.0";"0.0";"0.0";"0.0";"0.0";"0.0";"0.0";"0.0";"0.0"
"Strategy 1.1.462";"";"0.85";"NDXm_TICK_UTCPlus02";"M15";"3292.07";"";"2926";"1.14";"1.45";"0.08";"82.3";"0.86";"0.0";"437.43";"0.81";"7.53";"1.66";"20.84";"14.86";"21.29";"15.55";"18.12";"15.83";"0.85";"0.0";"";"0";"0.0";"0.0";"0.0";"0.0";"0.0";"0.0";"0.0";"0.0";"0.0";"0.0";"0.0";"0.0";"0.0";"0.0";"0.0";"0.0"
"Strategy 1.1.411";"";"0.83";"NDXm_TICK_UTCPlus02";"M15";"2060.62";"";"3057";"1.11";"1.19";"0.04";"51.51";"0.87";"0.0";"342.22";"1.41";"6.02";"1.1";"11.83";"15.0";"17.66";"18.77";"18.13";"15.56";"0.83";"0.0";"";"0";"0.0";"0.0";"0.0";"0.0";"0.0";"0.0";"0.0";"0.0";"0.0";"0.0";"0.0";"0.0";"0.0";"0.0";"0.0";"0.0"
"Strategy 1.1.499";"";"0.83";"NDXm_TICK_UTCPlus02";"M15";"1731.39";"";"1929";"1.15";"1.33";"0.06";"43.28";"0.71";"0.0";"287.71";"1.43";"6.02";"2.61";"11.69";"14.56";"10.23";"10.15";"10.2";"5.39";"0.83";"0.0";"";"0";"0.0";"0.0";"0.0";"0.0";"0.0";"0.0";"0.0";"0.0";"0.0";"0.0";"0.0";"0.0";"0.0";"0.0";"0.0";"0.0"
"Strategy 1.1.516";"";"0.77";"NDXm_TICK_UTCPlus02";"M15";"916.66";"";"422";"1.26";"1.0";"0.15";"22.92";"0.8";"0.0";"224.85";"0.77";"4.08";"0.9";"24.49";"14.91";"31.9";"21.28";"25.88";"3.67";"0.77";"0.0";"";"0";"0.0";"0.0";"0.0";"0.0";"0.0";"0.0";"0.0";"0.0";"0.0";"0.0";"0.0";"0.0";"0.0";"0.0";"0.0";"0.0"
"Strategy 1.1.515";"";"0.67";"NDXm_TICK_UTCPlus02";"M15";"873.56";"";"901";"1.14";"0.86";"0.06";"21.84";"0.75";"0.0";"381.87";"1.13";"2.29";"0.87";"15.26";"15.1";"12.18";"10.98";"11.61";"3.72";"0.67";"0.0";"";"0";"0.0";"0.0";"0.0";"0.0";"0.0";"0.0";"0.0";"0.0";"0.0";"0.0";"0.0";"0.0";"0.0";"0.0";"0.0";"0.0"
"Strategy 1.1.521";"";"0.72";"NDXm_TICK_UTCPlus02";"M15";"1226.08";"";"1462";"1.11";"0.83";"0.06";"30.65";"0.77";"0.0";"402.82";"0.89";"3.04";"0.76";"18.7";"15.03";"26.64";"21.82";"24.09";"11.78";"0.72";"0.0";"";"0";"0.0";"0.0";"0.0";"0.0";"0.0";"0.0";"0.0";"0.0";"0.0";"0.0";"0.0";"0.0";"0.0";"0.0";"0.0";"0.0"
"Strategy 1.1.559";"";"0.76";"NDXm_TICK_UTCPlus02";"M15";"801.19";"";"804";"1.13";"0.72";"0.07";"20.03";"0.73";"0.0";"208.77";"0.86";"3.84";"0.93";"19.24";"14.71";"22.15";"18.55";"20.21";"2.33";"0.76";"0.0";"";"0";"0.0";"0.0";"0.0";"0.0";"0.0";"0.0";"0.0";"0.0";"0.0";"0.0";"0.0";"0.0";"0.0";"0.0";"0.0";"0.0"
"Strategy 1.1.538";"";"0.8";"NDXm_TICK_UTCPlus02";"M15";"2079.98";"";"1351";"1.17";"1.21";"0.1";"52.0";"0.74";"0.0";"403.83";"0.69";"5.15";"2.15";"26.02";"15.32";"30.22";"16.67";"22.2";"12.33";"0.8";"0.0";"";"0";"0.0";"0.0";"0.0";"0.0";"0.0";"0.0";"0.0";"0.0";"0.0";"0.0";"0.0";"0.0";"0.0";"0.0";"0.0";"0.0"
"Strategy 3.1.303";"";"0.7";"NDXm_TICK_UTCPlus02";"M15";"643.81";"";"817";"1.11";"0.65";"0.05";"16.1";"0.69";"0.0";"246.91";"1.09";"2.61";"0.83";"15.38";"15.11";"17.39";"13.45";"15.51";"2.5";"0.7";"0.0";"";"0";"0.0";"0.0";"0.0";"0.0";"0.0";"0.0";"0.0";"0.0";"0.0";"0.0";"0.0";"0.0";"0.0";"0.0";"0.0";"0.0"
"Strategy 3.1.318";"";"0.76";"NDXm_TICK_UTCPlus02";"M15";"1039.97";"";"536";"1.25";"1.12";"0.13";"26.0";"0.79";"0.0";"263.42";"0.9";"3.95";"1.09";"20.69";"14.94";"33.47";"21.28";"27.05";"5.28";"0.76";"0.0";"";"0";"0.0";"0.0";"0.0";"0.0";"0.0";"0.0";"0.0";"0.0";"0.0";"0.0";"0.0";"0.0";"0.0";"0.0";"0.0";"0.0"
"Strategy 3.1.323";"";"0.77";"NDXm_TICK_UTCPlus02";"M15";"881.88";"";"751";"1.16";"0.86";"0.08";"22.05";"0.82";"0.0";"216.04";"0.97";"4.08";"1.37";"17.59";"14.76";"17.56";"14.6";"16.06";"1.72";"0.77";"0.0";"";"0";"0.0";"0.0";"0.0";"0.0";"0.0";"0.0";"0.0";"0.0";"0.0";"0.0";"0.0";"0.0";"0.0";"0.0";"0.0";"0.0"
"Strategy 3.1.340";"";"0.8";"NDXm_TICK_UTCPlus02";"M15";"731.93";"";"668";"1.17";"0.89";"0.07";"18.3";"0.85";"0.0";"141.53";"1.37";"5.17";"1.38";"13.09";"15.32";"22.08";"21.4";"21.79";"2.94";"0.8";"0.0";"";"0";"0.0";"0.0";"0.0";"0.0";"0.0";"0.0";"0.0";"0.0";"0.0";"0.0";"0.0";"0.0";"0.0";"0.0";"0.0";"0.0"
"Strategy 3.1.372";"";"0.72";"NDXm_TICK_UTCPlus02";"M15";"747.34";"";"555";"1.16";"0.73";"0.09";"18.68";"0.72";"0.0";"243.37";"0.76";"3.07";"0.94";"22.83";"15.02";"25.71";"19.84";"22.38";"3.33";"0.72";"0.0";"";"0";"0.0";"0.0";"0.0";"0.0";"0.0";"0.0";"0.0";"0.0";"0.0";"0.0";"0.0";"0.0";"0.0";"0.0";"0.0";"0.0"
"Strategy 3.1.335";"";"0.79";"NDXm_TICK_UTCPlus02";"M15";"1360.32";"";"1191";"1.15";"1.03";"0.08";"34.0";"0.64";"0.0";"296.96";"0.9";"4.58";"1.47";"18.84";"14.83";"23.38";"17.06";"20.05";"5.94";"0.79";"0.0";"";"0";"0.0";"0.0";"0.0";"0.0";"0.0";"0.0";"0.0";"0.0";"0.0";"0.0";"0.0";"0.0";"0.0";"0.0";"0.0";"0.0"
"Strategy 3.1.401";"";"0.71";"NDXm_TICK_UTCPlus02";"M15";"460.95";"";"399";"1.16";"0.65";"0.08";"11.52";"0.8";"0.0";"164.58";"0.96";"2.8";"0.67";"17.11";"14.09";"8.69";"10.22";"9.47";"0.89";"0.71";"0.0";"";"0";"0.0";"0.0";"0.0";"0.0";"0.0";"0.0";"0.0";"0.0";"0.0";"0.0";"0.0";"0.0";"0.0";"0.0";"0.0";"0.0"
"Strategy 3.1.300";"";"0.78";"NDXm_TICK_UTCPlus02";"M15";"1234.23";"";"1405";"1.12";"0.93";"0.06";"30.86";"0.77";"0.0";"281.24";"1.08";"4.39";"0.93";"15.49";"14.97";"27.43";"26.7";"27.08";"6.0";"0.78";"0.0";"";"0";"0.0";"0.0";"0.0";"0.0";"0.0";"0.0";"0.0";"0.0";"0.0";"0.0";"0.0";"0.0";"0.0";"0.0";"0.0";"0.0"
"Strategy 3.1.350";"";"0.83";"NDXm_TICK_UTCPlus02";"M15";"1266.2";"";"841";"1.2";"1.16";"0.1";"31.65";"0.85";"0.0";"197.33";"1.02";"6.42";"1.79";"17.87";"15.21";"33.25";"30.91";"32.09";"5.06";"0.83";"0.0";"";"0";"0.0";"0.0";"0.0";"0.0";"0.0";"0.0";"0.0";"0.0";"0.0";"0.0";"0.0";"0.0";"0.0";"0.0";"0.0";"0.0"
"Strategy 3.1.365";"";"0.78";"NDXm_TICK_UTCPlus02";"M15";"1026.19";"";"775";"1.16";"0.89";"0.09";"25.66";"0.79";"0.0";"234.67";"0.76";"4.37";"0.89";"22.82";"14.95";"33.24";"26.54";"29.43";"3.94";"0.78";"0.0";"";"0";"0.0";"0.0";"0.0";"0.0";"0.0";"0.0";"0.0";"0.0";"0.0";"0.0";"0.0";"0.0";"0.0";"0.0";"0.0";"0.0"
"Strategy 3.1.402";"";"0.83";"NDXm_TICK_UTCPlus02";"M15";"961.94";"";"552";"1.23";"1.03";"0.12";"24.05";"0.87";"0.0";"148.94";"0.94";"6.46";"1.76";"19.36";"14.88";"13.07";"11.26";"12.14";"1.83";"0.83";"0.0";"";"0";"0.0";"0.0";"0.0";"0.0";"0.0";"0.0";"0.0";"0.0";"0.0";"0.0";"0.0";"0.0";"0.0";"0.0";"0.0";"0.0"
"Strategy 3.1.396";"";"0.79";"NDXm_TICK_UTCPlus02";"M15";"824.78";"";"574";"1.2";"0.95";"0.1";"20.62";"0.83";"0.0";"177.35";"0.97";"4.65";"0.95";"17.8";"14.48";"17.43";"15.99";"16.7";"0.11";"0.79";"0.0";"";"0";"0.0";"0.0";"0.0";"0.0";"0.0";"0.0";"0.0";"0.0";"0.0";"0.0";"0.0";"0.0";"0.0";"0.0";"0.0";"0.0"
"Strategy 3.1.373";"";"0.86";"NDXm_TICK_UTCPlus02";"M15";"2123.45";"";"1441";"1.17";"1.33";"0.1";"53.09";"0.9";"0.0";"269.63";"0.72";"7.88";"1.58";"23.96";"14.71";"23.64";"14.59";"18.38";"5.11";"0.86";"0.0";"";"0";"0.0";"0.0";"0.0";"0.0";"0.0";"0.0";"0.0";"0.0";"0.0";"0.0";"0.0";"0.0";"0.0";"0.0";"0.0";"0.0"
"Strategy 3.1.376";"";"0.68";"NDXm_TICK_UTCPlus02";"M15";"1552.27";"";"1352";"1.13";"0.97";"0.08";"38.8";"0.61";"0.0";"669.95";"0.65";"2.32";"1.13";"25.88";"15.0";"28.87";"17.37";"21.92";"8.83";"0.68";"0.0";"";"0";"0.0";"0.0";"0.0";"0.0";"0.0";"0.0";"0.0";"0.0";"0.0";"0.0";"0.0";"0.0";"0.0";"0.0";"0.0";"0.0"
"Strategy 3.1.408";"";"0.75";"NDXm_TICK_UTCPlus02";"M15";"1097.88";"";"895";"1.16";"1.02";"0.08";"27.45";"0.62";"0.0";"306.89";"0.96";"3.58";"1.57";"17.83";"14.76";"29.11";"22.79";"25.89";"4.56";"0.75";"0.0";"";"0";"0.0";"0.0";"0.0";"0.0";"0.0";"0.0";"0.0";"0.0";"0.0";"0.0";"0.0";"0.0";"0.0";"0.0";"0.0";"0.0"
"Strategy 3.1.431";"";"0.81";"NDXm_TICK_UTCPlus02";"M15";"1026.84";"";"824";"1.17";"1.01";"0.09";"25.67";"0.9";"0.0";"188.04";"1.0";"5.46";"1.3";"17.08";"14.59";"14.25";"10.85";"12.55";"1.33";"0.81";"0.0";"";"0";"0.0";"0.0";"0.0";"0.0";"0.0";"0.0";"0.0";"0.0";"0.0";"0.0";"0.0";"0.0";"0.0";"0.0";"0.0";"0.0"
"Strategy 3.1.430";"";"0.79";"NDXm_TICK_UTCPlus02";"M15";"979.84";"";"751";"1.17";"0.96";"0.09";"24.49";"0.89";"0.0";"215.78";"0.97";"4.54";"1.29";"17.91";"14.82";"18.04";"15.16";"16.58";"1.56";"0.79";"0.0";"";"0";"0.0";"0.0";"0.0";"0.0";"0.0";"0.0";"0.0";"0.0";"0.0";"0.0";"0.0";"0.0";"0.0";"0.0";"0.0";"0.0"
"Strategy 3.1.439";"";"0.76";"NDXm_TICK_UTCPlus02";"M15";"834.05";"";"513";"1.21";"0.93";"0.11";"20.85";"0.82";"0.0";"224.36";"0.92";"3.72";"0.94";"19.75";"15.08";"24.06";"19.34";"21.6";"2.89";"0.76";"0.0";"";"0";"0.0";"0.0";"0.0";"0.0";"0.0";"0.0";"0.0";"0.0";"0.0";"0.0";"0.0";"0.0";"0.0";"0.0";"0.0";"0.0"
"Strategy 3.1.410";"";"0.74";"NDXm_TICK_UTCPlus02";"M15";"1230.66";"";"1496";"1.12";"0.94";"0.06";"30.77";"0.76";"0.0";"370.25";"1.15";"3.32";"0.87";"14.55";"14.91";"18.14";"16.17";"17.22";"6.56";"0.74";"0.0";"";"0";"0.0";"0.0";"0.0";"0.0";"0.0";"0.0";"0.0";"0.0";"0.0";"0.0";"0.0";"0.0";"0.0";"0.0";"0.0";"0.0"
"Strategy 3.1.413";"";"0.79";"NDXm_TICK_UTCPlus02";"M15";"1881.65";"";"2090";"1.15";"1.36";"0.06";"47.05";"0.89";"0.0";"411.95";"1.48";"4.57";"1.8";"11.43";"14.71";"10.75";"11.92";"11.22";"6.56";"0.79";"0.0";"";"0";"0.0";"0.0";"0.0";"0.0";"0.0";"0.0";"0.0";"0.0";"0.0";"0.0";"0.0";"0.0";"0.0";"0.0";"0.0";"0.0"
"Strategy 3.1.432";"";"0.77";"NDXm_TICK_UTCPlus02";"M15";"1303.15";"";"1045";"1.16";"1.03";"0.08";"32.58";"0.73";"0.0";"316.61";"0.91";"4.12";"1.68";"18.89";"14.82";"20.13";"15.29";"17.6";"4.22";"0.77";"0.0";"";"0";"0.0";"0.0";"0.0";"0.0";"0.0";"0.0";"0.0";"0.0";"0.0";"0.0";"0.0";"0.0";"0.0";"0.0";"0.0";"0.0"
"Strategy 3.1.426";"";"0.78";"NDXm_TICK_UTCPlus02";"M15";"1422.26";"";"1270";"1.14";"0.98";"0.08";"35.56";"0.77";"0.0";"328.95";"0.78";"4.32";"0.89";"21.28";"14.68";"18.6";"12.44";"15.15";"4.5";"0.78";"0.0";"";"0";"0.0";"0.0";"0.0";"0.0";"0.0";"0.0";"0.0";"0.0";"0.0";"0.0";"0.0";"0.0";"0.0";"0.0";"0.0";"0.0"
"Strategy 3.1.404";"";"0.72";"NDXm_TICK_UTCPlus02";"M15";"1977.67";"";"2149";"1.12";"1.17";"0.06";"49.44";"0.83";"0.0";"676.46";"1.04";"2.92";"0.92";"16.28";"15.1";"17.43";"14.37";"15.93";"13.33";"0.72";"0.0";"";"0";"0.0";"0.0";"0.0";"0.0";"0.0";"0.0";"0.0";"0.0";"0.0";"0.0";"0.0";"0.0";"0.0";"0.0";"0.0";"0.0"
"Strategy 3.1.406";"";"0.76";"NDXm_TICK_UTCPlus02";"M15";"1520.45";"";"1501";"1.11";"0.9";"0.07";"38.02";"0.8";"0.0";"397.61";"0.65";"3.82";"0.82";"25.92";"15.12";"32.26";"20.72";"25.26";"8.11";"0.76";"0.0";"";"0";"0.0";"0.0";"0.0";"0.0";"0.0";"0.0";"0.0";"0.0";"0.0";"0.0";"0.0";"0.0";"0.0";"0.0";"0.0";"0.0"
"Strategy 3.1.446";"";"0.75";"NDXm_TICK_UTCPlus02";"M15";"1056.45";"";"732";"1.19";"1.01";"0.1";"26.41";"0.75";"0.0";"296.86";"0.98";"3.56";"1.28";"18.05";"14.8";"30.17";"25.78";"27.95";"1.28";"0.75";"0.0";"";"0";"0.0";"0.0";"0.0";"0.0";"0.0";"0.0";"0.0";"0.0";"0.0";"0.0";"0.0";"0.0";"0.0";"0.0";"0.0";"0.0"
"Strategy 3.1.463";"";"0.81";"NDXm_TICK_UTCPlus02";"M15";"2001.19";"";"2159";"1.12";"1.2";"0.06";"50.03";"0.8";"0.0";"382.16";"0.83";"5.24";"1.6";"19.71";"14.57";"13.23";"9.73";"11.31";"5.67";"0.81";"0.0";"";"0";"0.0";"0.0";"0.0";"0.0";"0.0";"0.0";"0.0";"0.0";"0.0";"0.0";"0.0";"0.0";"0.0";"0.0";"0.0";"0.0"
"Strategy 3.1.468";"";"0.71";"NDXm_TICK_UTCPlus02";"M15";"947.46";"";"1033";"1.11";"0.7";"0.06";"23.69";"0.77";"0.0";"339.25";"0.73";"2.79";"0.83";"22.62";"14.87";"30.36";"21.16";"25.03";"6.39";"0.71";"0.0";"";"0";"0.0";"0.0";"0.0";"0.0";"0.0";"0.0";"0.0";"0.0";"0.0";"0.0";"0.0";"0.0";"0.0";"0.0";"0.0";"0.0"
"Strategy 3.1.508";"";"0.78";"NDXm_TICK_UTCPlus02";"M15";"665.37";"";"441";"1.26";"1.07";"0.1";"16.64";"0.66";"0.0";"147.95";"1.63";"4.5";"1.12";"11.71";"15.07";"16.25";"18.63";"17.15";"2.72";"0.78";"0.0";"";"0";"0.0";"0.0";"0.0";"0.0";"0.0";"0.0";"0.0";"0.0";"0.0";"0.0";"0.0";"0.0";"0.0";"0.0";"0.0";"0.0"
"Strategy 3.1.496";"";"0.64";"NDXm_TICK_UTCPlus02";"M15";"830.93";"";"888";"1.11";"0.68";"0.06";"20.77";"0.7";"0.0";"452.11";"0.8";"1.84";"0.68";"20.98";"15.12";"31.3";"22.24";"26.27";"7.11";"0.64";"0.0";"";"0";"0.0";"0.0";"0.0";"0.0";"0.0";"0.0";"0.0";"0.0";"0.0";"0.0";"0.0";"0.0";"0.0";"0.0";"0.0";"0.0"
"Strategy 3.1.482";"";"0.82";"NDXm_TICK_UTCPlus02";"M15";"1589.15";"";"1534";"1.15";"1.16";"0.07";"39.73";"0.77";"0.0";"285.32";"1.1";"5.57";"1.45";"15.56";"14.92";"17.47";"14.93";"16.26";"6.72";"0.82";"0.0";"";"0";"0.0";"0.0";"0.0";"0.0";"0.0";"0.0";"0.0";"0.0";"0.0";"0.0";"0.0";"0.0";"0.0";"0.0";"0.0";"0.0"
"Strategy 3.1.438";"";"0.85";"NDXm_TICK_UTCPlus02";"M15";"3429.32";"";"3691";"1.12";"1.45";"0.06";"85.73";"0.86";"0.0";"486.06";"0.85";"7.06";"1.31";"18.96";"14.43";"13.89";"10.88";"12.26";"12.94";"0.85";"0.0";"";"0";"0.0";"0.0";"0.0";"0.0";"0.0";"0.0";"0.0";"0.0";"0.0";"0.0";"0.0";"0.0";"0.0";"0.0";"0.0";"0.0"
"Strategy 3.1.502";"";"0.76";"NDXm_TICK_UTCPlus02";"M15";"883.95";"";"1190";"1.11";"0.76";"0.05";"22.1";"0.72";"0.0";"224.51";"1.15";"3.94";"0.87";"14.38";"14.91";"17.88";"14.25";"16.19";"4.39";"0.76";"0.0";"";"0";"0.0";"0.0";"0.0";"0.0";"0.0";"0.0";"0.0";"0.0";"0.0";"0.0";"0.0";"0.0";"0.0";"0.0";"0.0";"0.0"
"Strategy 3.1.511";"";"0.77";"NDXm_TICK_UTCPlus02";"M15";"1236.46";"";"1302";"1.13";"0.9";"0.07";"30.91";"0.81";"0.0";"297.77";"0.9";"4.15";"0.83";"17.98";"14.29";"13.69";"11.07";"12.31";"4.56";"0.77";"0.0";"";"0";"0.0";"0.0";"0.0";"0.0";"0.0";"0.0";"0.0";"0.0";"0.0";"0.0";"0.0";"0.0";"0.0";"0.0";"0.0";"0.0"
"Strategy 3.1.453";"";"0.7";"NDXm_TICK_UTCPlus02";"M15";"1726.71";"";"1688";"1.12";"0.99";"0.07";"43.17";"0.7";"0.0";"652.02";"0.74";"2.65";"1.39";"22.65";"15.06";"39.18";"25.58";"31.38";"18.33";"0.7";"0.0";"";"0";"0.0";"0.0";"0.0";"0.0";"0.0";"0.0";"0.0";"0.0";"0.0";"0.0";"0.0";"0.0";"0.0";"0.0";"0.0";"0.0"
"Strategy 3.1.498";"";"0.77";"NDXm_TICK_UTCPlus02";"M15";"1876.57";"";"1765";"1.16";"1.36";"0.07";"46.91";"0.82";"0.0";"466.92";"1.22";"4.02";"1.92";"14.2";"14.93";"18.94";"17.28";"18.19";"7.06";"0.77";"0.0";"";"0";"0.0";"0.0";"0.0";"0.0";"0.0";"0.0";"0.0";"0.0";"0.0";"0.0";"0.0";"0.0";"0.0";"0.0";"0.0";"0.0"
"Strategy 3.1.539";"";"0.83";"NDXm_TICK_UTCPlus02";"M15";"1105.71";"";"680";"1.24";"1.22";"0.11";"27.64";"0.83";"0.0";"180.55";"1.25";"6.12";"1.37";"14.9";"14.99";"13.78";"16.84";"15.14";"2.44";"0.83";"0.0";"";"0";"0.0";"0.0";"0.0";"0.0";"0.0";"0.0";"0.0";"0.0";"0.0";"0.0";"0.0";"0.0";"0.0";"0.0";"0.0";"0.0"
"Strategy 3.1.543";"";"0.65";"NDXm_TICK_UTCPlus02";"M15";"573.65";"";"597";"1.12";"0.58";"0.07";"14.34";"0.72";"0.0";"286.95";"0.77";"2.0";"0.77";"20.87";"14.4";"14.88";"12.02";"13.27";"0.11";"0.65";"0.0";"";"0";"0.0";"0.0";"0.0";"0.0";"0.0";"0.0";"0.0";"0.0";"0.0";"0.0";"0.0";"0.0";"0.0";"0.0";"0.0";"0.0"
"Strategy 3.1.501";"";"0.73";"NDXm_TICK_UTCPlus02";"M15";"1475.35";"";"1203";"1.15";"1.04";"0.08";"36.88";"0.77";"0.0";"474.9";"0.79";"3.11";"1.54";"21.9";"15.05";"33.45";"25.0";"28.72";"11.56";"0.73";"0.0";"";"0";"0.0";"0.0";"0.0";"0.0";"0.0";"0.0";"0.0";"0.0";"0.0";"0.0";"0.0";"0.0";"0.0";"0.0";"0.0";"0.0"
"Strategy 3.1.538";"";"0.78";"NDXm_TICK_UTCPlus02";"M15";"979.33";"";"834";"1.2";"1.13";"0.08";"24.48";"0.75";"0.0";"226.33";"1.57";"4.33";"1.74";"11.5";"15.0";"16.68";"15.53";"16.23";"4.39";"0.78";"0.0";"";"0";"0.0";"0.0";"0.0";"0.0";"0.0";"0.0";"0.0";"0.0";"0.0";"0.0";"0.0";"0.0";"0.0";"0.0";"0.0";"0.0"
"Strategy 3.1.472";"";"0.84";"NDXm_TICK_UTCPlus02";"M15";"2710.68";"";"3074";"1.11";"1.32";"0.06";"67.77";"0.88";"0.0";"397.08";"0.81";"6.83";"1.68";"19.89";"14.57";"21.71";"16.98";"19.1";"7.17";"0.84";"0.0";"";"0";"0.0";"0.0";"0.0";"0.0";"0.0";"0.0";"0.0";"0.0";"0.0";"0.0";"0.0";"0.0";"0.0";"0.0";"0.0";"0.0"
"Strategy 3.1.537";"";"0.76";"NDXm_TICK_UTCPlus02";"M15";"1244.7";"";"830";"1.18";"1.01";"0.1";"31.12";"0.67";"0.0";"329.54";"0.77";"3.78";"0.92";"23.02";"15.14";"41.53";"34.06";"37.32";"5.5";"0.76";"0.0";"";"0";"0.0";"0.0";"0.0";"0.0";"0.0";"0.0";"0.0";"0.0";"0.0";"0.0";"0.0";"0.0";"0.0";"0.0";"0.0";"0.0"
"Strategy 3.1.574";"";"0.72";"NDXm_TICK_UTCPlus02";"M15";"564.2";"";"699";"1.13";"0.73";"0.05";"14.11";"0.71";"0.0";"185.59";"1.44";"3.04";"0.98";"11.7";"14.83";"14.24";"14.95";"14.53";"0.28";"0.72";"0.0";"";"0";"0.0";"0.0";"0.0";"0.0";"0.0";"0.0";"0.0";"0.0";"0.0";"0.0";"0.0";"0.0";"0.0";"0.0";"0.0";"0.0"
"Strategy 1.2.303";"";"0.83";"NDXm_TICK_UTCPlus02";"M15";"1036.22";"";"410";"1.37";"1.37";"0.19";"25.9";"0.76";"0.0";"161.9";"0.93";"6.4";"1.26";"19.29";"13.13";"10.22";"6.74";"8.42";"1.78";"0.83";"0.0";"";"0";"0.0";"0.0";"0.0";"0.0";"0.0";"0.0";"0.0";"0.0";"0.0";"0.0";"0.0";"0.0";"0.0";"0.0";"0.0";"0.0"
"Strategy 3.1.572";"";"0.81";"NDXm_TICK_UTCPlus02";"M15";"1063.2";"";"683";"1.18";"0.94";"0.11";"26.58";"0.86";"0.0";"195.9";"0.72";"5.43";"1.46";"24.42";"14.81";"28.54";"16.66";"21.62";"3.22";"0.81";"0.0";"";"0";"0.0";"0.0";"0.0";"0.0";"0.0";"0.0";"0.0";"0.0";"0.0";"0.0";"0.0";"0.0";"0.0";"0.0";"0.0";"0.0"
"Strategy 3.1.554";"";"0.8";"NDXm_TICK_UTCPlus02";"M15";"1762.36";"";"1043";"1.21";"1.3";"0.11";"44.06";"0.9";"0.0";"344.9";"0.83";"5.11";"2.44";"21.89";"15.07";"32.96";"25.84";"29.07";"10.89";"0.8";"0.0";"";"0";"0.0";"0.0";"0.0";"0.0";"0.0";"0.0";"0.0";"0.0";"0.0";"0.0";"0.0";"0.0";"0.0";"0.0";"0.0";"0.0"
"Strategy 1.2.314";"";"0.73";"NDXm_TICK_UTCPlus02";"M15";"768.01";"";"598";"1.21";"1.0";"0.09";"19.2";"0.84";"0.0";"247.88";"1.43";"3.1";"1.21";"12.57";"14.86";"11.97";"10.79";"11.49";"1.28";"0.73";"0.0";"";"0";"0.0";"0.0";"0.0";"0.0";"0.0";"0.0";"0.0";"0.0";"0.0";"0.0";"0.0";"0.0";"0.0";"0.0";"0.0";"0.0"
"Strategy 3.1.553";"";"0.77";"NDXm_TICK_UTCPlus02";"M15";"1560.7";"";"1400";"1.16";"1.24";"0.07";"39.02";"0.85";"0.0";"375.09";"1.16";"4.16";"1.32";"14.94";"14.97";"22.32";"20.2";"21.34";"8.39";"0.77";"0.0";"";"0";"0.0";"0.0";"0.0";"0.0";"0.0";"0.0";"0.0";"0.0";"0.0";"0.0";"0.0";"0.0";"0.0";"0.0";"0.0";"0.0"
"Strategy 1.2.311";"";"0.74";"NDXm_TICK_UTCPlus02";"M15";"1184.28";"";"1485";"1.11";"0.91";"0.05";"29.61";"0.77";"0.0";"352.71";"1.17";"3.36";"0.75";"14.4";"15.18";"15.7";"13.7";"14.78";"8.0";"0.74";"0.0";"";"0";"0.0";"0.0";"0.0";"0.0";"0.0";"0.0";"0.0";"0.0";"0.0";"0.0";"0.0";"0.0";"0.0";"0.0";"0.0";"0.0"
"Strategy 1.2.348";"";"0.73";"NDXm_TICK_UTCPlus02";"M15";"1015.76";"";"983";"1.12";"0.76";"0.07";"25.4";"0.71";"0.0";"315.82";"0.73";"3.22";"1.19";"22.78";"14.79";"18.03";"11.64";"14.33";"3.33";"0.73";"0.0";"";"0";"0.0";"0.0";"0.0";"0.0";"0.0";"0.0";"0.0";"0.0";"0.0";"0.0";"0.0";"0.0";"0.0";"0.0";"0.0";"0.0"
"Strategy 1.2.367";"";"0.64";"NDXm_TICK_UTCPlus02";"M15";"597.73";"";"787";"1.12";"0.69";"0.05";"14.94";"0.7";"0.0";"312.3";"1.34";"1.91";"0.73";"12.5";"15.0";"14.7";"13.57";"14.22";"3.72";"0.64";"0.0";"";"0";"0.0";"0.0";"0.0";"0.0";"0.0";"0.0";"0.0";"0.0";"0.0";"0.0";"0.0";"0.0";"0.0";"0.0";"0.0";"0.0"
"Strategy 1.2.383";"";"0.69";"NDXm_TICK_UTCPlus02";"M15";"740.33";"";"397";"1.22";"0.81";"0.13";"18.51";"0.77";"0.0";"293.65";"0.67";"2.52";"0.73";"26.27";"14.44";"12.1";"6.37";"8.66";"0.17";"0.69";"0.0";"";"0";"0.0";"0.0";"0.0";"0.0";"0.0";"0.0";"0.0";"0.0";"0.0";"0.0";"0.0";"0.0";"0.0";"0.0";"0.0";"0.0"
"Strategy 1.2.313";"";"0.78";"NDXm_TICK_UTCPlus02";"M15";"1438.52";"";"1677";"1.12";"0.98";"0.06";"35.96";"0.78";"0.0";"337.21";"1.04";"4.27";"1.03";"16.03";"14.96";"26.56";"21.39";"24.03";"9.33";"0.78";"0.0";"";"0";"0.0";"0.0";"0.0";"0.0";"0.0";"0.0";"0.0";"0.0";"0.0";"0.0";"0.0";"0.0";"0.0";"0.0";"0.0";"0.0"
"Strategy 1.2.377";"";"0.76";"NDXm_TICK_UTCPlus02";"M15";"739.63";"";"440";"1.27";"1.1";"0.12";"18.49";"0.83";"0.0";"188.36";"1.29";"3.93";"0.8";"14.21";"14.5";"12.97";"10.28";"11.8";"1.06";"0.76";"0.0";"";"0";"0.0";"0.0";"0.0";"0.0";"0.0";"0.0";"0.0";"0.0";"0.0";"0.0";"0.0";"0.0";"0.0";"0.0";"0.0";"0.0"
"Strategy 1.2.389";"";"0.75";"NDXm_TICK_UTCPlus02";"M15";"1328.68";"";"1189";"1.13";"0.84";"0.08";"33.22";"0.73";"0.0";"369.04";"0.64";"3.6";"0.9";"25.39";"14.47";"15.83";"9.96";"12.26";"3.11";"0.75";"0.0";"";"0";"0.0";"0.0";"0.0";"0.0";"0.0";"0.0";"0.0";"0.0";"0.0";"0.0";"0.0";"0.0";"0.0";"0.0";"0.0";"0.0"
"Strategy 1.2.388";"";"0.75";"NDXm_TICK_UTCPlus02";"M15";"1194.91";"";"859";"1.15";"0.88";"0.09";"29.87";"0.71";"0.0";"338.82";"0.66";"3.53";"0.99";"26.02";"14.98";"32.8";"23.24";"27.06";"4.83";"0.75";"0.0";"";"0";"0.0";"0.0";"0.0";"0.0";"0.0";"0.0";"0.0";"0.0";"0.0";"0.0";"0.0";"0.0";"0.0";"0.0";"0.0";"0.0"
"Strategy 1.2.397";"";"0.74";"NDXm_TICK_UTCPlus02";"M15";"1123.75";"";"1364";"1.12";"0.89";"0.06";"28.09";"0.75";"0.0";"340.7";"1.19";"3.3";"1.4";"14.09";"14.95";"18.13";"15.44";"16.91";"5.11";"0.74";"0.0";"";"0";"0.0";"0.0";"0.0";"0.0";"0.0";"0.0";"0.0";"0.0";"0.0";"0.0";"0.0";"0.0";"0.0";"0.0";"0.0";"0.0"
"Strategy 1.2.420";"";"0.71";"NDXm_TICK_UTCPlus02";"M15";"1249.94";"";"993";"1.16";"1.02";"0.08";"31.25";"0.77";"0.0";"449.3";"0.91";"2.78";"0.79";"19.04";"14.92";"14.03";"11.97";"12.95";"4.17";"0.71";"0.0";"";"0";"0.0";"0.0";"0.0";"0.0";"0.0";"0.0";"0.0";"0.0";"0.0";"0.0";"0.0";"0.0";"0.0";"0.0";"0.0";"0.0"
"Strategy 1.2.357";"";"0.75";"NDXm_TICK_UTCPlus02";"M15";"2120.46";"";"1800";"1.13";"1.14";"0.08";"53.01";"0.61";"0.0";"576.79";"0.63";"3.68";"2.08";"26.63";"14.87";"32.32";"21.93";"25.95";"11.06";"0.75";"0.0";"";"0";"0.0";"0.0";"0.0";"0.0";"0.0";"0.0";"0.0";"0.0";"0.0";"0.0";"0.0";"0.0";"0.0";"0.0";"0.0";"0.0"
"Strategy 1.2.358";"";"0.76";"NDXm_TICK_UTCPlus02";"M15";"1500.35";"";"1408";"1.16";"1.32";"0.07";"37.51";"0.66";"0.0";"396.59";"1.29";"3.78";"1.75";"13.43";"14.88";"36.54";"34.86";"35.81";"11.39";"0.76";"0.0";"";"0";"0.0";"0.0";"0.0";"0.0";"0.0";"0.0";"0.0";"0.0";"0.0";"0.0";"0.0";"0.0";"0.0";"0.0";"0.0";"0.0"
"Strategy 1.2.429";"";"0.75";"NDXm_TICK_UTCPlus02";"M15";"1685.4";"";"2160";"1.11";"1.02";"0.05";"42.13";"0.78";"0.0";"463.18";"1.01";"3.64";"1.3";"16.3";"14.82";"15.48";"12.67";"14.08";"8.17";"0.75";"0.0";"";"0";"0.0";"0.0";"0.0";"0.0";"0.0";"0.0";"0.0";"0.0";"0.0";"0.0";"0.0";"0.0";"0.0";"0.0";"0.0";"0.0"
"Strategy 1.2.487";"";"0.67";"NDXm_TICK_UTCPlus02";"M15";"995.29";"";"959";"1.13";"0.84";"0.07";"24.88";"0.74";"0.0";"432.41";"0.8";"2.3";"0.98";"19.76";"13.99";"15.18";"10.88";"12.8";"1.78";"0.67";"0.0";"";"0";"0.0";"0.0";"0.0";"0.0";"0.0";"0.0";"0.0";"0.0";"0.0";"0.0";"0.0";"0.0";"0.0";"0.0";"0.0";"0.0"
"Strategy 1.2.481";"";"0.77";"NDXm_TICK_UTCPlus02";"M15";"1087.04";"";"1058";"1.14";"0.92";"0.07";"27.18";"0.8";"0.0";"257.89";"0.93";"4.22";"1.3";"17.56";"14.36";"16.12";"12.52";"14.25";"1.72";"0.77";"0.0";"";"0";"0.0";"0.0";"0.0";"0.0";"0.0";"0.0";"0.0";"0.0";"0.0";"0.0";"0.0";"0.0";"0.0";"0.0";"0.0";"0.0"
"Strategy 1.2.432";"";"0.84";"NDXm_TICK_UTCPlus02";"M15";"2531.71";"";"2737";"1.11";"1.14";"0.06";"63.29";"0.88";"0.0";"367.41";"0.7";"6.89";"1.33";"23.23";"14.64";"17.33";"11.58";"13.94";"10.39";"0.84";"0.0";"";"0";"0.0";"0.0";"0.0";"0.0";"0.0";"0.0";"0.0";"0.0";"0.0";"0.0";"0.0";"0.0";"0.0";"0.0";"0.0";"0.0"
"Strategy 1.2.521";"";"0.7";"NDXm_TICK_UTCPlus02";"M15";"664.58";"";"362";"1.22";"0.81";"0.12";"16.62";"0.6";"0.0";"251.82";"0.77";"2.64";"0.54";"23.45";"14.72";"23.76";"14.58";"18.56";"2.56";"0.7";"0.0";"";"0";"0.0";"0.0";"0.0";"0.0";"0.0";"0.0";"0.0";"0.0";"0.0";"0.0";"0.0";"0.0";"0.0";"0.0";"0.0";"0.0"
"Strategy 1.2.458";"";"0.74";"NDXm_TICK_UTCPlus02";"M15";"1268.84";"";"1480";"1.11";"0.91";"0.06";"31.73";"0.81";"0.0";"377.03";"0.98";"3.37";"1.02";"17.13";"15.11";"27.25";"23.38";"25.3";"9.28";"0.74";"0.0";"";"0";"0.0";"0.0";"0.0";"0.0";"0.0";"0.0";"0.0";"0.0";"0.0";"0.0";"0.0";"0.0";"0.0";"0.0";"0.0";"0.0"
"Strategy 1.2.479";"";"0.86";"NDXm_TICK_UTCPlus02";"M15";"2208.08";"";"2309";"1.13";"1.26";"0.07";"55.21";"0.88";"0.0";"273.21";"0.99";"8.08";"1.51";"16.43";"14.29";"10.67";"9.45";"10.06";"7.61";"0.86";"0.0";"";"0";"0.0";"0.0";"0.0";"0.0";"0.0";"0.0";"0.0";"0.0";"0.0";"0.0";"0.0";"0.0";"0.0";"0.0";"0.0";"0.0"
"Strategy 1.2.513";"";"0.79";"NDXm_TICK_UTCPlus02";"M15";"1493.2";"";"1127";"1.17";"1.17";"0.09";"37.33";"0.81";"0.0";"330.58";"0.99";"4.52";"1.72";"18.08";"15.22";"16.87";"12.71";"14.78";"7.28";"0.79";"0.0";"";"0";"0.0";"0.0";"0.0";"0.0";"0.0";"0.0";"0.0";"0.0";"0.0";"0.0";"0.0";"0.0";"0.0";"0.0";"0.0";"0.0"
"Strategy 1.2.490";"";"0.84";"NDXm_TICK_UTCPlus02";"M15";"2835.22";"";"1730";"1.19";"1.5";"0.11";"70.88";"0.73";"0.0";"408.72";"0.64";"6.94";"2.76";"26.59";"14.33";"23.27";"16.42";"19.09";"1.72";"0.84";"0.0";"";"0";"0.0";"0.0";"0.0";"0.0";"0.0";"0.0";"0.0";"0.0";"0.0";"0.0";"0.0";"0.0";"0.0";"0.0";"0.0";"0.0"
"Strategy 1.2.500";"";"0.82";"NDXm_TICK_UTCPlus02";"M15";"1947.25";"";"1381";"1.16";"1.2";"0.09";"48.69";"0.82";"0.0";"327.88";"0.75";"5.94";"1.65";"23.57";"15.31";"25.9";"15.52";"19.99";"11.78";"0.82";"0.0";"";"0";"0.0";"0.0";"0.0";"0.0";"0.0";"0.0";"0.0";"0.0";"0.0";"0.0";"0.0";"0.0";"0.0";"0.0";"0.0";"0.0"
"Strategy 1.2.552";"";"0.68";"NDXm_TICK_UTCPlus02";"M15";"564.31";"";"456";"1.15";"0.65";"0.08";"14.11";"0.72";"0.0";"238.87";"0.85";"2.36";"0.66";"20.39";"14.97";"31.36";"23.79";"27.26";"4.0";"0.68";"0.0";"";"0";"0.0";"0.0";"0.0";"0.0";"0.0";"0.0";"0.0";"0.0";"0.0";"0.0";"0.0";"0.0";"0.0";"0.0";"0.0";"0.0"
"Strategy 1.2.532";"";"0.82";"NDXm_TICK_UTCPlus02";"M15";"1611.98";"";"1013";"1.21";"1.3";"0.11";"40.3";"0.86";"0.0";"275.77";"0.96";"5.85";"1.15";"18.84";"14.95";"26.65";"22.99";"24.78";"8.39";"0.82";"0.0";"";"0";"0.0";"0.0";"0.0";"0.0";"0.0";"0.0";"0.0";"0.0";"0.0";"0.0";"0.0";"0.0";"0.0";"0.0";"0.0";"0.0"
"Strategy 1.2.548";"";"0.71";"NDXm_TICK_UTCPlus02";"M15";"1459.83";"";"1082";"1.16";"1.06";"0.09";"36.5";"0.65";"0.0";"504.14";"0.74";"2.9";"1.42";"22.91";"14.66";"15.7";"11.72";"13.42";"3.5";"0.71";"0.0";"";"0";"0.0";"0.0";"0.0";"0.0";"0.0";"0.0";"0.0";"0.0";"0.0";"0.0";"0.0";"0.0";"0.0";"0.0";"0.0";"0.0"
"Strategy 1.2.563";"";"0.76";"NDXm_TICK_UTCPlus02";"M15";"752.54";"";"657";"1.15";"0.77";"0.08";"18.81";"0.85";"0.0";"194.55";"0.88";"3.87";"1.35";"18.83";"14.47";"11.57";"9.52";"10.48";"1.67";"0.76";"0.0";"";"0";"0.0";"0.0";"0.0";"0.0";"0.0";"0.0";"0.0";"0.0";"0.0";"0.0";"0.0";"0.0";"0.0";"0.0";"0.0";"0.0"
"Strategy 1.2.561";"";"0.83";"NDXm_TICK_UTCPlus02";"M15";"1257.61";"";"659";"1.23";"1.19";"0.13";"31.44";"0.75";"0.0";"200.7";"0.82";"6.27";"1.43";"22.28";"14.8";"20.38";"14.97";"17.41";"3.17";"0.83";"0.0";"";"0";"0.0";"0.0";"0.0";"0.0";"0.0";"0.0";"0.0";"0.0";"0.0";"0.0";"0.0";"0.0";"0.0";"0.0";"0.0";"0.0"
"Strategy 1.2.527";"";"0.72";"NDXm_TICK_UTCPlus02";"M15";"945.03";"";"841";"1.13";"0.74";"0.07";"23.63";"0.85";"0.0";"306.14";"0.73";"3.09";"0.78";"23.51";"15.23";"44.41";"35.06";"39.01";"8.17";"0.72";"0.0";"";"0";"0.0";"0.0";"0.0";"0.0";"0.0";"0.0";"0.0";"0.0";"0.0";"0.0";"0.0";"0.0";"0.0";"0.0";"0.0";"0.0"
"Strategy 1.2.517";"";"0.73";"NDXm_TICK_UTCPlus02";"M15";"1352.79";"";"1343";"1.12";"0.91";"0.07";"33.82";"0.77";"0.0";"433.59";"0.8";"3.12";"0.75";"21.07";"15.1";"34.29";"26.88";"30.18";"10.83";"0.73";"0.0";"";"0";"0.0";"0.0";"0.0";"0.0";"0.0";"0.0";"0.0";"0.0";"0.0";"0.0";"0.0";"0.0";"0.0";"0.0";"0.0";"0.0"
"Strategy 1.2.573";"";"0.77";"NDXm_TICK_UTCPlus02";"M15";"1334.96";"";"1384";"1.13";"1.02";"0.06";"33.37";"0.77";"0.0";"318.15";"1.11";"4.2";"1.07";"15.42";"15.12";"28.75";"26.56";"27.71";"12.06";"0.77";"0.0";"";"0";"0.0";"0.0";"0.0";"0.0";"0.0";"0.0";"0.0";"0.0";"0.0";"0.0";"0.0";"0.0";"0.0";"0.0";"0.0";"0.0"
"Strategy 3.2.297";"";"0.64";"NDXm_TICK_UTCPlus02";"M15";"580.32";"";"381";"1.19";"0.74";"0.1";"14.51";"0.6";"0.0";"312.78";"0.84";"1.86";"0.7";"20.99";"14.84";"27.29";"22.24";"24.54";"2.44";"0.64";"0.0";"";"0";"0.0";"0.0";"0.0";"0.0";"0.0";"0.0";"0.0";"0.0";"0.0";"0.0";"0.0";"0.0";"0.0";"0.0";"0.0";"0.0"
"Strategy 3.2.342";"";"0.73";"NDXm_TICK_UTCPlus02";"M15";"555.8";"";"549";"1.17";"0.75";"0.07";"13.89";"0.76";"0.0";"178.17";"1.48";"3.12";"0.89";"11.88";"15.12";"16.93";"20.13";"18.22";"2.28";"0.73";"0.0";"";"0";"0.0";"0.0";"0.0";"0.0";"0.0";"0.0";"0.0";"0.0";"0.0";"0.0";"0.0";"0.0";"0.0";"0.0";"0.0";"0.0"
"Strategy 3.2.340";"";"0.73";"NDXm_TICK_UTCPlus02";"M15";"677.17";"";"416";"1.18";"0.7";"0.11";"16.93";"0.76";"0.0";"210.73";"0.66";"3.21";"0.85";"26.84";"14.94";"35.35";"22.45";"27.56";"3.28";"0.73";"0.0";"";"0";"0.0";"0.0";"0.0";"0.0";"0.0";"0.0";"0.0";"0.0";"0.0";"0.0";"0.0";"0.0";"0.0";"0.0";"0.0";"0.0"
"Strategy 3.2.328";"";"0.85";"NDXm_TICK_UTCPlus02";"M15";"1430.5";"";"815";"1.24";"1.35";"0.12";"35.76";"0.72";"0.0";"186.95";"1.0";"7.65";"2.06";"18.28";"14.73";"25.79";"21.26";"23.52";"3.5";"0.85";"0.0";"";"0";"0.0";"0.0";"0.0";"0.0";"0.0";"0.0";"0.0";"0.0";"0.0";"0.0";"0.0";"0.0";"0.0";"0.0";"0.0";"0.0"
"Strategy 3.2.300";"";"0.8";"NDXm_TICK_UTCPlus02";"M15";"1609.1";"";"2026";"1.13";"1.2";"0.05";"40.23";"0.91";"0.0";"312.92";"1.46";"5.14";"1.82";"11.4";"14.71";"10.49";"12.26";"11.21";"6.11";"0.8";"0.0";"";"0";"0.0";"0.0";"0.0";"0.0";"0.0";"0.0";"0.0";"0.0";"0.0";"0.0";"0.0";"0.0";"0.0";"0.0";"0.0";"0.0"
"Strategy 3.2.353";"";"0.8";"NDXm_TICK_UTCPlus02";"M15";"932.66";"";"831";"1.16";"0.94";"0.08";"23.31";"0.84";"0.0";"181.67";"1.1";"5.13";"1.05";"15.61";"14.8";"18.06";"16.89";"17.5";"2.17";"0.8";"0.0";"";"0";"0.0";"0.0";"0.0";"0.0";"0.0";"0.0";"0.0";"0.0";"0.0";"0.0";"0.0";"0.0";"0.0";"0.0";"0.0";"0.0"
"Strategy 3.2.304";"";"0.73";"NDXm_TICK_UTCPlus02";"M15";"858.92";"";"823";"1.14";"0.86";"0.07";"21.47";"0.63";"0.0";"272.21";"0.95";"3.16";"1.1";"17.82";"14.9";"35.78";"29.92";"32.77";"4.72";"0.73";"0.0";"";"0";"0.0";"0.0";"0.0";"0.0";"0.0";"0.0";"0.0";"0.0";"0.0";"0.0";"0.0";"0.0";"0.0";"0.0";"0.0";"0.0"
"Strategy 3.2.318";"";"0.74";"NDXm_TICK_UTCPlus02";"M15";"1600.43";"";"1314";"1.13";"0.95";"0.08";"40.01";"0.86";"0.0";"475.38";"0.66";"3.37";"1.13";"26.01";"15.17";"28.75";"21.1";"24.15";"9.39";"0.74";"0.0";"";"0";"0.0";"0.0";"0.0";"0.0";"0.0";"0.0";"0.0";"0.0";"0.0";"0.0";"0.0";"0.0";"0.0";"0.0";"0.0";"0.0"
"Strategy 3.2.396";"";"0.77";"NDXm_TICK_UTCPlus02";"M15";"651.41";"";"466";"1.24";"1.03";"0.09";"16.29";"0.6";"0.0";"159.58";"1.59";"4.08";"0.91";"11.75";"15.05";"16.36";"19.2";"17.45";"2.56";"0.77";"0.0";"";"0";"0.0";"0.0";"0.0";"0.0";"0.0";"0.0";"0.0";"0.0";"0.0";"0.0";"0.0";"0.0";"0.0";"0.0";"0.0";"0.0"
"Strategy 3.2.372";"";"0.78";"NDXm_TICK_UTCPlus02";"M15";"1055.42";"";"779";"1.16";"0.94";"0.09";"26.38";"0.76";"0.0";"246.28";"0.8";"4.29";"0.86";"21.77";"14.95";"31.6";"26.01";"28.49";"3.89";"0.78";"0.0";"";"0";"0.0";"0.0";"0.0";"0.0";"0.0";"0.0";"0.0";"0.0";"0.0";"0.0";"0.0";"0.0";"0.0";"0.0";"0.0";"0.0"
"Strategy 3.2.382";"";"0.83";"NDXm_TICK_UTCPlus02";"M15";"2212.76";"";"1624";"1.17";"1.34";"0.09";"55.32";"0.86";"0.0";"362.48";"0.81";"6.1";"1.98";"21.19";"14.71";"18.61";"12.5";"15.24";"5.61";"0.83";"0.0";"";"0";"0.0";"0.0";"0.0";"0.0";"0.0";"0.0";"0.0";"0.0";"0.0";"0.0";"0.0";"0.0";"0.0";"0.0";"0.0";"0.0"
"Strategy 3.2.410";"";"0.66";"NDXm_TICK_UTCPlus02";"M15";"457.24";"";"554";"1.13";"0.63";"0.05";"11.43";"0.66";"0.0";"217.1";"1.48";"2.11";"0.65";"11.68";"15.29";"20.44";"20.63";"20.52";"3.5";"0.66";"0.0";"";"0";"0.0";"0.0";"0.0";"0.0";"0.0";"0.0";"0.0";"0.0";"0.0";"0.0";"0.0";"0.0";"0.0";"0.0";"0.0";"0.0"
"Strategy 3.2.388";"";"0.81";"NDXm_TICK_UTCPlus02";"M15";"1799.96";"";"1794";"1.15";"1.41";"0.07";"45.0";"0.78";"0.0";"323.9";"1.25";"5.56";"1.36";"13.78";"15.02";"15.95";"15.01";"15.53";"6.39";"0.81";"0.0";"";"0";"0.0";"0.0";"0.0";"0.0";"0.0";"0.0";"0.0";"0.0";"0.0";"0.0";"0.0";"0.0";"0.0";"0.0";"0.0";"0.0"
"Strategy 3.2.391";"";"0.81";"NDXm_TICK_UTCPlus02";"M15";"2330.83";"";"2647";"1.11";"1.12";"0.07";"58.27";"0.84";"0.0";"423.38";"0.65";"5.51";"1.49";"23.17";"13.52";"13.87";"8.61";"10.68";"3.0";"0.81";"0.0";"";"0";"0.0";"0.0";"0.0";"0.0";"0.0";"0.0";"0.0";"0.0";"0.0";"0.0";"0.0";"0.0";"0.0";"0.0";"0.0";"0.0"
"Strategy 3.2.390";"";"0.81";"NDXm_TICK_UTCPlus02";"M15";"1601.86";"";"1550";"1.14";"1.09";"0.07";"40.05";"0.73";"0.0";"291.23";"0.96";"5.5";"1.87";"17.55";"14.89";"25.05";"21.65";"23.32";"5.33";"0.81";"0.0";"";"0";"0.0";"0.0";"0.0";"0.0";"0.0";"0.0";"0.0";"0.0";"0.0";"0.0";"0.0";"0.0";"0.0";"0.0";"0.0";"0.0"
"Strategy 3.2.395";"";"0.71";"NDXm_TICK_UTCPlus02";"M15";"1994.36";"";"2250";"1.11";"1.09";"0.06";"49.86";"0.7";"0.0";"692.15";"0.83";"2.88";"1.18";"19.58";"14.59";"16.93";"11.94";"14.2";"8.44";"0.71";"0.0";"";"0";"0.0";"0.0";"0.0";"0.0";"0.0";"0.0";"0.0";"0.0";"0.0";"0.0";"0.0";"0.0";"0.0";"0.0";"0.0";"0.0"
"Strategy 3.2.420";"";"0.77";"NDXm_TICK_UTCPlus02";"M15";"1382.98";"";"1384";"1.12";"0.96";"0.07";"34.58";"0.85";"0.0";"327.37";"0.83";"4.22";"1.4";"20.21";"15.01";"24.82";"17.92";"21.06";"5.67";"0.77";"0.0";"";"0";"0.0";"0.0";"0.0";"0.0";"0.0";"0.0";"0.0";"0.0";"0.0";"0.0";"0.0";"0.0";"0.0";"0.0";"0.0";"0.0"
"Strategy 3.2.462";"";"0.8";"NDXm_TICK_UTCPlus02";"M15";"889.3";"";"444";"1.3";"1.2";"0.13";"22.23";"0.59";"0.0";"174.57";"1.23";"5.09";"1.06";"15.79";"14.98";"16.95";"16.71";"16.84";"2.11";"0.8";"0.0";"";"0";"0.0";"0.0";"0.0";"0.0";"0.0";"0.0";"0.0";"0.0";"0.0";"0.0";"0.0";"0.0";"0.0";"0.0";"0.0";"0.0"
"Strategy 3.2.451";"";"0.66";"NDXm_TICK_UTCPlus02";"M15";"605.7";"";"604";"1.12";"0.63";"0.07";"15.14";"0.67";"0.0";"286.19";"0.8";"2.12";"0.67";"20.79";"14.78";"29.29";"16.65";"22.26";"4.11";"0.66";"0.0";"";"0";"0.0";"0.0";"0.0";"0.0";"0.0";"0.0";"0.0";"0.0";"0.0";"0.0";"0.0";"0.0";"0.0";"0.0";"0.0";"0.0"
"Strategy 3.2.427";"";"0.69";"NDXm_TICK_UTCPlus02";"M15";"1150.37";"";"1137";"1.12";"0.83";"0.07";"28.76";"0.76";"0.0";"452.42";"0.73";"2.54";"0.92";"22.55";"14.73";"30.62";"21.5";"25.35";"2.61";"0.69";"0.0";"";"0";"0.0";"0.0";"0.0";"0.0";"0.0";"0.0";"0.0";"0.0";"0.0";"0.0";"0.0";"0.0";"0.0";"0.0";"0.0";"0.0"
"Strategy 3.2.412";"";"0.79";"NDXm_TICK_UTCPlus02";"M15";"2254.3";"";"2337";"1.11";"1.04";"0.07";"56.36";"0.8";"0.0";"492.91";"0.7";"4.57";"0.98";"23.43";"14.67";"18.4";"12.62";"14.99";"9.22";"0.79";"0.0";"";"0";"0.0";"0.0";"0.0";"0.0";"0.0";"0.0";"0.0";"0.0";"0.0";"0.0";"0.0";"0.0";"0.0";"0.0";"0.0";"0.0"
"Strategy 3.2.472";"";"0.74";"NDXm_TICK_UTCPlus02";"M15";"859.73";"";"727";"1.17";"0.91";"0.08";"21.49";"0.81";"0.0";"251.9";"1.16";"3.41";"0.79";"15.41";"15.28";"30.2";"29.34";"29.8";"3.94";"0.74";"0.0";"";"0";"0.0";"0.0";"0.0";"0.0";"0.0";"0.0";"0.0";"0.0";"0.0";"0.0";"0.0";"0.0";"0.0";"0.0";"0.0";"0.0"
"Strategy 3.2.456";"";"0.78";"NDXm_TICK_UTCPlus02";"M15";"1759.66";"";"1361";"1.16";"1.19";"0.09";"43.99";"0.86";"0.0";"393.55";"0.85";"4.47";"1.37";"20.43";"14.95";"26.2";"17.38";"21.43";"10.44";"0.78";"0.0";"";"0";"0.0";"0.0";"0.0";"0.0";"0.0";"0.0";"0.0";"0.0";"0.0";"0.0";"0.0";"0.0";"0.0";"0.0";"0.0";"0.0"
"Strategy 3.2.500";"";"0.69";"NDXm_TICK_UTCPlus02";"M15";"599.37";"";"816";"1.12";"0.71";"0.05";"14.99";"0.84";"0.0";"233.92";"1.41";"2.56";"0.8";"11.74";"14.82";"14.54";"14.94";"14.7";"0.28";"0.69";"0.0";"";"0";"0.0";"0.0";"0.0";"0.0";"0.0";"0.0";"0.0";"0.0";"0.0";"0.0";"0.0";"0.0";"0.0";"0.0";"0.0";"0.0"
"Strategy 3.2.519";"";"0.87";"NDXm_TICK_UTCPlus02";"M15";"1475.7";"";"609";"1.3";"1.36";"0.17";"36.9";"0.75";"0.0";"171.08";"0.79";"8.63";"2.3";"24.13";"14.64";"24.57";"17.24";"20.47";"3.11";"0.87";"0.0";"";"0";"0.0";"0.0";"0.0";"0.0";"0.0";"0.0";"0.0";"0.0";"0.0";"0.0";"0.0";"0.0";"0.0";"0.0";"0.0";"0.0"
"Strategy 3.2.526";"";"0.82";"NDXm_TICK_UTCPlus02";"M15";"1261.34";"";"521";"1.28";"1.28";"0.16";"31.53";"0.83";"0.0";"211.3";"0.74";"5.97";"1.76";"25.65";"14.82";"21.3";"15.26";"17.83";"2.56";"0.82";"0.0";"";"0";"0.0";"0.0";"0.0";"0.0";"0.0";"0.0";"0.0";"0.0";"0.0";"0.0";"0.0";"0.0";"0.0";"0.0";"0.0";"0.0"
"Strategy 3.2.485";"";"0.74";"NDXm_TICK_UTCPlus02";"M15";"2326.05";"";"2263";"1.13";"1.21";"0.07";"58.15";"0.85";"0.0";"700.95";"0.87";"3.32";"1.17";"19.48";"15.06";"16.13";"11.45";"13.63";"11.89";"0.74";"0.0";"";"0";"0.0";"0.0";"0.0";"0.0";"0.0";"0.0";"0.0";"0.0";"0.0";"0.0";"0.0";"0.0";"0.0";"0.0";"0.0";"0.0"
"Strategy 3.2.494";"";"0.79";"NDXm_TICK_UTCPlus02";"M15";"1646.97";"";"1388";"1.17";"1.31";"0.08";"41.18";"0.84";"0.0";"359.7";"1.18";"4.58";"1.27";"14.93";"14.97";"22.27";"19.93";"21.19";"8.39";"0.79";"0.0";"";"0";"0.0";"0.0";"0.0";"0.0";"0.0";"0.0";"0.0";"0.0";"0.0";"0.0";"0.0";"0.0";"0.0";"0.0";"0.0";"0.0"
"Strategy 3.2.535";"";"0.71";"NDXm_TICK_UTCPlus02";"M15";"332.84";"";"415";"1.12";"0.5";"0.05";"8.32";"0.68";"0.0";"118.56";"1.12";"2.81";"0.65";"14.67";"14.69";"21.63";"19.98";"20.85";"0.28";"0.71";"0.0";"";"0";"0.0";"0.0";"0.0";"0.0";"0.0";"0.0";"0.0";"0.0";"0.0";"0.0";"0.0";"0.0";"0.0";"0.0";"0.0";"0.0"
"Strategy 3.2.510";"";"0.81";"NDXm_TICK_UTCPlus02";"M15";"1088.05";"";"799";"1.17";"0.93";"0.09";"27.2";"0.78";"0.0";"202.05";"0.85";"5.39";"1.34";"20.92";"15.17";"31.65";"27.67";"29.49";"4.61";"0.81";"0.0";"";"0";"0.0";"0.0";"0.0";"0.0";"0.0";"0.0";"0.0";"0.0";"0.0";"0.0";"0.0";"0.0";"0.0";"0.0";"0.0";"0.0"
"Strategy 3.2.518";"";"0.72";"NDXm_TICK_UTCPlus02";"M15";"1212.91";"";"989";"1.14";"0.85";"0.08";"30.32";"0.73";"0.0";"401.98";"0.71";"3.02";"1.36";"24.08";"14.96";"29.46";"18.91";"23.28";"7.33";"0.72";"0.0";"";"0";"0.0";"0.0";"0.0";"0.0";"0.0";"0.0";"0.0";"0.0";"0.0";"0.0";"0.0";"0.0";"0.0";"0.0";"0.0";"0.0"
"Strategy 3.2.546";"";"0.84";"NDXm_TICK_UTCPlus02";"M15";"1531.32";"";"700";"1.27";"1.41";"0.15";"38.28";"0.91";"0.0";"220.52";"0.82";"6.94";"1.6";"22.87";"14.73";"33.73";"25.16";"29.02";"2.39";"0.84";"0.0";"";"0";"0.0";"0.0";"0.0";"0.0";"0.0";"0.0";"0.0";"0.0";"0.0";"0.0";"0.0";"0.0";"0.0";"0.0";"0.0";"0.0"
"Strategy 3.2.549";"";"0.77";"NDXm_TICK_UTCPlus02";"M15";"1080.17";"";"729";"1.2";"1.07";"0.1";"27.0";"0.7";"0.0";"265.65";"0.97";"4.07";"1.48";"18.25";"14.79";"29.07";"26.39";"27.71";"1.22";"0.77";"0.0";"";"0";"0.0";"0.0";"0.0";"0.0";"0.0";"0.0";"0.0";"0.0";"0.0";"0.0";"0.0";"0.0";"0.0";"0.0";"0.0";"0.0"
"Strategy 3.2.540";"";"0.81";"NDXm_TICK_UTCPlus02";"M15";"1971.95";"";"2159";"1.11";"1.18";"0.06";"49.3";"0.79";"0.0";"378.29";"0.82";"5.21";"1.63";"19.71";"14.56";"13.2";"9.74";"11.3";"5.78";"0.81";"0.0";"";"0";"0.0";"0.0";"0.0";"0.0";"0.0";"0.0";"0.0";"0.0";"0.0";"0.0";"0.0";"0.0";"0.0";"0.0";"0.0";"0.0"
"Strategy 3.2.538";"";"0.81";"NDXm_TICK_UTCPlus02";"M15";"2535.7";"";"1736";"1.17";"1.37";"0.1";"63.4";"0.8";"0.0";"477.7";"0.66";"5.31";"2.59";"25.48";"14.42";"23.27";"15.07";"18.34";"7.06";"0.81";"0.0";"";"0";"0.0";"0.0";"0.0";"0.0";"0.0";"0.0";"0.0";"0.0";"0.0";"0.0";"0.0";"0.0";"0.0";"0.0";"0.0";"0.0"
"Strategy 3.2.545";"";"0.72";"NDXm_TICK_UTCPlus02";"M15";"1621.23";"";"1831";"1.12";"1.06";"0.06";"40.53";"0.58";"0.0";"526.81";"0.94";"3.08";"1.6";"17.68";"14.93";"31.14";"26.76";"28.88";"12.72";"0.72";"0.0";"";"0";"0.0";"0.0";"0.0";"0.0";"0.0";"0.0";"0.0";"0.0";"0.0";"0.0";"0.0";"0.0";"0.0";"0.0";"0.0";"0.0"
"Strategy 2.1.327";"";"0.66";"NDXm_TICK_UTCPlus02";"M15";"376.54";"";"472";"1.11";"0.5";"0.05";"9.41";"0.75";"0.0";"182.63";"1.05";"2.06";"0.66";"15.97";"15.17";"22.26";"17.75";"20.06";"2.0";"0.66";"0.0";"";"0";"0.0";"0.0";"0.0";"0.0";"0.0";"0.0";"0.0";"0.0";"0.0";"0.0";"0.0";"0.0";"0.0";"0.0";"0.0";"0.0"
"Strategy 2.1.312";"";"0.75";"NDXm_TICK_UTCPlus02";"M15";"1189.53";"";"820";"1.18";"1.0";"0.1";"29.74";"0.77";"0.0";"337.75";"0.81";"3.52";"0.79";"21.5";"14.79";"22.07";"16.0";"18.72";"2.44";"0.75";"0.0";"";"0";"0.0";"0.0";"0.0";"0.0";"0.0";"0.0";"0.0";"0.0";"0.0";"0.0";"0.0";"0.0";"0.0";"0.0";"0.0";"0.0"
"Strategy 2.1.348";"";"0.87";"NDXm_TICK_UTCPlus02";"M15";"1406.98";"";"667";"1.29";"1.35";"0.14";"35.17";"0.86";"0.0";"164.72";"1.05";"8.54";"2.3";"18.31";"14.84";"13.12";"12.19";"12.67";"3.11";"0.87";"0.0";"";"0";"0.0";"0.0";"0.0";"0.0";"0.0";"0.0";"0.0";"0.0";"0.0";"0.0";"0.0";"0.0";"0.0";"0.0";"0.0";"0.0"
"Strategy 2.1.318";"";"0.75";"NDXm_TICK_UTCPlus02";"M15";"890.07";"";"742";"1.15";"0.85";"0.08";"22.25";"0.79";"0.0";"252.48";"0.9";"3.53";"0.92";"19.18";"15.03";"30.49";"24.2";"27.18";"6.94";"0.75";"0.0";"";"0";"0.0";"0.0";"0.0";"0.0";"0.0";"0.0";"0.0";"0.0";"0.0";"0.0";"0.0";"0.0";"0.0";"0.0";"0.0";"0.0"
"Strategy 2.1.360";"";"0.78";"NDXm_TICK_UTCPlus02";"M15";"714.07";"";"563";"1.19";"0.94";"0.09";"17.85";"0.8";"0.0";"159.03";"1.25";"4.49";"1.48";"14.13";"14.83";"26.17";"23.93";"25.17";"0.33";"0.78";"0.0";"";"0";"0.0";"0.0";"0.0";"0.0";"0.0";"0.0";"0.0";"0.0";"0.0";"0.0";"0.0";"0.0";"0.0";"0.0";"0.0";"0.0"
"Strategy 2.1.380";"";"0.83";"NDXm_TICK_UTCPlus02";"M15";"1642.35";"";"875";"1.22";"1.34";"0.13";"41.06";"0.85";"0.0";"270.48";"0.76";"6.07";"1.48";"23.6";"14.73";"18.27";"15.28";"16.57";"2.94";"0.83";"0.0";"";"0";"0.0";"0.0";"0.0";"0.0";"0.0";"0.0";"0.0";"0.0";"0.0";"0.0";"0.0";"0.0";"0.0";"0.0";"0.0";"0.0"
"Strategy 2.1.401";"";"0.81";"NDXm_TICK_UTCPlus02";"M15";"957.83";"";"889";"1.17";"0.98";"0.07";"23.95";"0.73";"0.0";"180.94";"1.35";"5.29";"1.39";"12.88";"14.88";"17.86";"18.41";"18.1";"3.28";"0.81";"0.0";"";"0";"0.0";"0.0";"0.0";"0.0";"0.0";"0.0";"0.0";"0.0";"0.0";"0.0";"0.0";"0.0";"0.0";"0.0";"0.0";"0.0"
"Strategy 2.1.323";"";"0.83";"NDXm_TICK_UTCPlus02";"M15";"2149.23";"";"1477";"1.16";"1.24";"0.1";"53.73";"0.83";"0.0";"334.7";"0.67";"6.42";"1.51";"25.97";"14.99";"37.96";"28.64";"32.38";"6.78";"0.83";"0.0";"";"0";"0.0";"0.0";"0.0";"0.0";"0.0";"0.0";"0.0";"0.0";"0.0";"0.0";"0.0";"0.0";"0.0";"0.0";"0.0";"0.0"
"Strategy 2.1.419";"";"0.8";"NDXm_TICK_UTCPlus02";"M15";"1123.02";"";"549";"1.27";"1.17";"0.14";"28.08";"0.7";"0.0";"228.37";"0.93";"4.92";"1.12";"20.17";"14.87";"16.02";"13.41";"14.67";"3.0";"0.8";"0.0";"";"0";"0.0";"0.0";"0.0";"0.0";"0.0";"0.0";"0.0";"0.0";"0.0";"0.0";"0.0";"0.0";"0.0";"0.0";"0.0";"0.0"
"Strategy 2.1.351";"";"0.79";"NDXm_TICK_UTCPlus02";"M15";"1847.19";"";"2020";"1.12";"1.11";"0.06";"46.18";"0.65";"0.0";"385.75";"0.87";"4.79";"1.92";"18.75";"14.67";"20.46";"16.34";"18.26";"5.11";"0.79";"0.0";"";"0";"0.0";"0.0";"0.0";"0.0";"0.0";"0.0";"0.0";"0.0";"0.0";"0.0";"0.0";"0.0";"0.0";"0.0";"0.0";"0.0"
"Strategy 2.1.420";"";"0.69";"NDXm_TICK_UTCPlus02";"M15";"649.03";"";"539";"1.13";"0.59";"0.08";"16.23";"0.63";"0.0";"260.08";"0.64";"2.5";"0.93";"26.85";"15.29";"45.0";"30.08";"35.92";"7.94";"0.69";"0.0";"";"0";"0.0";"0.0";"0.0";"0.0";"0.0";"0.0";"0.0";"0.0";"0.0";"0.0";"0.0";"0.0";"0.0";"0.0";"0.0";"0.0"
"Strategy 2.1.402";"";"0.81";"NDXm_TICK_UTCPlus02";"M15";"1391.82";"";"1166";"1.2";"1.4";"0.08";"34.8";"0.79";"0.0";"259.44";"1.52";"5.36";"1.04";"11.81";"14.92";"22.49";"22.35";"22.43";"3.0";"0.81";"0.0";"";"0";"0.0";"0.0";"0.0";"0.0";"0.0";"0.0";"0.0";"0.0";"0.0";"0.0";"0.0";"0.0";"0.0";"0.0";"0.0";"0.0"
"Strategy 2.1.432";"";"0.82";"NDXm_TICK_UTCPlus02";"M15";"1214.59";"";"804";"1.22";"1.24";"0.1";"30.37";"0.75";"0.0";"216.63";"1.2";"5.61";"1.21";"15.17";"14.83";"19.32";"17.53";"18.5";"7.72";"0.82";"0.0";"";"0";"0.0";"0.0";"0.0";"0.0";"0.0";"0.0";"0.0";"0.0";"0.0";"0.0";"0.0";"0.0";"0.0";"0.0";"0.0";"0.0"
"Strategy 2.1.375";"";"0.8";"NDXm_TICK_UTCPlus02";"M15";"2062.5";"";"2314";"1.11";"1.11";"0.06";"51.56";"0.83";"0.0";"405.26";"0.89";"5.09";"1.04";"18.54";"14.86";"18.52";"14.0";"16.13";"10.33";"0.8";"0.0";"";"0";"0.0";"0.0";"0.0";"0.0";"0.0";"0.0";"0.0";"0.0";"0.0";"0.0";"0.0";"0.0";"0.0";"0.0";"0.0";"0.0"
"Strategy 2.1.354";"";"0.76";"NDXm_TICK_UTCPlus02";"M15";"2385.49";"";"2102";"1.13";"1.15";"0.08";"59.64";"0.8";"0.0";"623.75";"0.69";"3.82";"1.09";"24.55";"15.11";"32.95";"22.97";"27.06";"18.83";"0.76";"0.0";"";"0";"0.0";"0.0";"0.0";"0.0";"0.0";"0.0";"0.0";"0.0";"0.0";"0.0";"0.0";"0.0";"0.0";"0.0";"0.0";"0.0"
"Strategy 2.1.391";"";"0.86";"NDXm_TICK_UTCPlus02";"M15";"1741.67";"";"2070";"1.14";"1.31";"0.06";"43.54";"0.83";"0.0";"214.3";"1.46";"8.13";"2.01";"11.7";"14.96";"19.48";"18.65";"19.15";"8.78";"0.86";"0.0";"";"0";"0.0";"0.0";"0.0";"0.0";"0.0";"0.0";"0.0";"0.0";"0.0";"0.0";"0.0";"0.0";"0.0";"0.0";"0.0";"0.0"
"Strategy 2.1.384";"";"0.79";"NDXm_TICK_UTCPlus02";"M15";"2905.04";"";"2903";"1.13";"1.48";"0.07";"72.63";"0.83";"0.0";"609.89";"0.97";"4.76";"1.56";"17.28";"14.84";"16.9";"13.83";"15.34";"11.83";"0.79";"0.0";"";"0";"0.0";"0.0";"0.0";"0.0";"0.0";"0.0";"0.0";"0.0";"0.0";"0.0";"0.0";"0.0";"0.0";"0.0";"0.0";"0.0"
"Strategy 2.1.421";"";"0.79";"NDXm_TICK_UTCPlus02";"M15";"2433.18";"";"2135";"1.17";"1.55";"0.08";"60.83";"0.78";"0.0";"504.47";"1.22";"4.82";"1.96";"14.25";"14.87";"14.63";"13.83";"14.27";"7.89";"0.79";"0.0";"";"0";"0.0";"0.0";"0.0";"0.0";"0.0";"0.0";"0.0";"0.0";"0.0";"0.0";"0.0";"0.0";"0.0";"0.0";"0.0";"0.0"
"Strategy 2.1.452";"";"0.64";"NDXm_TICK_UTCPlus02";"M15";"738.4";"";"758";"1.12";"0.7";"0.07";"18.46";"0.61";"0.0";"393.86";"0.85";"1.87";"0.77";"19.55";"14.79";"21.09";"13.9";"17.2";"2.89";"0.64";"0.0";"";"0";"0.0";"0.0";"0.0";"0.0";"0.0";"0.0";"0.0";"0.0";"0.0";"0.0";"0.0";"0.0";"0.0";"0.0";"0.0";"0.0"
"Strategy 2.1.450";"";"0.66";"NDXm_TICK_UTCPlus02";"M15";"795.84";"";"1013";"1.11";"0.71";"0.05";"19.9";"0.71";"0.0";"377.39";"1.02";"2.11";"0.6";"16.09";"14.85";"20.74";"16.01";"18.4";"4.17";"0.66";"0.0";"";"0";"0.0";"0.0";"0.0";"0.0";"0.0";"0.0";"0.0";"0.0";"0.0";"0.0";"0.0";"0.0";"0.0";"0.0";"0.0";"0.0"
"Strategy 2.1.373";"";"0.77";"NDXm_TICK_UTCPlus02";"M15";"2704.52";"";"3534";"1.11";"1.28";"0.05";"67.61";"0.86";"0.0";"668.17";"1.06";"4.05";"1.34";"15.6";"15.01";"17.11";"15.2";"16.18";"16.22";"0.77";"0.0";"";"0";"0.0";"0.0";"0.0";"0.0";"0.0";"0.0";"0.0";"0.0";"0.0";"0.0";"0.0";"0.0";"0.0";"0.0";"0.0";"0.0"
"Strategy 2.1.482";"";"0.66";"NDXm_TICK_UTCPlus02";"M15";"599.08";"";"650";"1.11";"0.59";"0.07";"14.98";"0.82";"0.0";"285.83";"0.66";"2.1";"0.65";"23.11";"13.78";"14.37";"8.39";"10.77";"1.17";"0.66";"0.0";"";"0";"0.0";"0.0";"0.0";"0.0";"0.0";"0.0";"0.0";"0.0";"0.0";"0.0";"0.0";"0.0";"0.0";"0.0";"0.0";"0.0"
"Strategy 2.1.506";"";"0.77";"NDXm_TICK_UTCPlus02";"M15";"1035.46";"";"895";"1.17";"1.01";"0.08";"25.89";"0.61";"0.0";"248.11";"1.14";"4.17";"0.92";"15.1";"14.76";"19.4";"16.11";"17.86";"6.89";"0.77";"0.0";"";"0";"0.0";"0.0";"0.0";"0.0";"0.0";"0.0";"0.0";"0.0";"0.0";"0.0";"0.0";"0.0";"0.0";"0.0";"0.0";"0.0"
"Strategy 2.1.512";"";"0.78";"NDXm_TICK_UTCPlus02";"M15";"1040.18";"";"587";"1.22";"1.02";"0.12";"26.0";"0.86";"0.0";"244.21";"0.77";"4.26";"1.33";"22.69";"14.41";"21.7";"14.9";"17.87";"1.17";"0.78";"0.0";"";"0";"0.0";"0.0";"0.0";"0.0";"0.0";"0.0";"0.0";"0.0";"0.0";"0.0";"0.0";"0.0";"0.0";"0.0";"0.0";"0.0"
"Strategy 2.1.513";"";"0.74";"NDXm_TICK_UTCPlus02";"M15";"720.25";"";"542";"1.17";"0.8";"0.09";"18.01";"0.75";"0.0";"218.84";"0.91";"3.29";"1.25";"19.36";"15.05";"30.57";"24.64";"27.46";"4.39";"0.74";"0.0";"";"0";"0.0";"0.0";"0.0";"0.0";"0.0";"0.0";"0.0";"0.0";"0.0";"0.0";"0.0";"0.0";"0.0";"0.0";"0.0";"0.0"
"Strategy 2.1.522";"";"0.83";"NDXm_TICK_UTCPlus02";"M15";"1087.39";"";"790";"1.21";"1.18";"0.09";"27.19";"0.76";"0.0";"178.6";"1.3";"6.09";"1.31";"13.98";"14.96";"22.48";"21.25";"21.94";"7.83";"0.83";"0.0";"";"0";"0.0";"0.0";"0.0";"0.0";"0.0";"0.0";"0.0";"0.0";"0.0";"0.0";"0.0";"0.0";"0.0";"0.0";"0.0";"0.0"
"Strategy 2.1.561";"";"0.72";"NDXm_TICK_UTCPlus02";"M15";"460.92";"";"379";"1.2";"0.79";"0.08";"11.52";"0.72";"0.0";"154.49";"1.48";"2.98";"0.93";"12.07";"14.81";"15.71";"17.27";"16.34";"1.22";"0.72";"0.0";"";"0";"0.0";"0.0";"0.0";"0.0";"0.0";"0.0";"0.0";"0.0";"0.0";"0.0";"0.0";"0.0";"0.0";"0.0";"0.0";"0.0"
"Strategy 2.1.528";"";"0.78";"NDXm_TICK_UTCPlus02";"M15";"1488.38";"";"1229";"1.14";"1.02";"0.08";"37.21";"0.69";"0.0";"333.16";"0.7";"4.47";"1.09";"23.6";"14.4";"21.46";"14.0";"17.07";"2.78";"0.78";"0.0";"";"0";"0.0";"0.0";"0.0";"0.0";"0.0";"0.0";"0.0";"0.0";"0.0";"0.0";"0.0";"0.0";"0.0";"0.0";"0.0";"0.0"
"Strategy 2.1.498";"";"0.79";"NDXm_TICK_UTCPlus02";"M15";"1445.93";"";"1456";"1.12";"0.93";"0.07";"36.15";"0.82";"0.0";"309.62";"0.78";"4.67";"1.14";"21.51";"15.01";"34.9";"23.66";"28.58";"12.94";"0.79";"0.0";"";"0";"0.0";"0.0";"0.0";"0.0";"0.0";"0.0";"0.0";"0.0";"0.0";"0.0";"0.0";"0.0";"0.0";"0.0";"0.0";"0.0"
"Strategy 2.1.546";"";"0.82";"NDXm_TICK_UTCPlus02";"M15";"1653.16";"";"1518";"1.12";"0.96";"0.08";"41.33";"0.6";"0.0";"296.93";"0.65";"5.57";"1.88";"25.15";"14.46";"23.84";"17.79";"20.16";"4.94";"0.82";"0.0";"";"0";"0.0";"0.0";"0.0";"0.0";"0.0";"0.0";"0.0";"0.0";"0.0";"0.0";"0.0";"0.0";"0.0";"0.0";"0.0";"0.0"
"Strategy 2.1.559";"";"0.79";"NDXm_TICK_UTCPlus02";"M15";"1684.09";"";"1974";"1.11";"1.03";"0.06";"42.1";"0.79";"0.0";"371.72";"0.88";"4.53";"1.08";"18.29";"14.49";"17.01";"14.34";"15.59";"0.94";"0.79";"0.0";"";"0";"0.0";"0.0";"0.0";"0.0";"0.0";"0.0";"0.0";"0.0";"0.0";"0.0";"0.0";"0.0";"0.0";"0.0";"0.0";"0.0"
"Strategy 2.1.521";"";"0.79";"NDXm_TICK_UTCPlus02";"M15";"1477.97";"";"2083";"1.11";"1.03";"0.05";"36.95";"0.85";"0.0";"325.22";"1.28";"4.54";"0.9";"12.9";"14.95";"23.35";"22.55";"23.0";"12.39";"0.79";"0.0";"";"0";"0.0";"0.0";"0.0";"0.0";"0.0";"0.0";"0.0";"0.0";"0.0";"0.0";"0.0";"0.0";"0.0";"0.0";"0.0";"0.0"
"Strategy 4.1.350";"";"0.72";"NDXm_TICK_UTCPlus02";"M15";"561.06";"";"620";"1.12";"0.65";"0.06";"14.03";"0.78";"0.0";"191.3";"0.96";"2.93";"0.96";"17.08";"14.65";"13.89";"10.39";"12.11";"1.94";"0.72";"0.0";"";"0";"0.0";"0.0";"0.0";"0.0";"0.0";"0.0";"0.0";"0.0";"0.0";"0.0";"0.0";"0.0";"0.0";"0.0";"0.0";"0.0"
"Strategy 4.1.300";"";"0.82";"NDXm_TICK_UTCPlus02";"M15";"2314.07";"";"1816";"1.14";"1.21";"0.09";"57.85";"0.92";"0.0";"402.22";"0.68";"5.75";"2.03";"25.11";"14.86";"22.27";"13.98";"17.33";"9.89";"0.82";"0.0";"";"0";"0.0";"0.0";"0.0";"0.0";"0.0";"0.0";"0.0";"0.0";"0.0";"0.0";"0.0";"0.0";"0.0";"0.0";"0.0";"0.0"
"Strategy 4.1.347";"";"0.73";"NDXm_TICK_UTCPlus02";"M15";"1008.69";"";"1305";"1.11";"0.89";"0.05";"25.21";"0.75";"0.0";"322.17";"1.13";"3.13";"0.61";"14.29";"14.49";"12.24";"11.58";"11.93";"0.67";"0.73";"0.0";"";"0";"0.0";"0.0";"0.0";"0.0";"0.0";"0.0";"0.0";"0.0";"0.0";"0.0";"0.0";"0.0";"0.0";"0.0";"0.0";"0.0"
"Strategy 4.1.365";"";"0.77";"NDXm_TICK_UTCPlus02";"M15";"940.56";"";"1244";"1.11";"0.81";"0.05";"23.51";"0.84";"0.0";"234.03";"1.17";"4.02";"0.93";"14.35";"15.11";"18.0";"16.16";"17.15";"3.94";"0.77";"0.0";"";"0";"0.0";"0.0";"0.0";"0.0";"0.0";"0.0";"0.0";"0.0";"0.0";"0.0";"0.0";"0.0";"0.0";"0.0";"0.0";"0.0"
"Strategy 4.1.381";"";"0.85";"NDXm_TICK_UTCPlus02";"M15";"1226.4";"";"373";"1.45";"1.58";"0.22";"30.66";"0.91";"0.0";"174.28";"1.04";"7.04";"2.5";"20.66";"14.75";"32.34";"25.8";"29.13";"0.83";"0.85";"0.0";"";"0";"0.0";"0.0";"0.0";"0.0";"0.0";"0.0";"0.0";"0.0";"0.0";"0.0";"0.0";"0.0";"0.0";"0.0";"0.0";"0.0"
"Strategy 4.1.430";"";"0.75";"NDXm_TICK_UTCPlus02";"M15";"642.03";"";"865";"1.11";"0.69";"0.05";"16.05";"0.75";"0.0";"178.22";"1.14";"3.6";"0.77";"14.26";"14.68";"15.9";"12.29";"14.22";"3.56";"0.75";"0.0";"";"0";"0.0";"0.0";"0.0";"0.0";"0.0";"0.0";"0.0";"0.0";"0.0";"0.0";"0.0";"0.0";"0.0";"0.0";"0.0";"0.0"
"Strategy 4.1.401";"";"0.81";"NDXm_TICK_UTCPlus02";"M15";"1979.89";"";"1799";"1.15";"1.24";"0.07";"49.5";"0.84";"0.0";"366.03";"0.98";"5.41";"1.21";"17.29";"14.79";"16.52";"13.23";"14.86";"6.61";"0.81";"0.0";"";"0";"0.0";"0.0";"0.0";"0.0";"0.0";"0.0";"0.0";"0.0";"0.0";"0.0";"0.0";"0.0";"0.0";"0.0";"0.0";"0.0"
"Strategy 4.1.337";"";"0.84";"NDXm_TICK_UTCPlus02";"M15";"2659.02";"";"2448";"1.12";"1.24";"0.07";"66.48";"0.86";"0.0";"395.29";"0.71";"6.73";"1.76";"23.62";"14.98";"31.09";"19.99";"24.61";"18.56";"0.84";"0.0";"";"0";"0.0";"0.0";"0.0";"0.0";"0.0";"0.0";"0.0";"0.0";"0.0";"0.0";"0.0";"0.0";"0.0";"0.0";"0.0";"0.0"
"Strategy 4.1.461";"";"0.81";"NDXm_TICK_UTCPlus02";"M15";"906.9";"";"504";"1.26";"1.09";"0.12";"22.67";"0.77";"0.0";"166.7";"1.2";"5.44";"1.5";"15.87";"15.09";"19.97";"20.01";"19.99";"2.61";"0.81";"0.0";"";"0";"0.0";"0.0";"0.0";"0.0";"0.0";"0.0";"0.0";"0.0";"0.0";"0.0";"0.0";"0.0";"0.0";"0.0";"0.0";"0.0"
"Strategy 4.1.451";"";"0.76";"NDXm_TICK_UTCPlus02";"M15";"1212.95";"";"900";"1.21";"1.16";"0.09";"30.32";"0.82";"0.0";"312.04";"1.25";"3.89";"1.49";"14.17";"14.68";"14.62";"14.17";"14.42";"5.0";"0.76";"0.0";"";"0";"0.0";"0.0";"0.0";"0.0";"0.0";"0.0";"0.0";"0.0";"0.0";"0.0";"0.0";"0.0";"0.0";"0.0";"0.0";"0.0"
"Strategy 4.1.439";"";"0.81";"NDXm_TICK_UTCPlus02";"M15";"1236.81";"";"1249";"1.13";"0.94";"0.07";"30.92";"0.76";"0.0";"236.45";"0.99";"5.23";"1.49";"16.98";"14.87";"18.11";"14.27";"16.18";"4.17";"0.81";"0.0";"";"0";"0.0";"0.0";"0.0";"0.0";"0.0";"0.0";"0.0";"0.0";"0.0";"0.0";"0.0";"0.0";"0.0";"0.0";"0.0";"0.0"
"Strategy 4.1.416";"";"0.82";"NDXm_TICK_UTCPlus02";"M15";"1251.0";"";"1396";"1.12";"1.0";"0.06";"31.28";"0.89";"0.0";"209.93";"1.04";"5.96";"1.52";"16.1";"14.88";"20.92";"18.4";"19.68";"5.39";"0.82";"0.0";"";"0";"0.0";"0.0";"0.0";"0.0";"0.0";"0.0";"0.0";"0.0";"0.0";"0.0";"0.0";"0.0";"0.0";"0.0";"0.0";"0.0"
"Strategy 4.1.418";"";"0.66";"NDXm_TICK_UTCPlus02";"M15";"975.47";"";"742";"1.14";"0.78";"0.09";"24.39";"0.83";"0.0";"458.69";"0.67";"2.13";"0.9";"25.98";"15.24";"53.6";"38.77";"44.73";"7.94";"0.66";"0.0";"";"0";"0.0";"0.0";"0.0";"0.0";"0.0";"0.0";"0.0";"0.0";"0.0";"0.0";"0.0";"0.0";"0.0";"0.0";"0.0";"0.0"
"Strategy 4.1.454";"";"0.77";"NDXm_TICK_UTCPlus02";"M15";"902.23";"";"803";"1.18";"1.0";"0.07";"22.55";"0.82";"0.0";"214.11";"1.43";"4.21";"1.64";"12.54";"15.15";"20.61";"21.31";"20.9";"2.89";"0.77";"0.0";"";"0";"0.0";"0.0";"0.0";"0.0";"0.0";"0.0";"0.0";"0.0";"0.0";"0.0";"0.0";"0.0";"0.0";"0.0";"0.0";"0.0"
"Strategy 4.1.450";"";"0.79";"NDXm_TICK_UTCPlus02";"M15";"1343.86";"";"1314";"1.13";"0.95";"0.07";"33.6";"0.81";"0.0";"296.64";"0.87";"4.53";"0.86";"19.37";"14.87";"21.75";"16.56";"18.97";"5.67";"0.79";"0.0";"";"0";"0.0";"0.0";"0.0";"0.0";"0.0";"0.0";"0.0";"0.0";"0.0";"0.0";"0.0";"0.0";"0.0";"0.0";"0.0";"0.0"
"Strategy 4.1.457";"";"0.83";"NDXm_TICK_UTCPlus02";"M15";"1871.13";"";"1599";"1.14";"1.12";"0.08";"46.78";"0.85";"0.0";"304.78";"0.69";"6.14";"1.28";"23.67";"14.4";"15.2";"10.81";"12.61";"5.56";"0.83";"0.0";"";"0";"0.0";"0.0";"0.0";"0.0";"0.0";"0.0";"0.0";"0.0";"0.0";"0.0";"0.0";"0.0";"0.0";"0.0";"0.0";"0.0"
"Strategy 4.1.397";"";"0.78";"NDXm_TICK_UTCPlus02";"M15";"1772.27";"";"1362";"1.15";"1.1";"0.09";"44.31";"0.8";"0.0";"398.34";"0.72";"4.45";"1.57";"24.02";"15.1";"42.25";"33.36";"37.09";"7.89";"0.78";"0.0";"";"0";"0.0";"0.0";"0.0";"0.0";"0.0";"0.0";"0.0";"0.0";"0.0";"0.0";"0.0";"0.0";"0.0";"0.0";"0.0";"0.0"
"Strategy 4.1.488";"";"0.76";"NDXm_TICK_UTCPlus02";"M15";"856.99";"";"651";"1.19";"0.96";"0.09";"21.42";"0.84";"0.0";"222.71";"1.15";"3.85";"0.82";"15.44";"14.9";"14.46";"16.12";"15.23";"1.94";"0.76";"0.0";"";"0";"0.0";"0.0";"0.0";"0.0";"0.0";"0.0";"0.0";"0.0";"0.0";"0.0";"0.0";"0.0";"0.0";"0.0";"0.0";"0.0"
"Strategy 4.1.476";"";"0.86";"NDXm_TICK_UTCPlus02";"M15";"1813.69";"";"1528";"1.15";"1.26";"0.08";"45.35";"0.87";"0.0";"222.43";"0.92";"8.15";"1.82";"18.45";"14.73";"16.68";"11.77";"14.13";"4.61";"0.86";"0.0";"";"0";"0.0";"0.0";"0.0";"0.0";"0.0";"0.0";"0.0";"0.0";"0.0";"0.0";"0.0";"0.0";"0.0";"0.0";"0.0";"0.0"
"Strategy 4.1.495";"";"0.73";"NDXm_TICK_UTCPlus02";"M15";"1276.3";"";"1367";"1.13";"1.01";"0.07";"31.91";"0.82";"0.0";"389.46";"0.91";"3.28";"1.26";"17.05";"13.81";"12.24";"9.31";"10.71";"2.89";"0.73";"0.0";"";"0";"0.0";"0.0";"0.0";"0.0";"0.0";"0.0";"0.0";"0.0";"0.0";"0.0";"0.0";"0.0";"0.0";"0.0";"0.0";"0.0"
"Strategy 4.1.444";"";"0.71";"NDXm_TICK_UTCPlus02";"M15";"1511.43";"";"1807";"1.11";"1.01";"0.06";"37.79";"0.77";"0.0";"542.88";"1.01";"2.78";"1.21";"16.56";"15.04";"24.93";"21.11";"23.03";"11.11";"0.71";"0.0";"";"0";"0.0";"0.0";"0.0";"0.0";"0.0";"0.0";"0.0";"0.0";"0.0";"0.0";"0.0";"0.0";"0.0";"0.0";"0.0";"0.0"
"Strategy 4.1.508";"";"0.82";"NDXm_TICK_UTCPlus02";"M15";"1389.01";"";"1122";"1.17";"1.13";"0.08";"34.73";"0.84";"0.0";"238.72";"1.03";"5.82";"1.54";"16.78";"14.7";"15.09";"12.09";"13.61";"11.33";"0.82";"0.0";"";"0";"0.0";"0.0";"0.0";"0.0";"0.0";"0.0";"0.0";"0.0";"0.0";"0.0";"0.0";"0.0";"0.0";"0.0";"0.0";"0.0"
"Strategy 4.1.511";"";"0.76";"NDXm_TICK_UTCPlus02";"M15";"1250.71";"";"859";"1.19";"1.1";"0.1";"31.26";"0.88";"0.0";"330.34";"0.93";"3.79";"0.74";"19.06";"15.0";"26.63";"23.19";"24.85";"2.61";"0.76";"0.0";"";"0";"0.0";"0.0";"0.0";"0.0";"0.0";"0.0";"0.0";"0.0";"0.0";"0.0";"0.0";"0.0";"0.0";"0.0";"0.0";"0.0"
"Strategy 4.1.527";"";"0.68";"NDXm_TICK_UTCPlus02";"M15";"642.94";"";"865";"1.12";"0.7";"0.05";"16.08";"0.82";"0.0";"263.58";"1.2";"2.44";"0.62";"13.05";"14.03";"9.79";"9.24";"9.54";"3.56";"0.68";"0.0";"";"0";"0.0";"0.0";"0.0";"0.0";"0.0";"0.0";"0.0";"0.0";"0.0";"0.0";"0.0";"0.0";"0.0";"0.0";"0.0";"0.0"
"Strategy 4.1.484";"";"0.72";"NDXm_TICK_UTCPlus02";"M15";"1092.61";"";"956";"1.12";"0.78";"0.08";"27.32";"0.76";"0.0";"365.23";"0.66";"2.99";"1.11";"26.07";"15.23";"54.46";"40.49";"46.03";"10.28";"0.72";"0.0";"";"0";"0.0";"0.0";"0.0";"0.0";"0.0";"0.0";"0.0";"0.0";"0.0";"0.0";"0.0";"0.0";"0.0";"0.0";"0.0";"0.0"
"Strategy 4.1.507";"";"0.66";"NDXm_TICK_UTCPlus02";"M15";"1075.41";"";"1276";"1.12";"0.87";"0.06";"26.89";"0.73";"0.0";"494.77";"1.17";"2.17";"0.85";"14.3";"14.96";"20.73";"20.46";"20.61";"8.89";"0.66";"0.0";"";"0";"0.0";"0.0";"0.0";"0.0";"0.0";"0.0";"0.0";"0.0";"0.0";"0.0";"0.0";"0.0";"0.0";"0.0";"0.0";"0.0"
"Strategy 4.1.537";"";"0.84";"NDXm_TICK_UTCPlus02";"M15";"1661.59";"";"816";"1.23";"1.31";"0.14";"41.54";"0.76";"0.0";"253.06";"0.67";"6.57";"2.08";"26.76";"14.5";"12.52";"7.9";"9.75";"1.56";"0.84";"0.0";"";"0";"0.0";"0.0";"0.0";"0.0";"0.0";"0.0";"0.0";"0.0";"0.0";"0.0";"0.0";"0.0";"0.0";"0.0";"0.0";"0.0"
"Strategy 4.1.540";"";"0.72";"NDXm_TICK_UTCPlus02";"M15";"785.64";"";"589";"1.15";"0.73";"0.09";"19.64";"0.83";"0.0";"268.17";"0.65";"2.93";"0.73";"25.37";"14.29";"23.07";"13.57";"17.31";"2.94";"0.72";"0.0";"";"0";"0.0";"0.0";"0.0";"0.0";"0.0";"0.0";"0.0";"0.0";"0.0";"0.0";"0.0";"0.0";"0.0";"0.0";"0.0";"0.0"
"Strategy 4.1.510";"";"0.78";"NDXm_TICK_UTCPlus02";"M15";"1461.85";"";"1317";"1.14";"1.04";"0.07";"36.55";"0.85";"0.0";"334.99";"0.9";"4.36";"1.16";"19.07";"15.01";"27.02";"23.39";"25.11";"4.22";"0.78";"0.0";"";"0";"0.0";"0.0";"0.0";"0.0";"0.0";"0.0";"0.0";"0.0";"0.0";"0.0";"0.0";"0.0";"0.0";"0.0";"0.0";"0.0"
"Strategy 4.1.539";"";"0.82";"NDXm_TICK_UTCPlus02";"M15";"1276.55";"";"876";"1.22";"1.22";"0.1";"31.92";"0.7";"0.0";"222.01";"1.17";"5.75";"1.58";"15.05";"14.49";"14.39";"13.55";"14.0";"3.5";"0.82";"0.0";"";"0";"0.0";"0.0";"0.0";"0.0";"0.0";"0.0";"0.0";"0.0";"0.0";"0.0";"0.0";"0.0";"0.0";"0.0";"0.0";"0.0"
"Strategy 4.1.546";"";"0.77";"NDXm_TICK_UTCPlus02";"M15";"946.98";"";"540";"1.2";"0.92";"0.12";"23.67";"0.9";"0.0";"228.83";"0.73";"4.14";"1.12";"25.09";"15.17";"25.08";"17.08";"20.44";"2.78";"0.77";"0.0";"";"0";"0.0";"0.0";"0.0";"0.0";"0.0";"0.0";"0.0";"0.0";"0.0";"0.0";"0.0";"0.0";"0.0";"0.0";"0.0";"0.0"
"Strategy 4.1.545";"";"0.63";"NDXm_TICK_UTCPlus02";"M15";"553.5";"";"655";"1.11";"0.59";"0.06";"13.84";"0.8";"0.0";"306.15";"0.97";"1.81";"0.69";"16.97";"14.75";"19.39";"16.99";"18.17";"0.44";"0.63";"0.0";"";"0";"0.0";"0.0";"0.0";"0.0";"0.0";"0.0";"0.0";"0.0";"0.0";"0.0";"0.0";"0.0";"0.0";"0.0";"0.0";"0.0"
"Strategy 4.1.472";"";"0.87";"NDXm_TICK_UTCPlus02";"M15";"3894.83";"";"4004";"1.12";"1.51";"0.07";"97.37";"0.77";"0.0";"460.71";"0.78";"8.45";"1.83";"21.07";"14.63";"16.07";"11.7";"13.61";"13.11";"0.87";"0.0";"";"0";"0.0";"0.0";"0.0";"0.0";"0.0";"0.0";"0.0";"0.0";"0.0";"0.0";"0.0";"0.0";"0.0";"0.0";"0.0";"0.0"
"Strategy 4.1.528";"";"0.7";"NDXm_TICK_UTCPlus02";"M15";"1032.71";"";"729";"1.15";"0.79";"0.09";"25.82";"0.77";"0.0";"395.07";"0.63";"2.61";"0.71";"27.69";"15.25";"43.78";"31.55";"36.3";"5.94";"0.7";"0.0";"";"0";"0.0";"0.0";"0.0";"0.0";"0.0";"0.0";"0.0";"0.0";"0.0";"0.0";"0.0";"0.0";"0.0";"0.0";"0.0";"0.0"
"Strategy 4.1.549";"";"0.79";"NDXm_TICK_UTCPlus02";"M15";"1574.22";"";"1083";"1.19";"1.22";"0.1";"39.35";"0.77";"0.0";"340.86";"0.84";"4.62";"1.79";"20.22";"14.4";"19.28";"15.37";"17.16";"1.06";"0.79";"0.0";"";"0";"0.0";"0.0";"0.0";"0.0";"0.0";"0.0";"0.0";"0.0";"0.0";"0.0";"0.0";"0.0";"0.0";"0.0";"0.0";"0.0"
"Strategy 4.1.553";"";"0.74";"NDXm_TICK_UTCPlus02";"M15";"2064.66";"";"1957";"1.13";"1.18";"0.08";"51.61";"0.78";"0.0";"619.5";"0.72";"3.33";"1.43";"21.78";"13.83";"16.07";"10.96";"13.1";"4.06";"0.74";"0.0";"";"0";"0.0";"0.0";"0.0";"0.0";"0.0";"0.0";"0.0";"0.0";"0.0";"0.0";"0.0";"0.0";"0.0";"0.0";"0.0";"0.0"
"Strategy 4.1.563";"";"0.75";"NDXm_TICK_UTCPlus02";"M15";"731.06";"";"863";"1.12";"0.72";"0.06";"18.28";"0.65";"0.0";"206.61";"1.13";"3.54";"0.8";"14.94";"15.09";"27.53";"25.5";"26.58";"9.06";"0.75";"0.0";"";"0";"0.0";"0.0";"0.0";"0.0";"0.0";"0.0";"0.0";"0.0";"0.0";"0.0";"0.0";"0.0";"0.0";"0.0";"0.0";"0.0"
"Strategy 4.1.538";"";"0.78";"NDXm_TICK_UTCPlus02";"M15";"2839.96";"";"3227";"1.12";"1.36";"0.06";"71.0";"0.75";"0.0";"630.72";"0.92";"4.5";"1.47";"17.58";"14.5";"15.59";"12.18";"13.82";"8.67";"0.78";"0.0";"";"0";"0.0";"0.0";"0.0";"0.0";"0.0";"0.0";"0.0";"0.0";"0.0";"0.0";"0.0";"0.0";"0.0";"0.0";"0.0";"0.0"
"Strategy 4.1.547";"";"0.82";"NDXm_TICK_UTCPlus02";"M15";"2246.5";"";"2039";"1.13";"1.17";"0.07";"56.17";"0.86";"0.0";"400.44";"0.73";"5.61";"1.57";"23.22";"15.06";"33.75";"22.89";"27.48";"19.22";"0.82";"0.0";"";"0";"0.0";"0.0";"0.0";"0.0";"0.0";"0.0";"0.0";"0.0";"0.0";"0.0";"0.0";"0.0";"0.0";"0.0";"0.0";"0.0"
"Strategy 1.3.304";"";"0.72";"NDXm_TICK_UTCPlus02";"M15";"809.84";"";"889";"1.11";"0.72";"0.06";"20.24";"0.67";"0.0";"277.1";"0.83";"2.92";"1.08";"19.49";"14.49";"15.07";"10.29";"12.46";"3.11";"0.72";"0.0";"";"0";"0.0";"0.0";"0.0";"0.0";"0.0";"0.0";"0.0";"0.0";"0.0";"0.0";"0.0";"0.0";"0.0";"0.0";"0.0";"0.0"
"Strategy 1.3.302";"";"0.67";"NDXm_TICK_UTCPlus02";"M15";"932.32";"";"1422";"1.11";"0.82";"0.04";"23.31";"0.65";"0.0";"419.27";"1.38";"2.22";"0.92";"11.82";"14.77";"9.51";"10.03";"9.73";"3.89";"0.67";"0.0";"";"0";"0.0";"0.0";"0.0";"0.0";"0.0";"0.0";"0.0";"0.0";"0.0";"0.0";"0.0";"0.0";"0.0";"0.0";"0.0";"0.0"
"Strategy 1.3.351";"";"0.83";"NDXm_TICK_UTCPlus02";"M15";"1618.41";"";"897";"1.24";"1.41";"0.13";"40.46";"0.82";"0.0";"256.17";"0.92";"6.32";"2.5";"19.25";"14.19";"17.46";"12.47";"14.86";"2.06";"0.83";"0.0";"";"0";"0.0";"0.0";"0.0";"0.0";"0.0";"0.0";"0.0";"0.0";"0.0";"0.0";"0.0";"0.0";"0.0";"0.0";"0.0";"0.0"
"Strategy 1.3.312";"";"0.84";"NDXm_TICK_UTCPlus02";"M15";"1581.83";"";"928";"1.22";"1.35";"0.12";"39.55";"0.77";"0.0";"241.52";"0.9";"6.55";"2.42";"19.94";"14.73";"33.03";"26.89";"29.8";"2.06";"0.84";"0.0";"";"0";"0.0";"0.0";"0.0";"0.0";"0.0";"0.0";"0.0";"0.0";"0.0";"0.0";"0.0";"0.0";"0.0";"0.0";"0.0";"0.0"
"Strategy 1.3.361";"";"0.74";"NDXm_TICK_UTCPlus02";"M15";"902.26";"";"868";"1.13";"0.81";"0.07";"22.56";"0.79";"0.0";"265.34";"0.88";"3.4";"1.38";"18.69";"14.47";"12.4";"9.59";"10.91";"2.22";"0.74";"0.0";"";"0";"0.0";"0.0";"0.0";"0.0";"0.0";"0.0";"0.0";"0.0";"0.0";"0.0";"0.0";"0.0";"0.0";"0.0";"0.0";"0.0"
"Strategy 1.3.373";"";"0.75";"NDXm_TICK_UTCPlus02";"M15";"612.71";"";"376";"1.18";"0.64";"0.11";"15.32";"0.84";"0.0";"174.19";"0.62";"3.52";"0.95";"27.46";"14.4";"21.19";"13.39";"16.38";"3.67";"0.75";"0.0";"";"0";"0.0";"0.0";"0.0";"0.0";"0.0";"0.0";"0.0";"0.0";"0.0";"0.0";"0.0";"0.0";"0.0";"0.0";"0.0";"0.0"
"Strategy 1.3.356";"";"0.73";"NDXm_TICK_UTCPlus02";"M15";"1665.66";"";"1587";"1.15";"1.17";"0.07";"41.64";"0.81";"0.0";"508.88";"1.04";"3.27";"1.43";"16.08";"14.54";"11.27";"9.97";"10.63";"5.56";"0.73";"0.0";"";"0";"0.0";"0.0";"0.0";"0.0";"0.0";"0.0";"0.0";"0.0";"0.0";"0.0";"0.0";"0.0";"0.0";"0.0";"0.0";"0.0"
"Strategy 1.3.336";"";"0.86";"NDXm_TICK_UTCPlus02";"M15";"2826.57";"";"1932";"1.2";"1.7";"0.1";"70.66";"0.79";"0.0";"339.92";"0.91";"8.32";"3.25";"18.82";"14.28";"16.08";"12.77";"14.35";"1.5";"0.86";"0.0";"";"0";"0.0";"0.0";"0.0";"0.0";"0.0";"0.0";"0.0";"0.0";"0.0";"0.0";"0.0";"0.0";"0.0";"0.0";"0.0";"0.0"
"Strategy 1.3.355";"";"0.7";"NDXm_TICK_UTCPlus02";"M15";"1064.89";"";"843";"1.15";"0.88";"0.09";"26.62";"0.68";"0.0";"399.91";"0.77";"2.66";"0.82";"22.27";"14.86";"28.68";"20.63";"24.12";"4.0";"0.7";"0.0";"";"0";"0.0";"0.0";"0.0";"0.0";"0.0";"0.0";"0.0";"0.0";"0.0";"0.0";"0.0";"0.0";"0.0";"0.0";"0.0";"0.0"
"Strategy 1.3.395";"";"0.69";"NDXm_TICK_UTCPlus02";"M15";"610.26";"";"642";"1.15";"0.78";"0.06";"15.26";"0.82";"0.0";"238.95";"1.4";"2.55";"0.89";"12.34";"14.95";"11.22";"11.01";"11.13";"1.5";"0.69";"0.0";"";"0";"0.0";"0.0";"0.0";"0.0";"0.0";"0.0";"0.0";"0.0";"0.0";"0.0";"0.0";"0.0";"0.0";"0.0";"0.0";"0.0"
"Strategy 1.3.325";"";"0.83";"NDXm_TICK_UTCPlus02";"M15";"2384.49";"";"2731";"1.12";"1.28";"0.06";"59.61";"0.75";"0.0";"387.15";"1.01";"6.16";"2.47";"16.52";"14.85";"18.29";"15.62";"16.96";"13.0";"0.83";"0.0";"";"0";"0.0";"0.0";"0.0";"0.0";"0.0";"0.0";"0.0";"0.0";"0.0";"0.0";"0.0";"0.0";"0.0";"0.0";"0.0";"0.0"
"Strategy 1.3.423";"";"0.8";"NDXm_TICK_UTCPlus02";"M15";"1171.91";"";"662";"1.24";"1.24";"0.13";"29.3";"0.74";"0.0";"231.61";"0.88";"5.06";"2.2";"19.3";"13.67";"12.82";"9.35";"10.98";"0.56";"0.8";"0.0";"";"0";"0.0";"0.0";"0.0";"0.0";"0.0";"0.0";"0.0";"0.0";"0.0";"0.0";"0.0";"0.0";"0.0";"0.0";"0.0";"0.0"
"Strategy 1.3.435";"";"0.85";"NDXm_TICK_UTCPlus02";"M15";"1174.44";"";"405";"1.39";"1.38";"0.22";"29.36";"0.74";"0.0";"155.98";"0.78";"7.53";"1.46";"23.62";"13.18";"12.95";"7.76";"10.03";"1.89";"0.85";"0.0";"";"0";"0.0";"0.0";"0.0";"0.0";"0.0";"0.0";"0.0";"0.0";"0.0";"0.0";"0.0";"0.0";"0.0";"0.0";"0.0";"0.0"
"Strategy 1.3.414";"";"0.69";"NDXm_TICK_UTCPlus02";"M15";"761.78";"";"911";"1.11";"0.72";"0.06";"19.04";"0.7";"0.0";"295.36";"0.98";"2.58";"0.84";"16.85";"14.79";"15.75";"15.94";"15.85";"2.0";"0.69";"0.0";"";"0";"0.0";"0.0";"0.0";"0.0";"0.0";"0.0";"0.0";"0.0";"0.0";"0.0";"0.0";"0.0";"0.0";"0.0";"0.0";"0.0"
"Strategy 1.3.326";"";"0.85";"NDXm_TICK_UTCPlus02";"M15";"3300.92";"";"2880";"1.13";"1.34";"0.08";"82.52";"0.88";"0.0";"464.95";"0.65";"7.1";"1.6";"26.09";"14.98";"26.18";"17.74";"21.05";"18.0";"0.85";"0.0";"";"0";"0.0";"0.0";"0.0";"0.0";"0.0";"0.0";"0.0";"0.0";"0.0";"0.0";"0.0";"0.0";"0.0";"0.0";"0.0";"0.0"
"Strategy 1.3.431";"";"0.83";"NDXm_TICK_UTCPlus02";"M15";"1556.47";"";"931";"1.21";"1.24";"0.12";"38.91";"0.87";"0.0";"256.79";"0.84";"6.06";"1.31";"20.87";"14.45";"14.95";"9.84";"12.18";"2.5";"0.83";"0.0";"";"0";"0.0";"0.0";"0.0";"0.0";"0.0";"0.0";"0.0";"0.0";"0.0";"0.0";"0.0";"0.0";"0.0";"0.0";"0.0";"0.0"
"Strategy 1.3.447";"";"0.68";"NDXm_TICK_UTCPlus02";"M15";"434.8";"";"513";"1.13";"0.59";"0.06";"10.87";"0.66";"0.0";"181.47";"1.18";"2.4";"0.55";"13.91";"14.61";"12.72";"11.98";"12.38";"1.39";"0.68";"0.0";"";"0";"0.0";"0.0";"0.0";"0.0";"0.0";"0.0";"0.0";"0.0";"0.0";"0.0";"0.0";"0.0";"0.0";"0.0";"0.0";"0.0"
"Strategy 1.3.402";"";"0.73";"NDXm_TICK_UTCPlus02";"M15";"1308.87";"";"1412";"1.12";"0.96";"0.06";"32.72";"0.8";"0.0";"409.22";"0.99";"3.2";"0.75";"17.14";"15.1";"26.64";"22.63";"24.62";"8.33";"0.73";"0.0";"";"0";"0.0";"0.0";"0.0";"0.0";"0.0";"0.0";"0.0";"0.0";"0.0";"0.0";"0.0";"0.0";"0.0";"0.0";"0.0";"0.0"
"Strategy 1.3.463";"";"0.64";"NDXm_TICK_UTCPlus02";"M15";"609.14";"";"829";"1.11";"0.64";"0.05";"15.23";"0.74";"0.0";"321.23";"1.21";"1.9";"0.41";"13.67";"14.93";"8.79";"6.67";"7.83";"2.17";"0.64";"0.0";"";"0";"0.0";"0.0";"0.0";"0.0";"0.0";"0.0";"0.0";"0.0";"0.0";"0.0";"0.0";"0.0";"0.0";"0.0";"0.0";"0.0"
"Strategy 1.3.432";"";"0.7";"NDXm_TICK_UTCPlus02";"M15";"1146.25";"";"1506";"1.12";"0.95";"0.05";"28.65";"0.69";"0.0";"419.49";"1.41";"2.73";"1.22";"11.96";"14.99";"18.51";"19.81";"19.05";"7.06";"0.7";"0.0";"";"0";"0.0";"0.0";"0.0";"0.0";"0.0";"0.0";"0.0";"0.0";"0.0";"0.0";"0.0";"0.0";"0.0";"0.0";"0.0";"0.0"
"Strategy 1.3.478";"";"0.66";"NDXm_TICK_UTCPlus02";"M15";"546.16";"";"538";"1.13";"0.59";"0.07";"13.66";"0.72";"0.0";"252.16";"0.87";"2.17";"0.57";"19.54";"15.06";"23.83";"17.11";"20.23";"4.89";"0.66";"0.0";"";"0";"0.0";"0.0";"0.0";"0.0";"0.0";"0.0";"0.0";"0.0";"0.0";"0.0";"0.0";"0.0";"0.0";"0.0";"0.0";"0.0"
"Strategy 1.3.502";"";"0.74";"NDXm_TICK_UTCPlus02";"M15";"852.93";"";"722";"1.19";"1.03";"0.08";"21.32";"0.61";"0.0";"249.15";"1.34";"3.42";"0.71";"13.07";"14.8";"15.99";"13.87";"15.08";"2.83";"0.74";"0.0";"";"0";"0.0";"0.0";"0.0";"0.0";"0.0";"0.0";"0.0";"0.0";"0.0";"0.0";"0.0";"0.0";"0.0";"0.0";"0.0";"0.0"
"Strategy 1.3.484";"";"0.66";"NDXm_TICK_UTCPlus02";"M15";"864.81";"";"868";"1.12";"0.7";"0.07";"21.62";"0.68";"0.0";"400.12";"0.76";"2.16";"0.64";"21.89";"14.97";"27.9";"21.7";"24.38";"4.39";"0.66";"0.0";"";"0";"0.0";"0.0";"0.0";"0.0";"0.0";"0.0";"0.0";"0.0";"0.0";"0.0";"0.0";"0.0";"0.0";"0.0";"0.0";"0.0"
"Strategy 1.3.397";"";"0.84";"NDXm_TICK_UTCPlus02";"M15";"2871.44";"";"2863";"1.11";"1.2";"0.07";"71.79";"0.83";"0.0";"418.51";"0.67";"6.86";"1.47";"24.98";"15.09";"27.8";"18.89";"22.47";"19.44";"0.84";"0.0";"";"0";"0.0";"0.0";"0.0";"0.0";"0.0";"0.0";"0.0";"0.0";"0.0";"0.0";"0.0";"0.0";"0.0";"0.0";"0.0";"0.0"
"Strategy 1.3.505";"";"0.73";"NDXm_TICK_UTCPlus02";"M15";"898.17";"";"674";"1.16";"0.82";"0.09";"22.45";"0.8";"0.0";"275.17";"0.76";"3.26";"0.8";"22.41";"14.68";"18.56";"13.22";"15.53";"3.22";"0.73";"0.0";"";"0";"0.0";"0.0";"0.0";"0.0";"0.0";"0.0";"0.0";"0.0";"0.0";"0.0";"0.0";"0.0";"0.0";"0.0";"0.0";"0.0"
"Strategy 1.3.512";"";"0.78";"NDXm_TICK_UTCPlus02";"M15";"1416.08";"";"1202";"1.15";"1.08";"0.08";"35.4";"0.84";"0.0";"326.69";"0.98";"4.33";"1.25";"17.99";"15.35";"16.87";"13.65";"15.25";"7.06";"0.78";"0.0";"";"0";"0.0";"0.0";"0.0";"0.0";"0.0";"0.0";"0.0";"0.0";"0.0";"0.0";"0.0";"0.0";"0.0";"0.0";"0.0";"0.0"
"Strategy 1.3.477";"";"0.83";"NDXm_TICK_UTCPlus02";"M15";"2137.97";"";"1395";"1.19";"1.41";"0.1";"53.45";"0.77";"0.0";"348.86";"0.85";"6.13";"1.4";"21.16";"15.11";"35.36";"27.51";"31.11";"13.06";"0.83";"0.0";"";"0";"0.0";"0.0";"0.0";"0.0";"0.0";"0.0";"0.0";"0.0";"0.0";"0.0";"0.0";"0.0";"0.0";"0.0";"0.0";"0.0"
"Strategy 1.3.454";"";"0.83";"NDXm_TICK_UTCPlus02";"M15";"3229.82";"";"3503";"1.12";"1.42";"0.06";"80.74";"0.79";"0.0";"505.11";"0.89";"6.39";"1.61";"18.36";"14.52";"13.83";"10.66";"12.15";"12.56";"0.83";"0.0";"";"0";"0.0";"0.0";"0.0";"0.0";"0.0";"0.0";"0.0";"0.0";"0.0";"0.0";"0.0";"0.0";"0.0";"0.0";"0.0";"0.0"
"Strategy 1.3.446";"";"0.81";"NDXm_TICK_UTCPlus02";"M15";"2826.74";"";"2461";"1.12";"1.21";"0.08";"70.67";"0.85";"0.0";"541.87";"0.63";"5.22";"1.16";"26.73";"14.99";"32.2";"21.03";"25.35";"18.11";"0.81";"0.0";"";"0";"0.0";"0.0";"0.0";"0.0";"0.0";"0.0";"0.0";"0.0";"0.0";"0.0";"0.0";"0.0";"0.0";"0.0";"0.0";"0.0"
"Strategy 1.3.514";"";"0.83";"NDXm_TICK_UTCPlus02";"M15";"2529.98";"";"1835";"1.16";"1.34";"0.1";"63.25";"0.78";"0.0";"405.27";"0.67";"6.24";"2.27";"24.81";"14.24";"20.33";"14.21";"16.66";"1.22";"0.83";"0.0";"";"0";"0.0";"0.0";"0.0";"0.0";"0.0";"0.0";"0.0";"0.0";"0.0";"0.0";"0.0";"0.0";"0.0";"0.0";"0.0";"0.0"
"Strategy 1.3.557";"";"0.78";"NDXm_TICK_UTCPlus02";"M15";"789.34";"";"463";"1.27";"1.15";"0.12";"19.73";"0.83";"0.0";"176.99";"1.3";"4.46";"0.89";"14.18";"14.55";"12.89";"10.53";"11.87";"0.94";"0.78";"0.0";"";"0";"0.0";"0.0";"0.0";"0.0";"0.0";"0.0";"0.0";"0.0";"0.0";"0.0";"0.0";"0.0";"0.0";"0.0";"0.0";"0.0"
"Strategy 1.3.526";"";"0.81";"NDXm_TICK_UTCPlus02";"M15";"1982.49";"";"1956";"1.12";"1.11";"0.07";"49.56";"0.85";"0.0";"372.4";"0.76";"5.32";"1.32";"21.99";"14.94";"30.0";"22.04";"25.48";"13.06";"0.81";"0.0";"";"0";"0.0";"0.0";"0.0";"0.0";"0.0";"0.0";"0.0";"0.0";"0.0";"0.0";"0.0";"0.0";"0.0";"0.0";"0.0";"0.0"
"Strategy 1.3.547";"";"0.64";"NDXm_TICK_UTCPlus02";"M15";"1089.21";"";"1017";"1.12";"0.74";"0.07";"27.23";"0.49";"0.0";"586.29";"0.63";"1.86";"0.87";"26.84";"15.16";"45.12";"32.97";"37.66";"9.78";"0.64";"0.0";"";"0";"0.0";"0.0";"0.0";"0.0";"0.0";"0.0";"0.0";"0.0";"0.0";"0.0";"0.0";"0.0";"0.0";"0.0";"0.0";"0.0"
"Strategy 1.3.544";"";"0.86";"NDXm_TICK_UTCPlus02";"M15";"1808.37";"";"1587";"1.16";"1.29";"0.08";"45.21";"0.78";"0.0";"229.6";"1.07";"7.88";"2.22";"16.21";"15.01";"28.67";"26.07";"27.42";"7.33";"0.86";"0.0";"";"0";"0.0";"0.0";"0.0";"0.0";"0.0";"0.0";"0.0";"0.0";"0.0";"0.0";"0.0";"0.0";"0.0";"0.0";"0.0";"0.0"
"Strategy 1.3.548";"";"0.84";"NDXm_TICK_UTCPlus02";"M15";"2692.06";"";"2838";"1.12";"1.28";"0.06";"67.3";"0.89";"0.0";"402.33";"0.8";"6.69";"1.64";"20.68";"14.79";"22.45";"16.36";"19.06";"9.0";"0.84";"0.0";"";"0";"0.0";"0.0";"0.0";"0.0";"0.0";"0.0";"0.0";"0.0";"0.0";"0.0";"0.0";"0.0";"0.0";"0.0";"0.0";"0.0"
"Strategy 3.3.302";"";"0.88";"NDXm_TICK_UTCPlus02";"M15";"2337.83";"";"1009";"1.29";"1.67";"0.16";"58.45";"0.93";"0.0";"235.29";"0.76";"9.94";"3.44";"24.1";"14.32";"13.58";"9.29";"11.15";"2.83";"0.88";"0.0";"";"0";"0.0";"0.0";"0.0";"0.0";"0.0";"0.0";"0.0";"0.0";"0.0";"0.0";"0.0";"0.0";"0.0";"0.0";"0.0";"0.0"
"Strategy 3.3.305";"";"0.85";"NDXm_TICK_UTCPlus02";"M15";"1950.37";"";"1367";"1.16";"1.2";"0.1";"48.75";"0.82";"0.0";"262.48";"0.67";"7.43";"1.31";"25.23";"14.55";"20.24";"12.37";"15.53";"6.06";"0.85";"0.0";"";"0";"0.0";"0.0";"0.0";"0.0";"0.0";"0.0";"0.0";"0.0";"0.0";"0.0";"0.0";"0.0";"0.0";"0.0";"0.0";"0.0"
"Strategy 3.3.325";"";"0.79";"NDXm_TICK_UTCPlus02";"M15";"1249.43";"";"1135";"1.14";"1.05";"0.07";"31.24";"0.72";"0.0";"263.62";"0.9";"4.74";"1.29";"18.77";"14.88";"21.46";"16.96";"19.1";"3.06";"0.79";"0.0";"";"0";"0.0";"0.0";"0.0";"0.0";"0.0";"0.0";"0.0";"0.0";"0.0";"0.0";"0.0";"0.0";"0.0";"0.0";"0.0";"0.0"
"Strategy 3.3.368";"";"0.85";"NDXm_TICK_UTCPlus02";"M15";"1336.03";"";"594";"1.27";"1.23";"0.15";"33.41";"0.75";"0.0";"182.88";"0.77";"7.31";"1.96";"24.12";"14.66";"24.22";"17.74";"20.56";"2.89";"0.85";"0.0";"";"0";"0.0";"0.0";"0.0";"0.0";"0.0";"0.0";"0.0";"0.0";"0.0";"0.0";"0.0";"0.0";"0.0";"0.0";"0.0";"0.0"
"Strategy 3.3.364";"";"0.71";"NDXm_TICK_UTCPlus02";"M15";"1078.4";"";"1286";"1.11";"0.82";"0.06";"26.96";"0.68";"0.0";"388.54";"0.89";"2.78";"1.25";"18.27";"14.7";"13.88";"10.25";"11.96";"4.33";"0.71";"0.0";"";"0";"0.0";"0.0";"0.0";"0.0";"0.0";"0.0";"0.0";"0.0";"0.0";"0.0";"0.0";"0.0";"0.0";"0.0";"0.0";"0.0"
"Strategy 3.3.350";"";"0.8";"NDXm_TICK_UTCPlus02";"M15";"1498.31";"";"764";"1.24";"1.33";"0.13";"37.46";"0.74";"0.0";"307.5";"0.84";"4.87";"2.3";"22.22";"15.08";"31.84";"26.48";"28.93";"3.56";"0.8";"0.0";"";"0";"0.0";"0.0";"0.0";"0.0";"0.0";"0.0";"0.0";"0.0";"0.0";"0.0";"0.0";"0.0";"0.0";"0.0";"0.0";"0.0"
"Strategy 3.3.348";"";"0.84";"NDXm_TICK_UTCPlus02";"M15";"1431.54";"";"1425";"1.15";"1.15";"0.07";"35.78";"0.8";"0.0";"220.41";"1.21";"6.49";"1.23";"14.17";"14.92";"18.46";"18.62";"18.53";"4.39";"0.84";"0.0";"";"0";"0.0";"0.0";"0.0";"0.0";"0.0";"0.0";"0.0";"0.0";"0.0";"0.0";"0.0";"0.0";"0.0";"0.0";"0.0";"0.0"
"Strategy 3.3.382";"";"0.77";"NDXm_TICK_UTCPlus02";"M15";"883.46";"";"512";"1.23";"1.01";"0.11";"22.09";"0.81";"0.0";"216.48";"1.02";"4.08";"0.96";"18.36";"15.17";"24.41";"21.23";"22.83";"2.94";"0.77";"0.0";"";"0";"0.0";"0.0";"0.0";"0.0";"0.0";"0.0";"0.0";"0.0";"0.0";"0.0";"0.0";"0.0";"0.0";"0.0";"0.0";"0.0"
"Strategy 3.3.408";"";"0.77";"NDXm_TICK_UTCPlus02";"M15";"711.63";"";"631";"1.17";"0.91";"0.08";"17.79";"0.76";"0.0";"174.52";"1.19";"4.08";"1.4";"14.57";"14.88";"18.87";"18.66";"18.77";"0.78";"0.77";"0.0";"";"0";"0.0";"0.0";"0.0";"0.0";"0.0";"0.0";"0.0";"0.0";"0.0";"0.0";"0.0";"0.0";"0.0";"0.0";"0.0";"0.0"
"Strategy 3.3.419";"";"0.84";"NDXm_TICK_UTCPlus02";"M15";"1503.22";"";"881";"1.23";"1.26";"0.12";"37.58";"0.86";"0.0";"228.21";"0.88";"6.59";"1.61";"19.56";"14.05";"10.43";"8.25";"9.27";"2.28";"0.84";"0.0";"";"0";"0.0";"0.0";"0.0";"0.0";"0.0";"0.0";"0.0";"0.0";"0.0";"0.0";"0.0";"0.0";"0.0";"0.0";"0.0";"0.0"
"Strategy 3.3.313";"";"0.77";"NDXm_TICK_UTCPlus02";"M15";"1792.66";"";"1773";"1.14";"1.27";"0.07";"44.82";"0.65";"0.0";"429.18";"1.09";"4.18";"2.05";"15.57";"14.9";"32.89";"29.72";"31.38";"13.06";"0.77";"0.0";"";"0";"0.0";"0.0";"0.0";"0.0";"0.0";"0.0";"0.0";"0.0";"0.0";"0.0";"0.0";"0.0";"0.0";"0.0";"0.0";"0.0"
"Strategy 3.3.403";"";"0.71";"NDXm_TICK_UTCPlus02";"M15";"1752.8";"";"1373";"1.14";"1.06";"0.09";"43.82";"0.65";"0.0";"620.25";"0.63";"2.83";"1.56";"26.3";"14.51";"20.13";"11.89";"15.08";"5.78";"0.71";"0.0";"";"0";"0.0";"0.0";"0.0";"0.0";"0.0";"0.0";"0.0";"0.0";"0.0";"0.0";"0.0";"0.0";"0.0";"0.0";"0.0";"0.0"
"Strategy 3.3.341";"";"0.85";"NDXm_TICK_UTCPlus02";"M15";"1941.09";"";"1460";"1.17";"1.38";"0.09";"48.52";"0.91";"0.0";"262.94";"0.97";"7.38";"1.97";"18.23";"15.03";"37.05";"32.57";"34.77";"6.56";"0.85";"0.0";"";"0";"0.0";"0.0";"0.0";"0.0";"0.0";"0.0";"0.0";"0.0";"0.0";"0.0";"0.0";"0.0";"0.0";"0.0";"0.0";"0.0"
"Strategy 3.3.405";"";"0.77";"NDXm_TICK_UTCPlus02";"M15";"1193.24";"";"775";"1.18";"1.04";"0.1";"29.83";"0.75";"0.0";"301.6";"0.77";"3.96";"1.63";"22.85";"14.85";"33.54";"26.14";"29.36";"3.22";"0.77";"0.0";"";"0";"0.0";"0.0";"0.0";"0.0";"0.0";"0.0";"0.0";"0.0";"0.0";"0.0";"0.0";"0.0";"0.0";"0.0";"0.0";"0.0"
"Strategy 3.3.399";"";"0.87";"NDXm_TICK_UTCPlus02";"M15";"3056.32";"";"1704";"1.22";"1.71";"0.13";"76.42";"0.87";"0.0";"332.79";"0.73";"9.18";"3.47";"23.99";"14.33";"21.5";"14.47";"17.43";"6.61";"0.87";"0.0";"";"0";"0.0";"0.0";"0.0";"0.0";"0.0";"0.0";"0.0";"0.0";"0.0";"0.0";"0.0";"0.0";"0.0";"0.0";"0.0";"0.0"
"Strategy 3.3.411";"";"0.8";"NDXm_TICK_UTCPlus02";"M15";"1586.86";"";"2024";"1.13";"1.18";"0.05";"39.67";"0.91";"0.0";"312.92";"1.46";"5.07";"1.78";"11.4";"14.71";"10.51";"12.25";"11.21";"6.11";"0.8";"0.0";"";"0";"0.0";"0.0";"0.0";"0.0";"0.0";"0.0";"0.0";"0.0";"0.0";"0.0";"0.0";"0.0";"0.0";"0.0";"0.0";"0.0"
"Strategy 3.3.439";"";"0.8";"NDXm_TICK_UTCPlus02";"M15";"1014.96";"";"568";"1.26";"1.23";"0.12";"25.38";"0.76";"0.0";"200.32";"1.16";"5.07";"1.92";"16.1";"14.81";"20.83";"17.27";"19.18";"1.33";"0.8";"0.0";"";"0";"0.0";"0.0";"0.0";"0.0";"0.0";"0.0";"0.0";"0.0";"0.0";"0.0";"0.0";"0.0";"0.0";"0.0";"0.0";"0.0"
"Strategy 3.3.400";"";"0.79";"NDXm_TICK_UTCPlus02";"M15";"2008.47";"";"1987";"1.12";"1.02";"0.07";"50.21";"0.78";"0.0";"441.71";"0.7";"4.55";"1.22";"23.73";"14.82";"17.29";"12.15";"14.26";"7.78";"0.79";"0.0";"";"0";"0.0";"0.0";"0.0";"0.0";"0.0";"0.0";"0.0";"0.0";"0.0";"0.0";"0.0";"0.0";"0.0";"0.0";"0.0";"0.0"
"Strategy 3.3.432";"";"0.65";"NDXm_TICK_UTCPlus02";"M15";"800.1";"";"817";"1.11";"0.64";"0.07";"20.0";"0.64";"0.0";"390.0";"0.67";"2.05";"0.87";"24.76";"14.89";"29.12";"20.34";"23.86";"2.06";"0.65";"0.0";"";"0";"0.0";"0.0";"0.0";"0.0";"0.0";"0.0";"0.0";"0.0";"0.0";"0.0";"0.0";"0.0";"0.0";"0.0";"0.0";"0.0"
"Strategy 3.3.421";"";"0.79";"NDXm_TICK_UTCPlus02";"M15";"2164.11";"";"2102";"1.12";"1.15";"0.07";"54.1";"0.73";"0.0";"476.64";"0.7";"4.54";"2.08";"22.9";"14.26";"15.31";"10.07";"12.23";"5.89";"0.79";"0.0";"";"0";"0.0";"0.0";"0.0";"0.0";"0.0";"0.0";"0.0";"0.0";"0.0";"0.0";"0.0";"0.0";"0.0";"0.0";"0.0";"0.0"
"Strategy 3.3.380";"";"0.8";"NDXm_TICK_UTCPlus02";"M15";"1638.4";"";"1641";"1.12";"1.01";"0.07";"40.96";"0.78";"0.0";"334.57";"0.76";"4.9";"1.43";"21.69";"14.78";"30.42";"23.29";"26.38";"7.56";"0.8";"0.0";"";"0";"0.0";"0.0";"0.0";"0.0";"0.0";"0.0";"0.0";"0.0";"0.0";"0.0";"0.0";"0.0";"0.0";"0.0";"0.0";"0.0"
"Strategy 3.3.329";"";"0.74";"NDXm_TICK_UTCPlus02";"M15";"2041.57";"";"2262";"1.11";"1.02";"0.06";"51.04";"0.8";"0.0";"587.03";"0.77";"3.48";"1.08";"21.84";"15.13";"37.22";"25.9";"30.81";"24.67";"0.74";"0.0";"";"0";"0.0";"0.0";"0.0";"0.0";"0.0";"0.0";"0.0";"0.0";"0.0";"0.0";"0.0";"0.0";"0.0";"0.0";"0.0";"0.0"
"Strategy 3.3.467";"";"0.7";"NDXm_TICK_UTCPlus02";"M15";"850.85";"";"1110";"1.11";"0.78";"0.05";"21.28";"0.82";"0.0";"325.81";"1.19";"2.61";"0.67";"14.04";"14.96";"16.49";"15.33";"15.96";"4.17";"0.7";"0.0";"";"0";"0.0";"0.0";"0.0";"0.0";"0.0";"0.0";"0.0";"0.0";"0.0";"0.0";"0.0";"0.0";"0.0";"0.0";"0.0";"0.0"
"Strategy 3.3.462";"";"0.79";"NDXm_TICK_UTCPlus02";"M15";"1365.44";"";"1469";"1.13";"1.06";"0.06";"34.14";"0.86";"0.0";"290.0";"1.14";"4.71";"0.89";"14.92";"15.08";"19.94";"18.69";"19.36";"6.78";"0.79";"0.0";"";"0";"0.0";"0.0";"0.0";"0.0";"0.0";"0.0";"0.0";"0.0";"0.0";"0.0";"0.0";"0.0";"0.0";"0.0";"0.0";"0.0"
"Strategy 3.3.525";"";"0.64";"NDXm_TICK_UTCPlus02";"M15";"507.15";"";"410";"1.19";"0.79";"0.08";"12.68";"0.61";"0.0";"272.29";"1.29";"1.86";"0.63";"13.67";"14.81";"10.4";"10.69";"10.52";"1.33";"0.64";"0.0";"";"0";"0.0";"0.0";"0.0";"0.0";"0.0";"0.0";"0.0";"0.0";"0.0";"0.0";"0.0";"0.0";"0.0";"0.0";"0.0";"0.0"
"Strategy 3.3.521";"";"0.7";"NDXm_TICK_UTCPlus02";"M15";"437.19";"";"637";"1.11";"0.6";"0.05";"10.93";"0.66";"0.0";"166.9";"1.45";"2.62";"0.67";"11.47";"14.94";"12.94";"12.62";"12.81";"1.5";"0.7";"0.0";"";"0";"0.0";"0.0";"0.0";"0.0";"0.0";"0.0";"0.0";"0.0";"0.0";"0.0";"0.0";"0.0";"0.0";"0.0";"0.0";"0.0"
"Strategy 3.3.449";"";"0.85";"NDXm_TICK_UTCPlus02";"M15";"2861.7";"";"2931";"1.11";"1.25";"0.07";"71.54";"0.85";"0.0";"382.55";"0.68";"7.48";"1.29";"23.88";"14.66";"16.75";"11.11";"13.4";"10.17";"0.85";"0.0";"";"0";"0.0";"0.0";"0.0";"0.0";"0.0";"0.0";"0.0";"0.0";"0.0";"0.0";"0.0";"0.0";"0.0";"0.0";"0.0";"0.0"
"Strategy 3.3.535";"";"0.78";"NDXm_TICK_UTCPlus02";"M15";"1254.6";"";"802";"1.18";"0.99";"0.11";"31.36";"0.72";"0.0";"286.04";"0.68";"4.39";"1.27";"25.63";"14.84";"34.51";"26.24";"29.59";"4.0";"0.78";"0.0";"";"0";"0.0";"0.0";"0.0";"0.0";"0.0";"0.0";"0.0";"0.0";"0.0";"0.0";"0.0";"0.0";"0.0";"0.0";"0.0";"0.0"
"Strategy 3.3.533";"";"0.8";"NDXm_TICK_UTCPlus02";"M15";"1068.63";"";"798";"1.16";"0.92";"0.09";"26.72";"0.76";"0.0";"212.03";"0.86";"5.04";"1.29";"20.64";"15.18";"31.7";"27.53";"29.45";"4.61";"0.8";"0.0";"";"0";"0.0";"0.0";"0.0";"0.0";"0.0";"0.0";"0.0";"0.0";"0.0";"0.0";"0.0";"0.0";"0.0";"0.0";"0.0";"0.0"
"Strategy 3.3.495";"";"0.86";"NDXm_TICK_UTCPlus02";"M15";"2212.95";"";"1511";"1.17";"1.33";"0.1";"55.32";"0.88";"0.0";"271.86";"0.75";"8.14";"1.66";"23.48";"15.02";"35.0";"26.97";"30.41";"6.67";"0.86";"0.0";"";"0";"0.0";"0.0";"0.0";"0.0";"0.0";"0.0";"0.0";"0.0";"0.0";"0.0";"0.0";"0.0";"0.0";"0.0";"0.0";"0.0"
"Strategy 3.3.518";"";"0.71";"NDXm_TICK_UTCPlus02";"M15";"1185.55";"";"1551";"1.11";"0.85";"0.05";"29.64";"0.82";"0.0";"428.53";"1.1";"2.77";"0.94";"15.25";"15.11";"24.96";"21.19";"23.16";"14.78";"0.71";"0.0";"";"0";"0.0";"0.0";"0.0";"0.0";"0.0";"0.0";"0.0";"0.0";"0.0";"0.0";"0.0";"0.0";"0.0";"0.0";"0.0";"0.0"
"Strategy 3.3.524";"";"0.83";"NDXm_TICK_UTCPlus02";"M15";"1667.87";"";"1298";"1.16";"1.19";"0.08";"41.69";"0.87";"0.0";"263.54";"0.95";"6.33";"1.26";"18.77";"15.41";"27.5";"21.54";"24.45";"12.39";"0.83";"0.0";"";"0";"0.0";"0.0";"0.0";"0.0";"0.0";"0.0";"0.0";"0.0";"0.0";"0.0";"0.0";"0.0";"0.0";"0.0";"0.0";"0.0"
"Strategy 3.3.549";"";"0.81";"NDXm_TICK_UTCPlus02";"M15";"1236.9";"";"827";"1.17";"0.98";"0.1";"30.92";"0.69";"0.0";"224.75";"0.74";"5.5";"1.45";"23.88";"15.09";"30.97";"25.54";"27.85";"4.56";"0.81";"0.0";"";"0";"0.0";"0.0";"0.0";"0.0";"0.0";"0.0";"0.0";"0.0";"0.0";"0.0";"0.0";"0.0";"0.0";"0.0";"0.0";"0.0"
"Strategy 3.3.529";"";"0.73";"NDXm_TICK_UTCPlus02";"M15";"1304.91";"";"1447";"1.11";"0.91";"0.06";"32.62";"0.6";"0.0";"405.88";"0.9";"3.22";"1.51";"18.59";"14.95";"27.53";"24.45";"25.9";"5.39";"0.73";"0.0";"";"0";"0.0";"0.0";"0.0";"0.0";"0.0";"0.0";"0.0";"0.0";"0.0";"0.0";"0.0";"0.0";"0.0";"0.0";"0.0";"0.0"
"Strategy 3.3.559";"";"0.72";"NDXm_TICK_UTCPlus02";"M15";"1300.38";"";"1142";"1.14";"0.92";"0.08";"32.51";"0.7";"0.0";"424.48";"0.79";"3.06";"1.02";"21.51";"14.95";"29.25";"19.56";"23.83";"7.56";"0.72";"0.0";"";"0";"0.0";"0.0";"0.0";"0.0";"0.0";"0.0";"0.0";"0.0";"0.0";"0.0";"0.0";"0.0";"0.0";"0.0";"0.0";"0.0"
"Strategy 3.3.566";"";"0.75";"NDXm_TICK_UTCPlus02";"M15";"1025.05";"";"1577";"1.11";"0.85";"0.04";"25.63";"0.85";"0.0";"284.88";"1.43";"3.6";"0.69";"11.54";"14.92";"15.1";"16.13";"15.52";"5.33";"0.75";"0.0";"";"0";"0.0";"0.0";"0.0";"0.0";"0.0";"0.0";"0.0";"0.0";"0.0";"0.0";"0.0";"0.0";"0.0";"0.0";"0.0";"0.0"
"Strategy 2.2.321";"";"0.77";"NDXm_TICK_UTCPlus02";"M15";"679.64";"";"467";"1.19";"0.82";"0.1";"16.99";"0.8";"0.0";"168.38";"0.83";"4.04";"0.91";"20.44";"14.33";"16.61";"11.3";"13.71";"2.39";"0.77";"0.0";"";"0";"0.0";"0.0";"0.0";"0.0";"0.0";"0.0";"0.0";"0.0";"0.0";"0.0";"0.0";"0.0";"0.0";"0.0";"0.0";"0.0"
"Strategy 2.2.302";"";"0.8";"NDXm_TICK_UTCPlus02";"M15";"1111.76";"";"750";"1.17";"0.94";"0.1";"27.79";"0.71";"0.0";"226.01";"0.77";"4.92";"1.56";"22.87";"15.05";"36.89";"28.38";"32.09";"8.89";"0.8";"0.0";"";"0";"0.0";"0.0";"0.0";"0.0";"0.0";"0.0";"0.0";"0.0";"0.0";"0.0";"0.0";"0.0";"0.0";"0.0";"0.0";"0.0"
"Strategy 3.3.561";"";"0.74";"NDXm_TICK_UTCPlus02";"M15";"2160.51";"";"2242";"1.12";"1.15";"0.06";"54.01";"0.8";"0.0";"648.97";"0.88";"3.33";"1.21";"18.94";"14.85";"20.92";"16.46";"18.55";"11.83";"0.74";"0.0";"";"0";"0.0";"0.0";"0.0";"0.0";"0.0";"0.0";"0.0";"0.0";"0.0";"0.0";"0.0";"0.0";"0.0";"0.0";"0.0";"0.0"
"Strategy 2.2.331";"";"0.79";"NDXm_TICK_UTCPlus02";"M15";"1027.47";"";"780";"1.18";"0.97";"0.09";"25.69";"0.73";"0.0";"215.44";"0.97";"4.77";"1.13";"17.82";"14.69";"20.15";"16.54";"18.32";"7.11";"0.79";"0.0";"";"0";"0.0";"0.0";"0.0";"0.0";"0.0";"0.0";"0.0";"0.0";"0.0";"0.0";"0.0";"0.0";"0.0";"0.0";"0.0";"0.0"
"Strategy 3.3.569";"";"0.8";"NDXm_TICK_UTCPlus02";"M15";"2269.32";"";"2444";"1.11";"1.1";"0.06";"56.73";"0.84";"0.0";"443.27";"0.79";"5.12";"1.04";"20.91";"14.79";"19.09";"14.12";"16.31";"10.5";"0.8";"0.0";"";"0";"0.0";"0.0";"0.0";"0.0";"0.0";"0.0";"0.0";"0.0";"0.0";"0.0";"0.0";"0.0";"0.0";"0.0";"0.0";"0.0"
"Strategy 3.3.496";"";"0.74";"NDXm_TICK_UTCPlus02";"M15";"2087.55";"";"2295";"1.11";"1.08";"0.06";"52.19";"0.79";"0.0";"614.41";"0.82";"3.4";"1.16";"20.54";"15.1";"38.68";"27.16";"32.33";"25.94";"0.74";"0.0";"";"0";"0.0";"0.0";"0.0";"0.0";"0.0";"0.0";"0.0";"0.0";"0.0";"0.0";"0.0";"0.0";"0.0";"0.0";"0.0";"0.0"
"Strategy 2.2.328";"";"0.78";"NDXm_TICK_UTCPlus02";"M15";"1056.07";"";"1107";"1.16";"1.07";"0.06";"26.4";"0.81";"0.0";"242.7";"1.47";"4.35";"0.93";"11.8";"14.94";"22.39";"22.38";"22.39";"2.72";"0.78";"0.0";"";"0";"0.0";"0.0";"0.0";"0.0";"0.0";"0.0";"0.0";"0.0";"0.0";"0.0";"0.0";"0.0";"0.0";"0.0";"0.0";"0.0"
"Strategy 2.2.297";"";"0.76";"NDXm_TICK_UTCPlus02";"M15";"1594.76";"";"1554";"1.11";"0.91";"0.07";"39.87";"0.81";"0.0";"427.14";"0.65";"3.73";"1.23";"25.75";"14.99";"38.98";"28.48";"32.61";"8.61";"0.76";"0.0";"";"0";"0.0";"0.0";"0.0";"0.0";"0.0";"0.0";"0.0";"0.0";"0.0";"0.0";"0.0";"0.0";"0.0";"0.0";"0.0";"0.0"
"Strategy 2.2.341";"";"0.83";"NDXm_TICK_UTCPlus02";"M15";"1524.38";"";"1253";"1.18";"1.23";"0.08";"38.11";"0.77";"0.0";"238.35";"1.18";"6.4";"1.23";"14.97";"15.0";"26.72";"26.23";"26.5";"11.67";"0.83";"0.0";"";"0";"0.0";"0.0";"0.0";"0.0";"0.0";"0.0";"0.0";"0.0";"0.0";"0.0";"0.0";"0.0";"0.0";"0.0";"0.0";"0.0"
"Strategy 2.2.364";"";"0.75";"NDXm_TICK_UTCPlus02";"M15";"809.59";"";"876";"1.14";"0.83";"0.06";"20.24";"0.77";"0.0";"227.14";"1.32";"3.56";"0.95";"12.89";"14.84";"17.82";"18.06";"17.92";"3.17";"0.75";"0.0";"";"0";"0.0";"0.0";"0.0";"0.0";"0.0";"0.0";"0.0";"0.0";"0.0";"0.0";"0.0";"0.0";"0.0";"0.0";"0.0";"0.0"
"Strategy 2.2.342";"";"0.79";"NDXm_TICK_UTCPlus02";"M15";"2893.43";"";"3352";"1.11";"1.3";"0.06";"72.34";"0.81";"0.0";"602.07";"0.83";"4.81";"1.52";"19.24";"14.38";"12.97";"9.31";"10.97";"9.83";"0.79";"0.0";"";"0";"0.0";"0.0";"0.0";"0.0";"0.0";"0.0";"0.0";"0.0";"0.0";"0.0";"0.0";"0.0";"0.0";"0.0";"0.0";"0.0"
"Strategy 2.2.418";"";"0.64";"NDXm_TICK_UTCPlus02";"M15";"572.04";"";"592";"1.12";"0.61";"0.06";"14.3";"0.76";"0.0";"298.14";"0.9";"1.92";"0.53";"18.5";"14.88";"23.25";"17.12";"20.03";"0.39";"0.64";"0.0";"";"0";"0.0";"0.0";"0.0";"0.0";"0.0";"0.0";"0.0";"0.0";"0.0";"0.0";"0.0";"0.0";"0.0";"0.0";"0.0";"0.0"
"Strategy 2.2.419";"";"0.76";"NDXm_TICK_UTCPlus02";"M15";"836.16";"";"688";"1.14";"0.74";"0.08";"20.9";"0.88";"0.0";"221.69";"0.76";"3.77";"0.86";"22.57";"15.0";"30.99";"21.31";"25.49";"6.44";"0.76";"0.0";"";"0";"0.0";"0.0";"0.0";"0.0";"0.0";"0.0";"0.0";"0.0";"0.0";"0.0";"0.0";"0.0";"0.0";"0.0";"0.0";"0.0"
"Strategy 2.2.436";"";"0.66";"NDXm_TICK_UTCPlus02";"M15";"689.85";"";"697";"1.12";"0.68";"0.07";"17.25";"0.58";"0.0";"326.49";"0.85";"2.11";"0.76";"19.57";"14.78";"21.58";"14.32";"17.65";"2.72";"0.66";"0.0";"";"0";"0.0";"0.0";"0.0";"0.0";"0.0";"0.0";"0.0";"0.0";"0.0";"0.0";"0.0";"0.0";"0.0";"0.0";"0.0";"0.0"
"Strategy 2.2.384";"";"0.75";"NDXm_TICK_UTCPlus02";"M15";"1623.64";"";"1713";"1.11";"0.95";"0.06";"40.6";"0.78";"0.0";"443.78";"0.77";"3.66";"1.46";"21.64";"14.98";"31.63";"22.1";"26.25";"14.94";"0.75";"0.0";"";"0";"0.0";"0.0";"0.0";"0.0";"0.0";"0.0";"0.0";"0.0";"0.0";"0.0";"0.0";"0.0";"0.0";"0.0";"0.0";"0.0"
"Strategy 2.2.389";"";"0.82";"NDXm_TICK_UTCPlus02";"M15";"2252.96";"";"1772";"1.14";"1.14";"0.09";"56.32";"0.86";"0.0";"389.54";"0.63";"5.78";"1.38";"26.82";"14.83";"31.79";"19.56";"24.29";"15.44";"0.82";"0.0";"";"0";"0.0";"0.0";"0.0";"0.0";"0.0";"0.0";"0.0";"0.0";"0.0";"0.0";"0.0";"0.0";"0.0";"0.0";"0.0";"0.0"
"Strategy 2.2.367";"";"0.73";"NDXm_TICK_UTCPlus02";"M15";"2319.16";"";"2097";"1.12";"1.12";"0.07";"57.98";"0.77";"0.0";"709.84";"0.69";"3.27";"1.15";"24.58";"15.08";"32.93";"23.09";"27.11";"17.78";"0.73";"0.0";"";"0";"0.0";"0.0";"0.0";"0.0";"0.0";"0.0";"0.0";"0.0";"0.0";"0.0";"0.0";"0.0";"0.0";"0.0";"0.0";"0.0"
"Strategy 2.2.472";"";"0.76";"NDXm_TICK_UTCPlus02";"M15";"786.85";"";"608";"1.17";"0.85";"0.09";"19.67";"0.84";"0.0";"200.12";"0.94";"3.93";"0.98";"18.49";"14.91";"25.53";"20.19";"22.78";"2.06";"0.76";"0.0";"";"0";"0.0";"0.0";"0.0";"0.0";"0.0";"0.0";"0.0";"0.0";"0.0";"0.0";"0.0";"0.0";"0.0";"0.0";"0.0";"0.0"
"Strategy 2.2.375";"";"0.84";"NDXm_TICK_UTCPlus02";"M15";"2736.04";"";"2477";"1.13";"1.28";"0.07";"68.4";"0.84";"0.0";"415.87";"0.75";"6.58";"1.3";"22.75";"15.12";"27.79";"21.05";"23.94";"19.22";"0.84";"0.0";"";"0";"0.0";"0.0";"0.0";"0.0";"0.0";"0.0";"0.0";"0.0";"0.0";"0.0";"0.0";"0.0";"0.0";"0.0";"0.0";"0.0"
"Strategy 2.2.442";"";"0.83";"NDXm_TICK_UTCPlus02";"M15";"1474.48";"";"1284";"1.14";"1.02";"0.08";"36.86";"0.81";"0.0";"235.48";"0.83";"6.26";"1.43";"20.65";"15.12";"37.46";"25.72";"31.06";"14.61";"0.83";"0.0";"";"0";"0.0";"0.0";"0.0";"0.0";"0.0";"0.0";"0.0";"0.0";"0.0";"0.0";"0.0";"0.0";"0.0";"0.0";"0.0";"0.0"
"Strategy 2.2.513";"";"0.83";"NDXm_TICK_UTCPlus02";"M15";"1277.57";"";"536";"1.29";"1.23";"0.18";"31.94";"0.75";"0.0";"197.56";"0.61";"6.47";"2.2";"27.53";"13.07";"14.12";"8.79";"10.82";"0.72";"0.83";"0.0";"";"0";"0.0";"0.0";"0.0";"0.0";"0.0";"0.0";"0.0";"0.0";"0.0";"0.0";"0.0";"0.0";"0.0";"0.0";"0.0";"0.0"
"Strategy 2.2.493";"";"0.8";"NDXm_TICK_UTCPlus02";"M15";"1570.57";"";"1856";"1.11";"1.0";"0.06";"39.27";"0.82";"0.0";"308.44";"0.9";"5.09";"1.37";"18.11";"14.72";"13.16";"10.8";"11.92";"4.39";"0.8";"0.0";"";"0";"0.0";"0.0";"0.0";"0.0";"0.0";"0.0";"0.0";"0.0";"0.0";"0.0";"0.0";"0.0";"0.0";"0.0";"0.0";"0.0"
"Strategy 2.2.487";"";"0.72";"NDXm_TICK_UTCPlus02";"M15";"1405.15";"";"1437";"1.13";"0.99";"0.07";"35.12";"0.61";"0.0";"475.86";"0.88";"2.95";"1.33";"18.73";"14.62";"19.11";"15.64";"17.26";"0.72";"0.72";"0.0";"";"0";"0.0";"0.0";"0.0";"0.0";"0.0";"0.0";"0.0";"0.0";"0.0";"0.0";"0.0";"0.0";"0.0";"0.0";"0.0";"0.0"
"Strategy 2.2.452";"";"0.86";"NDXm_TICK_UTCPlus02";"M15";"1833.95";"";"1528";"1.16";"1.27";"0.08";"45.85";"0.79";"0.0";"224.81";"0.97";"8.16";"2.17";"17.84";"14.92";"28.47";"24.64";"26.52";"5.5";"0.86";"0.0";"";"0";"0.0";"0.0";"0.0";"0.0";"0.0";"0.0";"0.0";"0.0";"0.0";"0.0";"0.0";"0.0";"0.0";"0.0";"0.0";"0.0"
"Strategy 2.2.424";"";"0.75";"NDXm_TICK_UTCPlus02";"M15";"2538.45";"";"2678";"1.11";"1.11";"0.06";"63.47";"0.83";"0.0";"725.01";"0.67";"3.5";"1.22";"24.78";"14.96";"24.38";"17.43";"20.21";"15.44";"0.75";"0.0";"";"0";"0.0";"0.0";"0.0";"0.0";"0.0";"0.0";"0.0";"0.0";"0.0";"0.0";"0.0";"0.0";"0.0";"0.0";"0.0";"0.0"
"Strategy 2.2.522";"";"0.84";"NDXm_TICK_UTCPlus02";"M15";"1382.89";"";"697";"1.24";"1.26";"0.13";"34.57";"0.8";"0.0";"208.06";"0.77";"6.65";"1.78";"23.66";"14.78";"19.68";"14.94";"17.01";"2.44";"0.84";"0.0";"";"0";"0.0";"0.0";"0.0";"0.0";"0.0";"0.0";"0.0";"0.0";"0.0";"0.0";"0.0";"0.0";"0.0";"0.0";"0.0";"0.0"
"Strategy 2.2.481";"";"0.85";"NDXm_TICK_UTCPlus02";"M15";"2119.15";"";"1565";"1.16";"1.22";"0.09";"52.98";"0.78";"0.0";"289.89";"0.68";"7.31";"1.69";"24.9";"14.55";"24.73";"18.51";"21.02";"4.89";"0.85";"0.0";"";"0";"0.0";"0.0";"0.0";"0.0";"0.0";"0.0";"0.0";"0.0";"0.0";"0.0";"0.0";"0.0";"0.0";"0.0";"0.0";"0.0"
"Strategy 2.2.530";"";"0.71";"NDXm_TICK_UTCPlus02";"M15";"1194.98";"";"1646";"1.12";"0.91";"0.05";"29.87";"0.76";"0.0";"425.4";"1.32";"2.81";"0.71";"12.27";"14.53";"11.2";"12.35";"11.7";"9.11";"0.71";"0.0";"";"0";"0.0";"0.0";"0.0";"0.0";"0.0";"0.0";"0.0";"0.0";"0.0";"0.0";"0.0";"0.0";"0.0";"0.0";"0.0";"0.0"
"Strategy 2.2.545";"";"0.71";"NDXm_TICK_UTCPlus02";"M15";"882.61";"";"800";"1.14";"0.82";"0.07";"22.07";"0.63";"0.0";"305.13";"0.86";"2.89";"0.79";"19.48";"14.79";"20.82";"14.15";"17.24";"2.89";"0.71";"0.0";"";"0";"0.0";"0.0";"0.0";"0.0";"0.0";"0.0";"0.0";"0.0";"0.0";"0.0";"0.0";"0.0";"0.0";"0.0";"0.0";"0.0"
"Strategy 2.2.550";"";"0.77";"NDXm_TICK_UTCPlus02";"M15";"1552.24";"";"1303";"1.14";"1.04";"0.08";"38.81";"0.87";"0.0";"373.77";"0.77";"4.15";"1.69";"21.8";"14.69";"13.78";"9.51";"11.37";"1.39";"0.77";"0.0";"";"0";"0.0";"0.0";"0.0";"0.0";"0.0";"0.0";"0.0";"0.0";"0.0";"0.0";"0.0";"0.0";"0.0";"0.0";"0.0";"0.0"
"Strategy 2.2.542";"";"0.72";"NDXm_TICK_UTCPlus02";"M15";"963.65";"";"809";"1.14";"0.78";"0.08";"24.09";"0.72";"0.0";"322.54";"0.72";"2.99";"0.69";"23.47";"14.96";"36.34";"27.14";"31.01";"9.72";"0.72";"0.0";"";"0";"0.0";"0.0";"0.0";"0.0";"0.0";"0.0";"0.0";"0.0";"0.0";"0.0";"0.0";"0.0";"0.0";"0.0";"0.0";"0.0"
"Strategy 2.2.563";"";"0.73";"NDXm_TICK_UTCPlus02";"M15";"825.14";"";"886";"1.14";"0.84";"0.06";"20.63";"0.79";"0.0";"258.52";"1.16";"3.19";"0.98";"14.27";"14.48";"13.07";"10.59";"11.92";"2.44";"0.73";"0.0";"";"0";"0.0";"0.0";"0.0";"0.0";"0.0";"0.0";"0.0";"0.0";"0.0";"0.0";"0.0";"0.0";"0.0";"0.0";"0.0";"0.0"
"Strategy 2.2.552";"";"0.76";"NDXm_TICK_UTCPlus02";"M15";"833.32";"";"692";"1.15";"0.83";"0.08";"20.83";"0.78";"0.0";"215.99";"0.89";"3.86";"1.17";"19.24";"14.77";"39.18";"33.25";"36.04";"2.11";"0.76";"0.0";"";"0";"0.0";"0.0";"0.0";"0.0";"0.0";"0.0";"0.0";"0.0";"0.0";"0.0";"0.0";"0.0";"0.0";"0.0";"0.0";"0.0"
"Strategy 2.2.495";"";"0.75";"NDXm_TICK_UTCPlus02";"M15";"2909.88";"";"3099";"1.12";"1.45";"0.06";"72.75";"0.81";"0.0";"808.37";"0.96";"3.6";"1.85";"17.33";"14.86";"16.61";"13.67";"15.11";"12.39";"0.75";"0.0";"";"0";"0.0";"0.0";"0.0";"0.0";"0.0";"0.0";"0.0";"0.0";"0.0";"0.0";"0.0";"0.0";"0.0";"0.0";"0.0";"0.0"
"Strategy 4.2.341";"";"0.81";"NDXm_TICK_UTCPlus02";"M15";"1149.58";"";"499";"1.31";"1.3";"0.16";"28.74";"0.88";"0.0";"217.45";"1.02";"5.29";"1.08";"19.13";"14.86";"25.68";"21.7";"23.71";"1.44";"0.81";"0.0";"";"0";"0.0";"0.0";"0.0";"0.0";"0.0";"0.0";"0.0";"0.0";"0.0";"0.0";"0.0";"0.0";"0.0";"0.0";"0.0";"0.0"
"Strategy 4.2.307";"";"0.69";"NDXm_TICK_UTCPlus02";"M15";"1010.37";"";"1107";"1.11";"0.78";"0.06";"25.26";"0.64";"0.0";"401.38";"0.81";"2.52";"1.01";"19.88";"14.54";"20.67";"16.99";"18.64";"3.94";"0.69";"0.0";"";"0";"0.0";"0.0";"0.0";"0.0";"0.0";"0.0";"0.0";"0.0";"0.0";"0.0";"0.0";"0.0";"0.0";"0.0";"0.0";"0.0"
"Strategy 4.2.320";"";"0.73";"NDXm_TICK_UTCPlus02";"M15";"957.41";"";"835";"1.16";"0.93";"0.08";"23.94";"0.87";"0.0";"298.82";"1.06";"3.2";"0.65";"16.4";"15.04";"24.28";"22.55";"23.44";"2.44";"0.73";"0.0";"";"0";"0.0";"0.0";"0.0";"0.0";"0.0";"0.0";"0.0";"0.0";"0.0";"0.0";"0.0";"0.0";"0.0";"0.0";"0.0";"0.0"
"Strategy 4.2.304";"";"0.8";"NDXm_TICK_UTCPlus02";"M15";"2525.86";"";"1820";"1.16";"1.32";"0.09";"63.14";"0.92";"0.0";"493.64";"0.68";"5.12";"1.99";"25.14";"14.85";"22.0";"14.15";"17.34";"9.78";"0.8";"0.0";"";"0";"0.0";"0.0";"0.0";"0.0";"0.0";"0.0";"0.0";"0.0";"0.0";"0.0";"0.0";"0.0";"0.0";"0.0";"0.0";"0.0"
"Strategy 4.2.329";"";"0.77";"NDXm_TICK_UTCPlus02";"M15";"895.34";"";"544";"1.19";"0.85";"0.11";"22.39";"0.74";"0.0";"223.25";"0.72";"4.01";"1.34";"24.97";"15.18";"43.68";"35.36";"38.85";"4.56";"0.77";"0.0";"";"0";"0.0";"0.0";"0.0";"0.0";"0.0";"0.0";"0.0";"0.0";"0.0";"0.0";"0.0";"0.0";"0.0";"0.0";"0.0";"0.0"
"Strategy 4.2.384";"";"0.77";"NDXm_TICK_UTCPlus02";"M15";"1270.97";"";"1209";"1.13";"0.96";"0.07";"31.78";"0.83";"0.0";"311.26";"0.9";"4.08";"0.85";"18.71";"14.81";"16.62";"11.85";"14.11";"3.06";"0.77";"0.0";"";"0";"0.0";"0.0";"0.0";"0.0";"0.0";"0.0";"0.0";"0.0";"0.0";"0.0";"0.0";"0.0";"0.0";"0.0";"0.0";"0.0"
"Strategy 4.2.407";"";"0.77";"NDXm_TICK_UTCPlus02";"M15";"1227.59";"";"1282";"1.12";"0.87";"0.06";"30.69";"0.82";"0.0";"309.05";"0.86";"3.97";"0.82";"19.37";"14.89";"21.28";"16.08";"18.49";"5.72";"0.77";"0.0";"";"0";"0.0";"0.0";"0.0";"0.0";"0.0";"0.0";"0.0";"0.0";"0.0";"0.0";"0.0";"0.0";"0.0";"0.0";"0.0";"0.0"
"Strategy 4.2.411";"";"0.81";"NDXm_TICK_UTCPlus02";"M15";"1863.97";"";"1647";"1.14";"1.09";"0.08";"46.6";"0.83";"0.0";"343.21";"0.76";"5.43";"1.04";"21.83";"14.51";"14.42";"9.96";"11.88";"3.56";"0.81";"0.0";"";"0";"0.0";"0.0";"0.0";"0.0";"0.0";"0.0";"0.0";"0.0";"0.0";"0.0";"0.0";"0.0";"0.0";"0.0";"0.0";"0.0"
"Strategy 4.2.416";"";"0.76";"NDXm_TICK_UTCPlus02";"M15";"2162.48";"";"1779";"1.13";"1.1";"0.08";"54.06";"0.88";"0.0";"562.36";"0.63";"3.85";"1.38";"26.7";"14.9";"24.6";"15.43";"18.98";"10.72";"0.76";"0.0";"";"0";"0.0";"0.0";"0.0";"0.0";"0.0";"0.0";"0.0";"0.0";"0.0";"0.0";"0.0";"0.0";"0.0";"0.0";"0.0";"0.0"
"Strategy 4.2.437";"";"0.8";"NDXm_TICK_UTCPlus02";"M15";"2259.68";"";"1902";"1.14";"1.24";"0.08";"56.49";"0.89";"0.0";"449.86";"0.78";"5.02";"1.85";"21.6";"14.82";"18.4";"12.37";"15.02";"8.61";"0.8";"0.0";"";"0";"0.0";"0.0";"0.0";"0.0";"0.0";"0.0";"0.0";"0.0";"0.0";"0.0";"0.0";"0.0";"0.0";"0.0";"0.0";"0.0"
"Strategy 4.2.496";"";"0.77";"NDXm_TICK_UTCPlus02";"M15";"1357.62";"";"993";"1.17";"1.07";"0.09";"33.94";"0.7";"0.0";"338.2";"0.84";"4.01";"1.48";"20.17";"14.47";"20.12";"16.69";"18.25";"1.11";"0.77";"0.0";"";"0";"0.0";"0.0";"0.0";"0.0";"0.0";"0.0";"0.0";"0.0";"0.0";"0.0";"0.0";"0.0";"0.0";"0.0";"0.0";"0.0"
"Strategy 4.2.497";"";"0.81";"NDXm_TICK_UTCPlus02";"M15";"1400.12";"";"1425";"1.12";"0.91";"0.07";"35.0";"0.9";"0.0";"257.37";"0.75";"5.44";"1.17";"21.93";"14.74";"21.81";"12.75";"16.63";"4.61";"0.81";"0.0";"";"0";"0.0";"0.0";"0.0";"0.0";"0.0";"0.0";"0.0";"0.0";"0.0";"0.0";"0.0";"0.0";"0.0";"0.0";"0.0";"0.0"
"Strategy 4.2.393";"";"0.85";"NDXm_TICK_UTCPlus02";"M15";"3409.13";"";"3437";"1.13";"1.52";"0.07";"85.22";"0.83";"0.0";"468.78";"0.93";"7.27";"1.34";"18.16";"14.91";"20.06";"16.52";"18.22";"18.61";"0.85";"0.0";"";"0";"0.0";"0.0";"0.0";"0.0";"0.0";"0.0";"0.0";"0.0";"0.0";"0.0";"0.0";"0.0";"0.0";"0.0";"0.0";"0.0"
"Strategy 4.2.515";"";"0.74";"NDXm_TICK_UTCPlus02";"M15";"1187.82";"";"1363";"1.12";"0.94";"0.06";"29.7";"0.73";"0.0";"357.82";"0.91";"3.32";"1.32";"17.08";"13.82";"12.23";"9.28";"10.68";"2.89";"0.74";"0.0";"";"0";"0.0";"0.0";"0.0";"0.0";"0.0";"0.0";"0.0";"0.0";"0.0";"0.0";"0.0";"0.0";"0.0";"0.0";"0.0";"0.0"
"Strategy 4.2.534";"";"0.76";"NDXm_TICK_UTCPlus02";"M15";"1208.35";"";"904";"1.2";"1.16";"0.09";"30.21";"0.82";"0.0";"312.59";"1.25";"3.87";"1.37";"14.16";"14.68";"14.68";"14.09";"14.42";"5.0";"0.76";"0.0";"";"0";"0.0";"0.0";"0.0";"0.0";"0.0";"0.0";"0.0";"0.0";"0.0";"0.0";"0.0";"0.0";"0.0";"0.0";"0.0";"0.0"
"Strategy 4.2.562";"";"0.72";"NDXm_TICK_UTCPlus02";"M15";"724.4";"";"616";"1.15";"0.72";"0.08";"18.11";"0.59";"0.0";"247.44";"0.81";"2.93";"1.16";"20.6";"14.49";"22.41";"19.04";"20.55";"0.89";"0.72";"0.0";"";"0";"0.0";"0.0";"0.0";"0.0";"0.0";"0.0";"0.0";"0.0";"0.0";"0.0";"0.0";"0.0";"0.0";"0.0";"0.0";"0.0"
"Strategy 4.2.569";"";"0.74";"NDXm_TICK_UTCPlus02";"M15";"1457.96";"";"1459";"1.12";"0.94";"0.07";"36.44";"0.76";"0.0";"435.16";"0.74";"3.35";"1.08";"22.06";"14.61";"22.09";"15.08";"18.07";"0.83";"0.74";"0.0";"";"0";"0.0";"0.0";"0.0";"0.0";"0.0";"0.0";"0.0";"0.0";"0.0";"0.0";"0.0";"0.0";"0.0";"0.0";"0.0";"0.0"
"Strategy 4.2.553";"";"0.77";"NDXm_TICK_UTCPlus02";"M15";"2147.3";"";"2606";"1.11";"1.18";"0.05";"53.68";"0.83";"0.0";"529.19";"1.03";"4.06";"1.28";"16.21";"15.0";"20.59";"17.88";"19.25";"14.06";"0.77";"0.0";"";"0";"0.0";"0.0";"0.0";"0.0";"0.0";"0.0";"0.0";"0.0";"0.0";"0.0";"0.0";"0.0";"0.0";"0.0";"0.0";"0.0"
"Strategy 4.2.557";"";"0.84";"NDXm_TICK_UTCPlus02";"M15";"2116.99";"";"2172";"1.12";"1.11";"0.06";"52.93";"0.83";"0.0";"319.9";"0.82";"6.62";"1.34";"20.6";"15.07";"29.53";"21.12";"24.9";"17.67";"0.84";"0.0";"";"0";"0.0";"0.0";"0.0";"0.0";"0.0";"0.0";"0.0";"0.0";"0.0";"0.0";"0.0";"0.0";"0.0";"0.0";"0.0";"0.0"
"Strategy 1.4.298";"";"0.89";"NDXm_TICK_UTCPlus02";"M15";"1241.8";"";"413";"1.49";"1.75";"0.2";"31.05";"0.76";"0.0";"117.64";"1.53";"10.56";"2.36";"15.01";"15.4";"27.39";"26.14";"26.9";"4.72";"0.89";"0.0";"";"0";"0.0";"0.0";"0.0";"0.0";"0.0";"0.0";"0.0";"0.0";"0.0";"0.0";"0.0";"0.0";"0.0";"0.0";"0.0";"0.0"
"Strategy 1.4.301";"";"0.69";"NDXm_TICK_UTCPlus02";"M15";"769.93";"";"677";"1.17";"0.9";"0.08";"19.25";"0.65";"0.0";"300.34";"1.19";"2.56";"1.05";"14.32";"14.57";"11.88";"10.04";"11.04";"1.06";"0.69";"0.0";"";"0";"0.0";"0.0";"0.0";"0.0";"0.0";"0.0";"0.0";"0.0";"0.0";"0.0";"0.0";"0.0";"0.0";"0.0";"0.0";"0.0"
"Strategy 1.4.303";"";"0.72";"NDXm_TICK_UTCPlus02";"M15";"974.45";"";"1090";"1.11";"0.74";"0.06";"24.36";"0.86";"0.0";"320.86";"0.77";"3.04";"0.92";"21.15";"14.75";"21.78";"15.36";"18.16";"5.17";"0.72";"0.0";"";"0";"0.0";"0.0";"0.0";"0.0";"0.0";"0.0";"0.0";"0.0";"0.0";"0.0";"0.0";"0.0";"0.0";"0.0";"0.0";"0.0"
"Strategy 1.4.330";"";"0.83";"NDXm_TICK_UTCPlus02";"M15";"1103.1";"";"710";"1.26";"1.35";"0.1";"27.58";"0.87";"0.0";"171.95";"1.52";"6.42";"2.2";"12.39";"14.89";"10.49";"10.66";"10.56";"1.22";"0.83";"0.0";"";"0";"0.0";"0.0";"0.0";"0.0";"0.0";"0.0";"0.0";"0.0";"0.0";"0.0";"0.0";"0.0";"0.0";"0.0";"0.0";"0.0"
"Strategy 1.4.297";"";"0.76";"NDXm_TICK_UTCPlus02";"M15";"1067.7";"";"1218";"1.11";"0.83";"0.06";"26.69";"0.78";"0.0";"272.54";"0.94";"3.92";"1.01";"17.74";"14.91";"17.33";"15.08";"16.17";"2.89";"0.76";"0.0";"";"0";"0.0";"0.0";"0.0";"0.0";"0.0";"0.0";"0.0";"0.0";"0.0";"0.0";"0.0";"0.0";"0.0";"0.0";"0.0";"0.0"
"Strategy 1.4.356";"";"0.83";"NDXm_TICK_UTCPlus02";"M15";"965.74";"";"583";"1.28";"1.45";"0.11";"24.14";"0.76";"0.0";"160.87";"1.52";"6.0";"1.44";"12.42";"14.75";"11.37";"11.69";"11.5";"0.89";"0.83";"0.0";"";"0";"0.0";"0.0";"0.0";"0.0";"0.0";"0.0";"0.0";"0.0";"0.0";"0.0";"0.0";"0.0";"0.0";"0.0";"0.0";"0.0"
"Strategy 1.4.318";"";"0.84";"NDXm_TICK_UTCPlus02";"M15";"2293.63";"";"2488";"1.11";"1.07";"0.06";"57.34";"0.87";"0.0";"328.85";"0.7";"6.97";"1.65";"23.19";"14.66";"16.65";"11.22";"13.45";"9.11";"0.84";"0.0";"";"0";"0.0";"0.0";"0.0";"0.0";"0.0";"0.0";"0.0";"0.0";"0.0";"0.0";"0.0";"0.0";"0.0";"0.0";"0.0";"0.0"
"Strategy 1.4.347";"";"0.9";"NDXm_TICK_UTCPlus02";"M15";"3071.86";"";"2331";"1.16";"1.56";"0.1";"76.8";"0.76";"0.0";"253.06";"0.66";"12.14";"3.25";"23.86";"13.56";"15.89";"10.09";"12.4";"3.67";"0.9";"0.0";"";"0";"0.0";"0.0";"0.0";"0.0";"0.0";"0.0";"0.0";"0.0";"0.0";"0.0";"0.0";"0.0";"0.0";"0.0";"0.0";"0.0"
"Strategy 1.4.381";"";"0.65";"NDXm_TICK_UTCPlus02";"M15";"436.46";"";"576";"1.11";"0.54";"0.05";"10.91";"0.73";"0.0";"214.47";"1.13";"2.04";"0.64";"14.66";"14.89";"15.75";"14.93";"15.37";"1.28";"0.65";"0.0";"";"0";"0.0";"0.0";"0.0";"0.0";"0.0";"0.0";"0.0";"0.0";"0.0";"0.0";"0.0";"0.0";"0.0";"0.0";"0.0";"0.0"
"Strategy 1.4.316";"";"0.78";"NDXm_TICK_UTCPlus02";"M15";"2647.18";"";"3063";"1.12";"1.4";"0.06";"66.18";"0.81";"0.0";"587.6";"1.11";"4.51";"1.72";"15.05";"14.83";"16.1";"13.68";"14.95";"12.89";"0.78";"0.0";"";"0";"0.0";"0.0";"0.0";"0.0";"0.0";"0.0";"0.0";"0.0";"0.0";"0.0";"0.0";"0.0";"0.0";"0.0";"0.0";"0.0"
"Strategy 1.4.319";"";"0.86";"NDXm_TICK_UTCPlus02";"M15";"3198.16";"";"3331";"1.12";"1.39";"0.06";"79.95";"0.85";"0.0";"414.12";"0.84";"7.72";"1.56";"19.98";"14.99";"20.98";"15.86";"18.19";"16.94";"0.86";"0.0";"";"0";"0.0";"0.0";"0.0";"0.0";"0.0";"0.0";"0.0";"0.0";"0.0";"0.0";"0.0";"0.0";"0.0";"0.0";"0.0";"0.0"
"Strategy 1.4.421";"";"0.7";"NDXm_TICK_UTCPlus02";"M15";"401.43";"";"379";"1.17";"0.67";"0.07";"10.04";"0.75";"0.0";"146.92";"1.35";"2.73";"0.84";"12.61";"14.58";"11.44";"10.36";"10.98";"0.56";"0.7";"0.0";"";"0";"0.0";"0.0";"0.0";"0.0";"0.0";"0.0";"0.0";"0.0";"0.0";"0.0";"0.0";"0.0";"0.0";"0.0";"0.0";"0.0"
"Strategy 1.4.418";"";"0.73";"NDXm_TICK_UTCPlus02";"M15";"971.04";"";"1032";"1.12";"0.82";"0.07";"24.28";"0.82";"0.0";"302.83";"0.87";"3.21";"1.35";"18.57";"14.33";"12.17";"9.22";"10.59";"2.44";"0.73";"0.0";"";"0";"0.0";"0.0";"0.0";"0.0";"0.0";"0.0";"0.0";"0.0";"0.0";"0.0";"0.0";"0.0";"0.0";"0.0";"0.0";"0.0"
"Strategy 1.4.430";"";"0.78";"NDXm_TICK_UTCPlus02";"M15";"720.7";"";"386";"1.21";"0.73";"0.13";"18.02";"0.84";"0.0";"161.72";"0.64";"4.46";"1.26";"27.47";"14.4";"20.56";"13.22";"16.07";"3.72";"0.78";"0.0";"";"0";"0.0";"0.0";"0.0";"0.0";"0.0";"0.0";"0.0";"0.0";"0.0";"0.0";"0.0";"0.0";"0.0";"0.0";"0.0";"0.0"
"Strategy 1.4.448";"";"0.86";"NDXm_TICK_UTCPlus02";"M15";"1175.7";"";"434";"1.36";"1.33";"0.2";"29.39";"0.81";"0.0";"141.18";"0.8";"8.33";"2.41";"22.93";"13.48";"13.62";"8.41";"10.73";"1.83";"0.86";"0.0";"";"0";"0.0";"0.0";"0.0";"0.0";"0.0";"0.0";"0.0";"0.0";"0.0";"0.0";"0.0";"0.0";"0.0";"0.0";"0.0";"0.0"
"Strategy 1.4.433";"";"0.79";"NDXm_TICK_UTCPlus02";"M15";"923.3";"";"661";"1.22";"1.08";"0.09";"23.08";"0.79";"0.0";"201.68";"1.37";"4.58";"1.0";"13.47";"15.13";"23.01";"21.9";"22.54";"6.44";"0.79";"0.0";"";"0";"0.0";"0.0";"0.0";"0.0";"0.0";"0.0";"0.0";"0.0";"0.0";"0.0";"0.0";"0.0";"0.0";"0.0";"0.0";"0.0"
"Strategy 1.4.436";"";"0.71";"NDXm_TICK_UTCPlus02";"M15";"1114.56";"";"1371";"1.11";"0.84";"0.06";"27.86";"0.55";"0.0";"385.13";"0.84";"2.89";"1.34";"18.61";"14.19";"15.06";"11.78";"13.28";"1.61";"0.71";"0.0";"";"0";"0.0";"0.0";"0.0";"0.0";"0.0";"0.0";"0.0";"0.0";"0.0";"0.0";"0.0";"0.0";"0.0";"0.0";"0.0";"0.0"
"Strategy 1.4.424";"";"0.69";"NDXm_TICK_UTCPlus02";"M15";"730.3";"";"917";"1.11";"0.7";"0.05";"18.26";"0.74";"0.0";"284.94";"1.07";"2.56";"0.71";"15.74";"15.13";"29.24";"26.3";"27.81";"7.89";"0.69";"0.0";"";"0";"0.0";"0.0";"0.0";"0.0";"0.0";"0.0";"0.0";"0.0";"0.0";"0.0";"0.0";"0.0";"0.0";"0.0";"0.0";"0.0"
"Strategy 1.4.450";"";"0.73";"NDXm_TICK_UTCPlus02";"M15";"865.31";"";"798";"1.13";"0.74";"0.08";"21.64";"0.79";"0.0";"266.8";"0.67";"3.24";"0.87";"23.41";"13.86";"14.27";"9.44";"11.38";"0.61";"0.73";"0.0";"";"0";"0.0";"0.0";"0.0";"0.0";"0.0";"0.0";"0.0";"0.0";"0.0";"0.0";"0.0";"0.0";"0.0";"0.0";"0.0";"0.0"
"Strategy 1.4.374";"";"0.87";"NDXm_TICK_UTCPlus02";"M15";"4148.95";"";"3310";"1.14";"1.57";"0.09";"103.72";"0.89";"0.0";"454.28";"0.63";"9.13";"1.91";"25.93";"14.27";"16.72";"10.35";"12.81";"11.06";"0.87";"0.0";"";"0";"0.0";"0.0";"0.0";"0.0";"0.0";"0.0";"0.0";"0.0";"0.0";"0.0";"0.0";"0.0";"0.0";"0.0";"0.0";"0.0"
"Strategy 1.4.391";"";"0.84";"NDXm_TICK_UTCPlus02";"M15";"2253.31";"";"1862";"1.14";"1.22";"0.08";"56.33";"0.86";"0.0";"334.57";"0.78";"6.73";"1.22";"22.1";"15.02";"26.17";"19.82";"22.6";"10.06";"0.84";"0.0";"";"0";"0.0";"0.0";"0.0";"0.0";"0.0";"0.0";"0.0";"0.0";"0.0";"0.0";"0.0";"0.0";"0.0";"0.0";"0.0";"0.0"
"Strategy 1.4.461";"";"0.7";"NDXm_TICK_UTCPlus02";"M15";"944.98";"";"933";"1.14";"0.88";"0.07";"23.62";"0.75";"0.0";"344.7";"1.07";"2.74";"0.69";"15.51";"14.48";"9.22";"8.03";"8.64";"2.33";"0.7";"0.0";"";"0";"0.0";"0.0";"0.0";"0.0";"0.0";"0.0";"0.0";"0.0";"0.0";"0.0";"0.0";"0.0";"0.0";"0.0";"0.0";"0.0"
"Strategy 1.4.462";"";"0.66";"NDXm_TICK_UTCPlus02";"M15";"580.62";"";"624";"1.15";"0.76";"0.06";"14.52";"0.82";"0.0";"267.71";"1.37";"2.17";"0.8";"12.4";"14.82";"10.87";"11.1";"10.97";"1.17";"0.66";"0.0";"";"0";"0.0";"0.0";"0.0";"0.0";"0.0";"0.0";"0.0";"0.0";"0.0";"0.0";"0.0";"0.0";"0.0";"0.0";"0.0";"0.0"
"Strategy 1.4.415";"";"0.81";"NDXm_TICK_UTCPlus02";"M15";"1666.78";"";"1496";"1.15";"1.18";"0.07";"41.67";"0.85";"0.0";"302.86";"1.01";"5.5";"1.15";"17.15";"15.09";"26.4";"23.04";"24.73";"9.28";"0.81";"0.0";"";"0";"0.0";"0.0";"0.0";"0.0";"0.0";"0.0";"0.0";"0.0";"0.0";"0.0";"0.0";"0.0";"0.0";"0.0";"0.0";"0.0"
"Strategy 1.4.476";"";"0.85";"NDXm_TICK_UTCPlus02";"M15";"1749.78";"";"618";"1.34";"1.5";"0.19";"43.74";"0.81";"0.0";"241.56";"0.81";"7.24";"1.59";"24.91";"14.98";"22.26";"20.1";"21.06";"2.0";"0.85";"0.0";"";"0";"0.0";"0.0";"0.0";"0.0";"0.0";"0.0";"0.0";"0.0";"0.0";"0.0";"0.0";"0.0";"0.0";"0.0";"0.0";"0.0"
"Strategy 1.4.454";"";"0.78";"NDXm_TICK_UTCPlus02";"M15";"1260.78";"";"1330";"1.13";"0.98";"0.06";"31.52";"0.89";"0.0";"288.64";"0.97";"4.37";"1.05";"17.19";"14.86";"17.87";"15.39";"16.61";"4.0";"0.78";"0.0";"";"0";"0.0";"0.0";"0.0";"0.0";"0.0";"0.0";"0.0";"0.0";"0.0";"0.0";"0.0";"0.0";"0.0";"0.0";"0.0";"0.0"
"Strategy 1.4.505";"";"0.73";"NDXm_TICK_UTCPlus02";"M15";"956.83";"";"497";"1.24";"1.04";"0.14";"23.92";"0.62";"0.0";"291.28";"0.76";"3.28";"1.41";"22.63";"13.86";"13.09";"7.34";"9.82";"1.17";"0.73";"0.0";"";"0";"0.0";"0.0";"0.0";"0.0";"0.0";"0.0";"0.0";"0.0";"0.0";"0.0";"0.0";"0.0";"0.0";"0.0";"0.0";"0.0"
"Strategy 1.4.497";"";"0.65";"NDXm_TICK_UTCPlus02";"M15";"485.32";"";"569";"1.11";"0.52";"0.06";"12.14";"0.64";"0.0";"246.36";"0.82";"1.97";"0.72";"19.7";"14.67";"19.02";"16.89";"17.86";"0.89";"0.65";"0.0";"";"0";"0.0";"0.0";"0.0";"0.0";"0.0";"0.0";"0.0";"0.0";"0.0";"0.0";"0.0";"0.0";"0.0";"0.0";"0.0";"0.0"
"Strategy 1.4.503";"";"0.78";"NDXm_TICK_UTCPlus02";"M15";"1218.77";"";"963";"1.16";"1.02";"0.09";"30.47";"0.82";"0.0";"281.96";"0.87";"4.32";"1.18";"19.68";"14.69";"19.13";"14.32";"16.56";"3.22";"0.78";"0.0";"";"0";"0.0";"0.0";"0.0";"0.0";"0.0";"0.0";"0.0";"0.0";"0.0";"0.0";"0.0";"0.0";"0.0";"0.0";"0.0";"0.0"
"Strategy 1.4.521";"";"0.64";"NDXm_TICK_UTCPlus02";"M15";"522.9";"";"619";"1.11";"0.57";"0.06";"13.07";"0.53";"0.0";"270.75";"0.95";"1.93";"0.71";"17.56";"15.08";"24.23";"21.69";"22.93";"2.72";"0.64";"0.0";"";"0";"0.0";"0.0";"0.0";"0.0";"0.0";"0.0";"0.0";"0.0";"0.0";"0.0";"0.0";"0.0";"0.0";"0.0";"0.0";"0.0"
"Strategy 1.4.547";"";"0.84";"NDXm_TICK_UTCPlus02";"M15";"1247.71";"";"555";"1.33";"1.44";"0.17";"31.19";"0.83";"0.0";"192.17";"0.97";"6.49";"1.82";"18.54";"13.52";"9.05";"6.49";"7.75";"1.94";"0.84";"0.0";"";"0";"0.0";"0.0";"0.0";"0.0";"0.0";"0.0";"0.0";"0.0";"0.0";"0.0";"0.0";"0.0";"0.0";"0.0";"0.0";"0.0"
"Strategy 1.4.520";"";"0.74";"NDXm_TICK_UTCPlus02";"M15";"963.13";"";"1272";"1.11";"0.8";"0.05";"24.08";"0.8";"0.0";"291.87";"1.16";"3.3";"0.69";"14.57";"15.31";"19.38";"18.18";"18.83";"7.5";"0.74";"0.0";"";"0";"0.0";"0.0";"0.0";"0.0";"0.0";"0.0";"0.0";"0.0";"0.0";"0.0";"0.0";"0.0";"0.0";"0.0";"0.0";"0.0"
"Strategy 1.4.539";"";"0.72";"NDXm_TICK_UTCPlus02";"M15";"1570.73";"";"1635";"1.13";"1.07";"0.07";"39.26";"0.67";"0.0";"520.28";"0.92";"3.02";"1.48";"17.87";"14.66";"16.31";"11.64";"13.88";"5.33";"0.72";"0.0";"";"0";"0.0";"0.0";"0.0";"0.0";"0.0";"0.0";"0.0";"0.0";"0.0";"0.0";"0.0";"0.0";"0.0";"0.0";"0.0";"0.0"
"Strategy 1.4.502";"";"0.76";"NDXm_TICK_UTCPlus02";"M15";"1220.72";"";"1344";"1.11";"0.88";"0.06";"30.52";"0.59";"0.0";"321.28";"0.88";"3.8";"1.65";"18.92";"14.99";"40.65";"33.53";"36.87";"9.22";"0.76";"0.0";"";"0";"0.0";"0.0";"0.0";"0.0";"0.0";"0.0";"0.0";"0.0";"0.0";"0.0";"0.0";"0.0";"0.0";"0.0";"0.0";"0.0"
"Strategy 3.4.299";"";"0.77";"NDXm_TICK_UTCPlus02";"M15";"1321.82";"";"783";"1.22";"1.13";"0.13";"33.05";"0.81";"0.0";"315.25";"0.69";"4.19";"1.43";"23.14";"13.14";"13.03";"8.99";"10.64";"0.61";"0.77";"0.0";"";"0";"0.0";"0.0";"0.0";"0.0";"0.0";"0.0";"0.0";"0.0";"0.0";"0.0";"0.0";"0.0";"0.0";"0.0";"0.0";"0.0"
"Strategy 3.4.326";"";"0.8";"NDXm_TICK_UTCPlus02";"M15";"1371.48";"";"865";"1.23";"1.24";"0.11";"34.28";"0.89";"0.0";"269.18";"1.08";"5.1";"1.74";"16.54";"14.56";"11.49";"10.93";"11.22";"2.44";"0.8";"0.0";"";"0";"0.0";"0.0";"0.0";"0.0";"0.0";"0.0";"0.0";"0.0";"0.0";"0.0";"0.0";"0.0";"0.0";"0.0";"0.0";"0.0"
"Strategy 1.4.533";"";"0.8";"NDXm_TICK_UTCPlus02";"M15";"2001.75";"";"2334";"1.11";"1.19";"0.06";"50.05";"0.78";"0.0";"388.79";"0.97";"5.15";"1.35";"16.97";"14.79";"22.06";"18.92";"20.47";"4.06";"0.8";"0.0";"";"0";"0.0";"0.0";"0.0";"0.0";"0.0";"0.0";"0.0";"0.0";"0.0";"0.0";"0.0";"0.0";"0.0";"0.0";"0.0";"0.0"
"Strategy 1.4.524";"";"0.79";"NDXm_TICK_UTCPlus02";"M15";"1649.75";"";"1743";"1.11";"0.94";"0.06";"41.25";"0.79";"0.0";"343.28";"0.74";"4.81";"0.91";"22.15";"14.77";"34.56";"25.49";"29.35";"3.39";"0.79";"0.0";"";"0";"0.0";"0.0";"0.0";"0.0";"0.0";"0.0";"0.0";"0.0";"0.0";"0.0";"0.0";"0.0";"0.0";"0.0";"0.0";"0.0"
"Strategy 1.4.559";"";"0.8";"NDXm_TICK_UTCPlus02";"M15";"1875.62";"";"1282";"1.18";"1.27";"0.1";"46.89";"0.75";"0.0";"368.42";"0.84";"5.09";"1.08";"21.17";"15.03";"36.51";"28.81";"32.32";"13.78";"0.8";"0.0";"";"0";"0.0";"0.0";"0.0";"0.0";"0.0";"0.0";"0.0";"0.0";"0.0";"0.0";"0.0";"0.0";"0.0";"0.0";"0.0";"0.0"
"Strategy 3.4.339";"";"0.76";"NDXm_TICK_UTCPlus02";"M15";"1084.93";"";"879";"1.16";"0.98";"0.08";"27.13";"0.74";"0.0";"285.24";"0.91";"3.8";"1.0";"18.71";"14.69";"16.97";"12.83";"14.8";"2.89";"0.76";"0.0";"";"0";"0.0";"0.0";"0.0";"0.0";"0.0";"0.0";"0.0";"0.0";"0.0";"0.0";"0.0";"0.0";"0.0";"0.0";"0.0";"0.0"
"Strategy 1.4.555";"";"0.82";"NDXm_TICK_UTCPlus02";"M15";"1541.49";"";"1560";"1.15";"1.26";"0.07";"38.54";"0.82";"0.0";"269.7";"1.34";"5.72";"1.91";"12.88";"14.98";"30.35";"31.47";"30.83";"7.56";"0.82";"0.0";"";"0";"0.0";"0.0";"0.0";"0.0";"0.0";"0.0";"0.0";"0.0";"0.0";"0.0";"0.0";"0.0";"0.0";"0.0";"0.0";"0.0"
"Strategy 1.4.556";"";"0.82";"NDXm_TICK_UTCPlus02";"M15";"2351.67";"";"2710";"1.12";"1.26";"0.06";"58.79";"0.75";"0.0";"405.2";"1.0";"5.8";"2.45";"16.53";"14.86";"18.19";"15.61";"16.9";"12.89";"0.82";"0.0";"";"0";"0.0";"0.0";"0.0";"0.0";"0.0";"0.0";"0.0";"0.0";"0.0";"0.0";"0.0";"0.0";"0.0";"0.0";"0.0";"0.0"
"Strategy 3.4.337";"";"0.67";"NDXm_TICK_UTCPlus02";"M15";"781.0";"";"767";"1.11";"0.61";"0.07";"19.53";"0.63";"0.0";"342.23";"0.65";"2.28";"0.89";"25.72";"15.02";"33.67";"24.61";"28.18";"3.39";"0.67";"0.0";"";"0";"0.0";"0.0";"0.0";"0.0";"0.0";"0.0";"0.0";"0.0";"0.0";"0.0";"0.0";"0.0";"0.0";"0.0";"0.0";"0.0"
"Strategy 3.4.351";"";"0.74";"NDXm_TICK_UTCPlus02";"M15";"1020.32";"";"709";"1.19";"0.99";"0.1";"25.51";"0.81";"0.0";"301.2";"0.97";"3.39";"1.16";"18.49";"15.09";"23.57";"21.71";"22.63";"3.83";"0.74";"0.0";"";"0";"0.0";"0.0";"0.0";"0.0";"0.0";"0.0";"0.0";"0.0";"0.0";"0.0";"0.0";"0.0";"0.0";"0.0";"0.0";"0.0"
"Strategy 3.4.321";"";"0.76";"NDXm_TICK_UTCPlus02";"M15";"2032.44";"";"1915";"1.12";"1.04";"0.07";"50.81";"0.83";"0.0";"515.13";"0.71";"3.95";"1.34";"23.61";"14.84";"17.85";"12.09";"14.48";"6.72";"0.76";"0.0";"";"0";"0.0";"0.0";"0.0";"0.0";"0.0";"0.0";"0.0";"0.0";"0.0";"0.0";"0.0";"0.0";"0.0";"0.0";"0.0";"0.0"
"Strategy 3.4.312";"";"0.75";"NDXm_TICK_UTCPlus02";"M15";"1296.8";"";"1343";"1.11";"0.86";"0.07";"32.42";"0.82";"0.0";"367.16";"0.7";"3.53";"0.79";"23.59";"14.82";"29.11";"21.23";"24.47";"7.17";"0.75";"0.0";"";"0";"0.0";"0.0";"0.0";"0.0";"0.0";"0.0";"0.0";"0.0";"0.0";"0.0";"0.0";"0.0";"0.0";"0.0";"0.0";"0.0"
"Strategy 3.4.365";"";"0.79";"NDXm_TICK_UTCPlus02";"M15";"1101.71";"";"872";"1.17";"0.98";"0.09";"27.54";"0.76";"0.0";"233.57";"0.93";"4.72";"1.2";"18.52";"14.77";"19.25";"14.3";"16.68";"3.61";"0.79";"0.0";"";"0";"0.0";"0.0";"0.0";"0.0";"0.0";"0.0";"0.0";"0.0";"0.0";"0.0";"0.0";"0.0";"0.0";"0.0";"0.0";"0.0"
"Strategy 3.4.341";"";"0.76";"NDXm_TICK_UTCPlus02";"M15";"1867.52";"";"1880";"1.12";"1.02";"0.07";"46.69";"0.7";"0.0";"478.9";"0.68";"3.9";"1.7";"23.63";"14.3";"21.51";"13.93";"16.99";"6.61";"0.76";"0.0";"";"0";"0.0";"0.0";"0.0";"0.0";"0.0";"0.0";"0.0";"0.0";"0.0";"0.0";"0.0";"0.0";"0.0";"0.0";"0.0";"0.0"
"Strategy 3.4.325";"";"0.89";"NDXm_TICK_UTCPlus02";"M15";"2838.95";"";"1533";"1.21";"1.59";"0.12";"70.98";"0.9";"0.0";"265.37";"0.67";"10.7";"2.07";"26.78";"14.94";"33.9";"24.36";"28.2";"6.22";"0.89";"0.0";"";"0";"0.0";"0.0";"0.0";"0.0";"0.0";"0.0";"0.0";"0.0";"0.0";"0.0";"0.0";"0.0";"0.0";"0.0";"0.0";"0.0"
"Strategy 3.4.319";"";"0.76";"NDXm_TICK_UTCPlus02";"M15";"1424.46";"";"1396";"1.13";"1.03";"0.07";"35.61";"0.73";"0.0";"373.53";"0.95";"3.81";"1.65";"17.86";"15.02";"35.04";"31.59";"33.27";"6.06";"0.76";"0.0";"";"0";"0.0";"0.0";"0.0";"0.0";"0.0";"0.0";"0.0";"0.0";"0.0";"0.0";"0.0";"0.0";"0.0";"0.0";"0.0";"0.0"
"Strategy 3.4.384";"";"0.85";"NDXm_TICK_UTCPlus02";"M15";"1365.66";"";"592";"1.31";"1.45";"0.16";"34.14";"0.9";"0.0";"187.67";"0.97";"7.28";"2.51";"19.99";"14.79";"30.64";"26.05";"28.3";"0.89";"0.85";"0.0";"";"0";"0.0";"0.0";"0.0";"0.0";"0.0";"0.0";"0.0";"0.0";"0.0";"0.0";"0.0";"0.0";"0.0";"0.0";"0.0";"0.0"
"Strategy 3.4.338";"";"0.67";"NDXm_TICK_UTCPlus02";"M15";"1458.91";"";"1755";"1.11";"0.98";"0.06";"36.47";"0.62";"0.0";"633.12";"0.93";"2.3";"1.13";"17.7";"14.94";"31.48";"27.35";"29.34";"11.39";"0.67";"0.0";"";"0";"0.0";"0.0";"0.0";"0.0";"0.0";"0.0";"0.0";"0.0";"0.0";"0.0";"0.0";"0.0";"0.0";"0.0";"0.0";"0.0"
"Strategy 3.4.399";"";"0.81";"NDXm_TICK_UTCPlus02";"M15";"726.3";"";"437";"1.24";"0.96";"0.11";"18.16";"0.84";"0.0";"137.52";"1.14";"5.28";"1.33";"16.03";"14.75";"19.48";"18.29";"18.92";"1.06";"0.81";"0.0";"";"0";"0.0";"0.0";"0.0";"0.0";"0.0";"0.0";"0.0";"0.0";"0.0";"0.0";"0.0";"0.0";"0.0";"0.0";"0.0";"0.0"
"Strategy 3.4.402";"";"0.9";"NDXm_TICK_UTCPlus02";"M15";"2144.05";"";"907";"1.27";"1.45";"0.16";"53.6";"0.86";"0.0";"184.89";"0.63";"11.6";"3.38";"29.14";"14.46";"20.68";"13.85";"16.49";"3.44";"0.9";"0.0";"";"0";"0.0";"0.0";"0.0";"0.0";"0.0";"0.0";"0.0";"0.0";"0.0";"0.0";"0.0";"0.0";"0.0";"0.0";"0.0";"0.0"
"Strategy 3.4.363";"";"0.83";"NDXm_TICK_UTCPlus02";"M15";"1547.17";"";"1744";"1.12";"0.99";"0.06";"38.68";"0.82";"0.0";"246.3";"0.96";"6.28";"1.18";"17.36";"14.99";"26.07";"21.8";"23.9";"10.56";"0.83";"0.0";"";"0";"0.0";"0.0";"0.0";"0.0";"0.0";"0.0";"0.0";"0.0";"0.0";"0.0";"0.0";"0.0";"0.0";"0.0";"0.0";"0.0"
"Strategy 3.4.417";"";"0.77";"NDXm_TICK_UTCPlus02";"M15";"670.14";"";"1023";"1.11";"0.71";"0.04";"16.76";"0.87";"0.0";"165.18";"1.36";"4.06";"1.04";"11.87";"14.63";"9.25";"8.05";"8.74";"2.56";"0.77";"0.0";"";"0";"0.0";"0.0";"0.0";"0.0";"0.0";"0.0";"0.0";"0.0";"0.0";"0.0";"0.0";"0.0";"0.0";"0.0";"0.0";"0.0"
"Strategy 3.4.419";"";"0.78";"NDXm_TICK_UTCPlus02";"M15";"1133.81";"";"599";"1.23";"1.1";"0.13";"28.35";"0.75";"0.0";"265.17";"0.79";"4.28";"1.75";"22.78";"14.68";"30.53";"23.91";"26.84";"0.94";"0.78";"0.0";"";"0";"0.0";"0.0";"0.0";"0.0";"0.0";"0.0";"0.0";"0.0";"0.0";"0.0";"0.0";"0.0";"0.0";"0.0";"0.0";"0.0"
"Strategy 3.4.437";"";"0.83";"NDXm_TICK_UTCPlus02";"M15";"1281.95";"";"709";"1.22";"1.11";"0.12";"32.05";"0.78";"0.0";"198.86";"0.75";"6.45";"1.33";"23.89";"14.67";"24.19";"16.0";"19.5";"3.0";"0.83";"0.0";"";"0";"0.0";"0.0";"0.0";"0.0";"0.0";"0.0";"0.0";"0.0";"0.0";"0.0";"0.0";"0.0";"0.0";"0.0";"0.0";"0.0"
"Strategy 3.4.433";"";"0.8";"NDXm_TICK_UTCPlus02";"M15";"1146.35";"";"893";"1.17";"1.02";"0.09";"28.66";"0.81";"0.0";"225.08";"0.95";"5.09";"1.28";"18.38";"14.96";"19.33";"18.17";"18.74";"4.17";"0.8";"0.0";"";"0";"0.0";"0.0";"0.0";"0.0";"0.0";"0.0";"0.0";"0.0";"0.0";"0.0";"0.0";"0.0";"0.0";"0.0";"0.0";"0.0"
"Strategy 3.4.400";"";"0.81";"NDXm_TICK_UTCPlus02";"M15";"1596.66";"";"1591";"1.12";"0.99";"0.07";"39.92";"0.82";"0.0";"301.2";"0.76";"5.3";"1.12";"21.65";"14.6";"24.52";"19.32";"21.56";"2.33";"0.81";"0.0";"";"0";"0.0";"0.0";"0.0";"0.0";"0.0";"0.0";"0.0";"0.0";"0.0";"0.0";"0.0";"0.0";"0.0";"0.0";"0.0";"0.0"
"Strategy 3.4.431";"";"0.72";"NDXm_TICK_UTCPlus02";"M15";"1396.03";"";"1801";"1.11";"0.94";"0.05";"34.9";"0.78";"0.0";"451.4";"1.02";"3.09";"1.49";"15.9";"14.71";"12.14";"10.72";"11.43";"6.06";"0.72";"0.0";"";"0";"0.0";"0.0";"0.0";"0.0";"0.0";"0.0";"0.0";"0.0";"0.0";"0.0";"0.0";"0.0";"0.0";"0.0";"0.0";"0.0"
"Strategy 3.4.438";"";"0.66";"NDXm_TICK_UTCPlus02";"M15";"721.67";"";"761";"1.12";"0.68";"0.06";"18.04";"0.62";"0.0";"345.78";"0.91";"2.09";"0.84";"18.58";"15.13";"32.14";"28.39";"30.18";"3.83";"0.66";"0.0";"";"0";"0.0";"0.0";"0.0";"0.0";"0.0";"0.0";"0.0";"0.0";"0.0";"0.0";"0.0";"0.0";"0.0";"0.0";"0.0";"0.0"
"Strategy 3.4.448";"";"0.84";"NDXm_TICK_UTCPlus02";"M15";"1735.44";"";"997";"1.26";"1.62";"0.12";"43.39";"0.85";"0.0";"254.05";"1.25";"6.83";"1.19";"15.06";"14.91";"22.65";"21.3";"22.05";"6.83";"0.84";"0.0";"";"0";"0.0";"0.0";"0.0";"0.0";"0.0";"0.0";"0.0";"0.0";"0.0";"0.0";"0.0";"0.0";"0.0";"0.0";"0.0";"0.0"
"Strategy 3.4.470";"";"0.83";"NDXm_TICK_UTCPlus02";"M15";"1011.78";"";"523";"1.28";"1.22";"0.13";"25.29";"0.82";"0.0";"166.34";"1.16";"6.08";"1.37";"16.53";"15.01";"20.33";"20.62";"20.47";"2.39";"0.83";"0.0";"";"0";"0.0";"0.0";"0.0";"0.0";"0.0";"0.0";"0.0";"0.0";"0.0";"0.0";"0.0";"0.0";"0.0";"0.0";"0.0";"0.0"
"Strategy 3.4.450";"";"0.78";"NDXm_TICK_UTCPlus02";"M15";"1285.1";"";"780";"1.2";"1.08";"0.11";"32.13";"0.81";"0.0";"286.37";"0.78";"4.49";"1.7";"22.86";"14.91";"35.95";"28.53";"31.78";"4.17";"0.78";"0.0";"";"0";"0.0";"0.0";"0.0";"0.0";"0.0";"0.0";"0.0";"0.0";"0.0";"0.0";"0.0";"0.0";"0.0";"0.0";"0.0";"0.0"
"Strategy 3.4.453";"";"0.64";"NDXm_TICK_UTCPlus02";"M15";"725.67";"";"832";"1.11";"0.64";"0.06";"18.14";"0.64";"0.0";"391.7";"0.88";"1.85";"0.76";"19.12";"15.23";"34.37";"29.16";"31.6";"6.17";"0.64";"0.0";"";"0";"0.0";"0.0";"0.0";"0.0";"0.0";"0.0";"0.0";"0.0";"0.0";"0.0";"0.0";"0.0";"0.0";"0.0";"0.0";"0.0"
"Strategy 3.4.444";"";"0.79";"NDXm_TICK_UTCPlus02";"M15";"1848.88";"";"1667";"1.13";"1.1";"0.07";"46.22";"0.82";"0.0";"391.66";"0.8";"4.72";"1.15";"21.08";"14.8";"17.24";"11.99";"14.31";"5.22";"0.79";"0.0";"";"0";"0.0";"0.0";"0.0";"0.0";"0.0";"0.0";"0.0";"0.0";"0.0";"0.0";"0.0";"0.0";"0.0";"0.0";"0.0";"0.0"
"Strategy 3.4.482";"";"0.79";"NDXm_TICK_UTCPlus02";"M15";"952.61";"";"821";"1.18";"1.04";"0.08";"23.81";"0.81";"0.0";"200.04";"1.31";"4.76";"1.27";"13.32";"14.72";"11.07";"13.47";"12.11";"2.22";"0.79";"0.0";"";"0";"0.0";"0.0";"0.0";"0.0";"0.0";"0.0";"0.0";"0.0";"0.0";"0.0";"0.0";"0.0";"0.0";"0.0";"0.0";"0.0"
"Strategy 3.4.462";"";"0.78";"NDXm_TICK_UTCPlus02";"M15";"2011.09";"";"1475";"1.16";"1.2";"0.1";"50.28";"0.82";"0.0";"463.91";"0.68";"4.34";"2.01";"24.31";"14.15";"21.74";"14.82";"17.61";"4.67";"0.78";"0.0";"";"0";"0.0";"0.0";"0.0";"0.0";"0.0";"0.0";"0.0";"0.0";"0.0";"0.0";"0.0";"0.0";"0.0";"0.0";"0.0";"0.0"
"Strategy 3.4.452";"";"0.77";"NDXm_TICK_UTCPlus02";"M15";"1673.44";"";"1317";"1.14";"0.98";"0.08";"41.83";"0.86";"0.0";"421.22";"0.67";"3.97";"1.27";"25.79";"15.14";"28.94";"19.61";"23.35";"8.11";"0.77";"0.0";"";"0";"0.0";"0.0";"0.0";"0.0";"0.0";"0.0";"0.0";"0.0";"0.0";"0.0";"0.0";"0.0";"0.0";"0.0";"0.0";"0.0"
"Strategy 3.4.476";"";"0.83";"NDXm_TICK_UTCPlus02";"M15";"2165.91";"";"1869";"1.14";"1.23";"0.08";"54.15";"0.77";"0.0";"344.19";"0.74";"6.29";"2.2";"22.56";"14.75";"18.94";"12.73";"15.38";"7.44";"0.83";"0.0";"";"0";"0.0";"0.0";"0.0";"0.0";"0.0";"0.0";"0.0";"0.0";"0.0";"0.0";"0.0";"0.0";"0.0";"0.0";"0.0";"0.0"
"Strategy 3.4.435";"";"0.72";"NDXm_TICK_UTCPlus02";"M15";"2015.27";"";"2209";"1.11";"1.02";"0.06";"50.38";"0.77";"0.0";"665.99";"0.77";"3.03";"1.04";"21.82";"15.13";"38.31";"25.85";"31.26";"24.17";"0.72";"0.0";"";"0";"0.0";"0.0";"0.0";"0.0";"0.0";"0.0";"0.0";"0.0";"0.0";"0.0";"0.0";"0.0";"0.0";"0.0";"0.0";"0.0"
"Strategy 3.4.547";"";"0.79";"NDXm_TICK_UTCPlus02";"M15";"998.09";"";"567";"1.2";"0.97";"0.12";"24.95";"0.83";"0.0";"210.36";"0.76";"4.74";"1.32";"24.16";"15.16";"30.08";"23.68";"26.43";"2.67";"0.79";"0.0";"";"0";"0.0";"0.0";"0.0";"0.0";"0.0";"0.0";"0.0";"0.0";"0.0";"0.0";"0.0";"0.0";"0.0";"0.0";"0.0";"0.0"
"Strategy 3.4.518";"";"0.72";"NDXm_TICK_UTCPlus02";"M15";"1019.8";"";"957";"1.13";"0.84";"0.07";"25.49";"0.83";"0.0";"336.98";"0.88";"3.03";"0.71";"19.79";"15.34";"40.01";"27.04";"33.1";"11.5";"0.72";"0.0";"";"0";"0.0";"0.0";"0.0";"0.0";"0.0";"0.0";"0.0";"0.0";"0.0";"0.0";"0.0";"0.0";"0.0";"0.0";"0.0";"0.0"
"Strategy 3.4.568";"";"0.81";"NDXm_TICK_UTCPlus02";"M15";"1345.12";"";"785";"1.24";"1.28";"0.12";"33.63";"0.86";"0.0";"243.62";"1.08";"5.52";"2.0";"16.9";"14.72";"12.55";"11.96";"12.27";"1.94";"0.81";"0.0";"";"0";"0.0";"0.0";"0.0";"0.0";"0.0";"0.0";"0.0";"0.0";"0.0";"0.0";"0.0";"0.0";"0.0";"0.0";"0.0";"0.0"
"Strategy 3.4.552";"";"0.67";"NDXm_TICK_UTCPlus02";"M15";"883.69";"";"841";"1.12";"0.7";"0.07";"22.09";"0.72";"0.0";"394.59";"0.67";"2.24";"0.8";"24.73";"14.86";"29.01";"20.34";"23.82";"2.06";"0.67";"0.0";"";"0";"0.0";"0.0";"0.0";"0.0";"0.0";"0.0";"0.0";"0.0";"0.0";"0.0";"0.0";"0.0";"0.0";"0.0";"0.0";"0.0"
"Strategy 3.4.543";"";"0.86";"NDXm_TICK_UTCPlus02";"M15";"1621.12";"";"991";"1.23";"1.38";"0.11";"40.53";"0.85";"0.0";"210.65";"1.14";"7.7";"1.95";"16.54";"15.36";"24.66";"22.64";"23.71";"9.67";"0.86";"0.0";"";"0";"0.0";"0.0";"0.0";"0.0";"0.0";"0.0";"0.0";"0.0";"0.0";"0.0";"0.0";"0.0";"0.0";"0.0";"0.0";"0.0"
"Strategy 3.4.572";"";"0.77";"NDXm_TICK_UTCPlus02";"M15";"1027.86";"";"762";"1.15";"0.88";"0.09";"25.7";"0.6";"0.0";"255.01";"0.67";"4.03";"1.35";"24.97";"14.59";"30.09";"18.9";"23.41";"1.78";"0.77";"0.0";"";"0";"0.0";"0.0";"0.0";"0.0";"0.0";"0.0";"0.0";"0.0";"0.0";"0.0";"0.0";"0.0";"0.0";"0.0";"0.0";"0.0"
"Strategy 3.4.564";"";"0.72";"NDXm_TICK_UTCPlus02";"M15";"1705.37";"";"1363";"1.14";"1.05";"0.09";"42.63";"0.65";"0.0";"581.42";"0.63";"2.93";"1.58";"26.29";"14.49";"20.47";"11.64";"15.05";"5.67";"0.72";"0.0";"";"0";"0.0";"0.0";"0.0";"0.0";"0.0";"0.0";"0.0";"0.0";"0.0";"0.0";"0.0";"0.0";"0.0";"0.0";"0.0";"0.0"
"Strategy 3.4.545";"";"0.74";"NDXm_TICK_UTCPlus02";"M15";"1655.93";"";"1580";"1.13";"0.99";"0.07";"41.4";"0.79";"0.0";"487.09";"0.79";"3.4";"1.37";"21.29";"14.89";"23.35";"15.96";"19.22";"9.33";"0.74";"0.0";"";"0";"0.0";"0.0";"0.0";"0.0";"0.0";"0.0";"0.0";"0.0";"0.0";"0.0";"0.0";"0.0";"0.0";"0.0";"0.0";"0.0"
"Strategy 3.4.556";"";"0.74";"NDXm_TICK_UTCPlus02";"M15";"1683.2";"";"2063";"1.11";"1.02";"0.06";"42.08";"0.74";"0.0";"494.45";"0.94";"3.4";"0.93";"17.34";"14.76";"16.15";"12.57";"14.31";"7.72";"0.74";"0.0";"";"0";"0.0";"0.0";"0.0";"0.0";"0.0";"0.0";"0.0";"0.0";"0.0";"0.0";"0.0";"0.0";"0.0";"0.0";"0.0";"0.0"
"Strategy 3.4.541";"";"0.85";"NDXm_TICK_UTCPlus02";"M15";"2069.24";"";"1492";"1.16";"1.25";"0.09";"51.73";"0.85";"0.0";"293.1";"0.72";"7.06";"1.78";"24.04";"15.03";"36.86";"28.63";"32.09";"7.06";"0.85";"0.0";"";"0";"0.0";"0.0";"0.0";"0.0";"0.0";"0.0";"0.0";"0.0";"0.0";"0.0";"0.0";"0.0";"0.0";"0.0";"0.0";"0.0"
"Strategy 2.3.316";"";"0.78";"NDXm_TICK_UTCPlus02";"M15";"1053.95";"";"712";"1.17";"0.91";"0.1";"26.35";"0.67";"0.0";"235.14";"0.77";"4.48";"1.53";"22.84";"14.99";"36.28";"28.34";"31.8";"8.5";"0.78";"0.0";"";"0";"0.0";"0.0";"0.0";"0.0";"0.0";"0.0";"0.0";"0.0";"0.0";"0.0";"0.0";"0.0";"0.0";"0.0";"0.0";"0.0"
"Strategy 2.3.333";"";"0.7";"NDXm_TICK_UTCPlus02";"M15";"554.47";"";"684";"1.13";"0.72";"0.05";"13.86";"0.69";"0.0";"213.26";"1.44";"2.6";"0.85";"11.76";"14.99";"20.47";"21.43";"20.86";"3.61";"0.7";"0.0";"";"0";"0.0";"0.0";"0.0";"0.0";"0.0";"0.0";"0.0";"0.0";"0.0";"0.0";"0.0";"0.0";"0.0";"0.0";"0.0";"0.0"
"Strategy 2.3.348";"";"0.68";"NDXm_TICK_UTCPlus02";"M15";"826.37";"";"863";"1.11";"0.67";"0.07";"20.66";"0.76";"0.0";"341.58";"0.7";"2.42";"0.69";"22.98";"14.51";"16.42";"12.27";"13.98";"2.44";"0.68";"0.0";"";"0";"0.0";"0.0";"0.0";"0.0";"0.0";"0.0";"0.0";"0.0";"0.0";"0.0";"0.0";"0.0";"0.0";"0.0";"0.0";"0.0"
"Strategy 2.3.352";"";"0.76";"NDXm_TICK_UTCPlus02";"M15";"901.91";"";"951";"1.12";"0.81";"0.06";"22.55";"0.76";"0.0";"236.85";"0.91";"3.81";"1.01";"18.2";"14.81";"23.39";"19.14";"21.17";"0.56";"0.76";"0.0";"";"0";"0.0";"0.0";"0.0";"0.0";"0.0";"0.0";"0.0";"0.0";"0.0";"0.0";"0.0";"0.0";"0.0";"0.0";"0.0";"0.0"
"Strategy 2.3.351";"";"0.69";"NDXm_TICK_UTCPlus02";"M15";"1427.16";"";"1455";"1.12";"0.91";"0.07";"35.68";"0.72";"0.0";"564.46";"0.75";"2.53";"0.96";"21.83";"14.59";"15.86";"11.68";"13.47";"1.56";"0.69";"0.0";"";"0";"0.0";"0.0";"0.0";"0.0";"0.0";"0.0";"0.0";"0.0";"0.0";"0.0";"0.0";"0.0";"0.0";"0.0";"0.0";"0.0"
"Strategy 2.3.327";"";"0.69";"NDXm_TICK_UTCPlus02";"M15";"828.96";"";"903";"1.13";"0.77";"0.06";"20.72";"0.77";"0.0";"322.69";"1.06";"2.57";"0.73";"16.08";"15.11";"38.69";"36.06";"37.41";"7.72";"0.69";"0.0";"";"0";"0.0";"0.0";"0.0";"0.0";"0.0";"0.0";"0.0";"0.0";"0.0";"0.0";"0.0";"0.0";"0.0";"0.0";"0.0";"0.0"
"Strategy 2.3.365";"";"0.76";"NDXm_TICK_UTCPlus02";"M15";"843.95";"";"667";"1.15";"0.76";"0.08";"21.1";"0.87";"0.0";"225.55";"0.76";"3.74";"0.9";"22.52";"14.99";"30.48";"21.47";"25.37";"6.44";"0.76";"0.0";"";"0";"0.0";"0.0";"0.0";"0.0";"0.0";"0.0";"0.0";"0.0";"0.0";"0.0";"0.0";"0.0";"0.0";"0.0";"0.0";"0.0"
"Strategy 2.3.379";"";"0.83";"NDXm_TICK_UTCPlus02";"M15";"1153.4";"";"680";"1.24";"1.24";"0.11";"28.84";"0.75";"0.0";"177.94";"1.13";"6.48";"2.02";"16.38";"14.92";"30.18";"29.51";"29.87";"3.17";"0.83";"0.0";"";"0";"0.0";"0.0";"0.0";"0.0";"0.0";"0.0";"0.0";"0.0";"0.0";"0.0";"0.0";"0.0";"0.0";"0.0";"0.0";"0.0"
"Strategy 2.3.350";"";"0.84";"NDXm_TICK_UTCPlus02";"M15";"2048.62";"";"2022";"1.13";"1.16";"0.07";"51.22";"0.83";"0.0";"297.97";"0.88";"6.88";"1.48";"18.89";"14.73";"17.84";"14.34";"15.98";"9.72";"0.84";"0.0";"";"0";"0.0";"0.0";"0.0";"0.0";"0.0";"0.0";"0.0";"0.0";"0.0";"0.0";"0.0";"0.0";"0.0";"0.0";"0.0";"0.0"
"Strategy 2.3.328";"";"0.84";"NDXm_TICK_UTCPlus02";"M15";"2802.46";"";"2423";"1.15";"1.47";"0.08";"70.06";"0.81";"0.0";"404.27";"0.92";"6.93";"1.27";"18.59";"14.89";"18.8";"14.45";"16.54";"11.11";"0.84";"0.0";"";"0";"0.0";"0.0";"0.0";"0.0";"0.0";"0.0";"0.0";"0.0";"0.0";"0.0";"0.0";"0.0";"0.0";"0.0";"0.0";"0.0"
"Strategy 2.3.332";"";"0.79";"NDXm_TICK_UTCPlus02";"M15";"2252.51";"";"2577";"1.11";"1.19";"0.06";"56.31";"0.86";"0.0";"485.37";"0.92";"4.64";"1.4";"17.88";"14.75";"16.01";"13.57";"14.74";"11.83";"0.79";"0.0";"";"0";"0.0";"0.0";"0.0";"0.0";"0.0";"0.0";"0.0";"0.0";"0.0";"0.0";"0.0";"0.0";"0.0";"0.0";"0.0";"0.0"
"Strategy 2.3.317";"";"0.81";"NDXm_TICK_UTCPlus02";"M15";"2605.67";"";"2405";"1.13";"1.29";"0.07";"65.14";"0.79";"0.0";"496.96";"0.78";"5.24";"1.44";"21.43";"14.82";"22.43";"16.6";"19.16";"13.44";"0.81";"0.0";"";"0";"0.0";"0.0";"0.0";"0.0";"0.0";"0.0";"0.0";"0.0";"0.0";"0.0";"0.0";"0.0";"0.0";"0.0";"0.0";"0.0"
"Strategy 2.3.425";"";"0.83";"NDXm_TICK_UTCPlus02";"M15";"1787.69";"";"511";"1.42";"1.57";"0.25";"44.69";"0.79";"0.0";"289.61";"0.64";"6.17";"2.33";"30.57";"13.77";"15.8";"9.72";"12.09";"0.89";"0.83";"0.0";"";"0";"0.0";"0.0";"0.0";"0.0";"0.0";"0.0";"0.0";"0.0";"0.0";"0.0";"0.0";"0.0";"0.0";"0.0";"0.0";"0.0"
"Strategy 2.3.474";"";"0.74";"NDXm_TICK_UTCPlus02";"M15";"731.45";"";"514";"1.19";"0.85";"0.1";"18.29";"0.71";"0.0";"213.65";"0.93";"3.42";"0.83";"18.39";"14.4";"15.84";"13.0";"14.37";"1.06";"0.74";"0.0";"";"0";"0.0";"0.0";"0.0";"0.0";"0.0";"0.0";"0.0";"0.0";"0.0";"0.0";"0.0";"0.0";"0.0";"0.0";"0.0";"0.0"
"Strategy 2.3.423";"";"0.83";"NDXm_TICK_UTCPlus02";"M15";"1865.33";"";"1577";"1.14";"1.11";"0.08";"46.64";"0.75";"0.0";"300.36";"0.72";"6.21";"1.4";"23.16";"14.55";"22.82";"18.09";"20.06";"4.83";"0.83";"0.0";"";"0";"0.0";"0.0";"0.0";"0.0";"0.0";"0.0";"0.0";"0.0";"0.0";"0.0";"0.0";"0.0";"0.0";"0.0";"0.0";"0.0"
"Strategy 2.3.460";"";"0.74";"NDXm_TICK_UTCPlus02";"M15";"1187.4";"";"751";"1.21";"1.16";"0.11";"29.69";"0.76";"0.0";"352.72";"0.97";"3.37";"1.22";"18.63";"14.88";"22.62";"17.59";"20.06";"3.5";"0.74";"0.0";"";"0";"0.0";"0.0";"0.0";"0.0";"0.0";"0.0";"0.0";"0.0";"0.0";"0.0";"0.0";"0.0";"0.0";"0.0";"0.0";"0.0"
"Strategy 2.3.482";"";"0.83";"NDXm_TICK_UTCPlus02";"M15";"1414.51";"";"687";"1.29";"1.43";"0.14";"35.36";"0.86";"0.0";"220.45";"1.07";"6.42";"1.28";"17.94";"14.92";"14.36";"9.3";"11.91";"2.67";"0.83";"0.0";"";"0";"0.0";"0.0";"0.0";"0.0";"0.0";"0.0";"0.0";"0.0";"0.0";"0.0";"0.0";"0.0";"0.0";"0.0";"0.0";"0.0"
"Strategy 2.3.495";"";"0.77";"NDXm_TICK_UTCPlus02";"M15";"657.05";"";"525";"1.18";"0.84";"0.1";"16.43";"0.87";"0.0";"158.26";"0.89";"4.15";"1.06";"17.1";"12.83";"15.11";"12.17";"13.55";"1.5";"0.77";"0.0";"";"0";"0.0";"0.0";"0.0";"0.0";"0.0";"0.0";"0.0";"0.0";"0.0";"0.0";"0.0";"0.0";"0.0";"0.0";"0.0";"0.0"
"Strategy 2.3.481";"";"0.83";"NDXm_TICK_UTCPlus02";"M15";"1297.06";"";"881";"1.24";"1.34";"0.1";"32.43";"0.73";"0.0";"206.45";"1.45";"6.28";"2.03";"12.79";"14.9";"17.76";"18.39";"18.02";"3.94";"0.83";"0.0";"";"0";"0.0";"0.0";"0.0";"0.0";"0.0";"0.0";"0.0";"0.0";"0.0";"0.0";"0.0";"0.0";"0.0";"0.0";"0.0";"0.0"
"Strategy 2.3.485";"";"0.72";"NDXm_TICK_UTCPlus02";"M15";"883.07";"";"924";"1.13";"0.83";"0.06";"22.08";"0.7";"0.0";"293.56";"1.03";"3.01";"0.96";"16.2";"14.76";"22.26";"21.08";"21.68";"1.22";"0.72";"0.0";"";"0";"0.0";"0.0";"0.0";"0.0";"0.0";"0.0";"0.0";"0.0";"0.0";"0.0";"0.0";"0.0";"0.0";"0.0";"0.0";"0.0"
"Strategy 2.3.509";"";"0.76";"NDXm_TICK_UTCPlus02";"M15";"793.37";"";"606";"1.17";"0.85";"0.09";"19.83";"0.86";"0.0";"203.26";"0.94";"3.9";"0.99";"18.67";"14.94";"25.76";"20.64";"23.11";"2.06";"0.76";"0.0";"";"0";"0.0";"0.0";"0.0";"0.0";"0.0";"0.0";"0.0";"0.0";"0.0";"0.0";"0.0";"0.0";"0.0";"0.0";"0.0";"0.0"
"Strategy 2.3.428";"";"0.81";"NDXm_TICK_UTCPlus02";"M15";"2636.5";"";"2879";"1.11";"1.2";"0.06";"65.92";"0.81";"0.0";"475.79";"0.77";"5.54";"1.16";"21.31";"14.82";"20.31";"14.31";"16.92";"14.56";"0.81";"0.0";"";"0";"0.0";"0.0";"0.0";"0.0";"0.0";"0.0";"0.0";"0.0";"0.0";"0.0";"0.0";"0.0";"0.0";"0.0";"0.0";"0.0"
"Strategy 2.3.517";"";"0.78";"NDXm_TICK_UTCPlus02";"M15";"1066.36";"";"763";"1.19";"1.01";"0.1";"26.66";"0.72";"0.0";"249.28";"0.98";"4.28";"1.24";"17.85";"14.67";"20.24";"16.57";"18.38";"7.11";"0.78";"0.0";"";"0";"0.0";"0.0";"0.0";"0.0";"0.0";"0.0";"0.0";"0.0";"0.0";"0.0";"0.0";"0.0";"0.0";"0.0";"0.0";"0.0"
"Strategy 2.3.541";"";"0.84";"NDXm_TICK_UTCPlus02";"M15";"1322.95";"";"612";"1.32";"1.54";"0.15";"33.07";"0.86";"0.0";"188.7";"1.15";"7.01";"1.89";"16.83";"14.78";"32.88";"29.59";"31.35";"0.78";"0.84";"0.0";"";"0";"0.0";"0.0";"0.0";"0.0";"0.0";"0.0";"0.0";"0.0";"0.0";"0.0";"0.0";"0.0";"0.0";"0.0";"0.0";"0.0"
"Strategy 2.3.454";"";"0.85";"NDXm_TICK_UTCPlus02";"M15";"2864.76";"";"2469";"1.13";"1.34";"0.08";"71.62";"0.85";"0.0";"383.07";"0.75";"7.48";"1.47";"22.75";"15.11";"27.83";"21.09";"23.99";"19.11";"0.85";"0.0";"";"0";"0.0";"0.0";"0.0";"0.0";"0.0";"0.0";"0.0";"0.0";"0.0";"0.0";"0.0";"0.0";"0.0";"0.0";"0.0";"0.0"
"Strategy 2.3.564";"";"0.8";"NDXm_TICK_UTCPlus02";"M15";"1001.48";"";"795";"1.2";"1.13";"0.08";"25.04";"0.72";"0.0";"201.79";"1.39";"4.96";"1.11";"12.9";"14.98";"20.61";"20.37";"20.51";"7.78";"0.8";"0.0";"";"0";"0.0";"0.0";"0.0";"0.0";"0.0";"0.0";"0.0";"0.0";"0.0";"0.0";"0.0";"0.0";"0.0";"0.0";"0.0";"0.0"
"Strategy 2.3.559";"";"0.81";"NDXm_TICK_UTCPlus02";"M15";"2684.95";"";"2584";"1.12";"1.22";"0.07";"67.12";"0.85";"0.0";"488.77";"0.7";"5.49";"1.13";"23.27";"14.62";"14.25";"9.96";"11.74";"10.06";"0.81";"0.0";"";"0";"0.0";"0.0";"0.0";"0.0";"0.0";"0.0";"0.0";"0.0";"0.0";"0.0";"0.0";"0.0";"0.0";"0.0";"0.0";"0.0"
"Strategy 2.3.555";"";"0.87";"NDXm_TICK_UTCPlus02";"M15";"2576.48";"";"1524";"1.19";"1.47";"0.12";"64.41";"0.74";"0.0";"293.96";"0.69";"8.76";"2.3";"25.4";"14.7";"26.2";"20.29";"22.7";"4.89";"0.87";"0.0";"";"0";"0.0";"0.0";"0.0";"0.0";"0.0";"0.0";"0.0";"0.0";"0.0";"0.0";"0.0";"0.0";"0.0";"0.0";"0.0";"0.0"
"Strategy 1.5.317";"";"0.72";"NDXm_TICK_UTCPlus02";"M15";"1080.55";"";"708";"1.21";"1.13";"0.11";"27.01";"0.69";"0.0";"350.08";"0.96";"3.09";"1.22";"17.65";"13.97";"13.18";"10.49";"11.81";"0.56";"0.72";"0.0";"";"0";"0.0";"0.0";"0.0";"0.0";"0.0";"0.0";"0.0";"0.0";"0.0";"0.0";"0.0";"0.0";"0.0";"0.0";"0.0";"0.0"
"Strategy 1.5.331";"";"0.78";"NDXm_TICK_UTCPlus02";"M15";"1022.0";"";"667";"1.18";"0.93";"0.11";"25.55";"0.88";"0.0";"240.69";"0.71";"4.25";"1.41";"23.88";"14.34";"17.95";"13.32";"15.24";"2.5";"0.78";"0.0";"";"0";"0.0";"0.0";"0.0";"0.0";"0.0";"0.0";"0.0";"0.0";"0.0";"0.0";"0.0";"0.0";"0.0";"0.0";"0.0";"0.0"
"Strategy 1.5.302";"";"0.85";"NDXm_TICK_UTCPlus02";"M15";"2035.61";"";"1893";"1.15";"1.34";"0.07";"50.89";"0.83";"0.0";"272.63";"1.06";"7.47";"1.28";"16.16";"14.98";"24.37";"22.48";"23.45";"8.06";"0.85";"0.0";"";"0";"0.0";"0.0";"0.0";"0.0";"0.0";"0.0";"0.0";"0.0";"0.0";"0.0";"0.0";"0.0";"0.0";"0.0";"0.0";"0.0"
"Strategy 1.5.347";"";"0.8";"NDXm_TICK_UTCPlus02";"M15";"2114.51";"";"2420";"1.12";"1.17";"0.06";"52.86";"0.84";"0.0";"437.0";"0.97";"4.84";"1.15";"17.07";"14.87";"18.6";"15.35";"16.95";"12.11";"0.8";"0.0";"";"0";"0.0";"0.0";"0.0";"0.0";"0.0";"0.0";"0.0";"0.0";"0.0";"0.0";"0.0";"0.0";"0.0";"0.0";"0.0";"0.0"
"Strategy 1.5.325";"";"0.85";"NDXm_TICK_UTCPlus02";"M15";"1970.77";"";"2453";"1.11";"1.13";"0.05";"49.28";"0.8";"0.0";"265.42";"1.03";"7.43";"1.57";"16.15";"14.93";"22.62";"19.92";"21.29";"14.72";"0.85";"0.0";"";"0";"0.0";"0.0";"0.0";"0.0";"0.0";"0.0";"0.0";"0.0";"0.0";"0.0";"0.0";"0.0";"0.0";"0.0";"0.0";"0.0"
"Strategy 1.5.435";"";"0.69";"NDXm_TICK_UTCPlus02";"M15";"698.22";"";"607";"1.14";"0.72";"0.08";"17.45";"0.8";"0.0";"270.46";"0.78";"2.58";"0.73";"21.34";"14.6";"21.23";"15.14";"17.81";"3.0";"0.69";"0.0";"";"0";"0.0";"0.0";"0.0";"0.0";"0.0";"0.0";"0.0";"0.0";"0.0";"0.0";"0.0";"0.0";"0.0";"0.0";"0.0";"0.0"
"Strategy 1.5.447";"";"0.73";"NDXm_TICK_UTCPlus02";"M15";"640.24";"";"370";"1.19";"0.67";"0.12";"16.01";"0.81";"0.0";"197.81";"0.63";"3.24";"0.97";"27.48";"14.49";"21.19";"13.62";"16.55";"3.89";"0.73";"0.0";"";"0";"0.0";"0.0";"0.0";"0.0";"0.0";"0.0";"0.0";"0.0";"0.0";"0.0";"0.0";"0.0";"0.0";"0.0";"0.0";"0.0"
"Strategy 1.5.333";"";"0.83";"NDXm_TICK_UTCPlus02";"M15";"2161.88";"";"3209";"1.11";"1.24";"0.04";"54.05";"0.84";"0.0";"357.94";"1.36";"6.04";"1.47";"12.29";"15.1";"17.57";"17.94";"17.73";"15.67";"0.83";"0.0";"";"0";"0.0";"0.0";"0.0";"0.0";"0.0";"0.0";"0.0";"0.0";"0.0";"0.0";"0.0";"0.0";"0.0";"0.0";"0.0";"0.0"
"Strategy 1.5.449";"";"0.77";"NDXm_TICK_UTCPlus02";"M15";"1370.59";"";"1353";"1.13";"0.98";"0.07";"34.27";"0.64";"0.0";"324.46";"0.78";"4.22";"1.42";"20.57";"14.2";"16.68";"12.21";"14.16";"1.61";"0.77";"0.0";"";"0";"0.0";"0.0";"0.0";"0.0";"0.0";"0.0";"0.0";"0.0";"0.0";"0.0";"0.0";"0.0";"0.0";"0.0";"0.0";"0.0"
"Strategy 1.5.443";"";"0.84";"NDXm_TICK_UTCPlus02";"M15";"1957.73";"";"1584";"1.19";"1.5";"0.09";"48.95";"0.77";"0.0";"282.4";"1.19";"6.93";"2.88";"14.36";"14.35";"13.11";"13.35";"13.22";"3.22";"0.84";"0.0";"";"0";"0.0";"0.0";"0.0";"0.0";"0.0";"0.0";"0.0";"0.0";"0.0";"0.0";"0.0";"0.0";"0.0";"0.0";"0.0";"0.0"
"Strategy 1.5.487";"";"0.87";"NDXm_TICK_UTCPlus02";"M15";"1259.98";"";"442";"1.36";"1.31";"0.19";"31.5";"0.69";"0.0";"139.47";"0.85";"9.03";"3.17";"23.53";"14.71";"22.06";"16.26";"18.93";"3.5";"0.87";"0.0";"";"0";"0.0";"0.0";"0.0";"0.0";"0.0";"0.0";"0.0";"0.0";"0.0";"0.0";"0.0";"0.0";"0.0";"0.0";"0.0";"0.0"
"Strategy 1.5.452";"";"0.79";"NDXm_TICK_UTCPlus02";"M15";"1380.35";"";"1396";"1.13";"1.04";"0.06";"34.51";"0.81";"0.0";"289.4";"1.03";"4.77";"1.15";"16.75";"15.32";"25.99";"19.9";"23.0";"12.0";"0.79";"0.0";"";"0";"0.0";"0.0";"0.0";"0.0";"0.0";"0.0";"0.0";"0.0";"0.0";"0.0";"0.0";"0.0";"0.0";"0.0";"0.0";"0.0"
"Strategy 1.5.484";"";"0.83";"NDXm_TICK_UTCPlus02";"M15";"1240.92";"";"697";"1.25";"1.28";"0.12";"31.02";"0.83";"0.0";"206.64";"1.06";"6.01";"1.36";"17.45";"14.87";"15.2";"12.86";"14.07";"0.89";"0.83";"0.0";"";"0";"0.0";"0.0";"0.0";"0.0";"0.0";"0.0";"0.0";"0.0";"0.0";"0.0";"0.0";"0.0";"0.0";"0.0";"0.0";"0.0"
"Strategy 1.5.434";"";"0.82";"NDXm_TICK_UTCPlus02";"M15";"2393.88";"";"2728";"1.12";"1.24";"0.06";"59.85";"0.86";"0.0";"420.47";"0.97";"5.69";"1.36";"17.08";"14.85";"17.71";"14.97";"16.32";"11.78";"0.82";"0.0";"";"0";"0.0";"0.0";"0.0";"0.0";"0.0";"0.0";"0.0";"0.0";"0.0";"0.0";"0.0";"0.0";"0.0";"0.0";"0.0";"0.0"
"Strategy 1.5.509";"";"0.86";"NDXm_TICK_UTCPlus02";"M15";"1801.99";"";"706";"1.29";"1.42";"0.18";"45.05";"0.89";"0.0";"232.71";"0.65";"7.74";"1.95";"28.61";"14.27";"18.89";"10.21";"13.61";"2.06";"0.86";"0.0";"";"0";"0.0";"0.0";"0.0";"0.0";"0.0";"0.0";"0.0";"0.0";"0.0";"0.0";"0.0";"0.0";"0.0";"0.0";"0.0";"0.0"
"Strategy 1.5.511";"";"0.78";"NDXm_TICK_UTCPlus02";"M15";"1035.01";"";"1208";"1.13";"0.96";"0.06";"25.88";"0.7";"0.0";"237.83";"1.31";"4.35";"1.29";"12.86";"14.81";"11.27";"11.68";"11.45";"1.83";"0.78";"0.0";"";"0";"0.0";"0.0";"0.0";"0.0";"0.0";"0.0";"0.0";"0.0";"0.0";"0.0";"0.0";"0.0";"0.0";"0.0";"0.0";"0.0"
"Strategy 1.5.529";"";"0.74";"NDXm_TICK_UTCPlus02";"M15";"511.63";"";"381";"1.19";"0.73";"0.09";"12.79";"0.57";"0.0";"147.64";"1.24";"3.47";"1.06";"14.88";"15.47";"28.03";"24.34";"26.39";"4.61";"0.74";"0.0";"";"0";"0.0";"0.0";"0.0";"0.0";"0.0";"0.0";"0.0";"0.0";"0.0";"0.0";"0.0";"0.0";"0.0";"0.0";"0.0";"0.0"
"Strategy 1.5.519";"";"0.83";"NDXm_TICK_UTCPlus02";"M15";"1637.98";"";"710";"1.31";"1.5";"0.15";"40.95";"0.88";"0.0";"268.76";"1.03";"6.09";"1.49";"19.11";"15.07";"24.88";"25.32";"25.09";"3.67";"0.83";"0.0";"";"0";"0.0";"0.0";"0.0";"0.0";"0.0";"0.0";"0.0";"0.0";"0.0";"0.0";"0.0";"0.0";"0.0";"0.0";"0.0";"0.0"
"Strategy 1.5.520";"";"0.72";"NDXm_TICK_UTCPlus02";"M15";"1310.68";"";"850";"1.18";"1.01";"0.1";"32.77";"0.8";"0.0";"439.76";"0.75";"2.98";"1.23";"23.78";"15.04";"22.6";"18.22";"20.09";"4.44";"0.72";"0.0";"";"0";"0.0";"0.0";"0.0";"0.0";"0.0";"0.0";"0.0";"0.0";"0.0";"0.0";"0.0";"0.0";"0.0";"0.0";"0.0";"0.0"
"Strategy 1.5.481";"";"0.71";"NDXm_TICK_UTCPlus02";"M15";"1358.52";"";"1244";"1.13";"0.91";"0.07";"33.96";"0.76";"0.0";"469.34";"0.77";"2.89";"0.69";"22.03";"15.07";"37.26";"29.33";"32.79";"11.89";"0.71";"0.0";"";"0";"0.0";"0.0";"0.0";"0.0";"0.0";"0.0";"0.0";"0.0";"0.0";"0.0";"0.0";"0.0";"0.0";"0.0";"0.0";"0.0"
"Strategy 1.5.545";"";"0.71";"NDXm_TICK_UTCPlus02";"M15";"458.01";"";"493";"1.15";"0.68";"0.06";"11.45";"0.72";"0.0";"161.36";"1.45";"2.84";"0.83";"11.73";"14.76";"14.44";"16.8";"15.4";"1.11";"0.71";"0.0";"";"0";"0.0";"0.0";"0.0";"0.0";"0.0";"0.0";"0.0";"0.0";"0.0";"0.0";"0.0";"0.0";"0.0";"0.0";"0.0";"0.0"
"Strategy 1.5.537";"";"0.65";"NDXm_TICK_UTCPlus02";"M15";"806.61";"";"426";"1.24";"0.92";"0.12";"20.16";"0.58";"0.0";"395.34";"0.97";"2.04";"0.87";"19.62";"15.34";"35.56";"23.96";"29.68";"2.67";"0.65";"0.0";"";"0";"0.0";"0.0";"0.0";"0.0";"0.0";"0.0";"0.0";"0.0";"0.0";"0.0";"0.0";"0.0";"0.0";"0.0";"0.0";"0.0"
"Strategy 1.5.541";"";"0.78";"NDXm_TICK_UTCPlus02";"M15";"1065.59";"";"643";"1.25";"1.22";"0.11";"26.64";"0.77";"0.0";"237.51";"1.3";"4.49";"1.06";"14.54";"15.05";"22.6";"20.75";"21.79";"6.56";"0.78";"0.0";"";"0";"0.0";"0.0";"0.0";"0.0";"0.0";"0.0";"0.0";"0.0";"0.0";"0.0";"0.0";"0.0";"0.0";"0.0";"0.0";"0.0"
"Strategy 1.5.524";"";"0.71";"NDXm_TICK_UTCPlus02";"M15";"1061.48";"";"1196";"1.12";"0.86";"0.06";"26.53";"0.81";"0.0";"368.81";"0.94";"2.88";"0.86";"17.58";"14.78";"18.28";"15.9";"17.06";"3.5";"0.71";"0.0";"";"0";"0.0";"0.0";"0.0";"0.0";"0.0";"0.0";"0.0";"0.0";"0.0";"0.0";"0.0";"0.0";"0.0";"0.0";"0.0";"0.0"
"Strategy 1.5.512";"";"0.69";"NDXm_TICK_UTCPlus02";"M15";"1253.3";"";"1732";"1.12";"0.99";"0.05";"31.33";"0.66";"0.0";"499.63";"1.41";"2.51";"1.22";"11.73";"14.74";"16.71";"16.4";"16.58";"4.94";"0.69";"0.0";"";"0";"0.0";"0.0";"0.0";"0.0";"0.0";"0.0";"0.0";"0.0";"0.0";"0.0";"0.0";"0.0";"0.0";"0.0";"0.0";"0.0"
"Strategy 1.5.532";"";"0.71";"NDXm_TICK_UTCPlus02";"M15";"1384.86";"";"1495";"1.11";"0.89";"0.06";"34.62";"0.54";"0.0";"486.61";"0.77";"2.85";"1.43";"21.06";"14.56";"18.97";"13.25";"15.74";"6.17";"0.71";"0.0";"";"0";"0.0";"0.0";"0.0";"0.0";"0.0";"0.0";"0.0";"0.0";"0.0";"0.0";"0.0";"0.0";"0.0";"0.0";"0.0";"0.0"
"Strategy 1.5.544";"";"0.85";"NDXm_TICK_UTCPlus02";"M15";"2754.77";"";"1287";"1.27";"1.79";"0.15";"68.87";"0.8";"0.0";"371.51";"0.8";"7.42";"3.02";"22.81";"14.45";"22.62";"16.27";"19.1";"4.83";"0.85";"0.0";"";"0";"0.0";"0.0";"0.0";"0.0";"0.0";"0.0";"0.0";"0.0";"0.0";"0.0";"0.0";"0.0";"0.0";"0.0";"0.0";"0.0"
"Strategy 1.5.550";"";"0.66";"NDXm_TICK_UTCPlus02";"M15";"1121.97";"";"1341";"1.13";"0.95";"0.06";"28.05";"0.77";"0.0";"528.97";"1.27";"2.12";"0.69";"13.14";"14.73";"19.48";"20.28";"19.83";"7.0";"0.66";"0.0";"";"0";"0.0";"0.0";"0.0";"0.0";"0.0";"0.0";"0.0";"0.0";"0.0";"0.0";"0.0";"0.0";"0.0";"0.0";"0.0";"0.0"
"Strategy 1.5.573";"";"0.8";"NDXm_TICK_UTCPlus02";"M15";"1023.97";"";"665";"1.24";"1.17";"0.1";"25.6";"0.82";"0.0";"197.98";"1.38";"5.17";"1.0";"13.76";"15.37";"24.96";"23.68";"24.42";"7.5";"0.8";"0.0";"";"0";"0.0";"0.0";"0.0";"0.0";"0.0";"0.0";"0.0";"0.0";"0.0";"0.0";"0.0";"0.0";"0.0";"0.0";"0.0";"0.0"
"Strategy 1.5.559";"";"0.72";"NDXm_TICK_UTCPlus02";"M15";"1612.6";"";"1420";"1.15";"1.16";"0.08";"40.32";"0.79";"0.0";"531.54";"0.94";"3.03";"1.46";"17.93";"14.69";"19.15";"15.9";"17.48";"5.06";"0.72";"0.0";"";"0";"0.0";"0.0";"0.0";"0.0";"0.0";"0.0";"0.0";"0.0";"0.0";"0.0";"0.0";"0.0";"0.0";"0.0";"0.0";"0.0"
"Strategy 4.3.305";"";"0.82";"NDXm_TICK_UTCPlus02";"M15";"847.29";"";"512";"1.25";"1.13";"0.11";"21.18";"0.61";"0.0";"149.28";"1.18";"5.68";"1.97";"15.52";"14.68";"19.11";"17.84";"18.53";"3.06";"0.82";"0.0";"";"0";"0.0";"0.0";"0.0";"0.0";"0.0";"0.0";"0.0";"0.0";"0.0";"0.0";"0.0";"0.0";"0.0";"0.0";"0.0";"0.0"
"Strategy 1.5.536";"";"0.76";"NDXm_TICK_UTCPlus02";"M15";"2070.1";"";"2137";"1.11";"0.98";"0.06";"51.75";"0.81";"0.0";"544.47";"0.64";"3.8";"0.99";"26.03";"14.95";"27.17";"18.1";"21.62";"12.94";"0.76";"0.0";"";"0";"0.0";"0.0";"0.0";"0.0";"0.0";"0.0";"0.0";"0.0";"0.0";"0.0";"0.0";"0.0";"0.0";"0.0";"0.0";"0.0"
"Strategy 4.3.348";"";"0.64";"NDXm_TICK_UTCPlus02";"M15";"872.37";"";"923";"1.14";"0.81";"0.06";"21.81";"0.74";"0.0";"451.04";"1.17";"1.93";"0.83";"14.28";"14.68";"15.1";"13.46";"14.34";"4.22";"0.64";"0.0";"";"0";"0.0";"0.0";"0.0";"0.0";"0.0";"0.0";"0.0";"0.0";"0.0";"0.0";"0.0";"0.0";"0.0";"0.0";"0.0";"0.0"
"Strategy 4.3.337";"";"0.83";"NDXm_TICK_UTCPlus02";"M15";"1657.55";"";"1604";"1.13";"1.08";"0.07";"41.44";"0.89";"0.0";"268.12";"0.8";"6.18";"1.86";"20.58";"14.68";"15.63";"10.31";"12.68";"4.11";"0.83";"0.0";"";"0";"0.0";"0.0";"0.0";"0.0";"0.0";"0.0";"0.0";"0.0";"0.0";"0.0";"0.0";"0.0";"0.0";"0.0";"0.0";"0.0"
"Strategy 4.3.357";"";"0.72";"NDXm_TICK_UTCPlus02";"M15";"558.04";"";"357";"1.2";"0.77";"0.11";"13.95";"0.81";"0.0";"188.41";"0.86";"2.96";"0.79";"20.64";"14.83";"30.98";"26.47";"28.55";"0.33";"0.72";"0.0";"";"0";"0.0";"0.0";"0.0";"0.0";"0.0";"0.0";"0.0";"0.0";"0.0";"0.0";"0.0";"0.0";"0.0";"0.0";"0.0";"0.0"
"Strategy 4.3.300";"";"0.83";"NDXm_TICK_UTCPlus02";"M15";"2924.58";"";"2661";"1.14";"1.49";"0.07";"73.12";"0.85";"0.0";"458.02";"0.94";"6.39";"1.26";"18.12";"14.94";"20.89";"17.21";"19.0";"14.17";"0.83";"0.0";"";"0";"0.0";"0.0";"0.0";"0.0";"0.0";"0.0";"0.0";"0.0";"0.0";"0.0";"0.0";"0.0";"0.0";"0.0";"0.0";"0.0"
"Strategy 4.3.391";"";"0.64";"NDXm_TICK_UTCPlus02";"M15";"647.53";"";"762";"1.11";"0.57";"0.06";"16.19";"0.75";"0.0";"336.12";"0.78";"1.93";"0.54";"20.36";"14.38";"12.13";"8.23";"9.94";"1.83";"0.64";"0.0";"";"0";"0.0";"0.0";"0.0";"0.0";"0.0";"0.0";"0.0";"0.0";"0.0";"0.0";"0.0";"0.0";"0.0";"0.0";"0.0";"0.0"
"Strategy 1.5.575";"";"0.79";"NDXm_TICK_UTCPlus02";"M15";"1735.6";"";"1903";"1.11";"0.97";"0.06";"43.39";"0.81";"0.0";"372.78";"0.74";"4.66";"0.9";"22.13";"14.71";"32.49";"26.32";"28.93";"3.89";"0.79";"0.0";"";"0";"0.0";"0.0";"0.0";"0.0";"0.0";"0.0";"0.0";"0.0";"0.0";"0.0";"0.0";"0.0";"0.0";"0.0";"0.0";"0.0"
"Strategy 4.3.366";"";"0.81";"NDXm_TICK_UTCPlus02";"M15";"1872.43";"";"1774";"1.13";"1.12";"0.07";"46.82";"0.9";"0.0";"352.5";"0.85";"5.31";"1.64";"19.84";"14.98";"21.35";"15.34";"18.11";"10.11";"0.81";"0.0";"";"0";"0.0";"0.0";"0.0";"0.0";"0.0";"0.0";"0.0";"0.0";"0.0";"0.0";"0.0";"0.0";"0.0";"0.0";"0.0";"0.0"
"Strategy 4.3.324";"";"0.71";"NDXm_TICK_UTCPlus02";"M15";"1973.88";"";"1936";"1.12";"1.01";"0.07";"49.35";"0.84";"0.0";"693.55";"0.73";"2.85";"1.39";"23.08";"15.12";"33.27";"24.11";"27.98";"20.06";"0.71";"0.0";"";"0";"0.0";"0.0";"0.0";"0.0";"0.0";"0.0";"0.0";"0.0";"0.0";"0.0";"0.0";"0.0";"0.0";"0.0";"0.0";"0.0"
"Strategy 4.3.407";"";"0.74";"NDXm_TICK_UTCPlus02";"M15";"1587.93";"";"1036";"1.17";"1.01";"0.1";"39.7";"0.75";"0.0";"480.93";"0.65";"3.3";"1.3";"26.72";"14.97";"29.8";"18.99";"23.27";"7.11";"0.74";"0.0";"";"0";"0.0";"0.0";"0.0";"0.0";"0.0";"0.0";"0.0";"0.0";"0.0";"0.0";"0.0";"0.0";"0.0";"0.0";"0.0";"0.0"
"Strategy 4.3.420";"";"0.8";"NDXm_TICK_UTCPlus02";"M15";"1151.68";"";"924";"1.15";"0.95";"0.08";"28.79";"0.91";"0.0";"225.92";"0.79";"5.1";"1.09";"21.77";"14.91";"27.4";"18.8";"22.59";"4.83";"0.8";"0.0";"";"0";"0.0";"0.0";"0.0";"0.0";"0.0";"0.0";"0.0";"0.0";"0.0";"0.0";"0.0";"0.0";"0.0";"0.0";"0.0";"0.0"
"Strategy 4.3.438";"";"0.84";"NDXm_TICK_UTCPlus02";"M15";"1480.97";"";"1701";"1.14";"1.16";"0.06";"37.02";"0.86";"0.0";"217.93";"1.29";"6.8";"1.61";"12.9";"14.68";"10.05";"9.19";"9.67";"3.78";"0.84";"0.0";"";"0";"0.0";"0.0";"0.0";"0.0";"0.0";"0.0";"0.0";"0.0";"0.0";"0.0";"0.0";"0.0";"0.0";"0.0";"0.0";"0.0"
"Strategy 4.3.454";"";"0.76";"NDXm_TICK_UTCPlus02";"M15";"980.34";"";"1039";"1.14";"0.93";"0.07";"24.51";"0.85";"0.0";"253.42";"1.05";"3.87";"1.18";"15.15";"13.96";"10.91";"10.44";"10.68";"1.28";"0.76";"0.0";"";"0";"0.0";"0.0";"0.0";"0.0";"0.0";"0.0";"0.0";"0.0";"0.0";"0.0";"0.0";"0.0";"0.0";"0.0";"0.0";"0.0"
"Strategy 4.3.437";"";"0.8";"NDXm_TICK_UTCPlus02";"M15";"1262.1";"";"1452";"1.11";"0.86";"0.06";"31.55";"0.9";"0.0";"251.49";"0.8";"5.02";"1.3";"20.28";"14.73";"20.58";"12.01";"15.83";"5.28";"0.8";"0.0";"";"0";"0.0";"0.0";"0.0";"0.0";"0.0";"0.0";"0.0";"0.0";"0.0";"0.0";"0.0";"0.0";"0.0";"0.0";"0.0";"0.0"
"Strategy 4.3.431";"";"0.75";"NDXm_TICK_UTCPlus02";"M15";"1589.98";"";"1900";"1.11";"0.97";"0.06";"39.75";"0.72";"0.0";"433.11";"0.89";"3.67";"0.95";"18.61";"14.92";"26.76";"21.81";"24.14";"9.28";"0.75";"0.0";"";"0";"0.0";"0.0";"0.0";"0.0";"0.0";"0.0";"0.0";"0.0";"0.0";"0.0";"0.0";"0.0";"0.0";"0.0";"0.0";"0.0"
"Strategy 4.3.512";"";"0.76";"NDXm_TICK_UTCPlus02";"M15";"960.7";"";"754";"1.16";"0.9";"0.09";"24.02";"0.76";"0.0";"256.89";"0.87";"3.74";"0.98";"19.43";"14.46";"15.33";"10.05";"12.5";"2.28";"0.76";"0.0";"";"0";"0.0";"0.0";"0.0";"0.0";"0.0";"0.0";"0.0";"0.0";"0.0";"0.0";"0.0";"0.0";"0.0";"0.0";"0.0";"0.0"
"Strategy 4.3.475";"";"0.84";"NDXm_TICK_UTCPlus02";"M15";"2593.33";"";"1643";"1.19";"1.44";"0.11";"64.83";"0.91";"0.0";"373.33";"0.78";"6.95";"1.39";"22.68";"14.96";"22.36";"16.31";"18.97";"7.89";"0.84";"0.0";"";"0";"0.0";"0.0";"0.0";"0.0";"0.0";"0.0";"0.0";"0.0";"0.0";"0.0";"0.0";"0.0";"0.0";"0.0";"0.0";"0.0"
"Strategy 4.3.460";"";"0.8";"NDXm_TICK_UTCPlus02";"M15";"2522.26";"";"2201";"1.13";"1.2";"0.08";"63.06";"0.85";"0.0";"497.54";"0.68";"5.07";"1.36";"24.47";"14.71";"19.39";"13.41";"15.83";"10.72";"0.8";"0.0";"";"0";"0.0";"0.0";"0.0";"0.0";"0.0";"0.0";"0.0";"0.0";"0.0";"0.0";"0.0";"0.0";"0.0";"0.0";"0.0";"0.0"
"Strategy 4.3.493";"";"0.78";"NDXm_TICK_UTCPlus02";"M15";"1232.2";"";"1022";"1.17";"1.07";"0.08";"30.81";"0.77";"0.0";"286.45";"1.06";"4.3";"0.81";"16.49";"15.01";"26.38";"22.57";"24.53";"3.28";"0.78";"0.0";"";"0";"0.0";"0.0";"0.0";"0.0";"0.0";"0.0";"0.0";"0.0";"0.0";"0.0";"0.0";"0.0";"0.0";"0.0";"0.0";"0.0"
"Strategy 4.3.469";"";"0.81";"NDXm_TICK_UTCPlus02";"M15";"1819.71";"";"2103";"1.11";"1.0";"0.06";"45.49";"0.86";"0.0";"335.88";"0.83";"5.42";"1.06";"19.79";"14.88";"20.86";"15.29";"17.82";"10.94";"0.81";"0.0";"";"0";"0.0";"0.0";"0.0";"0.0";"0.0";"0.0";"0.0";"0.0";"0.0";"0.0";"0.0";"0.0";"0.0";"0.0";"0.0";"0.0"
"Strategy 4.3.448";"";"0.76";"NDXm_TICK_UTCPlus02";"M15";"2459.31";"";"2822";"1.11";"1.22";"0.06";"61.48";"0.77";"0.0";"622.58";"0.91";"3.95";"1.17";"18.25";"14.91";"20.73";"17.0";"18.77";"16.28";"0.76";"0.0";"";"0";"0.0";"0.0";"0.0";"0.0";"0.0";"0.0";"0.0";"0.0";"0.0";"0.0";"0.0";"0.0";"0.0";"0.0";"0.0";"0.0"
"Strategy 4.3.551";"";"0.76";"NDXm_TICK_UTCPlus02";"M15";"1199.87";"";"984";"1.15";"0.98";"0.08";"30.0";"0.85";"0.0";"315.89";"0.86";"3.8";"1.11";"19.61";"14.66";"14.74";"10.91";"12.68";"4.22";"0.76";"0.0";"";"0";"0.0";"0.0";"0.0";"0.0";"0.0";"0.0";"0.0";"0.0";"0.0";"0.0";"0.0";"0.0";"0.0";"0.0";"0.0";"0.0"
"Strategy 4.3.458";"";"0.86";"NDXm_TICK_UTCPlus02";"M15";"4295.72";"";"3533";"1.13";"1.5";"0.08";"107.39";"0.84";"0.0";"541.85";"0.62";"7.93";"1.61";"26.91";"14.69";"19.51";"12.31";"15.06";"16.44";"0.86";"0.0";"";"0";"0.0";"0.0";"0.0";"0.0";"0.0";"0.0";"0.0";"0.0";"0.0";"0.0";"0.0";"0.0";"0.0";"0.0";"0.0";"0.0"
"Strategy 4.3.579";"";"0.7";"NDXm_TICK_UTCPlus02";"M15";"1376.39";"";"1487";"1.11";"0.87";"0.07";"34.41";"0.71";"0.0";"507.71";"0.68";"2.71";"1.13";"22.74";"13.83";"14.91";"10.46";"12.26";"0.28";"0.7";"0.0";"";"0";"0.0";"0.0";"0.0";"0.0";"0.0";"0.0";"0.0";"0.0";"0.0";"0.0";"0.0";"0.0";"0.0";"0.0";"0.0";"0.0"
"Strategy 4.3.574";"";"0.8";"NDXm_TICK_UTCPlus02";"M15";"2271.5";"";"1594";"1.17";"1.32";"0.1";"56.79";"0.79";"0.0";"451.38";"0.66";"5.03";"2.85";"24.93";"14.02";"16.56";"10.82";"13.09";"0.39";"0.8";"0.0";"";"0";"0.0";"0.0";"0.0";"0.0";"0.0";"0.0";"0.0";"0.0";"0.0";"0.0";"0.0";"0.0";"0.0";"0.0";"0.0";"0.0"
"Strategy 4.3.554";"";"0.86";"NDXm_TICK_UTCPlus02";"M15";"3500.59";"";"1816";"1.2";"1.57";"0.13";"87.52";"0.89";"0.0";"451.81";"0.62";"7.75";"2.12";"29.91";"15.3";"25.27";"14.05";"18.33";"14.67";"0.86";"0.0";"";"0";"0.0";"0.0";"0.0";"0.0";"0.0";"0.0";"0.0";"0.0";"0.0";"0.0";"0.0";"0.0";"0.0";"0.0";"0.0";"0.0"
"Strategy 4.3.571";"";"0.84";"NDXm_TICK_UTCPlus02";"M15";"2644.7";"";"3143";"1.12";"1.36";"0.06";"66.11";"0.83";"0.0";"394.19";"1.03";"6.71";"1.22";"15.71";"14.48";"11.28";"9.37";"10.34";"10.11";"0.84";"0.0";"";"0";"0.0";"0.0";"0.0";"0.0";"0.0";"0.0";"0.0";"0.0";"0.0";"0.0";"0.0";"0.0";"0.0";"0.0";"0.0";"0.0"
"Strategy 3.5.350";"";"0.84";"NDXm_TICK_UTCPlus02";"M15";"1555.46";"";"621";"1.29";"1.31";"0.17";"38.89";"0.78";"0.0";"222.77";"0.66";"6.98";"2.63";"28.06";"14.48";"22.05";"15.14";"17.9";"2.67";"0.84";"0.0";"";"0";"0.0";"0.0";"0.0";"0.0";"0.0";"0.0";"0.0";"0.0";"0.0";"0.0";"0.0";"0.0";"0.0";"0.0";"0.0";"0.0"
"Strategy 3.5.330";"";"0.82";"NDXm_TICK_UTCPlus02";"M15";"1828.63";"";"1112";"1.21";"1.4";"0.11";"45.72";"0.83";"0.0";"327.29";"0.83";"5.59";"1.69";"21.07";"14.57";"15.64";"11.0";"13.11";"3.83";"0.82";"0.0";"";"0";"0.0";"0.0";"0.0";"0.0";"0.0";"0.0";"0.0";"0.0";"0.0";"0.0";"0.0";"0.0";"0.0";"0.0";"0.0";"0.0"
"Strategy 3.5.344";"";"0.68";"NDXm_TICK_UTCPlus02";"M15";"846.19";"";"910";"1.12";"0.75";"0.06";"21.15";"0.81";"0.0";"361.7";"0.92";"2.34";"0.7";"18.0";"14.7";"15.34";"11.57";"13.37";"0.28";"0.68";"0.0";"";"0";"0.0";"0.0";"0.0";"0.0";"0.0";"0.0";"0.0";"0.0";"0.0";"0.0";"0.0";"0.0";"0.0";"0.0";"0.0";"0.0"
"Strategy 3.5.322";"";"0.83";"NDXm_TICK_UTCPlus02";"M15";"2037.71";"";"1000";"1.24";"1.54";"0.14";"50.94";"0.77";"0.0";"318.75";"0.78";"6.39";"1.75";"23.88";"14.92";"30.12";"22.74";"25.96";"6.44";"0.83";"0.0";"";"0";"0.0";"0.0";"0.0";"0.0";"0.0";"0.0";"0.0";"0.0";"0.0";"0.0";"0.0";"0.0";"0.0";"0.0";"0.0";"0.0"
"Strategy 3.5.361";"";"0.71";"NDXm_TICK_UTCPlus02";"M15";"950.27";"";"877";"1.14";"0.87";"0.07";"23.76";"0.72";"0.0";"342.89";"0.91";"2.77";"0.95";"18.34";"14.7";"16.73";"13.24";"14.9";"3.33";"0.71";"0.0";"";"0";"0.0";"0.0";"0.0";"0.0";"0.0";"0.0";"0.0";"0.0";"0.0";"0.0";"0.0";"0.0";"0.0";"0.0";"0.0";"0.0"
"Strategy 3.5.341";"";"0.78";"NDXm_TICK_UTCPlus02";"M15";"1177.59";"";"1152";"1.12";"0.84";"0.07";"29.44";"0.82";"0.0";"276.49";"0.76";"4.26";"0.93";"21.93";"14.79";"20.9";"16.03";"18.12";"5.39";"0.78";"0.0";"";"0";"0.0";"0.0";"0.0";"0.0";"0.0";"0.0";"0.0";"0.0";"0.0";"0.0";"0.0";"0.0";"0.0";"0.0";"0.0";"0.0"
"Strategy 3.5.328";"";"0.74";"NDXm_TICK_UTCPlus02";"M15";"1992.81";"";"2015";"1.12";"1.13";"0.07";"49.82";"0.73";"0.0";"589.74";"0.86";"3.38";"1.12";"19.46";"14.87";"21.56";"16.15";"18.65";"8.78";"0.74";"0.0";"";"0";"0.0";"0.0";"0.0";"0.0";"0.0";"0.0";"0.0";"0.0";"0.0";"0.0";"0.0";"0.0";"0.0";"0.0";"0.0";"0.0"
"Strategy 3.5.381";"";"0.87";"NDXm_TICK_UTCPlus02";"M15";"2047.38";"";"897";"1.26";"1.4";"0.16";"51.19";"0.83";"0.0";"223.9";"0.63";"9.14";"3.49";"29.13";"14.5";"20.54";"14.14";"16.61";"3.39";"0.87";"0.0";"";"0";"0.0";"0.0";"0.0";"0.0";"0.0";"0.0";"0.0";"0.0";"0.0";"0.0";"0.0";"0.0";"0.0";"0.0";"0.0";"0.0"
"Strategy 3.5.373";"";"0.67";"NDXm_TICK_UTCPlus02";"M15";"1203.79";"";"1082";"1.15";"0.98";"0.08";"30.09";"0.68";"0.0";"535.22";"0.92";"2.25";"0.82";"18.3";"14.67";"21.24";"13.82";"17.37";"4.67";"0.67";"0.0";"";"0";"0.0";"0.0";"0.0";"0.0";"0.0";"0.0";"0.0";"0.0";"0.0";"0.0";"0.0";"0.0";"0.0";"0.0";"0.0";"0.0"
"Strategy 3.5.383";"";"0.8";"NDXm_TICK_UTCPlus02";"M15";"741.09";"";"420";"1.27";"1.07";"0.12";"18.53";"0.8";"0.0";"147.39";"1.3";"5.03";"1.07";"14.63";"14.9";"23.66";"22.12";"22.99";"1.39";"0.8";"0.0";"";"0";"0.0";"0.0";"0.0";"0.0";"0.0";"0.0";"0.0";"0.0";"0.0";"0.0";"0.0";"0.0";"0.0";"0.0";"0.0";"0.0"
"Strategy 3.5.368";"";"0.68";"NDXm_TICK_UTCPlus02";"M15";"1019.01";"";"844";"1.14";"0.8";"0.08";"25.48";"0.67";"0.0";"437.71";"0.74";"2.33";"1.03";"23.43";"15.16";"32.35";"24.92";"28.07";"6.0";"0.68";"0.0";"";"0";"0.0";"0.0";"0.0";"0.0";"0.0";"0.0";"0.0";"0.0";"0.0";"0.0";"0.0";"0.0";"0.0";"0.0";"0.0";"0.0"
"Strategy 3.5.343";"";"0.79";"NDXm_TICK_UTCPlus02";"M15";"1833.26";"";"1731";"1.12";"1.04";"0.07";"45.83";"0.81";"0.0";"401.45";"0.76";"4.57";"0.93";"22.28";"15.09";"23.89";"17.79";"20.43";"10.5";"0.79";"0.0";"";"0";"0.0";"0.0";"0.0";"0.0";"0.0";"0.0";"0.0";"0.0";"0.0";"0.0";"0.0";"0.0";"0.0";"0.0";"0.0";"0.0"
"Strategy 3.5.396";"";"0.7";"NDXm_TICK_UTCPlus02";"M15";"823.69";"";"854";"1.14";"0.86";"0.06";"20.59";"0.77";"0.0";"301.79";"1.2";"2.73";"1.11";"14.18";"14.9";"22.24";"21.3";"21.81";"3.39";"0.7";"0.0";"";"0";"0.0";"0.0";"0.0";"0.0";"0.0";"0.0";"0.0";"0.0";"0.0";"0.0";"0.0";"0.0";"0.0";"0.0";"0.0";"0.0"
"Strategy 3.5.406";"";"0.71";"NDXm_TICK_UTCPlus02";"M15";"758.41";"";"731";"1.14";"0.79";"0.07";"18.96";"0.82";"0.0";"261.97";"0.99";"2.9";"0.94";"17.03";"14.74";"32.8";"27.33";"30.05";"1.94";"0.71";"0.0";"";"0";"0.0";"0.0";"0.0";"0.0";"0.0";"0.0";"0.0";"0.0";"0.0";"0.0";"0.0";"0.0";"0.0";"0.0";"0.0";"0.0"
"Strategy 3.5.382";"";"0.82";"NDXm_TICK_UTCPlus02";"M15";"2134.2";"";"2268";"1.11";"1.09";"0.06";"53.36";"0.86";"0.0";"370.39";"0.8";"5.76";"1.08";"20.6";"14.73";"16.26";"12.17";"13.99";"9.33";"0.82";"0.0";"";"0";"0.0";"0.0";"0.0";"0.0";"0.0";"0.0";"0.0";"0.0";"0.0";"0.0";"0.0";"0.0";"0.0";"0.0";"0.0";"0.0"
"Strategy 3.5.407";"";"0.77";"NDXm_TICK_UTCPlus02";"M15";"1313.03";"";"1626";"1.13";"1.03";"0.05";"32.83";"0.75";"0.0";"325.68";"1.31";"4.03";"1.25";"12.79";"14.85";"12.98";"12.1";"12.6";"6.33";"0.77";"0.0";"";"0";"0.0";"0.0";"0.0";"0.0";"0.0";"0.0";"0.0";"0.0";"0.0";"0.0";"0.0";"0.0";"0.0";"0.0";"0.0";"0.0"
"Strategy 3.5.366";"";"0.84";"NDXm_TICK_UTCPlus02";"M15";"3432.41";"";"2712";"1.15";"1.55";"0.09";"85.81";"0.79";"0.0";"498.98";"0.67";"6.88";"1.9";"24.19";"14.16";"20.18";"12.29";"15.46";"10.06";"0.84";"0.0";"";"0";"0.0";"0.0";"0.0";"0.0";"0.0";"0.0";"0.0";"0.0";"0.0";"0.0";"0.0";"0.0";"0.0";"0.0";"0.0";"0.0"
"Strategy 3.5.438";"";"0.85";"NDXm_TICK_UTCPlus02";"M15";"1729.57";"";"747";"1.3";"1.51";"0.16";"43.24";"0.9";"0.0";"241.46";"0.94";"7.16";"2.57";"20.72";"14.89";"18.39";"15.14";"16.71";"2.72";"0.85";"0.0";"";"0";"0.0";"0.0";"0.0";"0.0";"0.0";"0.0";"0.0";"0.0";"0.0";"0.0";"0.0";"0.0";"0.0";"0.0";"0.0";"0.0"
"Strategy 3.5.443";"";"0.66";"NDXm_TICK_UTCPlus02";"M15";"914.86";"";"961";"1.12";"0.79";"0.06";"22.87";"0.7";"0.0";"424.5";"0.88";"2.16";"0.73";"18.65";"14.64";"17.34";"12.86";"14.96";"3.0";"0.66";"0.0";"";"0";"0.0";"0.0";"0.0";"0.0";"0.0";"0.0";"0.0";"0.0";"0.0";"0.0";"0.0";"0.0";"0.0";"0.0";"0.0";"0.0"
"Strategy 3.5.411";"";"0.75";"NDXm_TICK_UTCPlus02";"M15";"1281.05";"";"1252";"1.12";"0.88";"0.07";"32.03";"0.79";"0.0";"352.98";"0.7";"3.63";"0.92";"23.52";"14.75";"27.95";"21.18";"23.97";"5.67";"0.75";"0.0";"";"0";"0.0";"0.0";"0.0";"0.0";"0.0";"0.0";"0.0";"0.0";"0.0";"0.0";"0.0";"0.0";"0.0";"0.0";"0.0";"0.0"
"Strategy 3.5.418";"";"0.76";"NDXm_TICK_UTCPlus02";"M15";"1539.8";"";"1411";"1.12";"0.91";"0.08";"38.5";"0.7";"0.0";"395.95";"0.63";"3.89";"1.14";"25.68";"14.52";"24.93";"17.84";"20.59";"6.06";"0.76";"0.0";"";"0";"0.0";"0.0";"0.0";"0.0";"0.0";"0.0";"0.0";"0.0";"0.0";"0.0";"0.0";"0.0";"0.0";"0.0";"0.0";"0.0"
"Strategy 3.5.416";"";"0.73";"NDXm_TICK_UTCPlus02";"M15";"1397.89";"";"1339";"1.12";"0.88";"0.07";"34.95";"0.72";"0.0";"427.49";"0.67";"3.27";"1.31";"24.87";"14.81";"31.64";"21.0";"25.25";"5.33";"0.73";"0.0";"";"0";"0.0";"0.0";"0.0";"0.0";"0.0";"0.0";"0.0";"0.0";"0.0";"0.0";"0.0";"0.0";"0.0";"0.0";"0.0";"0.0"
"Strategy 3.5.449";"";"0.7";"NDXm_TICK_UTCPlus02";"M15";"772.42";"";"686";"1.16";"0.88";"0.07";"19.31";"0.68";"0.0";"284.1";"1.23";"2.72";"1.08";"14.46";"15.24";"27.3";"26.17";"26.79";"7.5";"0.7";"0.0";"";"0";"0.0";"0.0";"0.0";"0.0";"0.0";"0.0";"0.0";"0.0";"0.0";"0.0";"0.0";"0.0";"0.0";"0.0";"0.0";"0.0"
"Strategy 3.5.450";"";"0.89";"NDXm_TICK_UTCPlus02";"M15";"2273.58";"";"1019";"1.29";"1.8";"0.15";"56.84";"0.92";"0.0";"222.51";"0.96";"10.22";"2.57";"20.16";"14.98";"24.13";"19.05";"21.54";"4.67";"0.89";"0.0";"";"0";"0.0";"0.0";"0.0";"0.0";"0.0";"0.0";"0.0";"0.0";"0.0";"0.0";"0.0";"0.0";"0.0";"0.0";"0.0";"0.0"
"Strategy 3.5.426";"";"0.82";"NDXm_TICK_UTCPlus02";"M15";"1627.38";"";"1586";"1.12";"1.01";"0.07";"40.68";"0.83";"0.0";"286.24";"0.76";"5.69";"1.17";"21.64";"14.6";"24.46";"19.31";"21.53";"2.33";"0.82";"0.0";"";"0";"0.0";"0.0";"0.0";"0.0";"0.0";"0.0";"0.0";"0.0";"0.0";"0.0";"0.0";"0.0";"0.0";"0.0";"0.0";"0.0"
"Strategy 3.5.475";"";"0.83";"NDXm_TICK_UTCPlus02";"M15";"1150.55";"";"644";"1.23";"1.12";"0.13";"28.77";"0.82";"0.0";"180.4";"0.76";"6.38";"2.17";"21.81";"13.52";"9.25";"7.13";"8.05";"0.11";"0.83";"0.0";"";"0";"0.0";"0.0";"0.0";"0.0";"0.0";"0.0";"0.0";"0.0";"0.0";"0.0";"0.0";"0.0";"0.0";"0.0";"0.0";"0.0"
"Strategy 3.5.433";"";"0.85";"NDXm_TICK_UTCPlus02";"M15";"2449.3";"";"1987";"1.15";"1.29";"0.08";"61.23";"0.85";"0.0";"329.91";"0.79";"7.42";"1.69";"21.81";"15.06";"25.08";"18.06";"21.16";"13.06";"0.85";"0.0";"";"0";"0.0";"0.0";"0.0";"0.0";"0.0";"0.0";"0.0";"0.0";"0.0";"0.0";"0.0";"0.0";"0.0";"0.0";"0.0";"0.0"
"Strategy 3.5.461";"";"0.73";"NDXm_TICK_UTCPlus02";"M15";"790.19";"";"754";"1.12";"0.67";"0.07";"19.75";"0.81";"0.0";"246.68";"0.75";"3.2";"0.83";"22.79";"15.15";"38.32";"30.44";"33.8";"4.61";"0.73";"0.0";"";"0";"0.0";"0.0";"0.0";"0.0";"0.0";"0.0";"0.0";"0.0";"0.0";"0.0";"0.0";"0.0";"0.0";"0.0";"0.0";"0.0"
"Strategy 3.5.498";"";"0.76";"NDXm_TICK_UTCPlus02";"M15";"1348.35";"";"1361";"1.11";"0.91";"0.07";"33.71";"0.8";"0.0";"348.78";"0.63";"3.87";"1.2";"25.05";"14.07";"18.03";"10.92";"13.66";"2.72";"0.76";"0.0";"";"0";"0.0";"0.0";"0.0";"0.0";"0.0";"0.0";"0.0";"0.0";"0.0";"0.0";"0.0";"0.0";"0.0";"0.0";"0.0";"0.0"
"Strategy 3.5.516";"";"0.83";"NDXm_TICK_UTCPlus02";"M15";"1617.55";"";"1297";"1.15";"1.08";"0.08";"40.44";"0.82";"0.0";"252.3";"0.75";"6.41";"1.5";"22.68";"14.79";"17.06";"12.2";"14.28";"5.11";"0.83";"0.0";"";"0";"0.0";"0.0";"0.0";"0.0";"0.0";"0.0";"0.0";"0.0";"0.0";"0.0";"0.0";"0.0";"0.0";"0.0";"0.0";"0.0"
"Strategy 3.5.553";"";"0.81";"NDXm_TICK_UTCPlus02";"M15";"1308.44";"";"910";"1.19";"1.13";"0.1";"32.71";"0.8";"0.0";"244.64";"0.95";"5.35";"1.21";"18.51";"14.76";"18.89";"14.11";"16.44";"3.72";"0.81";"0.0";"";"0";"0.0";"0.0";"0.0";"0.0";"0.0";"0.0";"0.0";"0.0";"0.0";"0.0";"0.0";"0.0";"0.0";"0.0";"0.0";"0.0"
"Strategy 3.5.490";"";"0.77";"NDXm_TICK_UTCPlus02";"M15";"2075.48";"";"2104";"1.11";"0.99";"0.07";"51.89";"0.86";"0.0";"523.22";"0.62";"3.97";"1.19";"26.5";"14.92";"28.26";"16.54";"21.04";"12.61";"0.77";"0.0";"";"0";"0.0";"0.0";"0.0";"0.0";"0.0";"0.0";"0.0";"0.0";"0.0";"0.0";"0.0";"0.0";"0.0";"0.0";"0.0";"0.0"
"Strategy 3.5.543";"";"0.64";"NDXm_TICK_UTCPlus02";"M15";"717.52";"";"765";"1.11";"0.64";"0.06";"17.94";"0.74";"0.0";"369.05";"0.77";"1.94";"0.76";"21.75";"15.02";"33.91";"26.53";"29.74";"3.67";"0.64";"0.0";"";"0";"0.0";"0.0";"0.0";"0.0";"0.0";"0.0";"0.0";"0.0";"0.0";"0.0";"0.0";"0.0";"0.0";"0.0";"0.0";"0.0"
"Strategy 3.5.506";"";"0.82";"NDXm_TICK_UTCPlus02";"M15";"2151.97";"";"1932";"1.13";"1.11";"0.08";"53.8";"0.86";"0.0";"380.36";"0.7";"5.66";"1.27";"23.51";"14.54";"23.04";"15.87";"18.82";"9.5";"0.82";"0.0";"";"0";"0.0";"0.0";"0.0";"0.0";"0.0";"0.0";"0.0";"0.0";"0.0";"0.0";"0.0";"0.0";"0.0";"0.0";"0.0";"0.0"
"Strategy 3.5.562";"";"0.73";"NDXm_TICK_UTCPlus02";"M15";"1157.65";"";"1179";"1.13";"0.9";"0.07";"28.94";"0.75";"0.0";"361.75";"0.93";"3.2";"0.66";"17.88";"14.67";"16.5";"13.54";"14.97";"4.67";"0.73";"0.0";"";"0";"0.0";"0.0";"0.0";"0.0";"0.0";"0.0";"0.0";"0.0";"0.0";"0.0";"0.0";"0.0";"0.0";"0.0";"0.0";"0.0"
"Strategy 3.5.555";"";"0.86";"NDXm_TICK_UTCPlus02";"M15";"1433.0";"";"751";"1.23";"1.24";"0.13";"35.82";"0.86";"0.0";"179.81";"0.81";"7.97";"1.61";"22.74";"14.96";"33.85";"27.13";"30.14";"4.33";"0.86";"0.0";"";"0";"0.0";"0.0";"0.0";"0.0";"0.0";"0.0";"0.0";"0.0";"0.0";"0.0";"0.0";"0.0";"0.0";"0.0";"0.0";"0.0"
"Strategy 3.5.529";"";"0.73";"NDXm_TICK_UTCPlus02";"M15";"1089.14";"";"872";"1.14";"0.86";"0.08";"27.23";"0.78";"0.0";"341.56";"0.77";"3.19";"1.18";"22.77";"15.29";"46.73";"33.41";"39.2";"14.11";"0.73";"0.0";"";"0";"0.0";"0.0";"0.0";"0.0";"0.0";"0.0";"0.0";"0.0";"0.0";"0.0";"0.0";"0.0";"0.0";"0.0";"0.0";"0.0"
"Strategy 3.5.571";"";"0.73";"NDXm_TICK_UTCPlus02";"M15";"1263.08";"";"958";"1.15";"0.9";"0.09";"31.58";"0.73";"0.0";"397.28";"0.63";"3.18";"1.28";"26.23";"14.43";"19.91";"11.37";"14.68";"2.06";"0.73";"0.0";"";"0";"0.0";"0.0";"0.0";"0.0";"0.0";"0.0";"0.0";"0.0";"0.0";"0.0";"0.0";"0.0";"0.0";"0.0";"0.0";"0.0"
"Strategy 3.5.570";"";"0.78";"NDXm_TICK_UTCPlus02";"M15";"1875.55";"";"1246";"1.19";"1.29";"0.1";"46.89";"0.86";"0.0";"427.87";"0.9";"4.38";"1.58";"19.58";"14.75";"16.55";"12.84";"14.6";"4.22";"0.78";"0.0";"";"0";"0.0";"0.0";"0.0";"0.0";"0.0";"0.0";"0.0";"0.0";"0.0";"0.0";"0.0";"0.0";"0.0";"0.0";"0.0";"0.0"
"Strategy 3.5.504";"";"0.76";"NDXm_TICK_UTCPlus02";"M15";"1428.98";"";"1519";"1.12";"0.99";"0.06";"35.73";"0.81";"0.0";"365.57";"0.91";"3.91";"1.42";"18.48";"15.03";"38.97";"32.8";"35.74";"8.72";"0.76";"0.0";"";"0";"0.0";"0.0";"0.0";"0.0";"0.0";"0.0";"0.0";"0.0";"0.0";"0.0";"0.0";"0.0";"0.0";"0.0";"0.0";"0.0"
"Strategy 3.5.548";"";"0.77";"NDXm_TICK_UTCPlus02";"M15";"1585.06";"";"2432";"1.11";"1.08";"0.04";"39.62";"0.8";"0.0";"376.14";"1.42";"4.21";"0.81";"11.61";"14.91";"14.65";"15.19";"14.87";"9.22";"0.77";"0.0";"";"0";"0.0";"0.0";"0.0";"0.0";"0.0";"0.0";"0.0";"0.0";"0.0";"0.0";"0.0";"0.0";"0.0";"0.0";"0.0";"0.0"
"Strategy 3.5.560";"";"0.75";"NDXm_TICK_UTCPlus02";"M15";"1976.13";"";"1454";"1.16";"1.26";"0.09";"49.4";"0.79";"0.0";"540.36";"0.81";"3.66";"1.27";"21.57";"15.03";"35.51";"25.86";"30.18";"13.0";"0.75";"0.0";"";"0";"0.0";"0.0";"0.0";"0.0";"0.0";"0.0";"0.0";"0.0";"0.0";"0.0";"0.0";"0.0";"0.0";"0.0";"0.0";"0.0"
"Strategy 3.5.572";"";"0.83";"NDXm_TICK_UTCPlus02";"M15";"1957.86";"";"2321";"1.12";"1.18";"0.06";"48.95";"0.76";"0.0";"322.41";"1.05";"6.07";"1.36";"15.91";"14.95";"25.35";"21.41";"23.42";"11.78";"0.83";"0.0";"";"0";"0.0";"0.0";"0.0";"0.0";"0.0";"0.0";"0.0";"0.0";"0.0";"0.0";"0.0";"0.0";"0.0";"0.0";"0.0";"0.0"
"Strategy 2.4.312";"";"0.73";"NDXm_TICK_UTCPlus02";"M15";"622.41";"";"546";"1.17";"0.82";"0.08";"15.56";"0.86";"0.0";"190.68";"1.08";"3.26";"0.88";"14.95";"13.72";"16.49";"14.52";"15.54";"1.72";"0.73";"0.0";"";"0";"0.0";"0.0";"0.0";"0.0";"0.0";"0.0";"0.0";"0.0";"0.0";"0.0";"0.0";"0.0";"0.0";"0.0";"0.0";"0.0"
"Strategy 2.4.301";"";"0.81";"NDXm_TICK_UTCPlus02";"M15";"901.04";"";"485";"1.32";"1.32";"0.12";"22.52";"0.79";"0.0";"172.57";"1.58";"5.22";"1.07";"12.47";"14.91";"26.4";"24.11";"25.51";"3.61";"0.81";"0.0";"";"0";"0.0";"0.0";"0.0";"0.0";"0.0";"0.0";"0.0";"0.0";"0.0";"0.0";"0.0";"0.0";"0.0";"0.0";"0.0";"0.0"
"Strategy 2.4.323";"";"0.8";"NDXm_TICK_UTCPlus02";"M15";"913.29";"";"727";"1.2";"1.1";"0.09";"22.83";"0.77";"0.0";"176.98";"1.3";"5.16";"1.22";"13.13";"14.19";"17.34";"15.27";"16.44";"4.56";"0.8";"0.0";"";"0";"0.0";"0.0";"0.0";"0.0";"0.0";"0.0";"0.0";"0.0";"0.0";"0.0";"0.0";"0.0";"0.0";"0.0";"0.0";"0.0"
"Strategy 2.4.330";"";"0.75";"NDXm_TICK_UTCPlus02";"M15";"787.32";"";"397";"1.27";"1.04";"0.13";"19.68";"0.8";"0.0";"213.14";"1.06";"3.69";"1.24";"18.05";"15.0";"28.98";"26.69";"27.87";"5.33";"0.75";"0.0";"";"0";"0.0";"0.0";"0.0";"0.0";"0.0";"0.0";"0.0";"0.0";"0.0";"0.0";"0.0";"0.0";"0.0";"0.0";"0.0";"0.0"
"Strategy 2.4.357";"";"0.82";"NDXm_TICK_UTCPlus02";"M15";"1061.75";"";"725";"1.18";"0.98";"0.1";"26.55";"0.7";"0.0";"179.76";"0.89";"5.91";"1.64";"20.1";"15.09";"32.53";"28.19";"30.23";"8.72";"0.82";"0.0";"";"0";"0.0";"0.0";"0.0";"0.0";"0.0";"0.0";"0.0";"0.0";"0.0";"0.0";"0.0";"0.0";"0.0";"0.0";"0.0";"0.0"
"Strategy 2.4.374";"";"0.68";"NDXm_TICK_UTCPlus02";"M15";"812.55";"";"860";"1.11";"0.67";"0.07";"20.32";"0.6";"0.0";"348.78";"0.67";"2.33";"0.97";"23.39";"14.16";"20.19";"13.05";"15.92";"1.0";"0.68";"0.0";"";"0";"0.0";"0.0";"0.0";"0.0";"0.0";"0.0";"0.0";"0.0";"0.0";"0.0";"0.0";"0.0";"0.0";"0.0";"0.0";"0.0"
"Strategy 2.4.391";"";"0.81";"NDXm_TICK_UTCPlus02";"M15";"836.58";"";"615";"1.21";"1.06";"0.09";"20.91";"0.88";"0.0";"154.64";"1.24";"5.41";"1.27";"14.05";"14.33";"9.6";"9.26";"9.45";"0.44";"0.81";"0.0";"";"0";"0.0";"0.0";"0.0";"0.0";"0.0";"0.0";"0.0";"0.0";"0.0";"0.0";"0.0";"0.0";"0.0";"0.0";"0.0";"0.0"
"Strategy 2.4.388";"";"0.8";"NDXm_TICK_UTCPlus02";"M15";"686.19";"";"510";"1.25";"1.06";"0.09";"17.15";"0.85";"0.0";"135.39";"1.71";"5.07";"1.28";"10.79";"14.83";"19.74";"17.61";"18.95";"1.83";"0.8";"0.0";"";"0";"0.0";"0.0";"0.0";"0.0";"0.0";"0.0";"0.0";"0.0";"0.0";"0.0";"0.0";"0.0";"0.0";"0.0";"0.0";"0.0"
"Strategy 2.4.355";"";"0.71";"NDXm_TICK_UTCPlus02";"M15";"1041.68";"";"734";"1.15";"0.79";"0.09";"26.04";"0.67";"0.0";"357.57";"0.63";"2.91";"1.09";"27.72";"15.18";"40.01";"29.38";"33.49";"4.89";"0.71";"0.0";"";"0";"0.0";"0.0";"0.0";"0.0";"0.0";"0.0";"0.0";"0.0";"0.0";"0.0";"0.0";"0.0";"0.0";"0.0";"0.0";"0.0"
"Strategy 2.4.376";"";"0.72";"NDXm_TICK_UTCPlus02";"M15";"1110.79";"";"812";"1.15";"0.84";"0.09";"27.77";"0.83";"0.0";"361.36";"0.68";"3.07";"1.07";"25.74";"15.15";"39.09";"30.08";"33.72";"5.5";"0.72";"0.0";"";"0";"0.0";"0.0";"0.0";"0.0";"0.0";"0.0";"0.0";"0.0";"0.0";"0.0";"0.0";"0.0";"0.0";"0.0";"0.0";"0.0"
"Strategy 2.4.408";"";"0.78";"NDXm_TICK_UTCPlus02";"M15";"974.65";"";"636";"1.22";"1.11";"0.1";"24.37";"0.82";"0.0";"217.13";"1.12";"4.49";"1.18";"16.13";"14.81";"26.41";"24.86";"25.68";"0.28";"0.78";"0.0";"";"0";"0.0";"0.0";"0.0";"0.0";"0.0";"0.0";"0.0";"0.0";"0.0";"0.0";"0.0";"0.0";"0.0";"0.0";"0.0";"0.0"
"Strategy 2.4.306";"";"0.82";"NDXm_TICK_UTCPlus02";"M15";"3568.24";"";"3195";"1.13";"1.45";"0.08";"89.21";"0.86";"0.0";"621.01";"0.66";"5.75";"1.6";"24.56";"14.47";"20.92";"13.23";"16.3";"14.39";"0.82";"0.0";"";"0";"0.0";"0.0";"0.0";"0.0";"0.0";"0.0";"0.0";"0.0";"0.0";"0.0";"0.0";"0.0";"0.0";"0.0";"0.0";"0.0"
"Strategy 2.4.378";"";"0.81";"NDXm_TICK_UTCPlus02";"M15";"1698.78";"";"1703";"1.13";"1.07";"0.07";"42.47";"0.8";"0.0";"306.62";"0.96";"5.54";"1.0";"17.76";"15.05";"26.65";"22.32";"24.44";"13.22";"0.81";"0.0";"";"0";"0.0";"0.0";"0.0";"0.0";"0.0";"0.0";"0.0";"0.0";"0.0";"0.0";"0.0";"0.0";"0.0";"0.0";"0.0";"0.0"
"Strategy 2.4.434";"";"0.82";"NDXm_TICK_UTCPlus02";"M15";"1526.63";"";"971";"1.19";"1.13";"0.11";"38.16";"0.78";"0.0";"273.09";"0.66";"5.59";"1.58";"24.99";"13.95";"19.38";"13.68";"15.95";"1.11";"0.82";"0.0";"";"0";"0.0";"0.0";"0.0";"0.0";"0.0";"0.0";"0.0";"0.0";"0.0";"0.0";"0.0";"0.0";"0.0";"0.0";"0.0";"0.0"
"Strategy 2.4.395";"";"0.79";"NDXm_TICK_UTCPlus02";"M15";"1458.9";"";"1744";"1.12";"1.01";"0.06";"36.47";"0.8";"0.0";"311.2";"1.11";"4.69";"0.87";"15.11";"14.95";"22.69";"21.97";"22.35";"11.28";"0.79";"0.0";"";"0";"0.0";"0.0";"0.0";"0.0";"0.0";"0.0";"0.0";"0.0";"0.0";"0.0";"0.0";"0.0";"0.0";"0.0";"0.0";"0.0"
"Strategy 2.4.438";"";"0.74";"NDXm_TICK_UTCPlus02";"M15";"1079.93";"";"1456";"1.11";"0.95";"0.05";"27.0";"0.64";"0.0";"320.93";"1.24";"3.37";"1.5";"13.13";"14.62";"9.35";"8.9";"9.15";"2.06";"0.74";"0.0";"";"0";"0.0";"0.0";"0.0";"0.0";"0.0";"0.0";"0.0";"0.0";"0.0";"0.0";"0.0";"0.0";"0.0";"0.0";"0.0";"0.0"
"Strategy 2.4.411";"";"0.73";"NDXm_TICK_UTCPlus02";"M15";"1829.28";"";"1750";"1.12";"1.0";"0.07";"45.73";"0.75";"0.0";"568.17";"0.65";"3.22";"1.0";"25.15";"14.61";"26.31";"17.08";"20.71";"7.94";"0.73";"0.0";"";"0";"0.0";"0.0";"0.0";"0.0";"0.0";"0.0";"0.0";"0.0";"0.0";"0.0";"0.0";"0.0";"0.0";"0.0";"0.0";"0.0"
"Strategy 2.4.427";"";"0.76";"NDXm_TICK_UTCPlus02";"M15";"1496.45";"";"1482";"1.16";"1.21";"0.07";"37.41";"0.68";"0.0";"380.64";"1.29";"3.93";"1.87";"13.35";"14.92";"18.67";"17.6";"18.2";"6.56";"0.76";"0.0";"";"0";"0.0";"0.0";"0.0";"0.0";"0.0";"0.0";"0.0";"0.0";"0.0";"0.0";"0.0";"0.0";"0.0";"0.0";"0.0";"0.0"
"Strategy 2.4.444";"";"0.81";"NDXm_TICK_UTCPlus02";"M15";"1963.15";"";"1571";"1.17";"1.3";"0.09";"49.08";"0.67";"0.0";"373.57";"0.93";"5.26";"2.35";"18.18";"14.46";"17.42";"15.54";"16.45";"4.33";"0.81";"0.0";"";"0";"0.0";"0.0";"0.0";"0.0";"0.0";"0.0";"0.0";"0.0";"0.0";"0.0";"0.0";"0.0";"0.0";"0.0";"0.0";"0.0"
"Strategy 2.4.445";"";"0.71";"NDXm_TICK_UTCPlus02";"M15";"1264.93";"";"1206";"1.12";"0.86";"0.07";"31.62";"0.81";"0.0";"434.32";"0.75";"2.91";"0.98";"22.6";"15.01";"31.21";"21.57";"25.68";"8.39";"0.71";"0.0";"";"0";"0.0";"0.0";"0.0";"0.0";"0.0";"0.0";"0.0";"0.0";"0.0";"0.0";"0.0";"0.0";"0.0";"0.0";"0.0";"0.0"
"Strategy 2.4.478";"";"0.78";"NDXm_TICK_UTCPlus02";"M15";"1221.95";"";"837";"1.16";"0.91";"0.1";"30.55";"0.87";"0.0";"282.66";"0.68";"4.32";"1.13";"25.89";"15.09";"33.73";"25.69";"28.93";"5.78";"0.78";"0.0";"";"0";"0.0";"0.0";"0.0";"0.0";"0.0";"0.0";"0.0";"0.0";"0.0";"0.0";"0.0";"0.0";"0.0";"0.0";"0.0";"0.0"
"Strategy 2.4.484";"";"0.75";"NDXm_TICK_UTCPlus02";"M15";"734.9";"";"617";"1.14";"0.7";"0.08";"18.37";"0.87";"0.0";"209.04";"0.7";"3.52";"0.9";"24.18";"14.89";"38.15";"27.98";"32.17";"1.39";"0.75";"0.0";"";"0";"0.0";"0.0";"0.0";"0.0";"0.0";"0.0";"0.0";"0.0";"0.0";"0.0";"0.0";"0.0";"0.0";"0.0";"0.0";"0.0"
"Strategy 2.4.488";"";"0.72";"NDXm_TICK_UTCPlus02";"M15";"1174.24";"";"1076";"1.13";"0.84";"0.07";"29.36";"0.67";"0.0";"390.25";"0.74";"3.01";"0.79";"22.66";"14.83";"25.39";"16.36";"20.2";"4.61";"0.72";"0.0";"";"0";"0.0";"0.0";"0.0";"0.0";"0.0";"0.0";"0.0";"0.0";"0.0";"0.0";"0.0";"0.0";"0.0";"0.0";"0.0";"0.0"
"Strategy 2.4.542";"";"0.81";"NDXm_TICK_UTCPlus02";"M15";"1185.62";"";"397";"1.39";"1.34";"0.2";"29.64";"0.8";"0.0";"218.2";"0.95";"5.43";"1.26";"21.91";"14.92";"22.23";"16.41";"19.24";"1.94";"0.81";"0.0";"";"0";"0.0";"0.0";"0.0";"0.0";"0.0";"0.0";"0.0";"0.0";"0.0";"0.0";"0.0";"0.0";"0.0";"0.0";"0.0";"0.0"
"Strategy 2.4.532";"";"0.75";"NDXm_TICK_UTCPlus02";"M15";"1401.09";"";"841";"1.2";"1.15";"0.11";"35.03";"0.72";"0.0";"380.97";"0.78";"3.68";"1.75";"22.44";"14.5";"21.26";"17.04";"18.88";"1.5";"0.75";"0.0";"";"0";"0.0";"0.0";"0.0";"0.0";"0.0";"0.0";"0.0";"0.0";"0.0";"0.0";"0.0";"0.0";"0.0";"0.0";"0.0";"0.0"
"Strategy 2.4.558";"";"0.77";"NDXm_TICK_UTCPlus02";"M15";"529.33";"";"356";"1.23";"0.84";"0.1";"13.23";"0.87";"0.0";"132.82";"1.24";"3.99";"1.06";"14.61";"14.77";"32.37";"27.75";"30.3";"2.33";"0.77";"0.0";"";"0";"0.0";"0.0";"0.0";"0.0";"0.0";"0.0";"0.0";"0.0";"0.0";"0.0";"0.0";"0.0";"0.0";"0.0";"0.0";"0.0"
"Strategy 2.4.519";"";"0.78";"NDXm_TICK_UTCPlus02";"M15";"1926.15";"";"1589";"1.14";"1.09";"0.08";"48.16";"0.82";"0.0";"428.62";"0.69";"4.49";"0.93";"24.68";"15.04";"25.98";"18.37";"21.48";"8.83";"0.78";"0.0";"";"0";"0.0";"0.0";"0.0";"0.0";"0.0";"0.0";"0.0";"0.0";"0.0";"0.0";"0.0";"0.0";"0.0";"0.0";"0.0";"0.0"
"Strategy 2.4.524";"";"0.76";"NDXm_TICK_UTCPlus02";"M15";"1370.07";"";"1492";"1.11";"0.87";"0.06";"34.25";"0.81";"0.0";"358.51";"0.8";"3.82";"0.7";"21.08";"15.16";"30.35";"20.63";"24.94";"11.94";"0.76";"0.0";"";"0";"0.0";"0.0";"0.0";"0.0";"0.0";"0.0";"0.0";"0.0";"0.0";"0.0";"0.0";"0.0";"0.0";"0.0";"0.0";"0.0"
"Strategy 1.6.310";"";"0.68";"NDXm_TICK_UTCPlus02";"M15";"616.54";"";"492";"1.17";"0.73";"0.09";"15.41";"0.77";"0.0";"261.58";"0.94";"2.36";"0.54";"18.02";"14.46";"14.4";"11.7";"13.01";"0.94";"0.68";"0.0";"";"0";"0.0";"0.0";"0.0";"0.0";"0.0";"0.0";"0.0";"0.0";"0.0";"0.0";"0.0";"0.0";"0.0";"0.0";"0.0";"0.0"
"Strategy 2.4.508";"";"0.81";"NDXm_TICK_UTCPlus02";"M15";"2424.54";"";"2565";"1.12";"1.21";"0.06";"60.62";"0.79";"0.0";"449.07";"0.84";"5.4";"1.11";"19.65";"14.84";"18.26";"13.28";"15.56";"11.39";"0.81";"0.0";"";"0";"0.0";"0.0";"0.0";"0.0";"0.0";"0.0";"0.0";"0.0";"0.0";"0.0";"0.0";"0.0";"0.0";"0.0";"0.0";"0.0"
"Strategy 2.4.511";"";"0.83";"NDXm_TICK_UTCPlus02";"M15";"1567.92";"";"1505";"1.16";"1.27";"0.07";"39.19";"0.85";"0.0";"259.81";"1.3";"6.03";"1.2";"13.36";"14.95";"28.4";"29.39";"28.83";"5.33";"0.83";"0.0";"";"0";"0.0";"0.0";"0.0";"0.0";"0.0";"0.0";"0.0";"0.0";"0.0";"0.0";"0.0";"0.0";"0.0";"0.0";"0.0";"0.0"
"Strategy 1.6.297";"";"0.85";"NDXm_TICK_UTCPlus02";"M15";"2751.16";"";"2536";"1.13";"1.32";"0.08";"68.78";"0.75";"0.0";"370.15";"0.64";"7.43";"2.94";"23.8";"13.49";"13.84";"8.87";"10.81";"1.17";"0.85";"0.0";"";"0";"0.0";"0.0";"0.0";"0.0";"0.0";"0.0";"0.0";"0.0";"0.0";"0.0";"0.0";"0.0";"0.0";"0.0";"0.0";"0.0"
"Strategy 1.6.344";"";"0.75";"NDXm_TICK_UTCPlus02";"M15";"1125.96";"";"658";"1.21";"0.97";"0.12";"28.15";"0.6";"0.0";"320.38";"0.77";"3.51";"1.53";"22.98";"14.74";"21.18";"16.39";"18.48";"5.83";"0.75";"0.0";"";"0";"0.0";"0.0";"0.0";"0.0";"0.0";"0.0";"0.0";"0.0";"0.0";"0.0";"0.0";"0.0";"0.0";"0.0";"0.0";"0.0"
"Strategy 1.6.360";"";"0.8";"NDXm_TICK_UTCPlus02";"M15";"872.75";"";"459";"1.28";"1.13";"0.14";"21.82";"0.81";"0.0";"169.56";"1.0";"5.15";"1.41";"17.34";"13.6";"12.4";"8.34";"10.37";"0.56";"0.8";"0.0";"";"0";"0.0";"0.0";"0.0";"0.0";"0.0";"0.0";"0.0";"0.0";"0.0";"0.0";"0.0";"0.0";"0.0";"0.0";"0.0";"0.0"
"Strategy 1.6.353";"";"0.74";"NDXm_TICK_UTCPlus02";"M15";"1008.77";"";"1085";"1.11";"0.71";"0.07";"25.22";"0.82";"0.0";"297.91";"0.63";"3.39";"1.24";"24.61";"13.91";"16.43";"9.36";"12.09";"2.61";"0.74";"0.0";"";"0";"0.0";"0.0";"0.0";"0.0";"0.0";"0.0";"0.0";"0.0";"0.0";"0.0";"0.0";"0.0";"0.0";"0.0";"0.0";"0.0"
"Strategy 2.4.543";"";"0.75";"NDXm_TICK_UTCPlus02";"M15";"2533.09";"";"2630";"1.11";"1.15";"0.06";"63.33";"0.82";"0.0";"682.66";"0.67";"3.71";"1.57";"24.81";"14.99";"25.74";"17.88";"21.03";"15.22";"0.75";"0.0";"";"0";"0.0";"0.0";"0.0";"0.0";"0.0";"0.0";"0.0";"0.0";"0.0";"0.0";"0.0";"0.0";"0.0";"0.0";"0.0";"0.0"
"Strategy 1.6.323";"";"0.75";"NDXm_TICK_UTCPlus02";"M15";"2273.86";"";"2045";"1.13";"1.17";"0.07";"56.85";"0.81";"0.0";"647.08";"0.77";"3.51";"1.04";"22.19";"15.09";"20.15";"13.62";"16.46";"13.61";"0.75";"0.0";"";"0";"0.0";"0.0";"0.0";"0.0";"0.0";"0.0";"0.0";"0.0";"0.0";"0.0";"0.0";"0.0";"0.0";"0.0";"0.0";"0.0"
"Strategy 2.4.563";"";"0.84";"NDXm_TICK_UTCPlus02";"M15";"3055.35";"";"2790";"1.13";"1.41";"0.07";"76.38";"0.87";"0.0";"453.84";"0.78";"6.73";"1.89";"21.48";"14.86";"21.49";"16.39";"18.63";"14.72";"0.84";"0.0";"";"0";"0.0";"0.0";"0.0";"0.0";"0.0";"0.0";"0.0";"0.0";"0.0";"0.0";"0.0";"0.0";"0.0";"0.0";"0.0";"0.0"
"Strategy 1.6.317";"";"0.82";"NDXm_TICK_UTCPlus02";"M15";"2247.27";"";"2020";"1.13";"1.21";"0.08";"56.18";"0.83";"0.0";"400.22";"0.73";"5.62";"1.9";"22.79";"14.61";"23.2";"16.22";"19.15";"7.61";"0.82";"0.0";"";"0";"0.0";"0.0";"0.0";"0.0";"0.0";"0.0";"0.0";"0.0";"0.0";"0.0";"0.0";"0.0";"0.0";"0.0";"0.0";"0.0"
"Strategy 2.4.535";"";"0.85";"NDXm_TICK_UTCPlus02";"M15";"3672.51";"";"3641";"1.12";"1.48";"0.07";"91.81";"0.87";"0.0";"490.47";"0.78";"7.49";"1.43";"21.37";"14.9";"20.62";"15.21";"17.58";"17.28";"0.85";"0.0";"";"0";"0.0";"0.0";"0.0";"0.0";"0.0";"0.0";"0.0";"0.0";"0.0";"0.0";"0.0";"0.0";"0.0";"0.0";"0.0";"0.0"
"Strategy 1.6.390";"";"0.73";"NDXm_TICK_UTCPlus02";"M15";"578.53";"";"429";"1.16";"0.64";"0.09";"14.46";"0.76";"0.0";"178.34";"0.72";"3.24";"0.79";"23.45";"14.48";"18.04";"11.82";"14.41";"0.67";"0.73";"0.0";"";"0";"0.0";"0.0";"0.0";"0.0";"0.0";"0.0";"0.0";"0.0";"0.0";"0.0";"0.0";"0.0";"0.0";"0.0";"0.0";"0.0"
"Strategy 1.6.366";"";"0.69";"NDXm_TICK_UTCPlus02";"M15";"1457.64";"";"1484";"1.12";"0.95";"0.07";"36.44";"0.56";"0.0";"573.25";"0.82";"2.54";"1.32";"20.06";"14.64";"19.84";"14.07";"16.66";"6.28";"0.69";"0.0";"";"0";"0.0";"0.0";"0.0";"0.0";"0.0";"0.0";"0.0";"0.0";"0.0";"0.0";"0.0";"0.0";"0.0";"0.0";"0.0";"0.0"
"Strategy 1.6.402";"";"0.67";"NDXm_TICK_UTCPlus02";"M15";"773.49";"";"702";"1.13";"0.71";"0.07";"19.34";"0.75";"0.0";"346.29";"0.79";"2.23";"0.6";"21.11";"14.72";"16.85";"13.33";"14.88";"2.83";"0.67";"0.0";"";"0";"0.0";"0.0";"0.0";"0.0";"0.0";"0.0";"0.0";"0.0";"0.0";"0.0";"0.0";"0.0";"0.0";"0.0";"0.0";"0.0"
"Strategy 1.6.340";"";"0.77";"NDXm_TICK_UTCPlus02";"M15";"1674.6";"";"1918";"1.12";"1.05";"0.06";"41.87";"0.81";"0.0";"416.89";"1.06";"4.02";"0.85";"15.99";"15.22";"27.01";"24.96";"26.01";"16.33";"0.77";"0.0";"";"0";"0.0";"0.0";"0.0";"0.0";"0.0";"0.0";"0.0";"0.0";"0.0";"0.0";"0.0";"0.0";"0.0";"0.0";"0.0";"0.0"
"Strategy 1.6.409";"";"0.88";"NDXm_TICK_UTCPlus02";"M15";"1797.49";"";"713";"1.29";"1.39";"0.17";"44.94";"0.8";"0.0";"177.85";"0.68";"10.11";"2.03";"27.76";"14.68";"19.85";"15.52";"17.28";"2.83";"0.88";"0.0";"";"0";"0.0";"0.0";"0.0";"0.0";"0.0";"0.0";"0.0";"0.0";"0.0";"0.0";"0.0";"0.0";"0.0";"0.0";"0.0";"0.0"
"Strategy 1.6.385";"";"0.85";"NDXm_TICK_UTCPlus02";"M15";"2872.59";"";"2091";"1.17";"1.56";"0.09";"71.81";"0.81";"0.0";"397.2";"0.81";"7.23";"2.41";"21.08";"14.63";"22.34";"16.32";"19.01";"6.72";"0.85";"0.0";"";"0";"0.0";"0.0";"0.0";"0.0";"0.0";"0.0";"0.0";"0.0";"0.0";"0.0";"0.0";"0.0";"0.0";"0.0";"0.0";"0.0"
"Strategy 1.6.403";"";"0.77";"NDXm_TICK_UTCPlus02";"M15";"2037.95";"";"1989";"1.12";"1.12";"0.07";"50.95";"0.9";"0.0";"506.34";"0.78";"4.02";"1.51";"21.26";"14.71";"17.26";"12.49";"14.58";"7.78";"0.77";"0.0";"";"0";"0.0";"0.0";"0.0";"0.0";"0.0";"0.0";"0.0";"0.0";"0.0";"0.0";"0.0";"0.0";"0.0";"0.0";"0.0";"0.0"
"Strategy 1.6.335";"";"0.84";"NDXm_TICK_UTCPlus02";"M15";"2228.32";"";"2632";"1.11";"1.23";"0.06";"55.71";"0.87";"0.0";"319.8";"0.95";"6.97";"1.33";"17.37";"14.8";"25.21";"21.87";"23.5";"6.39";"0.84";"0.0";"";"0";"0.0";"0.0";"0.0";"0.0";"0.0";"0.0";"0.0";"0.0";"0.0";"0.0";"0.0";"0.0";"0.0";"0.0";"0.0";"0.0"
"Strategy 1.6.431";"";"0.73";"NDXm_TICK_UTCPlus02";"M15";"1113.59";"";"1463";"1.12";"0.95";"0.05";"27.84";"0.86";"0.0";"359.48";"1.31";"3.1";"0.84";"12.7";"14.84";"11.04";"10.57";"10.83";"3.17";"0.73";"0.0";"";"0";"0.0";"0.0";"0.0";"0.0";"0.0";"0.0";"0.0";"0.0";"0.0";"0.0";"0.0";"0.0";"0.0";"0.0";"0.0";"0.0"
"Strategy 1.6.450";"";"0.66";"NDXm_TICK_UTCPlus02";"M15";"913.87";"";"1185";"1.11";"0.81";"0.05";"22.85";"0.59";"0.0";"420.51";"1.11";"2.17";"0.94";"14.62";"14.64";"17.87";"16.56";"17.25";"3.06";"0.66";"0.0";"";"0";"0.0";"0.0";"0.0";"0.0";"0.0";"0.0";"0.0";"0.0";"0.0";"0.0";"0.0";"0.0";"0.0";"0.0";"0.0";"0.0"
"Strategy 1.6.466";"";"0.73";"NDXm_TICK_UTCPlus02";"M15";"1033.58";"";"1112";"1.14";"1.0";"0.06";"25.84";"0.7";"0.0";"318.95";"1.28";"3.24";"1.38";"13.1";"14.69";"12.2";"12.23";"12.21";"4.72";"0.73";"0.0";"";"0";"0.0";"0.0";"0.0";"0.0";"0.0";"0.0";"0.0";"0.0";"0.0";"0.0";"0.0";"0.0";"0.0";"0.0";"0.0";"0.0"
"Strategy 1.6.427";"";"0.81";"NDXm_TICK_UTCPlus02";"M15";"2326.98";"";"2520";"1.11";"1.1";"0.06";"58.17";"0.9";"0.0";"445.44";"0.7";"5.22";"1.53";"23.16";"14.63";"16.89";"11.4";"13.66";"9.56";"0.81";"0.0";"";"0";"0.0";"0.0";"0.0";"0.0";"0.0";"0.0";"0.0";"0.0";"0.0";"0.0";"0.0";"0.0";"0.0";"0.0";"0.0";"0.0"
"Strategy 1.6.499";"";"0.82";"NDXm_TICK_UTCPlus02";"M15";"810.21";"";"917";"1.15";"0.93";"0.06";"20.26";"0.84";"0.0";"140.57";"1.47";"5.76";"1.61";"11.51";"14.76";"12.0";"13.22";"12.5";"2.44";"0.82";"0.0";"";"0";"0.0";"0.0";"0.0";"0.0";"0.0";"0.0";"0.0";"0.0";"0.0";"0.0";"0.0";"0.0";"0.0";"0.0";"0.0";"0.0"
"Strategy 1.6.483";"";"0.8";"NDXm_TICK_UTCPlus02";"M15";"1741.84";"";"1108";"1.2";"1.28";"0.11";"43.55";"0.69";"0.0";"349.01";"0.77";"4.99";"2.36";"21.97";"14.19";"14.1";"11.2";"12.46";"1.89";"0.8";"0.0";"";"0";"0.0";"0.0";"0.0";"0.0";"0.0";"0.0";"0.0";"0.0";"0.0";"0.0";"0.0";"0.0";"0.0";"0.0";"0.0";"0.0"
"Strategy 1.6.507";"";"0.68";"NDXm_TICK_UTCPlus02";"M15";"785.9";"";"672";"1.15";"0.8";"0.08";"19.65";"0.79";"0.0";"327.81";"0.92";"2.4";"0.75";"18.46";"14.74";"19.37";"14.64";"16.91";"6.17";"0.68";"0.0";"";"0";"0.0";"0.0";"0.0";"0.0";"0.0";"0.0";"0.0";"0.0";"0.0";"0.0";"0.0";"0.0";"0.0";"0.0";"0.0";"0.0"
"Strategy 1.6.476";"";"0.78";"NDXm_TICK_UTCPlus02";"M15";"1565.23";"";"1312";"1.13";"0.96";"0.08";"39.13";"0.85";"0.0";"354.54";"0.65";"4.41";"1.0";"26.25";"15.0";"28.54";"19.37";"22.97";"7.56";"0.78";"0.0";"";"0";"0.0";"0.0";"0.0";"0.0";"0.0";"0.0";"0.0";"0.0";"0.0";"0.0";"0.0";"0.0";"0.0";"0.0";"0.0";"0.0"
"Strategy 1.6.506";"";"0.88";"NDXm_TICK_UTCPlus02";"M15";"1594.0";"";"690";"1.28";"1.34";"0.15";"39.85";"0.81";"0.0";"167.92";"0.81";"9.49";"2.12";"23.92";"15.12";"21.51";"18.3";"19.73";"3.17";"0.88";"0.0";"";"0";"0.0";"0.0";"0.0";"0.0";"0.0";"0.0";"0.0";"0.0";"0.0";"0.0";"0.0";"0.0";"0.0";"0.0";"0.0";"0.0"
"Strategy 1.6.479";"";"0.7";"NDXm_TICK_UTCPlus02";"M15";"1392.46";"";"1332";"1.12";"0.86";"0.07";"34.81";"0.75";"0.0";"535.45";"0.64";"2.6";"1.13";"25.33";"14.56";"25.18";"16.7";"20.02";"1.17";"0.7";"0.0";"";"0";"0.0";"0.0";"0.0";"0.0";"0.0";"0.0";"0.0";"0.0";"0.0";"0.0";"0.0";"0.0";"0.0";"0.0";"0.0";"0.0"
"Strategy 1.6.454";"";"0.79";"NDXm_TICK_UTCPlus02";"M15";"2489.41";"";"2484";"1.12";"1.2";"0.07";"62.24";"0.84";"0.0";"551.33";"0.8";"4.52";"1.22";"21.04";"15.08";"26.07";"19.76";"22.57";"16.22";"0.79";"0.0";"";"0";"0.0";"0.0";"0.0";"0.0";"0.0";"0.0";"0.0";"0.0";"0.0";"0.0";"0.0";"0.0";"0.0";"0.0";"0.0";"0.0"
"Strategy 1.6.524";"";"0.87";"NDXm_TICK_UTCPlus02";"M15";"2025.17";"";"721";"1.35";"1.62";"0.19";"50.63";"0.88";"0.0";"222.84";"0.84";"9.09";"2.07";"23.86";"14.96";"23.06";"20.86";"21.87";"2.94";"0.87";"0.0";"";"0";"0.0";"0.0";"0.0";"0.0";"0.0";"0.0";"0.0";"0.0";"0.0";"0.0";"0.0";"0.0";"0.0";"0.0";"0.0";"0.0"
"Strategy 1.6.425";"";"0.86";"NDXm_TICK_UTCPlus02";"M15";"3832.27";"";"3810";"1.12";"1.46";"0.07";"95.81";"0.84";"0.0";"481.82";"0.7";"7.95";"1.55";"23.52";"14.76";"20.78";"13.67";"16.6";"18.0";"0.86";"0.0";"";"0";"0.0";"0.0";"0.0";"0.0";"0.0";"0.0";"0.0";"0.0";"0.0";"0.0";"0.0";"0.0";"0.0";"0.0";"0.0";"0.0"
"Strategy 1.6.493";"";"0.73";"NDXm_TICK_UTCPlus02";"M15";"1371.19";"";"1220";"1.16";"1.16";"0.07";"34.28";"0.89";"0.0";"430.95";"1.14";"3.18";"1.34";"15.39";"15.2";"31.06";"28.14";"29.7";"8.89";"0.73";"0.0";"";"0";"0.0";"0.0";"0.0";"0.0";"0.0";"0.0";"0.0";"0.0";"0.0";"0.0";"0.0";"0.0";"0.0";"0.0";"0.0";"0.0"
"Strategy 1.6.538";"";"0.72";"NDXm_TICK_UTCPlus02";"M15";"1183.96";"";"963";"1.15";"0.96";"0.09";"29.6";"0.83";"0.0";"386.82";"0.78";"3.06";"1.17";"21.32";"14.37";"12.98";"9.33";"10.93";"2.33";"0.72";"0.0";"";"0";"0.0";"0.0";"0.0";"0.0";"0.0";"0.0";"0.0";"0.0";"0.0";"0.0";"0.0";"0.0";"0.0";"0.0";"0.0";"0.0"
"Strategy 1.6.551";"";"0.75";"NDXm_TICK_UTCPlus02";"M15";"916.38";"";"946";"1.16";"0.95";"0.07";"22.91";"0.87";"0.0";"257.03";"1.38";"3.57";"0.86";"12.34";"14.69";"9.66";"10.27";"9.92";"0.94";"0.75";"0.0";"";"0";"0.0";"0.0";"0.0";"0.0";"0.0";"0.0";"0.0";"0.0";"0.0";"0.0";"0.0";"0.0";"0.0";"0.0";"0.0";"0.0"
"Strategy 1.6.556";"";"0.72";"NDXm_TICK_UTCPlus02";"M15";"1154.64";"";"800";"1.18";"1.0";"0.1";"28.87";"0.81";"0.0";"384.34";"0.86";"3.0";"1.22";"20.8";"15.13";"28.21";"23.39";"25.61";"5.56";"0.72";"0.0";"";"0";"0.0";"0.0";"0.0";"0.0";"0.0";"0.0";"0.0";"0.0";"0.0";"0.0";"0.0";"0.0";"0.0";"0.0";"0.0";"0.0"
"Strategy 1.6.545";"";"0.81";"NDXm_TICK_UTCPlus02";"M15";"1179.8";"";"1015";"1.15";"1.0";"0.08";"29.49";"0.87";"0.0";"214.0";"0.97";"5.51";"1.42";"17.78";"14.9";"28.98";"25.3";"27.11";"1.44";"0.81";"0.0";"";"0";"0.0";"0.0";"0.0";"0.0";"0.0";"0.0";"0.0";"0.0";"0.0";"0.0";"0.0";"0.0";"0.0";"0.0";"0.0";"0.0"
"Strategy 1.6.529";"";"0.79";"NDXm_TICK_UTCPlus02";"M15";"1574.97";"";"1605";"1.13";"1.08";"0.07";"39.37";"0.84";"0.0";"338.56";"0.98";"4.65";"0.87";"17.26";"15.0";"22.58";"19.07";"20.81";"10.17";"0.79";"0.0";"";"0";"0.0";"0.0";"0.0";"0.0";"0.0";"0.0";"0.0";"0.0";"0.0";"0.0";"0.0";"0.0";"0.0";"0.0";"0.0";"0.0"
"Strategy 1.6.491";"";"0.84";"NDXm_TICK_UTCPlus02";"M15";"3346.19";"";"2744";"1.14";"1.4";"0.08";"83.66";"0.85";"0.0";"508.3";"0.66";"6.58";"1.3";"25.66";"14.86";"26.76";"16.86";"20.79";"17.44";"0.84";"0.0";"";"0";"0.0";"0.0";"0.0";"0.0";"0.0";"0.0";"0.0";"0.0";"0.0";"0.0";"0.0";"0.0";"0.0";"0.0";"0.0";"0.0"
"Strategy 4.4.318";"";"0.84";"NDXm_TICK_UTCPlus02";"M15";"1044.7";"";"539";"1.26";"1.16";"0.13";"26.12";"0.83";"0.0";"155.37";"1.0";"6.72";"1.35";"18.87";"15.06";"27.88";"23.64";"25.76";"2.61";"0.84";"0.0";"";"0";"0.0";"0.0";"0.0";"0.0";"0.0";"0.0";"0.0";"0.0";"0.0";"0.0";"0.0";"0.0";"0.0";"0.0";"0.0";"0.0"
"Strategy 1.6.567";"";"0.81";"NDXm_TICK_UTCPlus02";"M15";"2284.1";"";"2777";"1.11";"1.16";"0.06";"57.1";"0.86";"0.0";"418.61";"0.97";"5.46";"1.33";"17.06";"14.85";"17.69";"14.93";"16.29";"11.78";"0.81";"0.0";"";"0";"0.0";"0.0";"0.0";"0.0";"0.0";"0.0";"0.0";"0.0";"0.0";"0.0";"0.0";"0.0";"0.0";"0.0";"0.0";"0.0"
"Strategy 4.4.344";"";"0.78";"NDXm_TICK_UTCPlus02";"M15";"1148.47";"";"638";"1.21";"1.0";"0.12";"28.71";"0.82";"0.0";"266.43";"0.73";"4.31";"1.14";"24.28";"14.69";"16.96";"13.82";"15.15";"2.17";"0.78";"0.0";"";"0";"0.0";"0.0";"0.0";"0.0";"0.0";"0.0";"0.0";"0.0";"0.0";"0.0";"0.0";"0.0";"0.0";"0.0";"0.0";"0.0"
"Strategy 4.4.342";"";"0.69";"NDXm_TICK_UTCPlus02";"M15";"1067.43";"";"1102";"1.13";"0.85";"0.07";"26.68";"0.77";"0.0";"426.44";"1.03";"2.5";"0.82";"16.33";"14.84";"15.94";"13.01";"14.5";"4.33";"0.69";"0.0";"";"0";"0.0";"0.0";"0.0";"0.0";"0.0";"0.0";"0.0";"0.0";"0.0";"0.0";"0.0";"0.0";"0.0";"0.0";"0.0";"0.0"
"Strategy 4.4.334";"";"0.78";"NDXm_TICK_UTCPlus02";"M15";"901.39";"";"813";"1.16";"0.92";"0.07";"22.54";"0.76";"0.0";"206.91";"1.14";"4.36";"0.99";"15.28";"15.04";"28.16";"25.86";"27.08";"8.78";"0.78";"0.0";"";"0";"0.0";"0.0";"0.0";"0.0";"0.0";"0.0";"0.0";"0.0";"0.0";"0.0";"0.0";"0.0";"0.0";"0.0";"0.0";"0.0"
"Strategy 4.4.358";"";"0.72";"NDXm_TICK_UTCPlus02";"M15";"901.33";"";"894";"1.14";"0.85";"0.07";"22.53";"0.8";"0.0";"304.86";"1.04";"2.96";"0.84";"16.47";"15.01";"24.79";"21.35";"23.1";"3.89";"0.72";"0.0";"";"0";"0.0";"0.0";"0.0";"0.0";"0.0";"0.0";"0.0";"0.0";"0.0";"0.0";"0.0";"0.0";"0.0";"0.0";"0.0";"0.0"
"Strategy 4.4.328";"";"0.83";"NDXm_TICK_UTCPlus02";"M15";"1856.15";"";"1423";"1.16";"1.29";"0.09";"46.41";"0.84";"0.0";"298.65";"0.84";"6.22";"1.46";"20.5";"14.75";"26.27";"19.41";"22.53";"3.44";"0.83";"0.0";"";"0";"0.0";"0.0";"0.0";"0.0";"0.0";"0.0";"0.0";"0.0";"0.0";"0.0";"0.0";"0.0";"0.0";"0.0";"0.0";"0.0"
"Strategy 4.4.370";"";"0.73";"NDXm_TICK_UTCPlus02";"M15";"690.63";"";"382";"1.22";"0.86";"0.12";"17.27";"0.87";"0.0";"212.17";"0.79";"3.26";"0.99";"22.77";"14.83";"29.2";"24.69";"26.68";"0.22";"0.73";"0.0";"";"0";"0.0";"0.0";"0.0";"0.0";"0.0";"0.0";"0.0";"0.0";"0.0";"0.0";"0.0";"0.0";"0.0";"0.0";"0.0";"0.0"
"Strategy 4.4.349";"";"0.86";"NDXm_TICK_UTCPlus02";"M15";"2104.1";"";"1415";"1.17";"1.31";"0.1";"52.6";"0.84";"0.0";"258.16";"0.72";"8.15";"1.84";"24.06";"14.75";"24.06";"14.43";"18.46";"6.44";"0.86";"0.0";"";"0";"0.0";"0.0";"0.0";"0.0";"0.0";"0.0";"0.0";"0.0";"0.0";"0.0";"0.0";"0.0";"0.0";"0.0";"0.0";"0.0"
"Strategy 4.4.378";"";"0.81";"NDXm_TICK_UTCPlus02";"M15";"2652.71";"";"2050";"1.14";"1.26";"0.09";"66.32";"0.82";"0.0";"477.33";"0.63";"5.56";"1.36";"26.56";"14.71";"20.53";"13.29";"16.1";"9.44";"0.81";"0.0";"";"0";"0.0";"0.0";"0.0";"0.0";"0.0";"0.0";"0.0";"0.0";"0.0";"0.0";"0.0";"0.0";"0.0";"0.0";"0.0";"0.0"
"Strategy 4.4.412";"";"0.68";"NDXm_TICK_UTCPlus02";"M15";"971.97";"";"822";"1.15";"0.83";"0.08";"24.3";"0.82";"0.0";"412.45";"0.87";"2.36";"0.54";"19.89";"15.06";"33.15";"24.25";"28.39";"6.5";"0.68";"0.0";"";"0";"0.0";"0.0";"0.0";"0.0";"0.0";"0.0";"0.0";"0.0";"0.0";"0.0";"0.0";"0.0";"0.0";"0.0";"0.0";"0.0"
"Strategy 4.4.333";"";"0.82";"NDXm_TICK_UTCPlus02";"M15";"2319.97";"";"2425";"1.11";"1.07";"0.06";"58.0";"0.84";"0.0";"413.69";"0.69";"5.61";"1.28";"24.09";"15.09";"29.28";"20.22";"23.93";"19.33";"0.82";"0.0";"";"0";"0.0";"0.0";"0.0";"0.0";"0.0";"0.0";"0.0";"0.0";"0.0";"0.0";"0.0";"0.0";"0.0";"0.0";"0.0";"0.0"
"Strategy 4.4.428";"";"0.79";"NDXm_TICK_UTCPlus02";"M15";"1450.78";"";"1433";"1.13";"1.01";"0.07";"36.27";"0.76";"0.0";"313.52";"0.86";"4.63";"1.64";"19.27";"14.67";"20.09";"15.21";"17.47";"3.83";"0.79";"0.0";"";"0";"0.0";"0.0";"0.0";"0.0";"0.0";"0.0";"0.0";"0.0";"0.0";"0.0";"0.0";"0.0";"0.0";"0.0";"0.0";"0.0"
"Strategy 4.4.398";"";"0.81";"NDXm_TICK_UTCPlus02";"M15";"2369.45";"";"2425";"1.11";"1.09";"0.07";"59.24";"0.88";"0.0";"435.54";"0.66";"5.44";"1.05";"24.61";"14.69";"19.31";"12.87";"15.44";"11.56";"0.81";"0.0";"";"0";"0.0";"0.0";"0.0";"0.0";"0.0";"0.0";"0.0";"0.0";"0.0";"0.0";"0.0";"0.0";"0.0";"0.0";"0.0";"0.0"
"Strategy 4.4.457";"";"0.66";"NDXm_TICK_UTCPlus02";"M15";"823.28";"";"1088";"1.12";"0.8";"0.05";"20.58";"0.71";"0.0";"389.4";"1.42";"2.11";"0.88";"11.85";"14.98";"14.36";"14.55";"14.44";"4.67";"0.66";"0.0";"";"0";"0.0";"0.0";"0.0";"0.0";"0.0";"0.0";"0.0";"0.0";"0.0";"0.0";"0.0";"0.0";"0.0";"0.0";"0.0";"0.0"
"Strategy 4.4.455";"";"0.83";"NDXm_TICK_UTCPlus02";"M15";"1716.99";"";"1228";"1.21";"1.46";"0.1";"42.92";"0.9";"0.0";"282.13";"1.07";"6.09";"2.2";"15.77";"14.05";"14.59";"12.71";"13.68";"2.22";"0.83";"0.0";"";"0";"0.0";"0.0";"0.0";"0.0";"0.0";"0.0";"0.0";"0.0";"0.0";"0.0";"0.0";"0.0";"0.0";"0.0";"0.0";"0.0"
"Strategy 4.4.396";"";"0.87";"NDXm_TICK_UTCPlus02";"M15";"3619.06";"";"2730";"1.15";"1.45";"0.09";"90.48";"0.87";"0.0";"396.32";"0.61";"9.13";"1.65";"27.06";"14.49";"23.52";"14.26";"17.78";"12.94";"0.87";"0.0";"";"0";"0.0";"0.0";"0.0";"0.0";"0.0";"0.0";"0.0";"0.0";"0.0";"0.0";"0.0";"0.0";"0.0";"0.0";"0.0";"0.0"
"Strategy 4.4.449";"";"0.73";"NDXm_TICK_UTCPlus02";"M15";"1684.24";"";"1193";"1.15";"1.05";"0.09";"42.1";"0.75";"0.0";"535.89";"0.64";"3.14";"1.65";"26.94";"14.95";"31.23";"18.31";"23.36";"7.78";"0.73";"0.0";"";"0";"0.0";"0.0";"0.0";"0.0";"0.0";"0.0";"0.0";"0.0";"0.0";"0.0";"0.0";"0.0";"0.0";"0.0";"0.0";"0.0"
"Strategy 4.4.454";"";"0.75";"NDXm_TICK_UTCPlus02";"M15";"1726.56";"";"1486";"1.14";"1.1";"0.08";"43.16";"0.73";"0.0";"472.53";"0.69";"3.65";"1.65";"22.9";"13.93";"17.16";"11.64";"13.9";"1.0";"0.75";"0.0";"";"0";"0.0";"0.0";"0.0";"0.0";"0.0";"0.0";"0.0";"0.0";"0.0";"0.0";"0.0";"0.0";"0.0";"0.0";"0.0";"0.0"
"Strategy 4.4.456";"";"0.76";"NDXm_TICK_UTCPlus02";"M15";"2098.04";"";"2187";"1.12";"1.09";"0.07";"52.46";"0.7";"0.0";"559.44";"0.68";"3.75";"1.84";"22.82";"13.96";"16.46";"10.5";"12.92";"0.67";"0.76";"0.0";"";"0";"0.0";"0.0";"0.0";"0.0";"0.0";"0.0";"0.0";"0.0";"0.0";"0.0";"0.0";"0.0";"0.0";"0.0";"0.0";"0.0"
"Strategy 4.4.468";"";"0.71";"NDXm_TICK_UTCPlus02";"M15";"1555.79";"";"1445";"1.13";"0.96";"0.07";"38.89";"0.75";"0.0";"560.84";"0.72";"2.77";"1.03";"22.63";"14.54";"22.07";"17.85";"19.62";"11.0";"0.71";"0.0";"";"0";"0.0";"0.0";"0.0";"0.0";"0.0";"0.0";"0.0";"0.0";"0.0";"0.0";"0.0";"0.0";"0.0";"0.0";"0.0";"0.0"
"Strategy 4.4.430";"";"0.85";"NDXm_TICK_UTCPlus02";"M15";"3451.02";"";"2628";"1.15";"1.47";"0.09";"86.28";"0.88";"0.0";"472.21";"0.66";"7.31";"1.41";"25.6";"14.77";"21.4";"14.75";"17.4";"13.72";"0.85";"0.0";"";"0";"0.0";"0.0";"0.0";"0.0";"0.0";"0.0";"0.0";"0.0";"0.0";"0.0";"0.0";"0.0";"0.0";"0.0";"0.0";"0.0"
"Strategy 4.4.440";"";"0.78";"NDXm_TICK_UTCPlus02";"M15";"2370.06";"";"2723";"1.11";"1.2";"0.06";"59.25";"0.8";"0.0";"548.04";"0.91";"4.32";"1.03";"18.25";"14.96";"20.79";"17.23";"18.93";"15.94";"0.78";"0.0";"";"0";"0.0";"0.0";"0.0";"0.0";"0.0";"0.0";"0.0";"0.0";"0.0";"0.0";"0.0";"0.0";"0.0";"0.0";"0.0";"0.0"
"Strategy 4.4.442";"";"0.81";"NDXm_TICK_UTCPlus02";"M15";"2042.92";"";"2218";"1.12";"1.16";"0.06";"51.08";"0.77";"0.0";"378.55";"0.93";"5.4";"1.16";"18.18";"15.1";"25.94";"21.43";"23.6";"16.89";"0.81";"0.0";"";"0";"0.0";"0.0";"0.0";"0.0";"0.0";"0.0";"0.0";"0.0";"0.0";"0.0";"0.0";"0.0";"0.0";"0.0";"0.0";"0.0"
"Strategy 4.4.521";"";"0.73";"NDXm_TICK_UTCPlus02";"M15";"826.19";"";"891";"1.13";"0.77";"0.06";"20.66";"0.73";"0.0";"251.92";"1.03";"3.28";"0.75";"16.35";"15.02";"25.8";"22.36";"24.11";"3.17";"0.73";"0.0";"";"0";"0.0";"0.0";"0.0";"0.0";"0.0";"0.0";"0.0";"0.0";"0.0";"0.0";"0.0";"0.0";"0.0";"0.0";"0.0";"0.0"
"Strategy 4.4.485";"";"0.85";"NDXm_TICK_UTCPlus02";"M15";"3730.22";"";"2864";"1.14";"1.45";"0.09";"93.25";"0.82";"0.0";"488.58";"0.62";"7.63";"1.42";"26.93";"14.63";"20.97";"12.9";"15.99";"13.11";"0.85";"0.0";"";"0";"0.0";"0.0";"0.0";"0.0";"0.0";"0.0";"0.0";"0.0";"0.0";"0.0";"0.0";"0.0";"0.0";"0.0";"0.0";"0.0"
"Strategy 4.4.536";"";"0.77";"NDXm_TICK_UTCPlus02";"M15";"1940.3";"";"1653";"1.13";"1.09";"0.08";"48.51";"0.89";"0.0";"485.1";"0.73";"4.0";"1.19";"23.42";"15.05";"27.67";"18.45";"22.34";"12.72";"0.77";"0.0";"";"0";"0.0";"0.0";"0.0";"0.0";"0.0";"0.0";"0.0";"0.0";"0.0";"0.0";"0.0";"0.0";"0.0";"0.0";"0.0";"0.0"
"Strategy 4.4.515";"";"0.82";"NDXm_TICK_UTCPlus02";"M15";"2492.41";"";"2701";"1.12";"1.25";"0.06";"62.31";"0.85";"0.0";"417.11";"0.92";"5.98";"1.19";"18.28";"14.97";"20.48";"17.26";"18.8";"15.33";"0.82";"0.0";"";"0";"0.0";"0.0";"0.0";"0.0";"0.0";"0.0";"0.0";"0.0";"0.0";"0.0";"0.0";"0.0";"0.0";"0.0";"0.0";"0.0"
"Strategy 3.6.311";"";"0.84";"NDXm_TICK_UTCPlus02";"M15";"923.3";"";"377";"1.31";"1.13";"0.16";"23.08";"0.86";"0.0";"137.42";"0.87";"6.72";"1.72";"22.45";"14.88";"31.91";"25.69";"28.58";"1.17";"0.84";"0.0";"";"0";"0.0";"0.0";"0.0";"0.0";"0.0";"0.0";"0.0";"0.0";"0.0";"0.0";"0.0";"0.0";"0.0";"0.0";"0.0";"0.0"
"Strategy 3.6.360";"";"0.65";"NDXm_TICK_UTCPlus02";"M15";"412.45";"";"413";"1.15";"0.62";"0.07";"10.31";"0.73";"0.0";"203.64";"1.26";"2.03";"0.72";"13.65";"14.9";"18.26";"18.02";"18.15";"1.61";"0.65";"0.0";"";"0";"0.0";"0.0";"0.0";"0.0";"0.0";"0.0";"0.0";"0.0";"0.0";"0.0";"0.0";"0.0";"0.0";"0.0";"0.0";"0.0"
"Strategy 3.6.320";"";"0.78";"NDXm_TICK_UTCPlus02";"M15";"1055.01";"";"807";"1.16";"0.94";"0.09";"26.37";"0.65";"0.0";"249.13";"0.89";"4.23";"1.23";"19.69";"15.13";"29.83";"26.07";"27.85";"4.44";"0.78";"0.0";"";"0";"0.0";"0.0";"0.0";"0.0";"0.0";"0.0";"0.0";"0.0";"0.0";"0.0";"0.0";"0.0";"0.0";"0.0";"0.0";"0.0"
"Strategy 3.6.348";"";"0.83";"NDXm_TICK_UTCPlus02";"M15";"1455.18";"";"789";"1.26";"1.31";"0.12";"36.38";"0.9";"0.0";"239.02";"1.05";"6.09";"2.07";"17.67";"14.85";"14.94";"13.72";"14.35";"2.44";"0.83";"0.0";"";"0";"0.0";"0.0";"0.0";"0.0";"0.0";"0.0";"0.0";"0.0";"0.0";"0.0";"0.0";"0.0";"0.0";"0.0";"0.0";"0.0"
"Strategy 3.6.312";"";"0.8";"NDXm_TICK_UTCPlus02";"M15";"1384.9";"";"912";"1.18";"1.1";"0.1";"34.62";"0.79";"0.0";"272.18";"0.84";"5.09";"1.58";"21.29";"15.13";"33.59";"25.39";"29.13";"8.0";"0.8";"0.0";"";"0";"0.0";"0.0";"0.0";"0.0";"0.0";"0.0";"0.0";"0.0";"0.0";"0.0";"0.0";"0.0";"0.0";"0.0";"0.0";"0.0"
"Strategy 3.6.313";"";"0.7";"NDXm_TICK_UTCPlus02";"M15";"1091.11";"";"1173";"1.11";"0.8";"0.06";"27.28";"0.71";"0.0";"410.57";"0.75";"2.66";"0.89";"21.68";"14.64";"25.63";"19.28";"22.0";"1.5";"0.7";"0.0";"";"0";"0.0";"0.0";"0.0";"0.0";"0.0";"0.0";"0.0";"0.0";"0.0";"0.0";"0.0";"0.0";"0.0";"0.0";"0.0";"0.0"
"Strategy 3.6.359";"";"0.67";"NDXm_TICK_UTCPlus02";"M15";"1268.22";"";"995";"1.15";"0.96";"0.09";"31.71";"0.73";"0.0";"561.44";"0.72";"2.26";"0.9";"22.77";"14.3";"16.29";"10.26";"12.8";"2.5";"0.67";"0.0";"";"0";"0.0";"0.0";"0.0";"0.0";"0.0";"0.0";"0.0";"0.0";"0.0";"0.0";"0.0";"0.0";"0.0";"0.0";"0.0";"0.0"
"Strategy 3.6.344";"";"0.81";"NDXm_TICK_UTCPlus02";"M15";"1703.16";"";"1685";"1.13";"1.14";"0.07";"42.58";"0.81";"0.0";"309.69";"0.91";"5.5";"1.05";"18.5";"14.83";"17.39";"13.86";"15.53";"5.89";"0.81";"0.0";"";"0";"0.0";"0.0";"0.0";"0.0";"0.0";"0.0";"0.0";"0.0";"0.0";"0.0";"0.0";"0.0";"0.0";"0.0";"0.0";"0.0"
"Strategy 3.6.304";"";"0.7";"NDXm_TICK_UTCPlus02";"M15";"1957.99";"";"1718";"1.12";"1.03";"0.08";"48.95";"0.69";"0.0";"732.77";"0.63";"2.67";"1.47";"26.45";"14.92";"29.96";"19.15";"23.34";"11.83";"0.7";"0.0";"";"0";"0.0";"0.0";"0.0";"0.0";"0.0";"0.0";"0.0";"0.0";"0.0";"0.0";"0.0";"0.0";"0.0";"0.0";"0.0";"0.0"
"Strategy 3.6.389";"";"0.68";"NDXm_TICK_UTCPlus02";"M15";"1059.27";"";"964";"1.17";"1.04";"0.08";"26.48";"0.69";"0.0";"437.34";"1.16";"2.42";"0.99";"14.42";"14.38";"9.96";"8.1";"9.1";"0.44";"0.68";"0.0";"";"0";"0.0";"0.0";"0.0";"0.0";"0.0";"0.0";"0.0";"0.0";"0.0";"0.0";"0.0";"0.0";"0.0";"0.0";"0.0";"0.0"
"Strategy 3.6.326";"";"0.7";"NDXm_TICK_UTCPlus02";"M15";"1341.48";"";"1520";"1.11";"0.9";"0.06";"33.54";"0.72";"0.0";"489.53";"0.9";"2.74";"1.32";"18.51";"15.06";"32.58";"25.23";"28.72";"15.67";"0.7";"0.0";"";"0";"0.0";"0.0";"0.0";"0.0";"0.0";"0.0";"0.0";"0.0";"0.0";"0.0";"0.0";"0.0";"0.0";"0.0";"0.0";"0.0"
"Strategy 3.6.337";"";"0.81";"NDXm_TICK_UTCPlus02";"M15";"2032.58";"";"2273";"1.11";"1.04";"0.06";"50.82";"0.87";"0.0";"391.87";"0.79";"5.19";"0.97";"20.6";"14.73";"16.31";"12.37";"14.11";"9.56";"0.81";"0.0";"";"0";"0.0";"0.0";"0.0";"0.0";"0.0";"0.0";"0.0";"0.0";"0.0";"0.0";"0.0";"0.0";"0.0";"0.0";"0.0";"0.0"
"Strategy 3.6.413";"";"0.73";"NDXm_TICK_UTCPlus02";"M15";"644.25";"";"564";"1.19";"0.93";"0.08";"16.11";"0.73";"0.0";"200.16";"1.45";"3.22";"0.7";"12.0";"14.62";"9.91";"9.78";"9.86";"1.28";"0.73";"0.0";"";"0";"0.0";"0.0";"0.0";"0.0";"0.0";"0.0";"0.0";"0.0";"0.0";"0.0";"0.0";"0.0";"0.0";"0.0";"0.0";"0.0"
"Strategy 3.6.345";"";"0.89";"NDXm_TICK_UTCPlus02";"M15";"3115.72";"";"1490";"1.24";"1.78";"0.14";"77.9";"0.84";"0.0";"292.59";"0.7";"10.65";"3.0";"26.52";"14.89";"32.61";"24.04";"27.55";"5.33";"0.89";"0.0";"";"0";"0.0";"0.0";"0.0";"0.0";"0.0";"0.0";"0.0";"0.0";"0.0";"0.0";"0.0";"0.0";"0.0";"0.0";"0.0";"0.0"
"Strategy 3.6.409";"";"0.71";"NDXm_TICK_UTCPlus02";"M15";"691.38";"";"449";"1.19";"0.79";"0.1";"17.29";"0.86";"0.0";"247.92";"0.82";"2.79";"0.61";"21.7";"14.95";"25.21";"19.67";"22.16";"1.39";"0.71";"0.0";"";"0";"0.0";"0.0";"0.0";"0.0";"0.0";"0.0";"0.0";"0.0";"0.0";"0.0";"0.0";"0.0";"0.0";"0.0";"0.0";"0.0"
"Strategy 3.6.386";"";"0.8";"NDXm_TICK_UTCPlus02";"M15";"1657.11";"";"1043";"1.19";"1.21";"0.11";"41.43";"0.71";"0.0";"328.47";"0.74";"5.04";"2.31";"23.64";"14.76";"29.54";"21.32";"24.82";"4.67";"0.8";"0.0";"";"0";"0.0";"0.0";"0.0";"0.0";"0.0";"0.0";"0.0";"0.0";"0.0";"0.0";"0.0";"0.0";"0.0";"0.0";"0.0";"0.0"
"Strategy 3.6.428";"";"0.87";"NDXm_TICK_UTCPlus02";"M15";"1763.23";"";"935";"1.29";"1.67";"0.13";"44.08";"0.87";"0.0";"203.78";"1.29";"8.65";"2.78";"14.99";"15.04";"17.12";"15.56";"16.44";"3.56";"0.87";"0.0";"";"0";"0.0";"0.0";"0.0";"0.0";"0.0";"0.0";"0.0";"0.0";"0.0";"0.0";"0.0";"0.0";"0.0";"0.0";"0.0";"0.0"
"Strategy 3.6.390";"";"0.85";"NDXm_TICK_UTCPlus02";"M15";"2475.04";"";"2559";"1.12";"1.25";"0.07";"61.88";"0.89";"0.0";"334.27";"0.78";"7.4";"1.29";"21.01";"14.68";"18.49";"13.32";"15.58";"10.39";"0.85";"0.0";"";"0";"0.0";"0.0";"0.0";"0.0";"0.0";"0.0";"0.0";"0.0";"0.0";"0.0";"0.0";"0.0";"0.0";"0.0";"0.0";"0.0"
"Strategy 3.6.406";"";"0.78";"NDXm_TICK_UTCPlus02";"M15";"1358.82";"";"1289";"1.13";"0.93";"0.07";"33.97";"0.7";"0.0";"306.77";"0.77";"4.43";"1.18";"21.73";"14.78";"28.08";"22.14";"24.71";"2.5";"0.78";"0.0";"";"0";"0.0";"0.0";"0.0";"0.0";"0.0";"0.0";"0.0";"0.0";"0.0";"0.0";"0.0";"0.0";"0.0";"0.0";"0.0";"0.0"
"Strategy 3.6.478";"";"0.74";"NDXm_TICK_UTCPlus02";"M15";"554.47";"";"412";"1.22";"0.85";"0.1";"13.86";"0.78";"0.0";"165.52";"1.29";"3.35";"0.81";"13.26";"14.01";"9.14";"10.67";"9.81";"0.22";"0.74";"0.0";"";"0";"0.0";"0.0";"0.0";"0.0";"0.0";"0.0";"0.0";"0.0";"0.0";"0.0";"0.0";"0.0";"0.0";"0.0";"0.0";"0.0"
"Strategy 3.6.479";"";"0.72";"NDXm_TICK_UTCPlus02";"M15";"910.14";"";"1142";"1.11";"0.8";"0.05";"22.76";"0.77";"0.0";"305.89";"1.07";"2.98";"1.2";"15.33";"14.79";"11.77";"10.06";"10.95";"3.72";"0.72";"0.0";"";"0";"0.0";"0.0";"0.0";"0.0";"0.0";"0.0";"0.0";"0.0";"0.0";"0.0";"0.0";"0.0";"0.0";"0.0";"0.0";"0.0"
"Strategy 3.6.441";"";"0.71";"NDXm_TICK_UTCPlus02";"M15";"960.82";"";"827";"1.13";"0.78";"0.08";"24.02";"0.84";"0.0";"335.15";"0.77";"2.87";"0.74";"22.43";"15.32";"41.02";"33.77";"36.93";"7.61";"0.71";"0.0";"";"0";"0.0";"0.0";"0.0";"0.0";"0.0";"0.0";"0.0";"0.0";"0.0";"0.0";"0.0";"0.0";"0.0";"0.0";"0.0";"0.0"
"Strategy 3.6.463";"";"0.76";"NDXm_TICK_UTCPlus02";"M15";"1179.42";"";"1006";"1.14";"0.88";"0.08";"29.48";"0.73";"0.0";"302.85";"0.72";"3.89";"0.73";"23.2";"14.74";"26.46";"18.7";"21.95";"3.72";"0.76";"0.0";"";"0";"0.0";"0.0";"0.0";"0.0";"0.0";"0.0";"0.0";"0.0";"0.0";"0.0";"0.0";"0.0";"0.0";"0.0";"0.0";"0.0"
"Strategy 3.6.422";"";"0.75";"NDXm_TICK_UTCPlus02";"M15";"2045.16";"";"2112";"1.11";"0.97";"0.06";"51.13";"0.85";"0.0";"552.91";"0.62";"3.7";"1.13";"26.51";"14.92";"28.24";"16.73";"21.14";"12.78";"0.75";"0.0";"";"0";"0.0";"0.0";"0.0";"0.0";"0.0";"0.0";"0.0";"0.0";"0.0";"0.0";"0.0";"0.0";"0.0";"0.0";"0.0";"0.0"
"Strategy 3.6.491";"";"0.78";"NDXm_TICK_UTCPlus02";"M15";"1032.96";"";"915";"1.15";"0.93";"0.08";"25.83";"0.86";"0.0";"244.43";"0.93";"4.23";"1.05";"18.22";"14.71";"20.19";"14.65";"17.31";"4.61";"0.78";"0.0";"";"0";"0.0";"0.0";"0.0";"0.0";"0.0";"0.0";"0.0";"0.0";"0.0";"0.0";"0.0";"0.0";"0.0";"0.0";"0.0";"0.0"
"Strategy 3.6.468";"";"0.72";"NDXm_TICK_UTCPlus02";"M15";"976.43";"";"846";"1.13";"0.78";"0.08";"24.41";"0.66";"0.0";"319.82";"0.73";"3.05";"1.05";"23.36";"15.14";"31.66";"24.93";"27.78";"5.89";"0.72";"0.0";"";"0";"0.0";"0.0";"0.0";"0.0";"0.0";"0.0";"0.0";"0.0";"0.0";"0.0";"0.0";"0.0";"0.0";"0.0";"0.0";"0.0"
"Strategy 3.6.501";"";"0.68";"NDXm_TICK_UTCPlus02";"M15";"652.35";"";"816";"1.11";"0.62";"0.06";"16.31";"0.76";"0.0";"280.41";"0.9";"2.33";"0.86";"17.32";"14.03";"12.39";"10.47";"11.38";"0.44";"0.68";"0.0";"";"0";"0.0";"0.0";"0.0";"0.0";"0.0";"0.0";"0.0";"0.0";"0.0";"0.0";"0.0";"0.0";"0.0";"0.0";"0.0";"0.0"
"Strategy 3.6.494";"";"0.74";"NDXm_TICK_UTCPlus02";"M15";"1246.02";"";"1028";"1.14";"0.83";"0.08";"31.15";"0.73";"0.0";"369.31";"0.63";"3.37";"1.4";"26.15";"14.42";"20.45";"12.16";"15.35";"4.39";"0.74";"0.0";"";"0";"0.0";"0.0";"0.0";"0.0";"0.0";"0.0";"0.0";"0.0";"0.0";"0.0";"0.0";"0.0";"0.0";"0.0";"0.0";"0.0"
"Strategy 3.6.509";"";"0.79";"NDXm_TICK_UTCPlus02";"M15";"1006.23";"";"401";"1.31";"1.12";"0.16";"25.16";"0.79";"0.0";"212.86";"0.9";"4.73";"1.09";"22.56";"15.54";"24.93";"22.17";"23.48";"2.89";"0.79";"0.0";"";"0";"0.0";"0.0";"0.0";"0.0";"0.0";"0.0";"0.0";"0.0";"0.0";"0.0";"0.0";"0.0";"0.0";"0.0";"0.0";"0.0"
"Strategy 3.6.455";"";"0.77";"NDXm_TICK_UTCPlus02";"M15";"1350.59";"";"1764";"1.12";"0.99";"0.05";"33.77";"0.76";"0.0";"319.77";"1.27";"4.22";"1.4";"13.25";"15.09";"24.42";"24.56";"24.48";"8.22";"0.77";"0.0";"";"0";"0.0";"0.0";"0.0";"0.0";"0.0";"0.0";"0.0";"0.0";"0.0";"0.0";"0.0";"0.0";"0.0";"0.0";"0.0";"0.0"
"Strategy 3.6.456";"";"0.85";"NDXm_TICK_UTCPlus02";"M15";"2566.29";"";"1462";"1.21";"1.58";"0.12";"64.15";"0.82";"0.0";"341.68";"0.8";"7.51";"2.45";"22.83";"15.02";"33.94";"27.23";"30.2";"5.56";"0.85";"0.0";"";"0";"0.0";"0.0";"0.0";"0.0";"0.0";"0.0";"0.0";"0.0";"0.0";"0.0";"0.0";"0.0";"0.0";"0.0";"0.0";"0.0"
"Strategy 3.6.482";"";"0.71";"NDXm_TICK_UTCPlus02";"M15";"1745.03";"";"2297";"1.11";"1.08";"0.05";"43.63";"0.72";"0.0";"616.56";"1.14";"2.83";"0.93";"14.38";"14.8";"14.59";"13.32";"13.99";"7.67";"0.71";"0.0";"";"0";"0.0";"0.0";"0.0";"0.0";"0.0";"0.0";"0.0";"0.0";"0.0";"0.0";"0.0";"0.0";"0.0";"0.0";"0.0";"0.0"
"Strategy 3.6.533";"";"0.79";"NDXm_TICK_UTCPlus02";"M15";"931.88";"";"813";"1.18";"1.02";"0.08";"23.3";"0.8";"0.0";"197.45";"1.3";"4.72";"1.18";"13.31";"14.71";"11.15";"13.54";"12.19";"2.22";"0.79";"0.0";"";"0";"0.0";"0.0";"0.0";"0.0";"0.0";"0.0";"0.0";"0.0";"0.0";"0.0";"0.0";"0.0";"0.0";"0.0";"0.0";"0.0"
"Strategy 3.6.535";"";"0.71";"NDXm_TICK_UTCPlus02";"M15";"687.17";"";"718";"1.13";"0.78";"0.07";"17.18";"0.87";"0.0";"248.49";"1.05";"2.77";"0.61";"15.78";"14.54";"12.51";"10.78";"11.66";"1.83";"0.71";"0.0";"";"0";"0.0";"0.0";"0.0";"0.0";"0.0";"0.0";"0.0";"0.0";"0.0";"0.0";"0.0";"0.0";"0.0";"0.0";"0.0";"0.0"
"Strategy 3.6.502";"";"0.91";"NDXm_TICK_UTCPlus02";"M15";"3123.59";"";"2098";"1.2";"1.81";"0.1";"78.09";"0.86";"0.0";"217.33";"1.01";"14.37";"2.49";"17.47";"14.58";"13.95";"10.26";"12.11";"8.11";"0.91";"0.0";"";"0";"0.0";"0.0";"0.0";"0.0";"0.0";"0.0";"0.0";"0.0";"0.0";"0.0";"0.0";"0.0";"0.0";"0.0";"0.0";"0.0"
"Strategy 3.6.526";"";"0.69";"NDXm_TICK_UTCPlus02";"M15";"1272.78";"";"1138";"1.13";"0.92";"0.08";"31.82";"0.66";"0.0";"493.04";"0.74";"2.58";"1.12";"22.52";"14.66";"17.12";"11.52";"13.9";"3.89";"0.69";"0.0";"";"0";"0.0";"0.0";"0.0";"0.0";"0.0";"0.0";"0.0";"0.0";"0.0";"0.0";"0.0";"0.0";"0.0";"0.0";"0.0";"0.0"
"Strategy 3.6.473";"";"0.84";"NDXm_TICK_UTCPlus02";"M15";"2647.49";"";"2843";"1.11";"1.28";"0.06";"66.19";"0.78";"0.0";"392.94";"0.78";"6.74";"1.24";"20.99";"14.67";"18.2";"12.74";"15.13";"11.72";"0.84";"0.0";"";"0";"0.0";"0.0";"0.0";"0.0";"0.0";"0.0";"0.0";"0.0";"0.0";"0.0";"0.0";"0.0";"0.0";"0.0";"0.0";"0.0"
"Strategy 3.6.550";"";"0.76";"NDXm_TICK_UTCPlus02";"M15";"761.2";"";"479";"1.21";"0.91";"0.11";"19.03";"0.85";"0.0";"199.87";"0.89";"3.81";"1.23";"19.56";"14.33";"12.6";"8.61";"10.48";"1.11";"0.76";"0.0";"";"0";"0.0";"0.0";"0.0";"0.0";"0.0";"0.0";"0.0";"0.0";"0.0";"0.0";"0.0";"0.0";"0.0";"0.0";"0.0";"0.0"
"Strategy 3.6.536";"";"0.7";"NDXm_TICK_UTCPlus02";"M15";"640.1";"";"654";"1.13";"0.67";"0.06";"16.0";"0.82";"0.0";"234.4";"0.95";"2.73";"0.74";"17.94";"15.18";"24.48";"19.95";"22.16";"5.39";"0.7";"0.0";"";"0";"0.0";"0.0";"0.0";"0.0";"0.0";"0.0";"0.0";"0.0";"0.0";"0.0";"0.0";"0.0";"0.0";"0.0";"0.0";"0.0"
"Strategy 3.6.540";"";"0.83";"NDXm_TICK_UTCPlus02";"M15";"1252.85";"";"861";"1.18";"1.04";"0.1";"31.32";"0.78";"0.0";"199.14";"0.84";"6.29";"1.58";"21.23";"15.23";"21.68";"16.12";"18.66";"6.56";"0.83";"0.0";"";"0";"0.0";"0.0";"0.0";"0.0";"0.0";"0.0";"0.0";"0.0";"0.0";"0.0";"0.0";"0.0";"0.0";"0.0";"0.0";"0.0"
"Strategy 3.6.519";"";"0.82";"NDXm_TICK_UTCPlus02";"M15";"2061.8";"";"1919";"1.14";"1.26";"0.07";"51.54";"0.84";"0.0";"369.27";"0.92";"5.58";"1.18";"18.56";"14.96";"18.58";"14.78";"16.6";"8.72";"0.82";"0.0";"";"0";"0.0";"0.0";"0.0";"0.0";"0.0";"0.0";"0.0";"0.0";"0.0";"0.0";"0.0";"0.0";"0.0";"0.0";"0.0";"0.0"
"Strategy 3.6.547";"";"0.84";"NDXm_TICK_UTCPlus02";"M15";"1745.11";"";"1237";"1.16";"1.13";"0.1";"43.62";"0.81";"0.0";"261.87";"0.67";"6.66";"1.71";"25.26";"14.5";"19.32";"12.2";"15.05";"5.33";"0.84";"0.0";"";"0";"0.0";"0.0";"0.0";"0.0";"0.0";"0.0";"0.0";"0.0";"0.0";"0.0";"0.0";"0.0";"0.0";"0.0";"0.0";"0.0"
"Strategy 3.6.527";"";"0.82";"NDXm_TICK_UTCPlus02";"M15";"2265.91";"";"2502";"1.11";"1.13";"0.06";"56.64";"0.88";"0.0";"381.86";"0.79";"5.93";"1.23";"20.65";"14.71";"15.99";"11.37";"13.41";"9.44";"0.82";"0.0";"";"0";"0.0";"0.0";"0.0";"0.0";"0.0";"0.0";"0.0";"0.0";"0.0";"0.0";"0.0";"0.0";"0.0";"0.0";"0.0";"0.0"
"Strategy 3.6.558";"";"0.81";"NDXm_TICK_UTCPlus02";"M15";"1674.51";"";"1292";"1.15";"1.06";"0.09";"41.86";"0.81";"0.0";"307.03";"0.65";"5.45";"1.72";"25.49";"14.48";"19.7";"11.62";"14.81";"5.22";"0.81";"0.0";"";"0";"0.0";"0.0";"0.0";"0.0";"0.0";"0.0";"0.0";"0.0";"0.0";"0.0";"0.0";"0.0";"0.0";"0.0";"0.0";"0.0"
"Strategy 3.6.518";"";"0.73";"NDXm_TICK_UTCPlus02";"M15";"2031.9";"";"2082";"1.12";"1.1";"0.07";"50.8";"0.73";"0.0";"653.0";"0.75";"3.11";"1.24";"21.86";"14.77";"29.8";"23.24";"26.06";"9.56";"0.73";"0.0";"";"0";"0.0";"0.0";"0.0";"0.0";"0.0";"0.0";"0.0";"0.0";"0.0";"0.0";"0.0";"0.0";"0.0";"0.0";"0.0";"0.0"
"Strategy 2.5.300";"";"0.75";"NDXm_TICK_UTCPlus02";"M15";"788.17";"";"393";"1.22";"0.83";"0.14";"19.7";"0.86";"0.0";"220.51";"0.65";"3.57";"1.0";"27.79";"14.79";"32.52";"14.26";"21.46";"2.0";"0.75";"0.0";"";"0";"0.0";"0.0";"0.0";"0.0";"0.0";"0.0";"0.0";"0.0";"0.0";"0.0";"0.0";"0.0";"0.0";"0.0";"0.0";"0.0"
"Strategy 2.5.310";"";"0.76";"NDXm_TICK_UTCPlus02";"M15";"886.81";"";"441";"1.24";"0.99";"0.14";"22.17";"0.8";"0.0";"233.2";"0.74";"3.8";"0.85";"24.0";"14.33";"19.65";"11.53";"15.0";"1.61";"0.76";"0.0";"";"0";"0.0";"0.0";"0.0";"0.0";"0.0";"0.0";"0.0";"0.0";"0.0";"0.0";"0.0";"0.0";"0.0";"0.0";"0.0";"0.0"
"Strategy 3.6.570";"";"0.8";"NDXm_TICK_UTCPlus02";"M15";"2166.68";"";"2572";"1.11";"1.22";"0.06";"54.17";"0.78";"0.0";"433.58";"0.92";"5.0";"0.98";"17.54";"14.48";"19.01";"14.81";"16.82";"9.5";"0.8";"0.0";"";"0";"0.0";"0.0";"0.0";"0.0";"0.0";"0.0";"0.0";"0.0";"0.0";"0.0";"0.0";"0.0";"0.0";"0.0";"0.0";"0.0"
"Strategy 2.5.307";"";"0.78";"NDXm_TICK_UTCPlus02";"M15";"1143.72";"";"1234";"1.14";"1.02";"0.06";"28.59";"0.72";"0.0";"267.4";"1.28";"4.28";"1.75";"13.23";"14.84";"19.31";"18.45";"18.93";"6.11";"0.78";"0.0";"";"0";"0.0";"0.0";"0.0";"0.0";"0.0";"0.0";"0.0";"0.0";"0.0";"0.0";"0.0";"0.0";"0.0";"0.0";"0.0";"0.0"
"Strategy 2.5.311";"";"0.79";"NDXm_TICK_UTCPlus02";"M15";"1441.89";"";"1539";"1.11";"0.84";"0.06";"36.05";"0.88";"0.0";"317.25";"0.69";"4.54";"0.98";"23.96";"14.94";"26.26";"17.71";"21.2";"8.94";"0.79";"0.0";"";"0";"0.0";"0.0";"0.0";"0.0";"0.0";"0.0";"0.0";"0.0";"0.0";"0.0";"0.0";"0.0";"0.0";"0.0";"0.0";"0.0"
"Strategy 2.5.347";"";"0.76";"NDXm_TICK_UTCPlus02";"M15";"860.03";"";"599";"1.18";"0.89";"0.1";"21.5";"0.77";"0.0";"227.25";"0.85";"3.78";"1.24";"20.84";"15.03";"27.44";"21.37";"24.16";"2.44";"0.76";"0.0";"";"0";"0.0";"0.0";"0.0";"0.0";"0.0";"0.0";"0.0";"0.0";"0.0";"0.0";"0.0";"0.0";"0.0";"0.0";"0.0";"0.0"
"Strategy 2.5.328";"";"0.82";"NDXm_TICK_UTCPlus02";"M15";"2705.54";"";"3013";"1.11";"1.27";"0.06";"67.63";"0.87";"0.0";"451.44";"0.86";"5.99";"1.5";"19.05";"14.75";"15.05";"11.69";"13.24";"11.5";"0.82";"0.0";"";"0";"0.0";"0.0";"0.0";"0.0";"0.0";"0.0";"0.0";"0.0";"0.0";"0.0";"0.0";"0.0";"0.0";"0.0";"0.0";"0.0"
"Strategy 2.5.324";"";"0.78";"NDXm_TICK_UTCPlus02";"M15";"1756.48";"";"2315";"1.12";"1.17";"0.05";"43.91";"0.82";"0.0";"408.43";"1.41";"4.3";"0.89";"11.87";"14.96";"18.96";"20.3";"19.51";"13.0";"0.78";"0.0";"";"0";"0.0";"0.0";"0.0";"0.0";"0.0";"0.0";"0.0";"0.0";"0.0";"0.0";"0.0";"0.0";"0.0";"0.0";"0.0";"0.0"
"Strategy 2.5.329";"";"0.82";"NDXm_TICK_UTCPlus02";"M15";"2492.92";"";"2927";"1.11";"1.26";"0.06";"62.33";"0.87";"0.0";"433.36";"0.96";"5.75";"1.08";"17.11";"14.78";"16.09";"13.29";"14.66";"12.56";"0.82";"0.0";"";"0";"0.0";"0.0";"0.0";"0.0";"0.0";"0.0";"0.0";"0.0";"0.0";"0.0";"0.0";"0.0";"0.0";"0.0";"0.0";"0.0"
"Strategy 2.5.335";"";"0.82";"NDXm_TICK_UTCPlus02";"M15";"2922.17";"";"3034";"1.12";"1.33";"0.07";"73.05";"0.85";"0.0";"490.23";"0.82";"5.96";"1.32";"20.18";"14.71";"16.86";"12.04";"14.2";"12.72";"0.82";"0.0";"";"0";"0.0";"0.0";"0.0";"0.0";"0.0";"0.0";"0.0";"0.0";"0.0";"0.0";"0.0";"0.0";"0.0";"0.0";"0.0";"0.0"
"Strategy 2.5.358";"";"0.85";"NDXm_TICK_UTCPlus02";"M15";"1886.58";"";"1545";"1.16";"1.27";"0.08";"47.17";"0.74";"0.0";"256.54";"0.96";"7.35";"1.74";"18.09";"14.9";"25.56";"22.72";"24.11";"5.06";"0.85";"0.0";"";"0";"0.0";"0.0";"0.0";"0.0";"0.0";"0.0";"0.0";"0.0";"0.0";"0.0";"0.0";"0.0";"0.0";"0.0";"0.0";"0.0"
"Strategy 2.5.334";"";"0.8";"NDXm_TICK_UTCPlus02";"M15";"2800.45";"";"2947";"1.11";"1.23";"0.06";"70.01";"0.77";"0.0";"574.01";"0.74";"4.88";"1.24";"22.46";"14.92";"23.93";"17.24";"20.08";"16.94";"0.8";"0.0";"";"0";"0.0";"0.0";"0.0";"0.0";"0.0";"0.0";"0.0";"0.0";"0.0";"0.0";"0.0";"0.0";"0.0";"0.0";"0.0";"0.0"
"Strategy 2.5.403";"";"0.66";"NDXm_TICK_UTCPlus02";"M15";"1017.43";"";"789";"1.15";"0.85";"0.09";"25.44";"0.7";"0.0";"478.69";"0.79";"2.13";"0.73";"21.95";"15.1";"29.64";"20.95";"24.79";"5.89";"0.66";"0.0";"";"0";"0.0";"0.0";"0.0";"0.0";"0.0";"0.0";"0.0";"0.0";"0.0";"0.0";"0.0";"0.0";"0.0";"0.0";"0.0";"0.0"
"Strategy 2.5.390";"";"0.84";"NDXm_TICK_UTCPlus02";"M15";"1981.98";"";"1692";"1.15";"1.28";"0.08";"49.55";"0.71";"0.0";"284.34";"0.92";"6.97";"1.82";"18.21";"14.55";"17.72";"14.77";"16.18";"6.17";"0.84";"0.0";"";"0";"0.0";"0.0";"0.0";"0.0";"0.0";"0.0";"0.0";"0.0";"0.0";"0.0";"0.0";"0.0";"0.0";"0.0";"0.0";"0.0"
"Strategy 2.5.419";"";"0.79";"NDXm_TICK_UTCPlus02";"M15";"671.6";"";"376";"1.25";"0.94";"0.12";"16.79";"0.87";"0.0";"147.24";"1.09";"4.56";"1.26";"16.99";"14.77";"36.46";"29.77";"33.26";"2.33";"0.79";"0.0";"";"0";"0.0";"0.0";"0.0";"0.0";"0.0";"0.0";"0.0";"0.0";"0.0";"0.0";"0.0";"0.0";"0.0";"0.0";"0.0";"0.0"
"Strategy 2.5.361";"";"0.82";"NDXm_TICK_UTCPlus02";"M15";"2933.63";"";"2833";"1.13";"1.33";"0.07";"73.34";"0.85";"0.0";"500.36";"0.8";"5.86";"1.22";"20.81";"14.87";"20.82";"15.47";"17.85";"15.0";"0.82";"0.0";"";"0";"0.0";"0.0";"0.0";"0.0";"0.0";"0.0";"0.0";"0.0";"0.0";"0.0";"0.0";"0.0";"0.0";"0.0";"0.0";"0.0"
"Strategy 2.5.366";"";"0.83";"NDXm_TICK_UTCPlus02";"M15";"2700.05";"";"2848";"1.11";"1.23";"0.06";"67.51";"0.89";"0.0";"438.72";"0.77";"6.15";"1.48";"21.38";"14.72";"18.83";"12.97";"15.51";"13.61";"0.83";"0.0";"";"0";"0.0";"0.0";"0.0";"0.0";"0.0";"0.0";"0.0";"0.0";"0.0";"0.0";"0.0";"0.0";"0.0";"0.0";"0.0";"0.0"
"Strategy 2.5.394";"";"0.86";"NDXm_TICK_UTCPlus02";"M15";"2299.07";"";"1277";"1.21";"1.46";"0.12";"57.48";"0.79";"0.0";"280.64";"0.76";"8.19";"2.29";"23.65";"14.89";"29.48";"23.45";"26.06";"5.06";"0.86";"0.0";"";"0";"0.0";"0.0";"0.0";"0.0";"0.0";"0.0";"0.0";"0.0";"0.0";"0.0";"0.0";"0.0";"0.0";"0.0";"0.0";"0.0"
"Strategy 2.5.421";"";"0.77";"NDXm_TICK_UTCPlus02";"M15";"766.32";"";"831";"1.14";"0.85";"0.06";"19.16";"0.78";"0.0";"190.77";"1.37";"4.02";"1.0";"12.61";"15.14";"22.55";"22.14";"22.38";"2.67";"0.77";"0.0";"";"0";"0.0";"0.0";"0.0";"0.0";"0.0";"0.0";"0.0";"0.0";"0.0";"0.0";"0.0";"0.0";"0.0";"0.0";"0.0";"0.0"
"Strategy 2.5.363";"";"0.84";"NDXm_TICK_UTCPlus02";"M15";"2495.45";"";"2523";"1.11";"1.1";"0.07";"62.39";"0.85";"0.0";"376.8";"0.64";"6.62";"1.31";"25.96";"15.01";"27.73";"18.03";"21.82";"17.78";"0.84";"0.0";"";"0";"0.0";"0.0";"0.0";"0.0";"0.0";"0.0";"0.0";"0.0";"0.0";"0.0";"0.0";"0.0";"0.0";"0.0";"0.0";"0.0"
"Strategy 2.5.378";"";"0.8";"NDXm_TICK_UTCPlus02";"M15";"2444.28";"";"2337";"1.12";"1.13";"0.07";"61.11";"0.83";"0.0";"494.27";"0.67";"4.95";"1.2";"24.82";"14.98";"25.55";"17.86";"20.96";"14.06";"0.8";"0.0";"";"0";"0.0";"0.0";"0.0";"0.0";"0.0";"0.0";"0.0";"0.0";"0.0";"0.0";"0.0";"0.0";"0.0";"0.0";"0.0";"0.0"
"Strategy 2.5.449";"";"0.77";"NDXm_TICK_UTCPlus02";"M15";"1039.26";"";"375";"1.33";"1.16";"0.18";"25.98";"0.84";"0.0";"250.86";"0.82";"4.14";"1.04";"24.54";"15.09";"34.47";"21.05";"27.1";"2.83";"0.77";"0.0";"";"0";"0.0";"0.0";"0.0";"0.0";"0.0";"0.0";"0.0";"0.0";"0.0";"0.0";"0.0";"0.0";"0.0";"0.0";"0.0";"0.0"
"Strategy 2.5.469";"";"0.83";"NDXm_TICK_UTCPlus02";"M15";"1026.75";"";"489";"1.25";"1.05";"0.15";"25.67";"0.81";"0.0";"162.06";"0.72";"6.34";"1.54";"24.81";"14.16";"29.93";"21.98";"25.3";"2.28";"0.83";"0.0";"";"0";"0.0";"0.0";"0.0";"0.0";"0.0";"0.0";"0.0";"0.0";"0.0";"0.0";"0.0";"0.0";"0.0";"0.0";"0.0";"0.0"
"Strategy 2.5.471";"";"0.79";"NDXm_TICK_UTCPlus02";"M15";"1310.3";"";"961";"1.16";"1.0";"0.1";"32.76";"0.75";"0.0";"271.63";"0.69";"4.82";"1.26";"23.76";"14.13";"19.47";"14.43";"16.49";"1.11";"0.79";"0.0";"";"0";"0.0";"0.0";"0.0";"0.0";"0.0";"0.0";"0.0";"0.0";"0.0";"0.0";"0.0";"0.0";"0.0";"0.0";"0.0";"0.0"
"Strategy 2.5.503";"";"0.81";"NDXm_TICK_UTCPlus02";"M15";"859.56";"";"629";"1.21";"1.07";"0.09";"21.49";"0.85";"0.0";"155.39";"1.24";"5.53";"1.31";"14.12";"14.43";"9.94";"9.37";"9.69";"0.56";"0.81";"0.0";"";"0";"0.0";"0.0";"0.0";"0.0";"0.0";"0.0";"0.0";"0.0";"0.0";"0.0";"0.0";"0.0";"0.0";"0.0";"0.0";"0.0"
"Strategy 2.5.488";"";"0.68";"NDXm_TICK_UTCPlus02";"M15";"472.54";"";"476";"1.14";"0.63";"0.07";"11.82";"0.79";"0.0";"203.73";"1.05";"2.32";"0.65";"16.09";"14.89";"26.38";"25.91";"26.15";"0.22";"0.68";"0.0";"";"0";"0.0";"0.0";"0.0";"0.0";"0.0";"0.0";"0.0";"0.0";"0.0";"0.0";"0.0";"0.0";"0.0";"0.0";"0.0";"0.0"
"Strategy 2.5.485";"";"0.84";"NDXm_TICK_UTCPlus02";"M15";"1152.21";"";"699";"1.2";"1.02";"0.11";"28.8";"0.73";"0.0";"173.3";"0.82";"6.65";"1.43";"22.0";"15.05";"37.74";"32.4";"34.81";"10.11";"0.84";"0.0";"";"0";"0.0";"0.0";"0.0";"0.0";"0.0";"0.0";"0.0";"0.0";"0.0";"0.0";"0.0";"0.0";"0.0";"0.0";"0.0";"0.0"
"Strategy 2.5.455";"";"0.85";"NDXm_TICK_UTCPlus02";"M15";"2602.68";"";"2947";"1.13";"1.41";"0.06";"65.07";"0.79";"0.0";"357.88";"1.12";"7.27";"1.39";"14.8";"14.71";"14.96";"12.54";"13.82";"12.0";"0.85";"0.0";"";"0";"0.0";"0.0";"0.0";"0.0";"0.0";"0.0";"0.0";"0.0";"0.0";"0.0";"0.0";"0.0";"0.0";"0.0";"0.0";"0.0"
"Strategy 2.5.451";"";"0.78";"NDXm_TICK_UTCPlus02";"M15";"2568.76";"";"3121";"1.12";"1.38";"0.06";"64.22";"0.81";"0.0";"578.88";"1.11";"4.44";"1.14";"14.87";"14.75";"14.25";"12.93";"13.63";"13.44";"0.78";"0.0";"";"0";"0.0";"0.0";"0.0";"0.0";"0.0";"0.0";"0.0";"0.0";"0.0";"0.0";"0.0";"0.0";"0.0";"0.0";"0.0";"0.0"
"Strategy 2.5.513";"";"0.8";"NDXm_TICK_UTCPlus02";"M15";"1045.96";"";"691";"1.2";"1.02";"0.1";"26.15";"0.82";"0.0";"205.51";"0.91";"5.09";"1.34";"19.32";"14.76";"25.87";"21.01";"23.33";"0.83";"0.8";"0.0";"";"0";"0.0";"0.0";"0.0";"0.0";"0.0";"0.0";"0.0";"0.0";"0.0";"0.0";"0.0";"0.0";"0.0";"0.0";"0.0";"0.0"
"Strategy 2.5.447";"";"0.84";"NDXm_TICK_UTCPlus02";"M15";"2942.32";"";"3023";"1.11";"1.17";"0.07";"73.56";"0.82";"0.0";"421.18";"0.65";"6.99";"1.47";"25.42";"14.81";"21.19";"14.01";"16.83";"14.5";"0.84";"0.0";"";"0";"0.0";"0.0";"0.0";"0.0";"0.0";"0.0";"0.0";"0.0";"0.0";"0.0";"0.0";"0.0";"0.0";"0.0";"0.0";"0.0"
"Strategy 2.5.425";"";"0.78";"NDXm_TICK_UTCPlus02";"M15";"2426.71";"";"2264";"1.12";"1.18";"0.07";"60.67";"0.82";"0.0";"569.24";"0.7";"4.26";"1.2";"24.22";"15.19";"38.07";"25.72";"30.81";"24.94";"0.78";"0.0";"";"0";"0.0";"0.0";"0.0";"0.0";"0.0";"0.0";"0.0";"0.0";"0.0";"0.0";"0.0";"0.0";"0.0";"0.0";"0.0";"0.0"
"Strategy 2.5.496";"";"0.75";"NDXm_TICK_UTCPlus02";"M15";"1768.14";"";"1856";"1.12";"1.03";"0.06";"44.2";"0.83";"0.0";"487.59";"0.79";"3.63";"0.94";"20.73";"14.7";"19.11";"13.77";"16.13";"8.17";"0.75";"0.0";"";"0";"0.0";"0.0";"0.0";"0.0";"0.0";"0.0";"0.0";"0.0";"0.0";"0.0";"0.0";"0.0";"0.0";"0.0";"0.0";"0.0"
"Strategy 2.5.458";"";"0.81";"NDXm_TICK_UTCPlus02";"M15";"2806.55";"";"2545";"1.12";"1.25";"0.07";"70.16";"0.85";"0.0";"534.47";"0.64";"5.25";"1.28";"26.04";"14.9";"25.87";"16.45";"20.13";"14.5";"0.81";"0.0";"";"0";"0.0";"0.0";"0.0";"0.0";"0.0";"0.0";"0.0";"0.0";"0.0";"0.0";"0.0";"0.0";"0.0";"0.0";"0.0";"0.0"
"Strategy 2.5.522";"";"0.7";"NDXm_TICK_UTCPlus02";"M15";"870.79";"";"863";"1.13";"0.78";"0.07";"21.77";"0.74";"0.0";"319.79";"0.95";"2.72";"0.97";"17.99";"15.16";"40.2";"37.45";"38.8";"6.17";"0.7";"0.0";"";"0";"0.0";"0.0";"0.0";"0.0";"0.0";"0.0";"0.0";"0.0";"0.0";"0.0";"0.0";"0.0";"0.0";"0.0";"0.0";"0.0"
"Strategy 2.5.537";"";"0.71";"NDXm_TICK_UTCPlus02";"M15";"1032.36";"";"767";"1.16";"0.88";"0.09";"25.81";"0.87";"0.0";"359.84";"0.84";"2.87";"0.75";"21.09";"15.31";"42.41";"36.95";"39.45";"6.17";"0.71";"0.0";"";"0";"0.0";"0.0";"0.0";"0.0";"0.0";"0.0";"0.0";"0.0";"0.0";"0.0";"0.0";"0.0";"0.0";"0.0";"0.0";"0.0"
"Strategy 2.5.508";"";"0.77";"NDXm_TICK_UTCPlus02";"M15";"1432.14";"";"1611";"1.12";"0.96";"0.06";"35.81";"0.82";"0.0";"342.99";"0.95";"4.18";"1.14";"17.68";"14.99";"29.18";"23.43";"26.22";"12.61";"0.77";"0.0";"";"0";"0.0";"0.0";"0.0";"0.0";"0.0";"0.0";"0.0";"0.0";"0.0";"0.0";"0.0";"0.0";"0.0";"0.0";"0.0";"0.0"
"Strategy 2.5.517";"";"0.76";"NDXm_TICK_UTCPlus02";"M15";"2096.01";"";"2227";"1.11";"1.01";"0.07";"52.4";"0.84";"0.0";"541.91";"0.65";"3.87";"0.93";"24.56";"14.46";"21.13";"13.93";"16.77";"10.72";"0.76";"0.0";"";"0";"0.0";"0.0";"0.0";"0.0";"0.0";"0.0";"0.0";"0.0";"0.0";"0.0";"0.0";"0.0";"0.0";"0.0";"0.0";"0.0"
"Strategy 2.5.534";"";"0.84";"NDXm_TICK_UTCPlus02";"M15";"1667.31";"";"1511";"1.16";"1.29";"0.07";"41.68";"0.84";"0.0";"251.22";"1.21";"6.64";"1.65";"14.39";"14.96";"27.56";"27.77";"27.66";"5.33";"0.84";"0.0";"";"0";"0.0";"0.0";"0.0";"0.0";"0.0";"0.0";"0.0";"0.0";"0.0";"0.0";"0.0";"0.0";"0.0";"0.0";"0.0";"0.0"
"Strategy 1.7.297";"";"0.8";"NDXm_TICK_UTCPlus02";"M15";"1274.47";"";"888";"1.18";"1.0";"0.1";"31.86";"0.85";"0.0";"248.68";"0.83";"5.12";"0.99";"20.55";"14.52";"18.8";"14.51";"16.46";"5.67";"0.8";"0.0";"";"0";"0.0";"0.0";"0.0";"0.0";"0.0";"0.0";"0.0";"0.0";"0.0";"0.0";"0.0";"0.0";"0.0";"0.0";"0.0";"0.0"
"Strategy 1.7.312";"";"0.75";"NDXm_TICK_UTCPlus02";"M15";"1073.33";"";"599";"1.26";"1.24";"0.13";"26.83";"0.81";"0.0";"301.17";"1.05";"3.56";"1.4";"17.07";"14.27";"16.26";"13.49";"14.91";"3.78";"0.75";"0.0";"";"0";"0.0";"0.0";"0.0";"0.0";"0.0";"0.0";"0.0";"0.0";"0.0";"0.0";"0.0";"0.0";"0.0";"0.0";"0.0";"0.0"
"Strategy 1.7.332";"";"0.8";"NDXm_TICK_UTCPlus02";"M15";"1279.01";"";"651";"1.25";"1.25";"0.14";"31.98";"0.79";"0.0";"252.0";"0.84";"5.08";"1.02";"21.43";"14.46";"19.03";"14.79";"16.73";"2.94";"0.8";"0.0";"";"0";"0.0";"0.0";"0.0";"0.0";"0.0";"0.0";"0.0";"0.0";"0.0";"0.0";"0.0";"0.0";"0.0";"0.0";"0.0";"0.0"
"Strategy 1.7.367";"";"0.68";"NDXm_TICK_UTCPlus02";"M15";"671.7";"";"402";"1.23";"0.9";"0.12";"16.79";"0.7";"0.0";"286.87";"0.85";"2.34";"0.94";"19.4";"13.44";"11.34";"8.06";"9.57";"0.33";"0.68";"0.0";"";"0";"0.0";"0.0";"0.0";"0.0";"0.0";"0.0";"0.0";"0.0";"0.0";"0.0";"0.0";"0.0";"0.0";"0.0";"0.0";"0.0"
"Strategy 2.5.577";"";"0.86";"NDXm_TICK_UTCPlus02";"M15";"2964.5";"";"3186";"1.12";"1.43";"0.06";"74.12";"0.83";"0.0";"385.69";"0.97";"7.69";"1.37";"17.13";"14.81";"16.33";"13.74";"15.01";"13.83";"0.86";"0.0";"";"0";"0.0";"0.0";"0.0";"0.0";"0.0";"0.0";"0.0";"0.0";"0.0";"0.0";"0.0";"0.0";"0.0";"0.0";"0.0";"0.0"
"Strategy 1.7.365";"";"0.67";"NDXm_TICK_UTCPlus02";"M15";"732.54";"";"1037";"1.11";"0.74";"0.05";"18.31";"0.76";"0.0";"323.72";"1.29";"2.26";"0.56";"12.7";"14.82";"10.63";"10.11";"10.4";"1.67";"0.67";"0.0";"";"0";"0.0";"0.0";"0.0";"0.0";"0.0";"0.0";"0.0";"0.0";"0.0";"0.0";"0.0";"0.0";"0.0";"0.0";"0.0";"0.0"
"Strategy 1.7.347";"";"0.74";"NDXm_TICK_UTCPlus02";"M15";"1224.67";"";"1400";"1.11";"0.83";"0.06";"30.62";"0.83";"0.0";"362.49";"0.83";"3.38";"1.28";"19.84";"14.82";"24.64";"18.11";"21.07";"8.11";"0.74";"0.0";"";"0";"0.0";"0.0";"0.0";"0.0";"0.0";"0.0";"0.0";"0.0";"0.0";"0.0";"0.0";"0.0";"0.0";"0.0";"0.0";"0.0"
"Strategy 1.7.370";"";"0.68";"NDXm_TICK_UTCPlus02";"M15";"944.24";"";"694";"1.16";"0.83";"0.09";"23.61";"0.55";"0.0";"408.67";"0.82";"2.31";"1.03";"21.8";"15.33";"26.87";"18.31";"22.16";"3.72";"0.68";"0.0";"";"0";"0.0";"0.0";"0.0";"0.0";"0.0";"0.0";"0.0";"0.0";"0.0";"0.0";"0.0";"0.0";"0.0";"0.0";"0.0";"0.0"
"Strategy 1.7.383";"";"0.78";"NDXm_TICK_UTCPlus02";"M15";"1364.43";"";"672";"1.25";"1.18";"0.14";"34.11";"0.81";"0.0";"314.68";"0.75";"4.34";"1.27";"23.68";"14.21";"16.9";"11.99";"14.1";"5.5";"0.78";"0.0";"";"0";"0.0";"0.0";"0.0";"0.0";"0.0";"0.0";"0.0";"0.0";"0.0";"0.0";"0.0";"0.0";"0.0";"0.0";"0.0";"0.0"
"Strategy 1.7.322";"";"0.81";"NDXm_TICK_UTCPlus02";"M15";"2403.35";"";"2350";"1.14";"1.38";"0.07";"60.09";"0.82";"0.0";"438.21";"0.99";"5.48";"2.22";"17.05";"14.87";"18.36";"14.51";"16.43";"9.5";"0.81";"0.0";"";"0";"0.0";"0.0";"0.0";"0.0";"0.0";"0.0";"0.0";"0.0";"0.0";"0.0";"0.0";"0.0";"0.0";"0.0";"0.0";"0.0"
"Strategy 1.7.304";"";"0.81";"NDXm_TICK_UTCPlus02";"M15";"3169.04";"";"3253";"1.11";"1.3";"0.07";"79.22";"0.84";"0.0";"574.43";"0.71";"5.52";"1.35";"23.17";"14.79";"19.65";"13.73";"16.19";"15.28";"0.81";"0.0";"";"0";"0.0";"0.0";"0.0";"0.0";"0.0";"0.0";"0.0";"0.0";"0.0";"0.0";"0.0";"0.0";"0.0";"0.0";"0.0";"0.0"
"Strategy 1.7.382";"";"0.79";"NDXm_TICK_UTCPlus02";"M15";"2343.62";"";"2288";"1.12";"1.1";"0.07";"58.59";"0.85";"0.0";"509.4";"0.63";"4.6";"1.64";"24.99";"13.98";"13.28";"8.16";"10.13";"7.17";"0.79";"0.0";"";"0";"0.0";"0.0";"0.0";"0.0";"0.0";"0.0";"0.0";"0.0";"0.0";"0.0";"0.0";"0.0";"0.0";"0.0";"0.0";"0.0"
"Strategy 1.7.389";"";"0.79";"NDXm_TICK_UTCPlus02";"M15";"874.11";"";"1116";"1.12";"0.85";"0.05";"21.85";"0.77";"0.0";"191.09";"1.33";"4.57";"1.04";"12.61";"14.89";"22.21";"21.64";"21.97";"1.0";"0.79";"0.0";"";"0";"0.0";"0.0";"0.0";"0.0";"0.0";"0.0";"0.0";"0.0";"0.0";"0.0";"0.0";"0.0";"0.0";"0.0";"0.0";"0.0"
"Strategy 1.7.403";"";"0.78";"NDXm_TICK_UTCPlus02";"M15";"1386.22";"";"1781";"1.11";"1.01";"0.05";"34.66";"0.83";"0.0";"319.59";"1.12";"4.34";"1.7";"14.76";"14.85";"15.79";"14.18";"15.03";"7.0";"0.78";"0.0";"";"0";"0.0";"0.0";"0.0";"0.0";"0.0";"0.0";"0.0";"0.0";"0.0";"0.0";"0.0";"0.0";"0.0";"0.0";"0.0";"0.0"
"Strategy 1.7.390";"";"0.86";"NDXm_TICK_UTCPlus02";"M15";"2672.28";"";"2541";"1.13";"1.28";"0.08";"66.81";"0.81";"0.0";"336.48";"0.64";"7.94";"3.18";"23.83";"13.46";"14.02";"9.14";"11.04";"1.44";"0.86";"0.0";"";"0";"0.0";"0.0";"0.0";"0.0";"0.0";"0.0";"0.0";"0.0";"0.0";"0.0";"0.0";"0.0";"0.0";"0.0";"0.0";"0.0"
"Strategy 1.7.407";"";"0.87";"NDXm_TICK_UTCPlus02";"M15";"2737.41";"";"2383";"1.14";"1.41";"0.08";"68.43";"0.78";"0.0";"300.67";"0.69";"9.1";"2.91";"22.38";"13.55";"14.63";"9.83";"11.79";"3.67";"0.87";"0.0";"";"0";"0.0";"0.0";"0.0";"0.0";"0.0";"0.0";"0.0";"0.0";"0.0";"0.0";"0.0";"0.0";"0.0";"0.0";"0.0";"0.0"
"Strategy 1.7.462";"";"0.7";"NDXm_TICK_UTCPlus02";"M15";"1251.05";"";"589";"1.25";"1.14";"0.14";"31.28";"0.78";"0.0";"458.9";"0.76";"2.73";"1.19";"24.39";"14.88";"21.96";"15.22";"18.14";"2.83";"0.7";"0.0";"";"0";"0.0";"0.0";"0.0";"0.0";"0.0";"0.0";"0.0";"0.0";"0.0";"0.0";"0.0";"0.0";"0.0";"0.0";"0.0";"0.0"
"Strategy 1.7.401";"";"0.81";"NDXm_TICK_UTCPlus02";"M15";"1959.18";"";"1937";"1.14";"1.17";"0.07";"48.98";"0.87";"0.0";"357.06";"1.02";"5.49";"1.3";"16.77";"15.13";"19.91";"17.59";"18.77";"9.89";"0.81";"0.0";"";"0";"0.0";"0.0";"0.0";"0.0";"0.0";"0.0";"0.0";"0.0";"0.0";"0.0";"0.0";"0.0";"0.0";"0.0";"0.0";"0.0"
"Strategy 1.7.400";"";"0.81";"NDXm_TICK_UTCPlus02";"M15";"2258.65";"";"2579";"1.13";"1.34";"0.06";"56.46";"0.82";"0.0";"436.14";"1.24";"5.18";"1.03";"13.55";"14.85";"14.4";"12.73";"13.65";"10.39";"0.81";"0.0";"";"0";"0.0";"0.0";"0.0";"0.0";"0.0";"0.0";"0.0";"0.0";"0.0";"0.0";"0.0";"0.0";"0.0";"0.0";"0.0";"0.0"
"Strategy 1.7.413";"";"0.73";"NDXm_TICK_UTCPlus02";"M15";"2385.08";"";"2483";"1.12";"1.16";"0.07";"59.63";"0.77";"0.0";"733.39";"0.77";"3.25";"1.52";"21.22";"14.69";"19.56";"13.96";"16.4";"10.89";"0.73";"0.0";"";"0";"0.0";"0.0";"0.0";"0.0";"0.0";"0.0";"0.0";"0.0";"0.0";"0.0";"0.0";"0.0";"0.0";"0.0";"0.0";"0.0"
"Strategy 1.7.468";"";"0.81";"NDXm_TICK_UTCPlus02";"M15";"873.86";"";"607";"1.19";"0.93";"0.09";"21.85";"0.81";"0.0";"168.05";"1.05";"5.2";"1.16";"17.34";"15.27";"30.42";"27.49";"28.99";"6.5";"0.81";"0.0";"";"0";"0.0";"0.0";"0.0";"0.0";"0.0";"0.0";"0.0";"0.0";"0.0";"0.0";"0.0";"0.0";"0.0";"0.0";"0.0";"0.0"
"Strategy 1.7.425";"";"0.79";"NDXm_TICK_UTCPlus02";"M15";"1713.3";"";"1941";"1.12";"1.07";"0.06";"42.84";"0.84";"0.0";"368.19";"1.07";"4.65";"1.22";"15.99";"15.24";"27.04";"24.66";"25.89";"16.61";"0.79";"0.0";"";"0";"0.0";"0.0";"0.0";"0.0";"0.0";"0.0";"0.0";"0.0";"0.0";"0.0";"0.0";"0.0";"0.0";"0.0";"0.0";"0.0"
"Strategy 1.7.458";"";"0.79";"NDXm_TICK_UTCPlus02";"M15";"2603.46";"";"3152";"1.11";"1.33";"0.06";"65.09";"0.66";"0.0";"554.21";"0.84";"4.7";"2.21";"17.79";"13.5";"10.09";"7.84";"8.87";"2.06";"0.79";"0.0";"";"0";"0.0";"0.0";"0.0";"0.0";"0.0";"0.0";"0.0";"0.0";"0.0";"0.0";"0.0";"0.0";"0.0";"0.0";"0.0";"0.0"
"Strategy 1.7.509";"";"0.73";"NDXm_TICK_UTCPlus02";"M15";"729.62";"";"357";"1.25";"0.88";"0.14";"18.24";"0.77";"0.0";"231.47";"0.77";"3.15";"1.05";"23.67";"14.55";"17.87";"13.46";"15.38";"0.61";"0.73";"0.0";"";"0";"0.0";"0.0";"0.0";"0.0";"0.0";"0.0";"0.0";"0.0";"0.0";"0.0";"0.0";"0.0";"0.0";"0.0";"0.0";"0.0"
"Strategy 1.7.481";"";"0.79";"NDXm_TICK_UTCPlus02";"M15";"1874.53";"";"1947";"1.12";"1.1";"0.06";"46.86";"0.89";"0.0";"400.03";"0.84";"4.69";"1.33";"19.97";"14.91";"24.09";"18.99";"21.31";"7.83";"0.79";"0.0";"";"0";"0.0";"0.0";"0.0";"0.0";"0.0";"0.0";"0.0";"0.0";"0.0";"0.0";"0.0";"0.0";"0.0";"0.0";"0.0";"0.0"
"Strategy 1.7.517";"";"0.81";"NDXm_TICK_UTCPlus02";"M15";"1311.99";"";"610";"1.27";"1.23";"0.14";"32.8";"0.8";"0.0";"238.29";"0.89";"5.51";"1.24";"21.41";"15.08";"22.52";"23.91";"23.25";"2.89";"0.81";"0.0";"";"0";"0.0";"0.0";"0.0";"0.0";"0.0";"0.0";"0.0";"0.0";"0.0";"0.0";"0.0";"0.0";"0.0";"0.0";"0.0";"0.0"
"Strategy 1.7.474";"";"0.8";"NDXm_TICK_UTCPlus02";"M15";"2167.55";"";"2238";"1.11";"1.11";"0.06";"54.19";"0.86";"0.0";"446.28";"0.79";"4.86";"1.21";"21.47";"15.18";"31.84";"22.57";"26.65";"18.11";"0.8";"0.0";"";"0";"0.0";"0.0";"0.0";"0.0";"0.0";"0.0";"0.0";"0.0";"0.0";"0.0";"0.0";"0.0";"0.0";"0.0";"0.0";"0.0"
"Strategy 1.7.487";"";"0.71";"NDXm_TICK_UTCPlus02";"M15";"2019.85";"";"2725";"1.12";"1.23";"0.05";"50.5";"0.73";"0.0";"705.69";"1.27";"2.86";"1.22";"12.82";"14.61";"13.76";"14.28";"13.99";"6.06";"0.71";"0.0";"";"0";"0.0";"0.0";"0.0";"0.0";"0.0";"0.0";"0.0";"0.0";"0.0";"0.0";"0.0";"0.0";"0.0";"0.0";"0.0";"0.0"
"Strategy 1.7.558";"";"0.81";"NDXm_TICK_UTCPlus02";"M15";"1126.41";"";"575";"1.25";"1.1";"0.13";"28.16";"0.74";"0.0";"213.86";"0.92";"5.27";"1.24";"20.34";"15.01";"23.11";"20.2";"21.59";"5.44";"0.81";"0.0";"";"0";"0.0";"0.0";"0.0";"0.0";"0.0";"0.0";"0.0";"0.0";"0.0";"0.0";"0.0";"0.0";"0.0";"0.0";"0.0";"0.0"
"Strategy 1.7.524";"";"0.81";"NDXm_TICK_UTCPlus02";"M15";"1335.25";"";"1106";"1.16";"1.09";"0.08";"33.38";"0.84";"0.0";"241.5";"0.98";"5.53";"1.39";"17.74";"14.91";"29.01";"25.74";"27.36";"2.72";"0.81";"0.0";"";"0";"0.0";"0.0";"0.0";"0.0";"0.0";"0.0";"0.0";"0.0";"0.0";"0.0";"0.0";"0.0";"0.0";"0.0";"0.0";"0.0"
"Strategy 1.7.546";"";"0.8";"NDXm_TICK_UTCPlus02";"M15";"1873.63";"";"874";"1.24";"1.32";"0.15";"46.84";"0.84";"0.0";"384.48";"0.66";"4.87";"1.83";"27.76";"14.64";"21.33";"15.23";"17.65";"3.94";"0.8";"0.0";"";"0";"0.0";"0.0";"0.0";"0.0";"0.0";"0.0";"0.0";"0.0";"0.0";"0.0";"0.0";"0.0";"0.0";"0.0";"0.0";"0.0"
"Strategy 1.7.551";"";"0.79";"NDXm_TICK_UTCPlus02";"M15";"1229.56";"";"1125";"1.17";"1.16";"0.07";"30.74";"0.86";"0.0";"272.32";"1.34";"4.52";"1.35";"12.8";"14.64";"12.71";"11.95";"12.38";"1.56";"0.79";"0.0";"";"0";"0.0";"0.0";"0.0";"0.0";"0.0";"0.0";"0.0";"0.0";"0.0";"0.0";"0.0";"0.0";"0.0";"0.0";"0.0";"0.0"
"Strategy 1.7.540";"";"0.85";"NDXm_TICK_UTCPlus02";"M15";"2903.17";"";"2729";"1.12";"1.25";"0.08";"72.58";"0.87";"0.0";"405.83";"0.63";"7.15";"1.29";"25.21";"14.06";"12.69";"7.89";"9.74";"8.17";"0.85";"0.0";"";"0";"0.0";"0.0";"0.0";"0.0";"0.0";"0.0";"0.0";"0.0";"0.0";"0.0";"0.0";"0.0";"0.0";"0.0";"0.0";"0.0"
"Strategy 1.7.530";"";"0.77";"NDXm_TICK_UTCPlus02";"M15";"1271.21";"";"1484";"1.12";"0.93";"0.06";"31.78";"0.8";"0.0";"310.43";"1.06";"4.09";"0.92";"15.94";"15.11";"27.15";"25.16";"26.18";"9.83";"0.77";"0.0";"";"0";"0.0";"0.0";"0.0";"0.0";"0.0";"0.0";"0.0";"0.0";"0.0";"0.0";"0.0";"0.0";"0.0";"0.0";"0.0";"0.0"
"Strategy 1.7.507";"";"0.85";"NDXm_TICK_UTCPlus02";"M15";"3258.99";"";"2663";"1.14";"1.4";"0.08";"81.48";"0.88";"0.0";"429.15";"0.66";"7.59";"1.91";"25.72";"14.82";"26.14";"16.3";"20.2";"15.28";"0.85";"0.0";"";"0";"0.0";"0.0";"0.0";"0.0";"0.0";"0.0";"0.0";"0.0";"0.0";"0.0";"0.0";"0.0";"0.0";"0.0";"0.0";"0.0"
"Strategy 1.7.556";"";"0.79";"NDXm_TICK_UTCPlus02";"M15";"1901.77";"";"1665";"1.13";"1.04";"0.08";"47.54";"0.82";"0.0";"420.15";"0.66";"4.53";"1.02";"25.04";"14.55";"25.18";"17.96";"20.82";"9.5";"0.79";"0.0";"";"0";"0.0";"0.0";"0.0";"0.0";"0.0";"0.0";"0.0";"0.0";"0.0";"0.0";"0.0";"0.0";"0.0";"0.0";"0.0";"0.0"
"Strategy 1.7.511";"";"0.87";"NDXm_TICK_UTCPlus02";"M15";"2382.75";"";"2606";"1.12";"1.34";"0.06";"59.57";"0.8";"0.0";"282.64";"0.95";"8.43";"1.89";"17.39";"14.8";"24.52";"21.51";"22.98";"5.22";"0.87";"0.0";"";"0";"0.0";"0.0";"0.0";"0.0";"0.0";"0.0";"0.0";"0.0";"0.0";"0.0";"0.0";"0.0";"0.0";"0.0";"0.0";"0.0"
"Strategy 1.7.555";"";"0.81";"NDXm_TICK_UTCPlus02";"M15";"2208.76";"";"2223";"1.12";"1.18";"0.07";"55.22";"0.8";"0.0";"421.88";"0.84";"5.24";"1.17";"19.67";"14.67";"17.5";"13.21";"15.17";"9.39";"0.81";"0.0";"";"0";"0.0";"0.0";"0.0";"0.0";"0.0";"0.0";"0.0";"0.0";"0.0";"0.0";"0.0";"0.0";"0.0";"0.0";"0.0";"0.0"
"Strategy 1.7.515";"";"0.8";"NDXm_TICK_UTCPlus02";"M15";"2510.43";"";"3173";"1.11";"1.19";"0.05";"62.76";"0.87";"0.0";"490.98";"1.0";"5.11";"1.24";"16.36";"14.8";"15.89";"13.47";"14.68";"13.33";"0.8";"0.0";"";"0";"0.0";"0.0";"0.0";"0.0";"0.0";"0.0";"0.0";"0.0";"0.0";"0.0";"0.0";"0.0";"0.0";"0.0";"0.0";"0.0"
"Strategy 1.7.535";"";"0.8";"NDXm_TICK_UTCPlus02";"M15";"3636.25";"";"3171";"1.13";"1.46";"0.08";"90.91";"0.85";"0.0";"748.4";"0.7";"4.86";"1.41";"24.02";"14.85";"21.81";"14.87";"17.73";"14.06";"0.8";"0.0";"";"0";"0.0";"0.0";"0.0";"0.0";"0.0";"0.0";"0.0";"0.0";"0.0";"0.0";"0.0";"0.0";"0.0";"0.0";"0.0";"0.0"
"Strategy 4.5.312";"";"0.66";"NDXm_TICK_UTCPlus02";"M15";"1228.89";"";"1569";"1.11";"0.95";"0.05";"30.72";"0.73";"0.0";"578.69";"1.17";"2.12";"1.03";"14.25";"15.02";"20.89";"18.95";"20.0";"7.94";"0.66";"0.0";"";"0";"0.0";"0.0";"0.0";"0.0";"0.0";"0.0";"0.0";"0.0";"0.0";"0.0";"0.0";"0.0";"0.0";"0.0";"0.0";"0.0"
"Strategy 4.5.345";"";"0.75";"NDXm_TICK_UTCPlus02";"M15";"1079.39";"";"1003";"1.16";"1.01";"0.07";"26.99";"0.8";"0.0";"302.55";"1.15";"3.57";"0.82";"14.82";"14.76";"13.93";"12.56";"13.3";"3.28";"0.75";"0.0";"";"0";"0.0";"0.0";"0.0";"0.0";"0.0";"0.0";"0.0";"0.0";"0.0";"0.0";"0.0";"0.0";"0.0";"0.0";"0.0";"0.0"
"Strategy 4.5.322";"";"0.81";"NDXm_TICK_UTCPlus02";"M15";"1825.66";"";"1977";"1.13";"1.15";"0.06";"45.64";"0.82";"0.0";"334.22";"1.06";"5.46";"1.32";"16.05";"15.07";"23.29";"20.16";"21.77";"13.22";"0.81";"0.0";"";"0";"0.0";"0.0";"0.0";"0.0";"0.0";"0.0";"0.0";"0.0";"0.0";"0.0";"0.0";"0.0";"0.0";"0.0";"0.0";"0.0"
"Strategy 4.5.305";"";"0.78";"NDXm_TICK_UTCPlus02";"M15";"2477.64";"";"2512";"1.11";"1.14";"0.07";"61.94";"0.84";"0.0";"556.97";"0.65";"4.45";"1.24";"25.14";"14.78";"25.61";"16.98";"20.39";"15.0";"0.78";"0.0";"";"0";"0.0";"0.0";"0.0";"0.0";"0.0";"0.0";"0.0";"0.0";"0.0";"0.0";"0.0";"0.0";"0.0";"0.0";"0.0";"0.0"
"Strategy 4.5.359";"";"0.68";"NDXm_TICK_UTCPlus02";"M15";"1388.99";"";"1500";"1.11";"0.85";"0.06";"34.72";"0.73";"0.0";"597.4";"0.71";"2.33";"0.88";"22.62";"14.53";"22.11";"17.66";"19.51";"11.11";"0.68";"0.0";"";"0";"0.0";"0.0";"0.0";"0.0";"0.0";"0.0";"0.0";"0.0";"0.0";"0.0";"0.0";"0.0";"0.0";"0.0";"0.0";"0.0"
"Strategy 4.5.362";"";"0.85";"NDXm_TICK_UTCPlus02";"M15";"2763.54";"";"1563";"1.22";"1.62";"0.12";"69.09";"0.8";"0.0";"385.54";"0.77";"7.17";"1.66";"22.72";"14.45";"22.39";"17.11";"19.41";"10.78";"0.85";"0.0";"";"0";"0.0";"0.0";"0.0";"0.0";"0.0";"0.0";"0.0";"0.0";"0.0";"0.0";"0.0";"0.0";"0.0";"0.0";"0.0";"0.0"
"Strategy 4.5.363";"";"0.76";"NDXm_TICK_UTCPlus02";"M15";"1766.97";"";"2039";"1.11";"1.02";"0.06";"44.18";"0.74";"0.0";"449.7";"0.79";"3.93";"1.08";"20.17";"14.45";"15.01";"9.91";"12.16";"4.06";"0.76";"0.0";"";"0";"0.0";"0.0";"0.0";"0.0";"0.0";"0.0";"0.0";"0.0";"0.0";"0.0";"0.0";"0.0";"0.0";"0.0";"0.0";"0.0"
"Strategy 4.5.423";"";"0.76";"NDXm_TICK_UTCPlus02";"M15";"1105.43";"";"645";"1.23";"1.12";"0.12";"27.63";"0.82";"0.0";"288.16";"0.94";"3.84";"0.77";"19.07";"14.65";"20.46";"17.27";"18.82";"0.44";"0.76";"0.0";"";"0";"0.0";"0.0";"0.0";"0.0";"0.0";"0.0";"0.0";"0.0";"0.0";"0.0";"0.0";"0.0";"0.0";"0.0";"0.0";"0.0"
"Strategy 4.5.474";"";"0.74";"NDXm_TICK_UTCPlus02";"M15";"1145.84";"";"903";"1.16";"1.03";"0.09";"28.64";"0.76";"0.0";"330.02";"0.8";"3.47";"1.55";"20.46";"14.06";"12.13";"9.83";"10.85";"0.11";"0.74";"0.0";"";"0";"0.0";"0.0";"0.0";"0.0";"0.0";"0.0";"0.0";"0.0";"0.0";"0.0";"0.0";"0.0";"0.0";"0.0";"0.0";"0.0"
"Strategy 4.5.408";"";"0.83";"NDXm_TICK_UTCPlus02";"M15";"2035.44";"";"2080";"1.15";"1.4";"0.07";"50.88";"0.78";"0.0";"328.86";"1.33";"6.19";"1.28";"12.97";"14.99";"17.14";"16.2";"16.74";"10.44";"0.83";"0.0";"";"0";"0.0";"0.0";"0.0";"0.0";"0.0";"0.0";"0.0";"0.0";"0.0";"0.0";"0.0";"0.0";"0.0";"0.0";"0.0";"0.0"
"Strategy 4.5.411";"";"0.83";"NDXm_TICK_UTCPlus02";"M15";"2268.4";"";"2221";"1.12";"1.16";"0.07";"56.71";"0.85";"0.0";"351.5";"0.69";"6.45";"1.12";"23.74";"14.72";"23.57";"13.39";"17.56";"10.0";"0.83";"0.0";"";"0";"0.0";"0.0";"0.0";"0.0";"0.0";"0.0";"0.0";"0.0";"0.0";"0.0";"0.0";"0.0";"0.0";"0.0";"0.0";"0.0"
"Strategy 4.5.391";"";"0.85";"NDXm_TICK_UTCPlus02";"M15";"2865.65";"";"2626";"1.12";"1.27";"0.07";"71.65";"0.89";"0.0";"398.23";"0.7";"7.2";"1.48";"24.2";"15.05";"29.59";"19.14";"23.44";"20.67";"0.85";"0.0";"";"0";"0.0";"0.0";"0.0";"0.0";"0.0";"0.0";"0.0";"0.0";"0.0";"0.0";"0.0";"0.0";"0.0";"0.0";"0.0";"0.0"
"Strategy 4.5.463";"";"0.76";"NDXm_TICK_UTCPlus02";"M15";"1578.74";"";"1460";"1.13";"1.05";"0.07";"39.47";"0.77";"0.0";"418.57";"0.82";"3.77";"1.15";"20.41";"14.69";"22.15";"15.66";"18.58";"0.72";"0.76";"0.0";"";"0";"0.0";"0.0";"0.0";"0.0";"0.0";"0.0";"0.0";"0.0";"0.0";"0.0";"0.0";"0.0";"0.0";"0.0";"0.0";"0.0"
"Strategy 4.5.465";"";"0.81";"NDXm_TICK_UTCPlus02";"M15";"2512.07";"";"1580";"1.17";"1.31";"0.1";"62.8";"0.79";"0.0";"476.84";"0.66";"5.27";"1.26";"27.13";"15.39";"25.91";"16.82";"20.45";"13.72";"0.81";"0.0";"";"0";"0.0";"0.0";"0.0";"0.0";"0.0";"0.0";"0.0";"0.0";"0.0";"0.0";"0.0";"0.0";"0.0";"0.0";"0.0";"0.0"
"Strategy 4.5.480";"";"0.81";"NDXm_TICK_UTCPlus02";"M15";"1694.41";"";"1249";"1.16";"1.1";"0.09";"42.36";"0.72";"0.0";"305.71";"0.74";"5.54";"2.35";"23.53";"15.04";"27.67";"20.48";"23.54";"10.17";"0.81";"0.0";"";"0";"0.0";"0.0";"0.0";"0.0";"0.0";"0.0";"0.0";"0.0";"0.0";"0.0";"0.0";"0.0";"0.0";"0.0";"0.0";"0.0"
"Strategy 4.5.527";"";"0.7";"NDXm_TICK_UTCPlus02";"M15";"560.35";"";"446";"1.16";"0.69";"0.08";"14.01";"0.78";"0.0";"206.94";"0.97";"2.71";"0.75";"18.57";"15.6";"30.95";"20.31";"25.56";"5.72";"0.7";"0.0";"";"0";"0.0";"0.0";"0.0";"0.0";"0.0";"0.0";"0.0";"0.0";"0.0";"0.0";"0.0";"0.0";"0.0";"0.0";"0.0";"0.0"
"Strategy 4.5.520";"";"0.73";"NDXm_TICK_UTCPlus02";"M15";"860.54";"";"903";"1.12";"0.72";"0.07";"21.51";"0.79";"0.0";"275.61";"0.77";"3.12";"0.99";"21.14";"14.53";"18.07";"12.7";"15.04";"2.78";"0.73";"0.0";"";"0";"0.0";"0.0";"0.0";"0.0";"0.0";"0.0";"0.0";"0.0";"0.0";"0.0";"0.0";"0.0";"0.0";"0.0";"0.0";"0.0"
"Strategy 4.5.544";"";"0.67";"NDXm_TICK_UTCPlus02";"M15";"529.2";"";"562";"1.13";"0.66";"0.07";"13.23";"0.56";"0.0";"239.29";"0.99";"2.21";"0.76";"16.12";"14.13";"13.96";"11.45";"12.7";"1.11";"0.67";"0.0";"";"0";"0.0";"0.0";"0.0";"0.0";"0.0";"0.0";"0.0";"0.0";"0.0";"0.0";"0.0";"0.0";"0.0";"0.0";"0.0";"0.0"
"Strategy 4.5.525";"";"0.73";"NDXm_TICK_UTCPlus02";"M15";"1115.01";"";"1134";"1.14";"0.96";"0.07";"27.87";"0.83";"0.0";"344.67";"1.07";"3.24";"0.68";"15.77";"14.88";"22.03";"18.56";"20.36";"3.89";"0.73";"0.0";"";"0";"0.0";"0.0";"0.0";"0.0";"0.0";"0.0";"0.0";"0.0";"0.0";"0.0";"0.0";"0.0";"0.0";"0.0";"0.0";"0.0"
"Strategy 4.5.518";"";"0.81";"NDXm_TICK_UTCPlus02";"M15";"2219.53";"";"1505";"1.16";"1.24";"0.1";"55.49";"0.89";"0.0";"418.74";"0.69";"5.3";"1.36";"25.71";"15.32";"25.88";"17.05";"20.66";"13.22";"0.81";"0.0";"";"0";"0.0";"0.0";"0.0";"0.0";"0.0";"0.0";"0.0";"0.0";"0.0";"0.0";"0.0";"0.0";"0.0";"0.0";"0.0";"0.0"
"Strategy 4.5.567";"";"0.77";"NDXm_TICK_UTCPlus02";"M15";"913.83";"";"804";"1.16";"0.94";"0.08";"22.85";"0.75";"0.0";"220.34";"1.14";"4.15";"0.93";"15.28";"15.04";"28.09";"26.08";"27.15";"8.78";"0.77";"0.0";"";"0";"0.0";"0.0";"0.0";"0.0";"0.0";"0.0";"0.0";"0.0";"0.0";"0.0";"0.0";"0.0";"0.0";"0.0";"0.0";"0.0"
"Strategy 4.5.533";"";"0.81";"NDXm_TICK_UTCPlus02";"M15";"3328.97";"";"2295";"1.15";"1.38";"0.09";"83.23";"0.9";"0.0";"640.95";"0.63";"5.19";"2.19";"28.28";"15.39";"29.48";"17.1";"21.88";"19.67";"0.81";"0.0";"";"0";"0.0";"0.0";"0.0";"0.0";"0.0";"0.0";"0.0";"0.0";"0.0";"0.0";"0.0";"0.0";"0.0";"0.0";"0.0";"0.0"
"Strategy 4.5.559";"";"0.83";"NDXm_TICK_UTCPlus02";"M15";"2626.98";"";"2921";"1.12";"1.27";"0.06";"65.67";"0.86";"0.0";"432.5";"0.92";"6.07";"1.17";"18.17";"15.0";"20.39";"16.71";"18.47";"15.72";"0.83";"0.0";"";"0";"0.0";"0.0";"0.0";"0.0";"0.0";"0.0";"0.0";"0.0";"0.0";"0.0";"0.0";"0.0";"0.0";"0.0";"0.0";"0.0"
"Strategy 3.7.315";"";"0.74";"NDXm_TICK_UTCPlus02";"M15";"724.88";"";"447";"1.18";"0.75";"0.11";"18.12";"0.85";"0.0";"218.27";"0.67";"3.32";"0.84";"25.95";"14.78";"25.2";"19.36";"21.71";"1.56";"0.74";"0.0";"";"0";"0.0";"0.0";"0.0";"0.0";"0.0";"0.0";"0.0";"0.0";"0.0";"0.0";"0.0";"0.0";"0.0";"0.0";"0.0";"0.0"
"Strategy 3.7.333";"";"0.81";"NDXm_TICK_UTCPlus02";"M15";"956.7";"";"686";"1.17";"0.91";"0.09";"23.92";"0.84";"0.0";"184.06";"0.87";"5.2";"1.31";"20.14";"15.0";"26.74";"19.01";"22.62";"3.5";"0.81";"0.0";"";"0";"0.0";"0.0";"0.0";"0.0";"0.0";"0.0";"0.0";"0.0";"0.0";"0.0";"0.0";"0.0";"0.0";"0.0";"0.0";"0.0"
"Strategy 3.7.339";"";"0.68";"NDXm_TICK_UTCPlus02";"M15";"996.9";"";"1056";"1.14";"0.94";"0.07";"24.92";"0.69";"0.0";"424.31";"1.15";"2.35";"0.94";"14.37";"14.44";"9.93";"8.13";"9.09";"0.44";"0.68";"0.0";"";"0";"0.0";"0.0";"0.0";"0.0";"0.0";"0.0";"0.0";"0.0";"0.0";"0.0";"0.0";"0.0";"0.0";"0.0";"0.0";"0.0"
"Strategy 3.7.322";"";"0.78";"NDXm_TICK_UTCPlus02";"M15";"1515.61";"";"959";"1.19";"1.2";"0.11";"37.89";"0.73";"0.0";"357.33";"0.84";"4.24";"1.68";"21.27";"14.98";"32.98";"25.66";"29.01";"8.78";"0.78";"0.0";"";"0";"0.0";"0.0";"0.0";"0.0";"0.0";"0.0";"0.0";"0.0";"0.0";"0.0";"0.0";"0.0";"0.0";"0.0";"0.0";"0.0"
"Strategy 3.7.366";"";"0.67";"NDXm_TICK_UTCPlus02";"M15";"472.31";"";"410";"1.19";"0.75";"0.08";"11.81";"0.76";"0.0";"213.99";"1.43";"2.21";"0.8";"12.36";"14.83";"20.65";"20.41";"20.55";"2.28";"0.67";"0.0";"";"0";"0.0";"0.0";"0.0";"0.0";"0.0";"0.0";"0.0";"0.0";"0.0";"0.0";"0.0";"0.0";"0.0";"0.0";"0.0";"0.0"
"Strategy 3.7.351";"";"0.8";"NDXm_TICK_UTCPlus02";"M15";"1180.42";"";"1306";"1.12";"0.93";"0.06";"29.51";"0.77";"0.0";"243.95";"0.9";"4.84";"1.45";"17.99";"14.45";"10.99";"9.09";"9.99";"3.5";"0.8";"0.0";"";"0";"0.0";"0.0";"0.0";"0.0";"0.0";"0.0";"0.0";"0.0";"0.0";"0.0";"0.0";"0.0";"0.0";"0.0";"0.0";"0.0"
"Strategy 3.7.341";"";"0.76";"NDXm_TICK_UTCPlus02";"M15";"1271.43";"";"1463";"1.11";"0.89";"0.06";"31.79";"0.75";"0.0";"326.88";"0.89";"3.89";"1.4";"18.39";"14.77";"17.93";"13.68";"15.69";"6.06";"0.76";"0.0";"";"0";"0.0";"0.0";"0.0";"0.0";"0.0";"0.0";"0.0";"0.0";"0.0";"0.0";"0.0";"0.0";"0.0";"0.0";"0.0";"0.0"
"Strategy 3.7.300";"";"0.74";"NDXm_TICK_UTCPlus02";"M15";"1409.88";"";"1413";"1.11";"0.88";"0.07";"35.24";"0.65";"0.0";"416.75";"0.68";"3.38";"1.59";"24.09";"14.8";"30.01";"21.72";"25.09";"4.94";"0.74";"0.0";"";"0";"0.0";"0.0";"0.0";"0.0";"0.0";"0.0";"0.0";"0.0";"0.0";"0.0";"0.0";"0.0";"0.0";"0.0";"0.0";"0.0"
"Strategy 3.7.374";"";"0.82";"NDXm_TICK_UTCPlus02";"M15";"1818.09";"";"900";"1.23";"1.25";"0.14";"45.45";"0.85";"0.0";"323.92";"0.66";"5.61";"1.51";"27.63";"14.82";"22.08";"13.71";"17.03";"4.17";"0.82";"0.0";"";"0";"0.0";"0.0";"0.0";"0.0";"0.0";"0.0";"0.0";"0.0";"0.0";"0.0";"0.0";"0.0";"0.0";"0.0";"0.0";"0.0"
"Strategy 3.7.363";"";"0.71";"NDXm_TICK_UTCPlus02";"M15";"1401.33";"";"1509";"1.12";"0.96";"0.06";"35.03";"0.77";"0.0";"482.25";"0.9";"2.91";"0.96";"18.5";"14.85";"17.72";"13.01";"15.24";"6.78";"0.71";"0.0";"";"0";"0.0";"0.0";"0.0";"0.0";"0.0";"0.0";"0.0";"0.0";"0.0";"0.0";"0.0";"0.0";"0.0";"0.0";"0.0";"0.0"
"Strategy 3.7.345";"";"0.75";"NDXm_TICK_UTCPlus02";"M15";"1286.67";"";"1483";"1.13";"1.04";"0.06";"32.17";"0.75";"0.0";"360.81";"1.3";"3.57";"1.24";"13.09";"15.01";"24.56";"25.27";"24.87";"5.94";"0.75";"0.0";"";"0";"0.0";"0.0";"0.0";"0.0";"0.0";"0.0";"0.0";"0.0";"0.0";"0.0";"0.0";"0.0";"0.0";"0.0";"0.0";"0.0"
"Strategy 3.7.358";"";"0.82";"NDXm_TICK_UTCPlus02";"M15";"2140.9";"";"2288";"1.11";"1.09";"0.06";"53.53";"0.87";"0.0";"370.48";"0.8";"5.78";"1.07";"20.58";"14.73";"16.27";"12.17";"13.99";"9.44";"0.82";"0.0";"";"0";"0.0";"0.0";"0.0";"0.0";"0.0";"0.0";"0.0";"0.0";"0.0";"0.0";"0.0";"0.0";"0.0";"0.0";"0.0";"0.0"
"Strategy 3.7.335";"";"0.79";"NDXm_TICK_UTCPlus02";"M15";"2509.33";"";"2963";"1.12";"1.35";"0.06";"62.72";"0.81";"0.0";"533.94";"1.11";"4.7";"1.39";"14.95";"14.79";"13.95";"12.16";"13.1";"11.11";"0.79";"0.0";"";"0";"0.0";"0.0";"0.0";"0.0";"0.0";"0.0";"0.0";"0.0";"0.0";"0.0";"0.0";"0.0";"0.0";"0.0";"0.0";"0.0"
"Strategy 3.7.384";"";"0.82";"NDXm_TICK_UTCPlus02";"M15";"1500.31";"";"1115";"1.16";"1.05";"0.09";"37.51";"0.88";"0.0";"261.71";"0.72";"5.73";"1.82";"23.46";"14.59";"20.27";"13.73";"16.47";"3.72";"0.82";"0.0";"";"0";"0.0";"0.0";"0.0";"0.0";"0.0";"0.0";"0.0";"0.0";"0.0";"0.0";"0.0";"0.0";"0.0";"0.0";"0.0";"0.0"
"Strategy 3.7.369";"";"0.87";"NDXm_TICK_UTCPlus02";"M15";"2320.6";"";"1454";"1.19";"1.4";"0.11";"58.01";"0.82";"0.0";"273.98";"0.73";"8.47";"2.45";"24.16";"14.94";"33.55";"25.92";"29.15";"5.56";"0.87";"0.0";"";"0";"0.0";"0.0";"0.0";"0.0";"0.0";"0.0";"0.0";"0.0";"0.0";"0.0";"0.0";"0.0";"0.0";"0.0";"0.0";"0.0"
"Strategy 3.7.414";"";"0.8";"NDXm_TICK_UTCPlus02";"M15";"1024.47";"";"836";"1.19";"1.1";"0.08";"25.61";"0.82";"0.0";"200.04";"1.32";"5.12";"1.51";"13.33";"14.7";"10.87";"13.28";"11.91";"2.22";"0.8";"0.0";"";"0";"0.0";"0.0";"0.0";"0.0";"0.0";"0.0";"0.0";"0.0";"0.0";"0.0";"0.0";"0.0";"0.0";"0.0";"0.0";"0.0"
"Strategy 3.7.353";"";"0.84";"NDXm_TICK_UTCPlus02";"M15";"2396.83";"";"1414";"1.18";"1.31";"0.11";"59.92";"0.86";"0.0";"362.8";"0.62";"6.61";"1.69";"28.73";"15.11";"42.13";"31.05";"35.3";"7.28";"0.84";"0.0";"";"0";"0.0";"0.0";"0.0";"0.0";"0.0";"0.0";"0.0";"0.0";"0.0";"0.0";"0.0";"0.0";"0.0";"0.0";"0.0";"0.0"
"Strategy 3.7.389";"";"0.76";"NDXm_TICK_UTCPlus02";"M15";"1868.87";"";"2132";"1.11";"1.02";"0.06";"46.72";"0.78";"0.0";"488.23";"0.77";"3.83";"1.39";"20.93";"14.64";"18.04";"12.26";"14.78";"7.78";"0.76";"0.0";"";"0";"0.0";"0.0";"0.0";"0.0";"0.0";"0.0";"0.0";"0.0";"0.0";"0.0";"0.0";"0.0";"0.0";"0.0";"0.0";"0.0"
"Strategy 3.7.328";"";"0.75";"NDXm_TICK_UTCPlus02";"M15";"2652.13";"";"2524";"1.11";"1.12";"0.07";"66.31";"0.78";"0.0";"744.7";"0.64";"3.56";"1.47";"26.24";"15.05";"34.79";"22.08";"27.03";"23.94";"0.75";"0.0";"";"0";"0.0";"0.0";"0.0";"0.0";"0.0";"0.0";"0.0";"0.0";"0.0";"0.0";"0.0";"0.0";"0.0";"0.0";"0.0";"0.0"
"Strategy 3.7.419";"";"0.84";"NDXm_TICK_UTCPlus02";"M15";"2243.35";"";"1185";"1.22";"1.45";"0.13";"56.09";"0.89";"0.0";"329.28";"0.74";"6.81";"2.17";"24.47";"14.82";"22.76";"14.65";"18.1";"5.22";"0.84";"0.0";"";"0";"0.0";"0.0";"0.0";"0.0";"0.0";"0.0";"0.0";"0.0";"0.0";"0.0";"0.0";"0.0";"0.0";"0.0";"0.0";"0.0"
"Strategy 3.7.449";"";"0.64";"NDXm_TICK_UTCPlus02";"M15";"633.85";"";"483";"1.17";"0.71";"0.09";"15.85";"0.72";"0.0";"334.02";"0.85";"1.9";"0.62";"20.13";"14.69";"19.63";"12.8";"15.94";"0.33";"0.64";"0.0";"";"0";"0.0";"0.0";"0.0";"0.0";"0.0";"0.0";"0.0";"0.0";"0.0";"0.0";"0.0";"0.0";"0.0";"0.0";"0.0";"0.0"
"Strategy 3.7.434";"";"0.73";"NDXm_TICK_UTCPlus02";"M15";"817.65";"";"821";"1.13";"0.8";"0.07";"20.44";"0.81";"0.0";"256.31";"1.03";"3.19";"0.76";"16.51";"15.02";"30.41";"28.56";"29.5";"3.06";"0.73";"0.0";"";"0";"0.0";"0.0";"0.0";"0.0";"0.0";"0.0";"0.0";"0.0";"0.0";"0.0";"0.0";"0.0";"0.0";"0.0";"0.0";"0.0"
"Strategy 3.7.431";"";"0.68";"NDXm_TICK_UTCPlus02";"M15";"770.45";"";"800";"1.11";"0.63";"0.06";"19.26";"0.78";"0.0";"318.82";"0.75";"2.42";"0.76";"22.7";"15.27";"37.42";"30.78";"33.62";"5.83";"0.68";"0.0";"";"0";"0.0";"0.0";"0.0";"0.0";"0.0";"0.0";"0.0";"0.0";"0.0";"0.0";"0.0";"0.0";"0.0";"0.0";"0.0";"0.0"
"Strategy 3.7.450";"";"0.76";"NDXm_TICK_UTCPlus02";"M15";"1075.24";"";"1082";"1.12";"0.78";"0.07";"26.88";"0.72";"0.0";"288.79";"0.79";"3.72";"0.82";"21.28";"14.94";"23.84";"17.39";"20.23";"7.22";"0.76";"0.0";"";"0";"0.0";"0.0";"0.0";"0.0";"0.0";"0.0";"0.0";"0.0";"0.0";"0.0";"0.0";"0.0";"0.0";"0.0";"0.0";"0.0"
"Strategy 3.7.420";"";"0.8";"NDXm_TICK_UTCPlus02";"M15";"1463.73";"";"1854";"1.12";"0.98";"0.05";"36.59";"0.86";"0.0";"290.94";"1.16";"5.03";"1.0";"14.2";"14.75";"12.39";"11.27";"11.87";"6.06";"0.8";"0.0";"";"0";"0.0";"0.0";"0.0";"0.0";"0.0";"0.0";"0.0";"0.0";"0.0";"0.0";"0.0";"0.0";"0.0";"0.0";"0.0";"0.0"
"Strategy 3.7.465";"";"0.68";"NDXm_TICK_UTCPlus02";"M15";"743.23";"";"800";"1.11";"0.61";"0.06";"18.58";"0.84";"0.0";"310.79";"0.67";"2.39";"0.77";"24.27";"14.72";"24.98";"15.13";"19.08";"2.06";"0.68";"0.0";"";"0";"0.0";"0.0";"0.0";"0.0";"0.0";"0.0";"0.0";"0.0";"0.0";"0.0";"0.0";"0.0";"0.0";"0.0";"0.0";"0.0"
"Strategy 3.7.417";"";"0.8";"NDXm_TICK_UTCPlus02";"M15";"1674.41";"";"1809";"1.12";"1.06";"0.06";"41.86";"0.77";"0.0";"340.56";"0.89";"4.92";"1.48";"18.52";"14.77";"18.42";"13.49";"15.82";"7.83";"0.8";"0.0";"";"0";"0.0";"0.0";"0.0";"0.0";"0.0";"0.0";"0.0";"0.0";"0.0";"0.0";"0.0";"0.0";"0.0";"0.0";"0.0";"0.0"
"Strategy 3.7.457";"";"0.85";"NDXm_TICK_UTCPlus02";"M15";"1442.62";"";"770";"1.23";"1.25";"0.13";"36.07";"0.8";"0.0";"192.13";"0.8";"7.51";"1.87";"22.77";"14.91";"34.13";"27.26";"30.32";"4.44";"0.85";"0.0";"";"0";"0.0";"0.0";"0.0";"0.0";"0.0";"0.0";"0.0";"0.0";"0.0";"0.0";"0.0";"0.0";"0.0";"0.0";"0.0";"0.0"
"Strategy 3.7.451";"";"0.67";"NDXm_TICK_UTCPlus02";"M15";"1795.59";"";"2004";"1.11";"1.04";"0.06";"44.89";"0.75";"0.0";"822.2";"0.84";"2.18";"0.92";"19.56";"14.85";"18.29";"14.13";"16.03";"8.44";"0.67";"0.0";"";"0";"0.0";"0.0";"0.0";"0.0";"0.0";"0.0";"0.0";"0.0";"0.0";"0.0";"0.0";"0.0";"0.0";"0.0";"0.0";"0.0"
"Strategy 3.7.453";"";"0.82";"NDXm_TICK_UTCPlus02";"M15";"1736.16";"";"1722";"1.13";"1.1";"0.07";"43.41";"0.76";"0.0";"297.23";"0.9";"5.84";"1.62";"18.6";"14.8";"17.71";"13.58";"15.53";"6.28";"0.82";"0.0";"";"0";"0.0";"0.0";"0.0";"0.0";"0.0";"0.0";"0.0";"0.0";"0.0";"0.0";"0.0";"0.0";"0.0";"0.0";"0.0";"0.0"
"Strategy 3.7.481";"";"0.77";"NDXm_TICK_UTCPlus02";"M15";"1311.9";"";"1174";"1.14";"0.95";"0.07";"32.8";"0.87";"0.0";"310.8";"0.85";"4.22";"1.01";"20.21";"15.04";"24.41";"19.5";"21.75";"5.11";"0.77";"0.0";"";"0";"0.0";"0.0";"0.0";"0.0";"0.0";"0.0";"0.0";"0.0";"0.0";"0.0";"0.0";"0.0";"0.0";"0.0";"0.0";"0.0"
"Strategy 3.7.474";"";"0.82";"NDXm_TICK_UTCPlus02";"M15";"1127.63";"";"908";"1.15";"0.9";"0.08";"28.19";"0.87";"0.0";"197.76";"0.79";"5.7";"1.85";"21.7";"14.94";"34.79";"23.09";"28.26";"7.39";"0.82";"0.0";"";"0";"0.0";"0.0";"0.0";"0.0";"0.0";"0.0";"0.0";"0.0";"0.0";"0.0";"0.0";"0.0";"0.0";"0.0";"0.0";"0.0"
"Strategy 3.7.501";"";"0.74";"NDXm_TICK_UTCPlus02";"M15";"856.54";"";"785";"1.18";"0.98";"0.07";"21.41";"0.74";"0.0";"260.05";"1.43";"3.29";"1.2";"12.31";"14.95";"13.94";"14.41";"14.13";"2.5";"0.74";"0.0";"";"0";"0.0";"0.0";"0.0";"0.0";"0.0";"0.0";"0.0";"0.0";"0.0";"0.0";"0.0";"0.0";"0.0";"0.0";"0.0";"0.0"
"Strategy 3.7.509";"";"0.9";"NDXm_TICK_UTCPlus02";"M15";"2503.27";"";"943";"1.3";"1.66";"0.18";"62.58";"0.87";"0.0";"198.32";"0.65";"12.62";"4.35";"29.1";"14.42";"20.61";"13.79";"16.47";"3.44";"0.9";"0.0";"";"0";"0.0";"0.0";"0.0";"0.0";"0.0";"0.0";"0.0";"0.0";"0.0";"0.0";"0.0";"0.0";"0.0";"0.0";"0.0";"0.0"
"Strategy 3.7.504";"";"0.73";"NDXm_TICK_UTCPlus02";"M15";"1053.98";"";"1031";"1.11";"0.71";"0.07";"26.35";"0.51";"0.0";"328.53";"0.62";"3.21";"1.25";"25.98";"14.41";"23.94";"17.32";"19.85";"3.39";"0.73";"0.0";"";"0";"0.0";"0.0";"0.0";"0.0";"0.0";"0.0";"0.0";"0.0";"0.0";"0.0";"0.0";"0.0";"0.0";"0.0";"0.0";"0.0"
"Strategy 3.7.531";"";"0.84";"NDXm_TICK_UTCPlus02";"M15";"1140.92";"";"588";"1.23";"1.06";"0.13";"28.52";"0.75";"0.0";"167.66";"0.8";"6.8";"1.9";"23.23";"15.05";"30.75";"21.89";"25.82";"4.06";"0.84";"0.0";"";"0";"0.0";"0.0";"0.0";"0.0";"0.0";"0.0";"0.0";"0.0";"0.0";"0.0";"0.0";"0.0";"0.0";"0.0";"0.0";"0.0"
"Strategy 3.7.518";"";"0.7";"NDXm_TICK_UTCPlus02";"M15";"1122.37";"";"803";"1.17";"0.93";"0.09";"28.06";"0.72";"0.0";"414.17";"0.8";"2.71";"1.14";"22.17";"15.14";"31.56";"27.28";"29.18";"4.39";"0.7";"0.0";"";"0";"0.0";"0.0";"0.0";"0.0";"0.0";"0.0";"0.0";"0.0";"0.0";"0.0";"0.0";"0.0";"0.0";"0.0";"0.0";"0.0"
"Strategy 3.7.533";"";"0.86";"NDXm_TICK_UTCPlus02";"M15";"1538.51";"";"1074";"1.21";"1.4";"0.1";"38.46";"0.84";"0.0";"184.27";"1.22";"8.35";"2.07";"14.9";"15.04";"16.41";"15.7";"16.09";"3.28";"0.86";"0.0";"";"0";"0.0";"0.0";"0.0";"0.0";"0.0";"0.0";"0.0";"0.0";"0.0";"0.0";"0.0";"0.0";"0.0";"0.0";"0.0";"0.0"
"Strategy 3.7.528";"";"0.78";"NDXm_TICK_UTCPlus02";"M15";"967.96";"";"777";"1.17";"1.03";"0.08";"24.2";"0.81";"0.0";"223.05";"1.07";"4.34";"1.24";"16.23";"14.74";"31.93";"27.11";"29.6";"1.67";"0.78";"0.0";"";"0";"0.0";"0.0";"0.0";"0.0";"0.0";"0.0";"0.0";"0.0";"0.0";"0.0";"0.0";"0.0";"0.0";"0.0";"0.0";"0.0"
"Strategy 3.7.547";"";"0.66";"NDXm_TICK_UTCPlus02";"M15";"580.93";"";"704";"1.11";"0.59";"0.05";"14.52";"0.81";"0.0";"267.21";"0.93";"2.17";"0.53";"17.9";"15.12";"22.4";"18.15";"20.21";"5.39";"0.66";"0.0";"";"0";"0.0";"0.0";"0.0";"0.0";"0.0";"0.0";"0.0";"0.0";"0.0";"0.0";"0.0";"0.0";"0.0";"0.0";"0.0";"0.0"
"Strategy 2.6.307";"";"0.81";"NDXm_TICK_UTCPlus02";"M15";"831.74";"";"708";"1.18";"0.97";"0.08";"20.79";"0.78";"0.0";"155.65";"1.19";"5.34";"1.2";"14.14";"14.28";"10.45";"10.18";"10.33";"0.56";"0.81";"0.0";"";"0";"0.0";"0.0";"0.0";"0.0";"0.0";"0.0";"0.0";"0.0";"0.0";"0.0";"0.0";"0.0";"0.0";"0.0";"0.0";"0.0"
"Strategy 2.6.321";"";"0.77";"NDXm_TICK_UTCPlus02";"M15";"865.39";"";"376";"1.36";"1.34";"0.15";"21.64";"0.7";"0.0";"214.51";"1.35";"4.03";"1.54";"15.17";"15.08";"30.48";"26.96";"28.98";"2.72";"0.77";"0.0";"";"0";"0.0";"0.0";"0.0";"0.0";"0.0";"0.0";"0.0";"0.0";"0.0";"0.0";"0.0";"0.0";"0.0";"0.0";"0.0";"0.0"
"Strategy 2.6.332";"";"0.82";"NDXm_TICK_UTCPlus02";"M15";"816.3";"";"475";"1.25";"1.09";"0.12";"20.41";"0.83";"0.0";"142.61";"1.15";"5.72";"1.67";"16.1";"14.81";"25.87";"25.05";"25.49";"0.39";"0.82";"0.0";"";"0";"0.0";"0.0";"0.0";"0.0";"0.0";"0.0";"0.0";"0.0";"0.0";"0.0";"0.0";"0.0";"0.0";"0.0";"0.0";"0.0"
"Strategy 3.7.567";"";"0.8";"NDXm_TICK_UTCPlus02";"M15";"1843.87";"";"1677";"1.13";"1.09";"0.07";"46.1";"0.85";"0.0";"360.05";"0.76";"5.12";"1.14";"21.9";"14.78";"17.65";"13.23";"15.14";"7.22";"0.8";"0.0";"";"0";"0.0";"0.0";"0.0";"0.0";"0.0";"0.0";"0.0";"0.0";"0.0";"0.0";"0.0";"0.0";"0.0";"0.0";"0.0";"0.0"
"Strategy 3.7.568";"";"0.81";"NDXm_TICK_UTCPlus02";"M15";"2121.33";"";"2373";"1.11";"1.01";"0.06";"53.03";"0.83";"0.0";"396.68";"0.67";"5.35";"0.95";"23.33";"14.24";"15.27";"10.56";"12.46";"9.33";"0.81";"0.0";"";"0";"0.0";"0.0";"0.0";"0.0";"0.0";"0.0";"0.0";"0.0";"0.0";"0.0";"0.0";"0.0";"0.0";"0.0";"0.0";"0.0"
"Strategy 3.7.549";"";"0.8";"NDXm_TICK_UTCPlus02";"M15";"2308.5";"";"2729";"1.11";"1.21";"0.06";"57.71";"0.79";"0.0";"448.66";"0.8";"5.15";"1.04";"19.64";"14.22";"17.69";"13.13";"15.16";"9.06";"0.8";"0.0";"";"0";"0.0";"0.0";"0.0";"0.0";"0.0";"0.0";"0.0";"0.0";"0.0";"0.0";"0.0";"0.0";"0.0";"0.0";"0.0";"0.0"
"Strategy 2.6.340";"";"0.7";"NDXm_TICK_UTCPlus02";"M15";"842.7";"";"900";"1.11";"0.66";"0.06";"21.07";"0.68";"0.0";"313.6";"0.69";"2.69";"0.64";"23.99";"15.08";"35.85";"22.63";"28.05";"6.72";"0.7";"0.0";"";"0";"0.0";"0.0";"0.0";"0.0";"0.0";"0.0";"0.0";"0.0";"0.0";"0.0";"0.0";"0.0";"0.0";"0.0";"0.0";"0.0"
"Strategy 2.6.378";"";"0.73";"NDXm_TICK_UTCPlus02";"M15";"556.72";"";"539";"1.18";"0.83";"0.07";"13.92";"0.84";"0.0";"179.07";"1.62";"3.11";"0.91";"10.8";"14.75";"19.77";"18.09";"19.13";"1.83";"0.73";"0.0";"";"0";"0.0";"0.0";"0.0";"0.0";"0.0";"0.0";"0.0";"0.0";"0.0";"0.0";"0.0";"0.0";"0.0";"0.0";"0.0";"0.0"
"Strategy 2.6.357";"";"0.84";"NDXm_TICK_UTCPlus02";"M15";"2575.09";"";"1841";"1.18";"1.5";"0.1";"64.37";"0.84";"0.0";"377.86";"0.83";"6.81";"1.4";"20.6";"14.57";"15.89";"10.7";"13.06";"5.83";"0.84";"0.0";"";"0";"0.0";"0.0";"0.0";"0.0";"0.0";"0.0";"0.0";"0.0";"0.0";"0.0";"0.0";"0.0";"0.0";"0.0";"0.0";"0.0"
"Strategy 2.6.311";"";"0.86";"NDXm_TICK_UTCPlus02";"M15";"3655.98";"";"3179";"1.13";"1.45";"0.08";"91.4";"0.87";"0.0";"464.99";"0.66";"7.86";"1.61";"25.43";"14.79";"22.07";"14.48";"17.48";"15.67";"0.86";"0.0";"";"0";"0.0";"0.0";"0.0";"0.0";"0.0";"0.0";"0.0";"0.0";"0.0";"0.0";"0.0";"0.0";"0.0";"0.0";"0.0";"0.0"
"Strategy 2.6.379";"";"0.72";"NDXm_TICK_UTCPlus02";"M15";"770.99";"";"780";"1.12";"0.71";"0.06";"19.27";"0.86";"0.0";"252.39";"0.92";"3.05";"0.78";"18.74";"15.28";"37.53";"34.19";"35.78";"5.0";"0.72";"0.0";"";"0";"0.0";"0.0";"0.0";"0.0";"0.0";"0.0";"0.0";"0.0";"0.0";"0.0";"0.0";"0.0";"0.0";"0.0";"0.0";"0.0"
"Strategy 2.6.383";"";"0.81";"NDXm_TICK_UTCPlus02";"M15";"2215.3";"";"1392";"1.19";"1.39";"0.11";"55.38";"0.58";"0.0";"412.91";"0.77";"5.37";"2.81";"22.58";"14.5";"21.92";"17.34";"19.33";"4.56";"0.81";"0.0";"";"0";"0.0";"0.0";"0.0";"0.0";"0.0";"0.0";"0.0";"0.0";"0.0";"0.0";"0.0";"0.0";"0.0";"0.0";"0.0";"0.0"
"Strategy 2.6.412";"";"0.82";"NDXm_TICK_UTCPlus02";"M15";"1486.09";"";"736";"1.25";"1.24";"0.14";"37.15";"0.82";"0.0";"260.84";"0.78";"5.7";"1.32";"23.35";"14.66";"28.97";"22.85";"25.53";"7.78";"0.82";"0.0";"";"0";"0.0";"0.0";"0.0";"0.0";"0.0";"0.0";"0.0";"0.0";"0.0";"0.0";"0.0";"0.0";"0.0";"0.0";"0.0";"0.0"
"Strategy 2.6.372";"";"0.81";"NDXm_TICK_UTCPlus02";"M15";"2304.44";"";"1999";"1.13";"1.15";"0.08";"57.61";"0.83";"0.0";"423.43";"0.64";"5.44";"1.23";"26.22";"14.95";"26.6";"17.18";"20.87";"12.39";"0.81";"0.0";"";"0";"0.0";"0.0";"0.0";"0.0";"0.0";"0.0";"0.0";"0.0";"0.0";"0.0";"0.0";"0.0";"0.0";"0.0";"0.0";"0.0"
"Strategy 2.6.382";"";"0.82";"NDXm_TICK_UTCPlus02";"M15";"2861.97";"";"2958";"1.12";"1.34";"0.07";"71.55";"0.89";"0.0";"477.54";"0.87";"5.99";"1.6";"19.09";"14.71";"14.59";"11.57";"12.97";"11.17";"0.82";"0.0";"";"0";"0.0";"0.0";"0.0";"0.0";"0.0";"0.0";"0.0";"0.0";"0.0";"0.0";"0.0";"0.0";"0.0";"0.0";"0.0";"0.0"
"Strategy 2.6.425";"";"0.77";"NDXm_TICK_UTCPlus02";"M15";"1710.86";"";"1280";"1.16";"1.15";"0.09";"42.77";"0.81";"0.0";"429.9";"0.71";"3.98";"1.44";"23.46";"14.3";"20.33";"14.17";"16.72";"2.78";"0.77";"0.0";"";"0";"0.0";"0.0";"0.0";"0.0";"0.0";"0.0";"0.0";"0.0";"0.0";"0.0";"0.0";"0.0";"0.0";"0.0";"0.0";"0.0"
"Strategy 2.6.384";"";"0.87";"NDXm_TICK_UTCPlus02";"M15";"3258.74";"";"2955";"1.14";"1.5";"0.07";"81.47";"0.87";"0.0";"361.97";"0.83";"9.0";"1.72";"20.12";"14.72";"16.89";"12.15";"14.3";"12.39";"0.87";"0.0";"";"0";"0.0";"0.0";"0.0";"0.0";"0.0";"0.0";"0.0";"0.0";"0.0";"0.0";"0.0";"0.0";"0.0";"0.0";"0.0";"0.0"
"Strategy 2.6.409";"";"0.85";"NDXm_TICK_UTCPlus02";"M15";"2522.31";"";"2697";"1.14";"1.43";"0.06";"63.06";"0.8";"0.0";"341.57";"1.12";"7.38";"1.35";"14.83";"14.68";"14.95";"12.77";"13.92";"11.22";"0.85";"0.0";"";"0";"0.0";"0.0";"0.0";"0.0";"0.0";"0.0";"0.0";"0.0";"0.0";"0.0";"0.0";"0.0";"0.0";"0.0";"0.0";"0.0"
"Strategy 2.6.478";"";"0.75";"NDXm_TICK_UTCPlus02";"M15";"900.89";"";"423";"1.25";"0.99";"0.14";"22.52";"0.79";"0.0";"249.89";"0.73";"3.61";"0.78";"25.38";"14.93";"22.18";"17.48";"19.47";"2.78";"0.75";"0.0";"";"0";"0.0";"0.0";"0.0";"0.0";"0.0";"0.0";"0.0";"0.0";"0.0";"0.0";"0.0";"0.0";"0.0";"0.0";"0.0";"0.0"
"Strategy 2.6.497";"";"0.71";"NDXm_TICK_UTCPlus02";"M15";"830.94";"";"710";"1.16";"0.89";"0.08";"20.77";"0.82";"0.0";"299.67";"1.14";"2.77";"1.09";"15.57";"15.22";"31.73";"30.96";"31.37";"4.83";"0.71";"0.0";"";"0";"0.0";"0.0";"0.0";"0.0";"0.0";"0.0";"0.0";"0.0";"0.0";"0.0";"0.0";"0.0";"0.0";"0.0";"0.0";"0.0"
"Strategy 2.6.480";"";"0.81";"NDXm_TICK_UTCPlus02";"M15";"2166.33";"";"2544";"1.12";"1.24";"0.06";"54.16";"0.84";"0.0";"389.72";"1.12";"5.56";"1.24";"14.84";"14.76";"14.27";"13.2";"13.76";"10.0";"0.81";"0.0";"";"0";"0.0";"0.0";"0.0";"0.0";"0.0";"0.0";"0.0";"0.0";"0.0";"0.0";"0.0";"0.0";"0.0";"0.0";"0.0";"0.0"
"Strategy 2.6.540";"";"0.85";"NDXm_TICK_UTCPlus02";"M15";"731.25";"";"508";"1.27";"1.15";"0.1";"18.28";"0.83";"0.0";"103.35";"1.7";"7.08";"1.75";"10.8";"14.5";"19.8";"17.61";"18.99";"1.83";"0.85";"0.0";"";"0";"0.0";"0.0";"0.0";"0.0";"0.0";"0.0";"0.0";"0.0";"0.0";"0.0";"0.0";"0.0";"0.0";"0.0";"0.0";"0.0"
"Strategy 2.6.519";"";"0.72";"NDXm_TICK_UTCPlus02";"M15";"973.3";"";"815";"1.14";"0.84";"0.08";"24.33";"0.7";"0.0";"331.41";"0.8";"2.94";"1.26";"21.82";"15.2";"36.62";"31.03";"33.5";"3.78";"0.72";"0.0";"";"0";"0.0";"0.0";"0.0";"0.0";"0.0";"0.0";"0.0";"0.0";"0.0";"0.0";"0.0";"0.0";"0.0";"0.0";"0.0";"0.0"
"Strategy 2.6.528";"";"0.76";"NDXm_TICK_UTCPlus02";"M15";"933.8";"";"1030";"1.11";"0.73";"0.06";"23.34";"0.83";"0.0";"236.38";"0.87";"3.95";"0.94";"19.09";"14.96";"28.31";"22.44";"25.18";"8.44";"0.76";"0.0";"";"0";"0.0";"0.0";"0.0";"0.0";"0.0";"0.0";"0.0";"0.0";"0.0";"0.0";"0.0";"0.0";"0.0";"0.0";"0.0";"0.0"
"Strategy 2.6.491";"";"0.79";"NDXm_TICK_UTCPlus02";"M15";"2064.55";"";"1451";"1.15";"1.17";"0.09";"51.61";"0.75";"0.0";"446.0";"0.64";"4.63";"2.09";"27.15";"15.13";"43.82";"32.7";"37.05";"9.83";"0.79";"0.0";"";"0";"0.0";"0.0";"0.0";"0.0";"0.0";"0.0";"0.0";"0.0";"0.0";"0.0";"0.0";"0.0";"0.0";"0.0";"0.0";"0.0"
"Strategy 2.6.500";"";"0.79";"NDXm_TICK_UTCPlus02";"M15";"2019.07";"";"2054";"1.11";"1.01";"0.07";"50.48";"0.79";"0.0";"443.02";"0.69";"4.56";"0.92";"23.71";"14.71";"23.65";"15.87";"19.05";"11.17";"0.79";"0.0";"";"0";"0.0";"0.0";"0.0";"0.0";"0.0";"0.0";"0.0";"0.0";"0.0";"0.0";"0.0";"0.0";"0.0";"0.0";"0.0";"0.0"
"Strategy 2.6.555";"";"0.71";"NDXm_TICK_UTCPlus02";"M15";"745.7";"";"644";"1.14";"0.69";"0.08";"18.64";"0.74";"0.0";"270.72";"0.77";"2.75";"0.63";"22.29";"15.2";"27.94";"23.47";"25.42";"4.94";"0.71";"0.0";"";"0";"0.0";"0.0";"0.0";"0.0";"0.0";"0.0";"0.0";"0.0";"0.0";"0.0";"0.0";"0.0";"0.0";"0.0";"0.0";"0.0"
"Strategy 2.6.493";"";"0.83";"NDXm_TICK_UTCPlus02";"M15";"2919.69";"";"2798";"1.13";"1.37";"0.07";"72.99";"0.86";"0.0";"453.03";"0.82";"6.44";"1.41";"20.32";"14.71";"17.3";"12.22";"14.51";"12.22";"0.83";"0.0";"";"0";"0.0";"0.0";"0.0";"0.0";"0.0";"0.0";"0.0";"0.0";"0.0";"0.0";"0.0";"0.0";"0.0";"0.0";"0.0";"0.0"
"Strategy 2.6.515";"";"0.79";"NDXm_TICK_UTCPlus02";"M15";"2423.25";"";"2666";"1.12";"1.28";"0.06";"60.58";"0.85";"0.0";"532.07";"1.01";"4.55";"1.25";"16.44";"14.74";"15.51";"12.91";"14.21";"10.61";"0.79";"0.0";"";"0";"0.0";"0.0";"0.0";"0.0";"0.0";"0.0";"0.0";"0.0";"0.0";"0.0";"0.0";"0.0";"0.0";"0.0";"0.0";"0.0"
"Strategy 2.6.561";"";"0.74";"NDXm_TICK_UTCPlus02";"M15";"1418.13";"";"1417";"1.13";"1.0";"0.07";"35.45";"0.75";"0.0";"414.42";"0.9";"3.42";"1.67";"18.09";"14.46";"15.94";"13.52";"14.67";"3.06";"0.74";"0.0";"";"0";"0.0";"0.0";"0.0";"0.0";"0.0";"0.0";"0.0";"0.0";"0.0";"0.0";"0.0";"0.0";"0.0";"0.0";"0.0";"0.0"
"Strategy 2.6.543";"";"0.73";"NDXm_TICK_UTCPlus02";"M15";"1860.71";"";"1946";"1.13";"1.17";"0.06";"46.52";"0.84";"0.0";"579.79";"0.97";"3.21";"1.57";"17.18";"14.75";"20.13";"18.23";"19.17";"6.78";"0.73";"0.0";"";"0";"0.0";"0.0";"0.0";"0.0";"0.0";"0.0";"0.0";"0.0";"0.0";"0.0";"0.0";"0.0";"0.0";"0.0";"0.0";"0.0"
"Strategy 2.6.535";"";"0.85";"NDXm_TICK_UTCPlus02";"M15";"1735.07";"";"1423";"1.18";"1.39";"0.08";"43.38";"0.78";"0.0";"244.25";"1.22";"7.1";"2.67";"14.52";"14.96";"32.16";"31.57";"31.89";"5.56";"0.85";"0.0";"";"0";"0.0";"0.0";"0.0";"0.0";"0.0";"0.0";"0.0";"0.0";"0.0";"0.0";"0.0";"0.0";"0.0";"0.0";"0.0";"0.0"
"Strategy 2.6.503";"";"0.85";"NDXm_TICK_UTCPlus02";"M15";"3405.72";"";"3356";"1.12";"1.41";"0.07";"85.14";"0.86";"0.0";"483.36";"0.76";"7.05";"1.41";"21.71";"14.8";"20.18";"14.43";"16.92";"15.83";"0.85";"0.0";"";"0";"0.0";"0.0";"0.0";"0.0";"0.0";"0.0";"0.0";"0.0";"0.0";"0.0";"0.0";"0.0";"0.0";"0.0";"0.0";"0.0"
"Strategy 1.8.326";"";"0.74";"NDXm_TICK_UTCPlus02";"M15";"1214.8";"";"646";"1.27";"1.35";"0.13";"30.37";"0.7";"0.0";"351.73";"1.05";"3.45";"1.43";"17.48";"14.51";"16.88";"12.77";"14.88";"4.28";"0.74";"0.0";"";"0";"0.0";"0.0";"0.0";"0.0";"0.0";"0.0";"0.0";"0.0";"0.0";"0.0";"0.0";"0.0";"0.0";"0.0";"0.0";"0.0"
"Strategy 1.8.309";"";"0.72";"NDXm_TICK_UTCPlus02";"M15";"933.85";"";"1123";"1.11";"0.8";"0.06";"23.35";"0.68";"0.0";"313.89";"0.89";"2.98";"1.14";"17.8";"14.33";"16.69";"12.5";"14.48";"1.78";"0.72";"0.0";"";"0";"0.0";"0.0";"0.0";"0.0";"0.0";"0.0";"0.0";"0.0";"0.0";"0.0";"0.0";"0.0";"0.0";"0.0";"0.0";"0.0"
"Strategy 1.8.336";"";"0.75";"NDXm_TICK_UTCPlus02";"M15";"754.55";"";"1009";"1.12";"0.8";"0.05";"18.86";"0.81";"0.0";"214.85";"1.29";"3.51";"0.79";"12.78";"14.74";"14.55";"13.33";"14.02";"1.89";"0.75";"0.0";"";"0";"0.0";"0.0";"0.0";"0.0";"0.0";"0.0";"0.0";"0.0";"0.0";"0.0";"0.0";"0.0";"0.0";"0.0";"0.0";"0.0"
"Strategy 1.8.318";"";"0.78";"NDXm_TICK_UTCPlus02";"M15";"1275.9";"";"1173";"1.13";"0.9";"0.07";"31.89";"0.66";"0.0";"284.14";"0.77";"4.49";"1.64";"21.86";"14.84";"28.65";"22.87";"25.38";"3.28";"0.78";"0.0";"";"0";"0.0";"0.0";"0.0";"0.0";"0.0";"0.0";"0.0";"0.0";"0.0";"0.0";"0.0";"0.0";"0.0";"0.0";"0.0";"0.0"
"Strategy 1.8.304";"";"0.83";"NDXm_TICK_UTCPlus02";"M15";"2105.18";"";"1912";"1.14";"1.25";"0.07";"52.63";"0.92";"0.0";"342.16";"0.86";"6.15";"1.74";"19.73";"14.92";"23.04";"18.01";"20.34";"7.17";"0.83";"0.0";"";"0";"0.0";"0.0";"0.0";"0.0";"0.0";"0.0";"0.0";"0.0";"0.0";"0.0";"0.0";"0.0";"0.0";"0.0";"0.0";"0.0"
"Strategy 2.6.568";"";"0.83";"NDXm_TICK_UTCPlus02";"M15";"2682.75";"";"3020";"1.11";"1.25";"0.06";"67.06";"0.9";"0.0";"423.47";"0.86";"6.34";"1.49";"19.06";"14.74";"14.9";"11.76";"13.21";"11.0";"0.83";"0.0";"";"0";"0.0";"0.0";"0.0";"0.0";"0.0";"0.0";"0.0";"0.0";"0.0";"0.0";"0.0";"0.0";"0.0";"0.0";"0.0";"0.0"
"Strategy 1.8.329";"";"0.82";"NDXm_TICK_UTCPlus02";"M15";"1816.19";"";"1867";"1.12";"1.03";"0.07";"45.4";"0.87";"0.0";"324.63";"0.68";"5.59";"1.62";"22.59";"13.77";"15.87";"10.43";"12.63";"3.72";"0.82";"0.0";"";"0";"0.0";"0.0";"0.0";"0.0";"0.0";"0.0";"0.0";"0.0";"0.0";"0.0";"0.0";"0.0";"0.0";"0.0";"0.0";"0.0"
"Strategy 2.6.569";"";"0.83";"NDXm_TICK_UTCPlus02";"M15";"2344.71";"";"2851";"1.11";"1.19";"0.06";"58.62";"0.87";"0.0";"390.14";"0.96";"6.01";"1.13";"17.1";"14.79";"16.22";"13.37";"14.76";"12.44";"0.83";"0.0";"";"0";"0.0";"0.0";"0.0";"0.0";"0.0";"0.0";"0.0";"0.0";"0.0";"0.0";"0.0";"0.0";"0.0";"0.0";"0.0";"0.0"
"Strategy 1.8.331";"";"0.72";"NDXm_TICK_UTCPlus02";"M15";"1926.08";"";"1996";"1.12";"1.06";"0.07";"48.15";"0.69";"0.0";"641.39";"0.64";"3.0";"1.61";"23.82";"13.57";"16.06";"10.22";"12.49";"4.0";"0.72";"0.0";"";"0";"0.0";"0.0";"0.0";"0.0";"0.0";"0.0";"0.0";"0.0";"0.0";"0.0";"0.0";"0.0";"0.0";"0.0";"0.0";"0.0"
"Strategy 1.8.344";"";"0.82";"NDXm_TICK_UTCPlus02";"M15";"1659.68";"";"1278";"1.17";"1.24";"0.09";"41.49";"0.65";"0.0";"287.3";"0.97";"5.78";"2.26";"18.06";"14.95";"25.03";"21.42";"23.2";"5.94";"0.82";"0.0";"";"0";"0.0";"0.0";"0.0";"0.0";"0.0";"0.0";"0.0";"0.0";"0.0";"0.0";"0.0";"0.0";"0.0";"0.0";"0.0";"0.0"
"Strategy 1.8.343";"";"0.8";"NDXm_TICK_UTCPlus02";"M15";"2493.49";"";"2227";"1.12";"1.16";"0.08";"62.34";"0.84";"0.0";"482.15";"0.64";"5.17";"1.17";"26.07";"14.73";"22.63";"14.13";"17.43";"11.11";"0.8";"0.0";"";"0";"0.0";"0.0";"0.0";"0.0";"0.0";"0.0";"0.0";"0.0";"0.0";"0.0";"0.0";"0.0";"0.0";"0.0";"0.0";"0.0"
"Strategy 1.8.315";"";"0.85";"NDXm_TICK_UTCPlus02";"M15";"2910.3";"";"2961";"1.12";"1.3";"0.07";"72.76";"0.87";"0.0";"381.98";"0.76";"7.62";"1.53";"21.56";"14.73";"20.24";"14.6";"17.04";"13.78";"0.85";"0.0";"";"0";"0.0";"0.0";"0.0";"0.0";"0.0";"0.0";"0.0";"0.0";"0.0";"0.0";"0.0";"0.0";"0.0";"0.0";"0.0";"0.0"
"Strategy 1.8.352";"";"0.8";"NDXm_TICK_UTCPlus02";"M15";"1429.4";"";"1273";"1.15";"1.09";"0.08";"35.74";"0.85";"0.0";"277.29";"0.96";"5.15";"0.97";"17.78";"14.9";"30.59";"26.51";"28.51";"2.78";"0.8";"0.0";"";"0";"0.0";"0.0";"0.0";"0.0";"0.0";"0.0";"0.0";"0.0";"0.0";"0.0";"0.0";"0.0";"0.0";"0.0";"0.0";"0.0"
"Strategy 1.8.391";"";"0.76";"NDXm_TICK_UTCPlus02";"M15";"777.75";"";"644";"1.16";"0.8";"0.08";"19.45";"0.8";"0.0";"199.57";"1.03";"3.9";"1.04";"17.29";"15.28";"30.55";"26.99";"28.79";"7.0";"0.76";"0.0";"";"0";"0.0";"0.0";"0.0";"0.0";"0.0";"0.0";"0.0";"0.0";"0.0";"0.0";"0.0";"0.0";"0.0";"0.0";"0.0";"0.0"
"Strategy 1.8.357";"";"0.77";"NDXm_TICK_UTCPlus02";"M15";"1556.03";"";"1949";"1.11";"0.99";"0.05";"38.91";"0.81";"0.0";"380.51";"1.05";"4.09";"1.1";"15.97";"15.15";"27.8";"25.24";"26.55";"15.83";"0.77";"0.0";"";"0";"0.0";"0.0";"0.0";"0.0";"0.0";"0.0";"0.0";"0.0";"0.0";"0.0";"0.0";"0.0";"0.0";"0.0";"0.0";"0.0"
"Strategy 1.8.408";"";"0.76";"NDXm_TICK_UTCPlus02";"M15";"1297.18";"";"1816";"1.11";"0.96";"0.05";"32.43";"0.65";"0.0";"340.3";"1.14";"3.81";"1.24";"13.98";"14.39";"8.4";"8.35";"8.38";"0.78";"0.76";"0.0";"";"0";"0.0";"0.0";"0.0";"0.0";"0.0";"0.0";"0.0";"0.0";"0.0";"0.0";"0.0";"0.0";"0.0";"0.0";"0.0";"0.0"
"Strategy 1.8.411";"";"0.84";"NDXm_TICK_UTCPlus02";"M15";"1854.02";"";"698";"1.34";"1.6";"0.18";"46.35";"0.88";"0.0";"267.52";"0.93";"6.93";"1.66";"21.56";"14.99";"23.9";"22.85";"23.36";"3.28";"0.84";"0.0";"";"0";"0.0";"0.0";"0.0";"0.0";"0.0";"0.0";"0.0";"0.0";"0.0";"0.0";"0.0";"0.0";"0.0";"0.0";"0.0";"0.0"
"Strategy 1.8.390";"";"0.89";"NDXm_TICK_UTCPlus02";"M15";"2984.94";"";"2275";"1.16";"1.51";"0.1";"74.63";"0.7";"0.0";"293.02";"0.66";"10.19";"3.08";"23.88";"13.65";"16.54";"10.29";"12.78";"4.44";"0.89";"0.0";"";"0";"0.0";"0.0";"0.0";"0.0";"0.0";"0.0";"0.0";"0.0";"0.0";"0.0";"0.0";"0.0";"0.0";"0.0";"0.0";"0.0"
"Strategy 1.8.345";"";"0.84";"NDXm_TICK_UTCPlus02";"M15";"3187.43";"";"3073";"1.12";"1.36";"0.07";"79.69";"0.84";"0.0";"478.59";"0.79";"6.66";"1.4";"21.35";"14.92";"21.02";"15.3";"17.82";"16.5";"0.84";"0.0";"";"0";"0.0";"0.0";"0.0";"0.0";"0.0";"0.0";"0.0";"0.0";"0.0";"0.0";"0.0";"0.0";"0.0";"0.0";"0.0";"0.0"
"Strategy 1.8.423";"";"0.77";"NDXm_TICK_UTCPlus02";"M15";"941.26";"";"615";"1.17";"0.79";"0.1";"23.53";"0.67";"0.0";"235.99";"0.63";"3.99";"1.11";"27.46";"14.73";"31.22";"22.57";"25.91";"6.33";"0.77";"0.0";"";"0";"0.0";"0.0";"0.0";"0.0";"0.0";"0.0";"0.0";"0.0";"0.0";"0.0";"0.0";"0.0";"0.0";"0.0";"0.0";"0.0"
"Strategy 1.8.413";"";"0.89";"NDXm_TICK_UTCPlus02";"M15";"2098.45";"";"1321";"1.2";"1.41";"0.11";"52.46";"0.85";"0.0";"195.59";"0.84";"10.73";"2.09";"20.95";"14.62";"15.21";"12.12";"13.53";"4.83";"0.89";"0.0";"";"0";"0.0";"0.0";"0.0";"0.0";"0.0";"0.0";"0.0";"0.0";"0.0";"0.0";"0.0";"0.0";"0.0";"0.0";"0.0";"0.0"
"Strategy 1.8.466";"";"0.81";"NDXm_TICK_UTCPlus02";"M15";"985.08";"";"451";"1.25";"0.94";"0.15";"24.63";"0.84";"0.0";"179.82";"0.68";"5.48";"1.61";"27.2";"14.74";"22.41";"14.96";"17.97";"2.17";"0.81";"0.0";"";"0";"0.0";"0.0";"0.0";"0.0";"0.0";"0.0";"0.0";"0.0";"0.0";"0.0";"0.0";"0.0";"0.0";"0.0";"0.0";"0.0"
"Strategy 1.8.405";"";"0.86";"NDXm_TICK_UTCPlus02";"M15";"2064.84";"";"2330";"1.11";"1.11";"0.06";"51.62";"0.85";"0.0";"266.14";"0.91";"7.76";"1.61";"18.32";"15.06";"26.66";"20.97";"23.69";"16.72";"0.86";"0.0";"";"0";"0.0";"0.0";"0.0";"0.0";"0.0";"0.0";"0.0";"0.0";"0.0";"0.0";"0.0";"0.0";"0.0";"0.0";"0.0";"0.0"
"Strategy 1.8.398";"";"0.84";"NDXm_TICK_UTCPlus02";"M15";"3916.23";"";"3335";"1.13";"1.5";"0.08";"97.91";"0.83";"0.0";"568.18";"0.63";"6.89";"1.95";"25.5";"14.23";"16.41";"10.55";"12.82";"11.67";"0.84";"0.0";"";"0";"0.0";"0.0";"0.0";"0.0";"0.0";"0.0";"0.0";"0.0";"0.0";"0.0";"0.0";"0.0";"0.0";"0.0";"0.0";"0.0"
"Strategy 1.8.431";"";"0.72";"NDXm_TICK_UTCPlus02";"M15";"2440.6";"";"2271";"1.12";"1.19";"0.08";"61.02";"0.72";"0.0";"818.5";"0.64";"2.98";"1.63";"24.85";"14.13";"20.5";"13.29";"16.1";"6.28";"0.72";"0.0";"";"0";"0.0";"0.0";"0.0";"0.0";"0.0";"0.0";"0.0";"0.0";"0.0";"0.0";"0.0";"0.0";"0.0";"0.0";"0.0";"0.0"
"Strategy 1.8.487";"";"0.84";"NDXm_TICK_UTCPlus02";"M15";"1291.18";"";"583";"1.27";"1.17";"0.15";"32.28";"0.62";"0.0";"195.52";"0.81";"6.6";"2.0";"23.11";"14.72";"21.65";"16.94";"19.05";"5.17";"0.84";"0.0";"";"0";"0.0";"0.0";"0.0";"0.0";"0.0";"0.0";"0.0";"0.0";"0.0";"0.0";"0.0";"0.0";"0.0";"0.0";"0.0";"0.0"
"Strategy 1.8.504";"";"0.71";"NDXm_TICK_UTCPlus02";"M15";"641.35";"";"504";"1.15";"0.68";"0.09";"16.03";"0.71";"0.0";"224.02";"0.68";"2.86";"1.05";"23.96";"14.15";"15.84";"7.86";"11.09";"1.28";"0.71";"0.0";"";"0";"0.0";"0.0";"0.0";"0.0";"0.0";"0.0";"0.0";"0.0";"0.0";"0.0";"0.0";"0.0";"0.0";"0.0";"0.0";"0.0"
"Strategy 1.8.485";"";"0.72";"NDXm_TICK_UTCPlus02";"M15";"1078.14";"";"1498";"1.11";"0.9";"0.05";"26.96";"0.77";"0.0";"349.49";"1.26";"3.08";"0.86";"13.13";"14.91";"18.05";"16.81";"17.51";"6.83";"0.72";"0.0";"";"0";"0.0";"0.0";"0.0";"0.0";"0.0";"0.0";"0.0";"0.0";"0.0";"0.0";"0.0";"0.0";"0.0";"0.0";"0.0";"0.0"
"Strategy 1.8.473";"";"0.81";"NDXm_TICK_UTCPlus02";"M15";"1470.06";"";"928";"1.18";"1.06";"0.11";"36.75";"0.88";"0.0";"270.4";"0.66";"5.44";"1.63";"26.45";"14.75";"29.73";"18.92";"23.21";"2.83";"0.81";"0.0";"";"0";"0.0";"0.0";"0.0";"0.0";"0.0";"0.0";"0.0";"0.0";"0.0";"0.0";"0.0";"0.0";"0.0";"0.0";"0.0";"0.0"
"Strategy 1.8.503";"";"0.86";"NDXm_TICK_UTCPlus02";"M15";"2926.55";"";"2351";"1.15";"1.36";"0.09";"73.17";"0.86";"0.0";"355.02";"0.64";"8.24";"2.1";"25.07";"14.02";"13.34";"8.25";"10.24";"7.11";"0.86";"0.0";"";"0";"0.0";"0.0";"0.0";"0.0";"0.0";"0.0";"0.0";"0.0";"0.0";"0.0";"0.0";"0.0";"0.0";"0.0";"0.0";"0.0"
"Strategy 1.8.553";"";"0.81";"NDXm_TICK_UTCPlus02";"M15";"1193.21";"";"580";"1.23";"0.98";"0.14";"29.83";"0.91";"0.0";"216.83";"0.62";"5.5";"1.19";"29.18";"14.64";"26.5";"17.53";"20.95";"5.33";"0.81";"0.0";"";"0";"0.0";"0.0";"0.0";"0.0";"0.0";"0.0";"0.0";"0.0";"0.0";"0.0";"0.0";"0.0";"0.0";"0.0";"0.0";"0.0"
"Strategy 1.8.571";"";"0.7";"NDXm_TICK_UTCPlus02";"M15";"864.05";"";"747";"1.15";"0.86";"0.08";"21.6";"0.67";"0.0";"324.57";"0.96";"2.66";"1.13";"17.82";"14.77";"15.8";"12.64";"14.18";"3.0";"0.7";"0.0";"";"0";"0.0";"0.0";"0.0";"0.0";"0.0";"0.0";"0.0";"0.0";"0.0";"0.0";"0.0";"0.0";"0.0";"0.0";"0.0";"0.0"
"Strategy 1.8.540";"";"0.84";"NDXm_TICK_UTCPlus02";"M15";"2650.47";"";"2306";"1.16";"1.52";"0.08";"66.26";"0.82";"0.0";"402.75";"1.01";"6.58";"2.25";"17.03";"14.87";"18.12";"14.54";"16.34";"9.94";"0.84";"0.0";"";"0";"0.0";"0.0";"0.0";"0.0";"0.0";"0.0";"0.0";"0.0";"0.0";"0.0";"0.0";"0.0";"0.0";"0.0";"0.0";"0.0"
"Strategy 3.8.325";"";"0.78";"NDXm_TICK_UTCPlus02";"M15";"1277.43";"";"704";"1.26";"1.42";"0.12";"31.94";"0.81";"0.0";"289.54";"1.1";"4.41";"1.78";"16.87";"14.77";"11.2";"8.09";"9.72";"1.11";"0.78";"0.0";"";"0";"0.0";"0.0";"0.0";"0.0";"0.0";"0.0";"0.0";"0.0";"0.0";"0.0";"0.0";"0.0";"0.0";"0.0";"0.0";"0.0"
"Strategy 3.8.329";"";"0.88";"NDXm_TICK_UTCPlus02";"M15";"2451.36";"";"938";"1.29";"1.58";"0.18";"61.28";"0.87";"0.0";"256.23";"0.62";"9.57";"3.42";"30.03";"14.47";"18.14";"11.37";"13.96";"3.33";"0.88";"0.0";"";"0";"0.0";"0.0";"0.0";"0.0";"0.0";"0.0";"0.0";"0.0";"0.0";"0.0";"0.0";"0.0";"0.0";"0.0";"0.0";"0.0"
"Strategy 3.8.298";"";"0.73";"NDXm_TICK_UTCPlus02";"M15";"1250.14";"";"1146";"1.13";"0.87";"0.07";"31.25";"0.8";"0.0";"400.29";"0.75";"3.12";"0.68";"22.55";"15.05";"28.17";"20.66";"23.88";"5.83";"0.73";"0.0";"";"0";"0.0";"0.0";"0.0";"0.0";"0.0";"0.0";"0.0";"0.0";"0.0";"0.0";"0.0";"0.0";"0.0";"0.0";"0.0";"0.0"
"Strategy 3.8.303";"";"0.7";"NDXm_TICK_UTCPlus02";"M15";"636.81";"";"829";"1.12";"0.72";"0.05";"15.92";"0.79";"0.0";"242.46";"1.34";"2.63";"0.56";"12.54";"15.03";"24.66";"24.81";"24.72";"2.61";"0.7";"0.0";"";"0";"0.0";"0.0";"0.0";"0.0";"0.0";"0.0";"0.0";"0.0";"0.0";"0.0";"0.0";"0.0";"0.0";"0.0";"0.0";"0.0"
"Strategy 3.8.308";"";"0.85";"NDXm_TICK_UTCPlus02";"M15";"1889.77";"";"1008";"1.24";"1.48";"0.12";"47.25";"0.9";"0.0";"258.38";"0.92";"7.31";"1.74";"20.16";"15.01";"23.9";"19.11";"21.41";"4.72";"0.85";"0.0";"";"0";"0.0";"0.0";"0.0";"0.0";"0.0";"0.0";"0.0";"0.0";"0.0";"0.0";"0.0";"0.0";"0.0";"0.0";"0.0";"0.0"
"Strategy 3.8.321";"";"0.83";"NDXm_TICK_UTCPlus02";"M15";"1125.98";"";"736";"1.21";"1.13";"0.1";"28.15";"0.84";"0.0";"187.61";"1.08";"6.0";"1.83";"16.9";"15.05";"32.97";"29.37";"31.24";"2.44";"0.83";"0.0";"";"0";"0.0";"0.0";"0.0";"0.0";"0.0";"0.0";"0.0";"0.0";"0.0";"0.0";"0.0";"0.0";"0.0";"0.0";"0.0";"0.0"
"Strategy 3.8.324";"";"0.77";"NDXm_TICK_UTCPlus02";"M15";"1279.03";"";"1500";"1.11";"0.88";"0.06";"31.98";"0.7";"0.0";"304.38";"0.89";"4.2";"1.2";"18.36";"14.75";"17.96";"13.58";"15.65";"6.11";"0.77";"0.0";"";"0";"0.0";"0.0";"0.0";"0.0";"0.0";"0.0";"0.0";"0.0";"0.0";"0.0";"0.0";"0.0";"0.0";"0.0";"0.0";"0.0"
"Strategy 3.8.326";"";"0.85";"NDXm_TICK_UTCPlus02";"M15";"1910.37";"";"1006";"1.24";"1.49";"0.13";"47.76";"0.89";"0.0";"258.38";"0.93";"7.39";"1.72";"20.16";"15.03";"23.82";"19.5";"21.58";"4.72";"0.85";"0.0";"";"0";"0.0";"0.0";"0.0";"0.0";"0.0";"0.0";"0.0";"0.0";"0.0";"0.0";"0.0";"0.0";"0.0";"0.0";"0.0";"0.0"
"Strategy 3.8.347";"";"0.83";"NDXm_TICK_UTCPlus02";"M15";"1569.34";"";"781";"1.25";"1.32";"0.14";"39.23";"0.92";"0.0";"247.76";"0.77";"6.33";"1.97";"23.36";"14.37";"22.23";"14.39";"17.8";"2.44";"0.83";"0.0";"";"0";"0.0";"0.0";"0.0";"0.0";"0.0";"0.0";"0.0";"0.0";"0.0";"0.0";"0.0";"0.0";"0.0";"0.0";"0.0";"0.0"
"Strategy 3.8.346";"";"0.71";"NDXm_TICK_UTCPlus02";"M15";"1346.14";"";"1504";"1.11";"0.93";"0.06";"33.66";"0.78";"0.0";"467.55";"0.9";"2.88";"0.94";"18.33";"14.86";"17.77";"13.12";"15.32";"6.78";"0.71";"0.0";"";"0";"0.0";"0.0";"0.0";"0.0";"0.0";"0.0";"0.0";"0.0";"0.0";"0.0";"0.0";"0.0";"0.0";"0.0";"0.0";"0.0"
"Strategy 3.8.304";"";"0.76";"NDXm_TICK_UTCPlus02";"M15";"1596.39";"";"1697";"1.12";"1.04";"0.06";"39.91";"0.75";"0.0";"425.5";"0.89";"3.75";"1.14";"18.54";"14.79";"17.97";"13.55";"15.64";"7.17";"0.76";"0.0";"";"0";"0.0";"0.0";"0.0";"0.0";"0.0";"0.0";"0.0";"0.0";"0.0";"0.0";"0.0";"0.0";"0.0";"0.0";"0.0";"0.0"
"Strategy 3.8.309";"";"0.82";"NDXm_TICK_UTCPlus02";"M15";"2397.34";"";"1941";"1.15";"1.29";"0.08";"59.93";"0.83";"0.0";"410.34";"0.76";"5.84";"1.37";"22.21";"14.76";"21.84";"13.46";"17.09";"8.89";"0.82";"0.0";"";"0";"0.0";"0.0";"0.0";"0.0";"0.0";"0.0";"0.0";"0.0";"0.0";"0.0";"0.0";"0.0";"0.0";"0.0";"0.0";"0.0"
"Strategy 3.8.354";"";"0.82";"NDXm_TICK_UTCPlus02";"M15";"1256.67";"";"960";"1.16";"0.97";"0.09";"31.42";"0.88";"0.0";"210.8";"0.8";"5.96";"1.76";"21.67";"14.94";"34.27";"23.21";"28.12";"8.06";"0.82";"0.0";"";"0";"0.0";"0.0";"0.0";"0.0";"0.0";"0.0";"0.0";"0.0";"0.0";"0.0";"0.0";"0.0";"0.0";"0.0";"0.0";"0.0"
"Strategy 3.8.380";"";"0.76";"NDXm_TICK_UTCPlus02";"M15";"546.95";"";"536";"1.17";"0.81";"0.07";"13.67";"0.8";"0.0";"140.35";"1.36";"3.9";"1.16";"12.44";"14.52";"12.62";"13.22";"12.88";"0.89";"0.76";"0.0";"";"0";"0.0";"0.0";"0.0";"0.0";"0.0";"0.0";"0.0";"0.0";"0.0";"0.0";"0.0";"0.0";"0.0";"0.0";"0.0";"0.0"
"Strategy 3.8.374";"";"0.71";"NDXm_TICK_UTCPlus02";"M15";"804.41";"";"841";"1.15";"0.9";"0.06";"20.11";"0.52";"0.0";"285.39";"1.33";"2.82";"1.14";"12.81";"14.81";"21.65";"18.62";"20.35";"4.06";"0.71";"0.0";"";"0";"0.0";"0.0";"0.0";"0.0";"0.0";"0.0";"0.0";"0.0";"0.0";"0.0";"0.0";"0.0";"0.0";"0.0";"0.0";"0.0"
"Strategy 3.8.358";"";"0.71";"NDXm_TICK_UTCPlus02";"M15";"1434.03";"";"984";"1.16";"1.0";"0.1";"35.85";"0.74";"0.0";"513.77";"0.68";"2.79";"1.33";"25.94";"15.1";"37.88";"30.56";"33.51";"5.61";"0.71";"0.0";"";"0";"0.0";"0.0";"0.0";"0.0";"0.0";"0.0";"0.0";"0.0";"0.0";"0.0";"0.0";"0.0";"0.0";"0.0";"0.0";"0.0"
"Strategy 3.8.391";"";"0.78";"NDXm_TICK_UTCPlus02";"M15";"937.23";"";"517";"1.22";"0.98";"0.12";"23.43";"0.82";"0.0";"211.35";"0.77";"4.43";"1.33";"23.39";"14.82";"30.76";"23.15";"26.46";"0.83";"0.78";"0.0";"";"0";"0.0";"0.0";"0.0";"0.0";"0.0";"0.0";"0.0";"0.0";"0.0";"0.0";"0.0";"0.0";"0.0";"0.0";"0.0";"0.0"
"Strategy 3.8.393";"";"0.71";"NDXm_TICK_UTCPlus02";"M15";"869.29";"";"768";"1.14";"0.78";"0.08";"21.73";"0.76";"0.0";"298.88";"0.79";"2.91";"1.02";"20.87";"14.39";"19.75";"13.26";"16.12";"1.06";"0.71";"0.0";"";"0";"0.0";"0.0";"0.0";"0.0";"0.0";"0.0";"0.0";"0.0";"0.0";"0.0";"0.0";"0.0";"0.0";"0.0";"0.0";"0.0"
"Strategy 3.8.395";"";"0.74";"NDXm_TICK_UTCPlus02";"M15";"1272.13";"";"763";"1.2";"1.05";"0.12";"31.8";"0.8";"0.0";"381.28";"0.7";"3.34";"1.27";"24.37";"14.12";"14.18";"8.76";"10.99";"2.17";"0.74";"0.0";"";"0";"0.0";"0.0";"0.0";"0.0";"0.0";"0.0";"0.0";"0.0";"0.0";"0.0";"0.0";"0.0";"0.0";"0.0";"0.0";"0.0"
"Strategy 3.8.335";"";"0.82";"NDXm_TICK_UTCPlus02";"M15";"2898.16";"";"3015";"1.12";"1.26";"0.07";"72.45";"0.87";"0.0";"497.82";"0.79";"5.82";"1.29";"20.93";"14.74";"20.32";"15.01";"17.35";"16.39";"0.82";"0.0";"";"0";"0.0";"0.0";"0.0";"0.0";"0.0";"0.0";"0.0";"0.0";"0.0";"0.0";"0.0";"0.0";"0.0";"0.0";"0.0";"0.0"
"Strategy 3.8.407";"";"0.65";"NDXm_TICK_UTCPlus02";"M15";"481.32";"";"390";"1.18";"0.71";"0.09";"12.03";"0.71";"0.0";"234.37";"1.09";"2.05";"0.73";"15.25";"13.98";"12.14";"12.56";"12.34";"0.78";"0.65";"0.0";"";"0";"0.0";"0.0";"0.0";"0.0";"0.0";"0.0";"0.0";"0.0";"0.0";"0.0";"0.0";"0.0";"0.0";"0.0";"0.0";"0.0"
"Strategy 3.8.341";"";"0.83";"NDXm_TICK_UTCPlus02";"M15";"2923.7";"";"2789";"1.12";"1.19";"0.07";"73.09";"0.9";"0.0";"468.24";"0.63";"6.24";"1.49";"25.81";"14.65";"21.42";"13.95";"16.85";"14.83";"0.83";"0.0";"";"0";"0.0";"0.0";"0.0";"0.0";"0.0";"0.0";"0.0";"0.0";"0.0";"0.0";"0.0";"0.0";"0.0";"0.0";"0.0";"0.0"
"Strategy 3.8.408";"";"0.83";"NDXm_TICK_UTCPlus02";"M15";"1890.07";"";"1014";"1.21";"1.23";"0.13";"47.25";"0.92";"0.0";"292.43";"0.65";"6.46";"2.15";"27.48";"14.82";"22.56";"13.73";"17.21";"4.56";"0.83";"0.0";"";"0";"0.0";"0.0";"0.0";"0.0";"0.0";"0.0";"0.0";"0.0";"0.0";"0.0";"0.0";"0.0";"0.0";"0.0";"0.0";"0.0"
"Strategy 3.8.426";"";"0.79";"NDXm_TICK_UTCPlus02";"M15";"1201.63";"";"925";"1.19";"1.13";"0.1";"30.04";"0.83";"0.0";"259.19";"0.98";"4.64";"1.34";"16.49";"13.6";"9.24";"7.21";"8.21";"1.44";"0.79";"0.0";"";"0";"0.0";"0.0";"0.0";"0.0";"0.0";"0.0";"0.0";"0.0";"0.0";"0.0";"0.0";"0.0";"0.0";"0.0";"0.0";"0.0"
"Strategy 3.8.416";"";"0.78";"NDXm_TICK_UTCPlus02";"M15";"1309.86";"";"836";"1.18";"1.04";"0.1";"32.75";"0.75";"0.0";"302.69";"0.77";"4.33";"1.47";"23.37";"15.16";"31.72";"25.3";"28.09";"5.44";"0.78";"0.0";"";"0";"0.0";"0.0";"0.0";"0.0";"0.0";"0.0";"0.0";"0.0";"0.0";"0.0";"0.0";"0.0";"0.0";"0.0";"0.0";"0.0"
"Strategy 3.8.453";"";"0.69";"NDXm_TICK_UTCPlus02";"M15";"950.22";"";"491";"1.21";"0.93";"0.13";"23.76";"0.65";"0.0";"371.12";"0.66";"2.56";"1.1";"27.61";"15.12";"35.61";"23.68";"28.45";"2.11";"0.69";"0.0";"";"0";"0.0";"0.0";"0.0";"0.0";"0.0";"0.0";"0.0";"0.0";"0.0";"0.0";"0.0";"0.0";"0.0";"0.0";"0.0";"0.0"
"Strategy 3.8.474";"";"0.82";"NDXm_TICK_UTCPlus02";"M15";"1175.63";"";"379";"1.43";"1.48";"0.2";"29.39";"0.8";"0.0";"205.02";"1.18";"5.73";"1.97";"19.04";"15.67";"24.33";"19.25";"22.0";"2.67";"0.82";"0.0";"";"0";"0.0";"0.0";"0.0";"0.0";"0.0";"0.0";"0.0";"0.0";"0.0";"0.0";"0.0";"0.0";"0.0";"0.0";"0.0";"0.0"
"Strategy 3.8.446";"";"0.64";"NDXm_TICK_UTCPlus02";"M15";"1345.61";"";"1451";"1.12";"0.89";"0.06";"33.65";"0.65";"0.0";"708.7";"0.84";"1.9";"0.94";"19.47";"14.72";"16.59";"13.14";"14.72";"4.33";"0.64";"0.0";"";"0";"0.0";"0.0";"0.0";"0.0";"0.0";"0.0";"0.0";"0.0";"0.0";"0.0";"0.0";"0.0";"0.0";"0.0";"0.0";"0.0"
"Strategy 3.8.473";"";"0.84";"NDXm_TICK_UTCPlus02";"M15";"1583.84";"";"609";"1.29";"1.26";"0.18";"39.6";"0.78";"0.0";"238.06";"0.62";"6.65";"2.59";"30.63";"14.65";"26.69";"17.32";"20.89";"3.22";"0.84";"0.0";"";"0";"0.0";"0.0";"0.0";"0.0";"0.0";"0.0";"0.0";"0.0";"0.0";"0.0";"0.0";"0.0";"0.0";"0.0";"0.0";"0.0"
"Strategy 3.8.452";"";"0.77";"NDXm_TICK_UTCPlus02";"M15";"909.04";"";"766";"1.17";"0.97";"0.08";"22.73";"0.84";"0.0";"226.37";"1.06";"4.02";"1.12";"16.23";"14.74";"32.05";"27.21";"29.7";"1.83";"0.77";"0.0";"";"0";"0.0";"0.0";"0.0";"0.0";"0.0";"0.0";"0.0";"0.0";"0.0";"0.0";"0.0";"0.0";"0.0";"0.0";"0.0";"0.0"
"Strategy 3.8.459";"";"0.85";"NDXm_TICK_UTCPlus02";"M15";"1583.43";"";"999";"1.2";"1.24";"0.11";"39.58";"0.72";"0.0";"218.86";"0.91";"7.23";"1.94";"19.78";"15.04";"29.97";"25.39";"27.58";"4.33";"0.85";"0.0";"";"0";"0.0";"0.0";"0.0";"0.0";"0.0";"0.0";"0.0";"0.0";"0.0";"0.0";"0.0";"0.0";"0.0";"0.0";"0.0";"0.0"
"Strategy 3.8.468";"";"0.74";"NDXm_TICK_UTCPlus02";"M15";"1876.65";"";"1644";"1.15";"1.22";"0.08";"46.92";"0.84";"0.0";"544.3";"0.97";"3.45";"1.16";"17.65";"14.86";"15.72";"12.1";"13.88";"6.44";"0.74";"0.0";"";"0";"0.0";"0.0";"0.0";"0.0";"0.0";"0.0";"0.0";"0.0";"0.0";"0.0";"0.0";"0.0";"0.0";"0.0";"0.0";"0.0"
"Strategy 3.8.443";"";"0.77";"NDXm_TICK_UTCPlus02";"M15";"1541.01";"";"1480";"1.12";"0.94";"0.07";"38.53";"0.8";"0.0";"387.02";"0.66";"3.98";"1.8";"24.81";"14.76";"29.83";"22.35";"25.34";"6.83";"0.77";"0.0";"";"0";"0.0";"0.0";"0.0";"0.0";"0.0";"0.0";"0.0";"0.0";"0.0";"0.0";"0.0";"0.0";"0.0";"0.0";"0.0";"0.0"
"Strategy 3.8.490";"";"0.8";"NDXm_TICK_UTCPlus02";"M15";"1138.68";"";"865";"1.17";"1.0";"0.09";"28.47";"0.84";"0.0";"229.85";"0.93";"4.95";"1.28";"18.83";"14.99";"29.93";"25.46";"27.61";"3.89";"0.8";"0.0";"";"0";"0.0";"0.0";"0.0";"0.0";"0.0";"0.0";"0.0";"0.0";"0.0";"0.0";"0.0";"0.0";"0.0";"0.0";"0.0";"0.0"
"Strategy 3.8.496";"";"0.71";"NDXm_TICK_UTCPlus02";"M15";"1167.04";"";"1187";"1.11";"0.8";"0.07";"29.18";"0.73";"0.0";"411.67";"0.68";"2.83";"1.16";"23.74";"14.52";"18.26";"12.12";"14.61";"2.72";"0.71";"0.0";"";"0";"0.0";"0.0";"0.0";"0.0";"0.0";"0.0";"0.0";"0.0";"0.0";"0.0";"0.0";"0.0";"0.0";"0.0";"0.0";"0.0"
"Strategy 3.8.460";"";"0.85";"NDXm_TICK_UTCPlus02";"M15";"3556.11";"";"2690";"1.16";"1.67";"0.09";"88.9";"0.85";"0.0";"484.77";"0.78";"7.34";"1.44";"21.61";"14.49";"19.86";"13.91";"16.51";"11.22";"0.85";"0.0";"";"0";"0.0";"0.0";"0.0";"0.0";"0.0";"0.0";"0.0";"0.0";"0.0";"0.0";"0.0";"0.0";"0.0";"0.0";"0.0";"0.0"
"Strategy 3.8.502";"";"0.82";"NDXm_TICK_UTCPlus02";"M15";"2036.25";"";"1669";"1.14";"1.18";"0.08";"50.91";"0.86";"0.0";"351.84";"0.75";"5.79";"1.43";"22.69";"14.79";"18.27";"13.54";"15.56";"7.72";"0.82";"0.0";"";"0";"0.0";"0.0";"0.0";"0.0";"0.0";"0.0";"0.0";"0.0";"0.0";"0.0";"0.0";"0.0";"0.0";"0.0";"0.0";"0.0"
"Strategy 3.8.499";"";"0.84";"NDXm_TICK_UTCPlus02";"M15";"1776.38";"";"1276";"1.19";"1.29";"0.09";"44.41";"0.84";"0.0";"261.79";"1.03";"6.79";"1.22";"17.44";"15.12";"24.84";"21.0";"22.95";"9.0";"0.84";"0.0";"";"0";"0.0";"0.0";"0.0";"0.0";"0.0";"0.0";"0.0";"0.0";"0.0";"0.0";"0.0";"0.0";"0.0";"0.0";"0.0";"0.0"
"Strategy 3.8.486";"";"0.73";"NDXm_TICK_UTCPlus02";"M15";"1400.14";"";"1403";"1.11";"0.84";"0.07";"35.0";"0.65";"0.0";"427.84";"0.67";"3.27";"1.52";"24.73";"15.0";"38.2";"22.16";"28.62";"14.06";"0.73";"0.0";"";"0";"0.0";"0.0";"0.0";"0.0";"0.0";"0.0";"0.0";"0.0";"0.0";"0.0";"0.0";"0.0";"0.0";"0.0";"0.0";"0.0"
"Strategy 3.8.518";"";"0.8";"NDXm_TICK_UTCPlus02";"M15";"1610.18";"";"1257";"1.15";"1.03";"0.09";"40.25";"0.79";"0.0";"327.05";"0.62";"4.92";"1.18";"25.83";"13.99";"14.19";"8.72";"10.82";"2.94";"0.8";"0.0";"";"0";"0.0";"0.0";"0.0";"0.0";"0.0";"0.0";"0.0";"0.0";"0.0";"0.0";"0.0";"0.0";"0.0";"0.0";"0.0";"0.0"
"Strategy 3.8.448";"";"0.84";"NDXm_TICK_UTCPlus02";"M15";"2766.86";"";"3236";"1.11";"1.28";"0.06";"69.17";"0.82";"0.0";"423.39";"0.87";"6.54";"1.17";"18.52";"14.58";"12.4";"9.26";"10.72";"9.17";"0.84";"0.0";"";"0";"0.0";"0.0";"0.0";"0.0";"0.0";"0.0";"0.0";"0.0";"0.0";"0.0";"0.0";"0.0";"0.0";"0.0";"0.0";"0.0"
"Strategy 3.8.441";"";"0.76";"NDXm_TICK_UTCPlus02";"M15";"3351.19";"";"3716";"1.12";"1.45";"0.06";"83.78";"0.79";"0.0";"851.77";"0.95";"3.93";"1.89";"17.69";"15.01";"20.17";"16.12";"18.09";"17.61";"0.76";"0.0";"";"0";"0.0";"0.0";"0.0";"0.0";"0.0";"0.0";"0.0";"0.0";"0.0";"0.0";"0.0";"0.0";"0.0";"0.0";"0.0";"0.0"
"Strategy 3.8.505";"";"0.82";"NDXm_TICK_UTCPlus02";"M15";"2187.45";"";"1859";"1.15";"1.36";"0.08";"54.69";"0.78";"0.0";"373.1";"0.92";"5.86";"1.17";"18.49";"14.72";"17.22";"12.57";"14.8";"7.44";"0.82";"0.0";"";"0";"0.0";"0.0";"0.0";"0.0";"0.0";"0.0";"0.0";"0.0";"0.0";"0.0";"0.0";"0.0";"0.0";"0.0";"0.0";"0.0"
"Strategy 3.8.521";"";"0.83";"NDXm_TICK_UTCPlus02";"M15";"986.59";"";"889";"1.18";"1.09";"0.08";"24.66";"0.82";"0.0";"159.65";"1.4";"6.18";"1.23";"12.42";"14.69";"12.75";"13.77";"13.17";"2.89";"0.83";"0.0";"";"0";"0.0";"0.0";"0.0";"0.0";"0.0";"0.0";"0.0";"0.0";"0.0";"0.0";"0.0";"0.0";"0.0";"0.0";"0.0";"0.0"
"Strategy 3.8.506";"";"0.77";"NDXm_TICK_UTCPlus02";"M15";"2193.46";"";"2423";"1.12";"1.18";"0.06";"54.84";"0.79";"0.0";"536.34";"0.9";"4.09";"1.03";"18.49";"14.87";"18.86";"13.75";"16.17";"9.78";"0.77";"0.0";"";"0";"0.0";"0.0";"0.0";"0.0";"0.0";"0.0";"0.0";"0.0";"0.0";"0.0";"0.0";"0.0";"0.0";"0.0";"0.0";"0.0"
"Strategy 3.8.513";"";"0.78";"NDXm_TICK_UTCPlus02";"M15";"2185.21";"";"2305";"1.11";"1.09";"0.07";"54.62";"0.74";"0.0";"504.07";"0.76";"4.34";"1.17";"21.48";"14.56";"18.65";"13.49";"15.71";"9.28";"0.78";"0.0";"";"0";"0.0";"0.0";"0.0";"0.0";"0.0";"0.0";"0.0";"0.0";"0.0";"0.0";"0.0";"0.0";"0.0";"0.0";"0.0";"0.0"
"Strategy 3.8.489";"";"0.82";"NDXm_TICK_UTCPlus02";"M15";"2091.27";"";"2237";"1.11";"1.11";"0.06";"52.28";"0.88";"0.0";"362.74";"0.76";"5.77";"1.28";"21.5";"14.78";"31.27";"23.4";"26.81";"5.83";"0.82";"0.0";"";"0";"0.0";"0.0";"0.0";"0.0";"0.0";"0.0";"0.0";"0.0";"0.0";"0.0";"0.0";"0.0";"0.0";"0.0";"0.0";"0.0"
"Strategy 3.8.542";"";"0.75";"NDXm_TICK_UTCPlus02";"M15";"1086.03";"";"654";"1.21";"1.07";"0.12";"27.15";"0.71";"0.0";"299.89";"0.81";"3.62";"1.54";"21.03";"13.96";"16.27";"12.61";"14.24";"1.72";"0.75";"0.0";"";"0";"0.0";"0.0";"0.0";"0.0";"0.0";"0.0";"0.0";"0.0";"0.0";"0.0";"0.0";"0.0";"0.0";"0.0";"0.0";"0.0"
"Strategy 3.8.537";"";"0.78";"NDXm_TICK_UTCPlus02";"M15";"1322.34";"";"1172";"1.13";"0.88";"0.08";"33.06";"0.86";"0.0";"296.96";"0.64";"4.45";"1.03";"25.16";"14.29";"20.68";"11.7";"15.21";"4.22";"0.78";"0.0";"";"0";"0.0";"0.0";"0.0";"0.0";"0.0";"0.0";"0.0";"0.0";"0.0";"0.0";"0.0";"0.0";"0.0";"0.0";"0.0";"0.0"
"Strategy 3.8.574";"";"0.83";"NDXm_TICK_UTCPlus02";"M15";"1688.52";"";"1133";"1.19";"1.27";"0.1";"42.21";"0.79";"0.0";"276.84";"0.82";"6.1";"1.29";"20.98";"14.47";"16.68";"12.11";"14.17";"3.67";"0.83";"0.0";"";"0";"0.0";"0.0";"0.0";"0.0";"0.0";"0.0";"0.0";"0.0";"0.0";"0.0";"0.0";"0.0";"0.0";"0.0";"0.0";"0.0"
"Strategy 3.8.576";"";"0.88";"NDXm_TICK_UTCPlus02";"M15";"1598.83";"";"847";"1.26";"1.49";"0.12";"39.97";"0.81";"0.0";"172.01";"1.12";"9.29";"2.66";"17.05";"15.14";"24.03";"20.77";"22.49";"4.89";"0.88";"0.0";"";"0";"0.0";"0.0";"0.0";"0.0";"0.0";"0.0";"0.0";"0.0";"0.0";"0.0";"0.0";"0.0";"0.0";"0.0";"0.0";"0.0"
"Strategy 3.8.532";"";"0.79";"NDXm_TICK_UTCPlus02";"M15";"1770.05";"";"2142";"1.11";"1.01";"0.06";"44.25";"0.83";"0.0";"387.34";"0.9";"4.57";"0.86";"18.37";"14.94";"19.42";"15.51";"17.36";"11.33";"0.79";"0.0";"";"0";"0.0";"0.0";"0.0";"0.0";"0.0";"0.0";"0.0";"0.0";"0.0";"0.0";"0.0";"0.0";"0.0";"0.0";"0.0";"0.0"
"Strategy 4.6.297";"";"0.73";"NDXm_TICK_UTCPlus02";"M15";"816.74";"";"663";"1.15";"0.79";"0.08";"20.42";"0.81";"0.0";"262.24";"0.88";"3.11";"1.08";"20.0";"15.35";"34.91";"26.83";"30.62";"6.72";"0.73";"0.0";"";"0";"0.0";"0.0";"0.0";"0.0";"0.0";"0.0";"0.0";"0.0";"0.0";"0.0";"0.0";"0.0";"0.0";"0.0";"0.0";"0.0"
"Strategy 4.6.299";"";"0.81";"NDXm_TICK_UTCPlus02";"M15";"2167.56";"";"1503";"1.16";"1.21";"0.09";"54.19";"0.88";"0.0";"418.74";"0.69";"5.18";"1.48";"25.71";"15.32";"25.8";"17.04";"20.62";"13.11";"0.81";"0.0";"";"0";"0.0";"0.0";"0.0";"0.0";"0.0";"0.0";"0.0";"0.0";"0.0";"0.0";"0.0";"0.0";"0.0";"0.0";"0.0";"0.0"
"Strategy 4.6.348";"";"0.65";"NDXm_TICK_UTCPlus02";"M15";"571.43";"";"413";"1.2";"0.82";"0.09";"14.29";"0.83";"0.0";"282.95";"1.21";"2.02";"0.47";"14.9";"14.95";"22.79";"19.09";"21.11";"2.11";"0.65";"0.0";"";"0";"0.0";"0.0";"0.0";"0.0";"0.0";"0.0";"0.0";"0.0";"0.0";"0.0";"0.0";"0.0";"0.0";"0.0";"0.0";"0.0"
"Strategy 4.6.352";"";"0.77";"NDXm_TICK_UTCPlus02";"M15";"1186.54";"";"359";"1.36";"1.21";"0.22";"29.67";"0.84";"0.0";"297.02";"0.69";"3.99";"1.01";"30.22";"15.36";"30.35";"20.13";"24.31";"2.44";"0.77";"0.0";"";"0";"0.0";"0.0";"0.0";"0.0";"0.0";"0.0";"0.0";"0.0";"0.0";"0.0";"0.0";"0.0";"0.0";"0.0";"0.0";"0.0"
"Strategy 4.6.353";"";"0.83";"NDXm_TICK_UTCPlus02";"M15";"757.57";"";"359";"1.28";"1.04";"0.14";"18.94";"0.83";"0.0";"117.24";"1.06";"6.46";"1.4";"18.59";"15.41";"38.54";"23.51";"31.25";"5.94";"0.83";"0.0";"";"0";"0.0";"0.0";"0.0";"0.0";"0.0";"0.0";"0.0";"0.0";"0.0";"0.0";"0.0";"0.0";"0.0";"0.0";"0.0";"0.0"
"Strategy 4.6.325";"";"0.73";"NDXm_TICK_UTCPlus02";"M15";"1382.47";"";"1419";"1.12";"0.89";"0.07";"34.56";"0.81";"0.0";"430.17";"0.67";"3.21";"0.8";"23.58";"14.07";"19.26";"13.02";"15.52";"1.06";"0.73";"0.0";"";"0";"0.0";"0.0";"0.0";"0.0";"0.0";"0.0";"0.0";"0.0";"0.0";"0.0";"0.0";"0.0";"0.0";"0.0";"0.0";"0.0"
"Strategy 4.6.332";"";"0.82";"NDXm_TICK_UTCPlus02";"M15";"1142.1";"";"1202";"1.15";"1.06";"0.06";"28.55";"0.89";"0.0";"200.62";"1.27";"5.69";"1.38";"13.34";"14.76";"21.06";"19.4";"20.32";"2.0";"0.82";"0.0";"";"0";"0.0";"0.0";"0.0";"0.0";"0.0";"0.0";"0.0";"0.0";"0.0";"0.0";"0.0";"0.0";"0.0";"0.0";"0.0";"0.0"
"Strategy 4.6.298";"";"0.81";"NDXm_TICK_UTCPlus02";"M15";"3079.11";"";"3467";"1.12";"1.43";"0.06";"76.98";"0.81";"0.0";"557.68";"0.98";"5.52";"1.24";"16.7";"14.55";"12.16";"10.07";"11.1";"11.72";"0.81";"0.0";"";"0";"0.0";"0.0";"0.0";"0.0";"0.0";"0.0";"0.0";"0.0";"0.0";"0.0";"0.0";"0.0";"0.0";"0.0";"0.0";"0.0"
"Strategy 4.6.341";"";"0.77";"NDXm_TICK_UTCPlus02";"M15";"1505.87";"";"1442";"1.12";"0.92";"0.07";"37.65";"0.82";"0.0";"380.21";"0.8";"3.96";"1.01";"21.75";"15.52";"27.3";"20.44";"23.49";"14.17";"0.77";"0.0";"";"0";"0.0";"0.0";"0.0";"0.0";"0.0";"0.0";"0.0";"0.0";"0.0";"0.0";"0.0";"0.0";"0.0";"0.0";"0.0";"0.0"
"Strategy 4.6.313";"";"0.82";"NDXm_TICK_UTCPlus02";"M15";"2619.8";"";"2951";"1.11";"1.26";"0.06";"65.49";"0.87";"0.0";"442.69";"0.92";"5.92";"1.16";"18.16";"14.99";"20.31";"16.64";"18.4";"15.83";"0.82";"0.0";"";"0";"0.0";"0.0";"0.0";"0.0";"0.0";"0.0";"0.0";"0.0";"0.0";"0.0";"0.0";"0.0";"0.0";"0.0";"0.0";"0.0"
"Strategy 4.6.354";"";"0.81";"NDXm_TICK_UTCPlus02";"M15";"2521.94";"";"1570";"1.17";"1.31";"0.1";"63.05";"0.77";"0.0";"483.99";"0.66";"5.21";"1.16";"27.15";"15.38";"26.13";"16.84";"20.55";"13.61";"0.81";"0.0";"";"0";"0.0";"0.0";"0.0";"0.0";"0.0";"0.0";"0.0";"0.0";"0.0";"0.0";"0.0";"0.0";"0.0";"0.0";"0.0";"0.0"
"Strategy 4.6.370";"";"0.74";"NDXm_TICK_UTCPlus02";"M15";"1464.75";"";"1376";"1.12";"0.9";"0.07";"36.62";"0.91";"0.0";"433.05";"0.72";"3.38";"1.2";"23.45";"15.01";"27.89";"19.27";"22.87";"10.22";"0.74";"0.0";"";"0";"0.0";"0.0";"0.0";"0.0";"0.0";"0.0";"0.0";"0.0";"0.0";"0.0";"0.0";"0.0";"0.0";"0.0";"0.0";"0.0"
"Strategy 4.6.419";"";"0.68";"NDXm_TICK_UTCPlus02";"M15";"475.48";"";"417";"1.14";"0.6";"0.07";"11.89";"0.78";"0.0";"195.35";"0.97";"2.43";"0.58";"18.59";"15.73";"39.49";"27.56";"33.43";"6.17";"0.68";"0.0";"";"0";"0.0";"0.0";"0.0";"0.0";"0.0";"0.0";"0.0";"0.0";"0.0";"0.0";"0.0";"0.0";"0.0";"0.0";"0.0";"0.0"
"Strategy 4.6.369";"";"0.8";"NDXm_TICK_UTCPlus02";"M15";"2315.59";"";"2551";"1.11";"1.14";"0.06";"57.89";"0.88";"0.0";"452.58";"0.74";"5.12";"1.04";"21.42";"14.28";"17.74";"12.43";"14.69";"1.28";"0.8";"0.0";"";"0";"0.0";"0.0";"0.0";"0.0";"0.0";"0.0";"0.0";"0.0";"0.0";"0.0";"0.0";"0.0";"0.0";"0.0";"0.0";"0.0"
"Strategy 4.6.394";"";"0.76";"NDXm_TICK_UTCPlus02";"M15";"1794.62";"";"2141";"1.13";"1.22";"0.06";"44.86";"0.77";"0.0";"479.98";"1.3";"3.74";"1.28";"12.97";"14.98";"16.78";"16.02";"16.45";"10.78";"0.76";"0.0";"";"0";"0.0";"0.0";"0.0";"0.0";"0.0";"0.0";"0.0";"0.0";"0.0";"0.0";"0.0";"0.0";"0.0";"0.0";"0.0";"0.0"
"Strategy 4.6.404";"";"0.86";"NDXm_TICK_UTCPlus02";"M15";"3059.56";"";"2947";"1.12";"1.39";"0.07";"76.49";"0.89";"0.0";"392.44";"0.66";"7.8";"1.83";"23.72";"13.94";"19.48";"13.89";"16.11";"6.22";"0.86";"0.0";"";"0";"0.0";"0.0";"0.0";"0.0";"0.0";"0.0";"0.0";"0.0";"0.0";"0.0";"0.0";"0.0";"0.0";"0.0";"0.0";"0.0"
"Strategy 4.6.447";"";"0.78";"NDXm_TICK_UTCPlus02";"M15";"1861.38";"";"1872";"1.12";"1.04";"0.07";"46.54";"0.78";"0.0";"440.46";"0.7";"4.23";"1.1";"22.67";"14.25";"19.19";"12.63";"15.33";"6.89";"0.78";"0.0";"";"0";"0.0";"0.0";"0.0";"0.0";"0.0";"0.0";"0.0";"0.0";"0.0";"0.0";"0.0";"0.0";"0.0";"0.0";"0.0";"0.0"
"Strategy 4.6.444";"";"0.73";"NDXm_TICK_UTCPlus02";"M15";"1557.03";"";"1754";"1.11";"0.98";"0.06";"38.93";"0.75";"0.0";"493.78";"0.75";"3.15";"1.0";"21.54";"14.68";"21.94";"14.86";"17.9";"6.22";"0.73";"0.0";"";"0";"0.0";"0.0";"0.0";"0.0";"0.0";"0.0";"0.0";"0.0";"0.0";"0.0";"0.0";"0.0";"0.0";"0.0";"0.0";"0.0"
"Strategy 4.6.421";"";"0.86";"NDXm_TICK_UTCPlus02";"M15";"3199.68";"";"2642";"1.14";"1.42";"0.08";"80.0";"0.85";"0.0";"396.65";"0.68";"8.07";"1.31";"24.64";"14.68";"19.85";"13.17";"15.87";"12.11";"0.86";"0.0";"";"0";"0.0";"0.0";"0.0";"0.0";"0.0";"0.0";"0.0";"0.0";"0.0";"0.0";"0.0";"0.0";"0.0";"0.0";"0.0";"0.0"
"Strategy 4.6.469";"";"0.82";"NDXm_TICK_UTCPlus02";"M15";"1625.43";"";"1235";"1.15";"1.06";"0.09";"40.64";"0.76";"0.0";"278.56";"0.73";"5.84";"2.31";"23.58";"15.04";"27.75";"19.9";"23.23";"9.72";"0.82";"0.0";"";"0";"0.0";"0.0";"0.0";"0.0";"0.0";"0.0";"0.0";"0.0";"0.0";"0.0";"0.0";"0.0";"0.0";"0.0";"0.0";"0.0"
"Strategy 4.6.493";"";"0.78";"NDXm_TICK_UTCPlus02";"M15";"1551.16";"";"1275";"1.15";"1.13";"0.08";"38.78";"0.81";"0.0";"352.32";"0.83";"4.4";"1.14";"20.42";"14.71";"22.44";"16.7";"19.3";"0.39";"0.78";"0.0";"";"0";"0.0";"0.0";"0.0";"0.0";"0.0";"0.0";"0.0";"0.0";"0.0";"0.0";"0.0";"0.0";"0.0";"0.0";"0.0";"0.0"
"Strategy 4.6.525";"";"0.7";"NDXm_TICK_UTCPlus02";"M15";"789.02";"";"587";"1.16";"0.77";"0.09";"19.72";"0.69";"0.0";"298.02";"0.78";"2.65";"0.82";"22.43";"15.08";"29.4";"22.19";"25.35";"4.56";"0.7";"0.0";"";"0";"0.0";"0.0";"0.0";"0.0";"0.0";"0.0";"0.0";"0.0";"0.0";"0.0";"0.0";"0.0";"0.0";"0.0";"0.0";"0.0"
"Strategy 4.6.494";"";"0.87";"NDXm_TICK_UTCPlus02";"M15";"3154.18";"";"1992";"1.2";"1.66";"0.11";"78.85";"0.79";"0.0";"348.3";"0.86";"9.06";"2.02";"20.97";"15.02";"16.07";"10.92";"13.3";"10.67";"0.87";"0.0";"";"0";"0.0";"0.0";"0.0";"0.0";"0.0";"0.0";"0.0";"0.0";"0.0";"0.0";"0.0";"0.0";"0.0";"0.0";"0.0";"0.0"
"Strategy 4.6.455";"";"0.87";"NDXm_TICK_UTCPlus02";"M15";"3236.86";"";"2755";"1.14";"1.43";"0.08";"80.93";"0.87";"0.0";"380.69";"0.73";"8.5";"1.67";"23.0";"14.67";"19.6";"13.84";"16.27";"13.83";"0.87";"0.0";"";"0";"0.0";"0.0";"0.0";"0.0";"0.0";"0.0";"0.0";"0.0";"0.0";"0.0";"0.0";"0.0";"0.0";"0.0";"0.0";"0.0"
"Strategy 4.6.477";"";"0.72";"NDXm_TICK_UTCPlus02";"M15";"1852.18";"";"2613";"1.11";"1.09";"0.05";"46.3";"0.78";"0.0";"600.2";"1.26";"3.09";"1.05";"13.17";"15.05";"16.99";"17.55";"17.24";"11.72";"0.72";"0.0";"";"0";"0.0";"0.0";"0.0";"0.0";"0.0";"0.0";"0.0";"0.0";"0.0";"0.0";"0.0";"0.0";"0.0";"0.0";"0.0";"0.0"
"Strategy 4.6.574";"";"0.86";"NDXm_TICK_UTCPlus02";"M15";"1027.46";"";"579";"1.23";"1.09";"0.12";"25.69";"0.88";"0.0";"134.11";"0.95";"7.66";"1.91";"19.51";"15.06";"29.37";"26.55";"27.92";"4.56";"0.86";"0.0";"";"0";"0.0";"0.0";"0.0";"0.0";"0.0";"0.0";"0.0";"0.0";"0.0";"0.0";"0.0";"0.0";"0.0";"0.0";"0.0";"0.0"
"Strategy 4.6.512";"";"0.76";"NDXm_TICK_UTCPlus02";"M15";"1002.77";"";"1347";"1.11";"0.88";"0.05";"25.07";"0.8";"0.0";"262.49";"1.29";"3.82";"1.05";"13.02";"15.06";"37.18";"36.97";"37.09";"10.94";"0.76";"0.0";"";"0";"0.0";"0.0";"0.0";"0.0";"0.0";"0.0";"0.0";"0.0";"0.0";"0.0";"0.0";"0.0";"0.0";"0.0";"0.0";"0.0"
"Strategy 4.6.514";"";"0.85";"NDXm_TICK_UTCPlus02";"M15";"3160.46";"";"2483";"1.15";"1.45";"0.09";"79.01";"0.9";"0.0";"436.0";"0.75";"7.25";"1.9";"22.89";"14.88";"24.32";"16.56";"19.87";"14.17";"0.85";"0.0";"";"0";"0.0";"0.0";"0.0";"0.0";"0.0";"0.0";"0.0";"0.0";"0.0";"0.0";"0.0";"0.0";"0.0";"0.0";"0.0";"0.0"
"Strategy 4.6.538";"";"0.8";"NDXm_TICK_UTCPlus02";"M15";"2107.55";"";"2179";"1.11";"1.02";"0.06";"52.69";"0.87";"0.0";"423.57";"0.69";"4.98";"1.02";"23.84";"14.88";"21.12";"15.26";"17.66";"10.22";"0.8";"0.0";"";"0";"0.0";"0.0";"0.0";"0.0";"0.0";"0.0";"0.0";"0.0";"0.0";"0.0";"0.0";"0.0";"0.0";"0.0";"0.0";"0.0"
"Strategy 2.7.303";"";"0.7";"NDXm_TICK_UTCPlus02";"M15";"884.01";"";"862";"1.12";"0.69";"0.07";"22.1";"0.72";"0.0";"325.57";"0.7";"2.72";"0.58";"24.02";"15.08";"36.23";"22.61";"28.22";"6.56";"0.7";"0.0";"";"0";"0.0";"0.0";"0.0";"0.0";"0.0";"0.0";"0.0";"0.0";"0.0";"0.0";"0.0";"0.0";"0.0";"0.0";"0.0";"0.0"
"Strategy 4.6.529";"";"0.78";"NDXm_TICK_UTCPlus02";"M15";"2035.27";"";"2196";"1.11";"1.04";"0.06";"50.89";"0.81";"0.0";"461.36";"0.78";"4.41";"0.97";"21.57";"15.16";"32.29";"23.23";"27.2";"19.22";"0.78";"0.0";"";"0";"0.0";"0.0";"0.0";"0.0";"0.0";"0.0";"0.0";"0.0";"0.0";"0.0";"0.0";"0.0";"0.0";"0.0";"0.0";"0.0"
"Strategy 2.7.308";"";"0.83";"NDXm_TICK_UTCPlus02";"M15";"2123.74";"";"1404";"1.19";"1.39";"0.1";"53.1";"0.59";"0.0";"339.32";"0.84";"6.26";"3.01";"20.47";"14.46";"19.74";"16.24";"17.84";"4.33";"0.83";"0.0";"";"0";"0.0";"0.0";"0.0";"0.0";"0.0";"0.0";"0.0";"0.0";"0.0";"0.0";"0.0";"0.0";"0.0";"0.0";"0.0";"0.0"
"Strategy 2.7.340";"";"0.85";"NDXm_TICK_UTCPlus02";"M15";"1078.16";"";"437";"1.29";"1.16";"0.16";"26.95";"0.83";"0.0";"150.91";"0.77";"7.14";"1.61";"25.2";"15.02";"23.04";"17.02";"19.64";"3.06";"0.85";"0.0";"";"0";"0.0";"0.0";"0.0";"0.0";"0.0";"0.0";"0.0";"0.0";"0.0";"0.0";"0.0";"0.0";"0.0";"0.0";"0.0";"0.0"
"Strategy 2.7.333";"";"0.7";"NDXm_TICK_UTCPlus02";"M15";"944.27";"";"641";"1.17";"0.83";"0.1";"23.61";"0.57";"0.0";"358.79";"0.74";"2.63";"1.0";"23.53";"14.89";"33.56";"25.77";"29.09";"8.61";"0.7";"0.0";"";"0";"0.0";"0.0";"0.0";"0.0";"0.0";"0.0";"0.0";"0.0";"0.0";"0.0";"0.0";"0.0";"0.0";"0.0";"0.0";"0.0"
"Strategy 2.7.326";"";"0.64";"NDXm_TICK_UTCPlus02";"M15";"670.96";"";"615";"1.12";"0.62";"0.07";"16.78";"0.82";"0.0";"362.73";"0.73";"1.85";"0.54";"23.57";"15.37";"45.13";"36.08";"39.91";"5.56";"0.64";"0.0";"";"0";"0.0";"0.0";"0.0";"0.0";"0.0";"0.0";"0.0";"0.0";"0.0";"0.0";"0.0";"0.0";"0.0";"0.0";"0.0";"0.0"
"Strategy 4.6.559";"";"0.81";"NDXm_TICK_UTCPlus02";"M15";"2893.11";"";"2564";"1.13";"1.3";"0.08";"72.33";"0.85";"0.0";"529.62";"0.66";"5.46";"1.37";"25.08";"14.8";"25.27";"17.3";"20.48";"15.5";"0.81";"0.0";"";"0";"0.0";"0.0";"0.0";"0.0";"0.0";"0.0";"0.0";"0.0";"0.0";"0.0";"0.0";"0.0";"0.0";"0.0";"0.0";"0.0"
"Strategy 4.6.557";"";"0.86";"NDXm_TICK_UTCPlus02";"M15";"4177.52";"";"3630";"1.13";"1.49";"0.08";"104.44";"0.81";"0.0";"512.25";"0.67";"8.16";"1.49";"24.65";"14.68";"17.96";"11.94";"14.36";"15.83";"0.86";"0.0";"";"0";"0.0";"0.0";"0.0";"0.0";"0.0";"0.0";"0.0";"0.0";"0.0";"0.0";"0.0";"0.0";"0.0";"0.0";"0.0";"0.0"
"Strategy 2.7.349";"";"0.77";"NDXm_TICK_UTCPlus02";"M15";"1481.51";"";"1228";"1.14";"1.02";"0.08";"37.04";"0.85";"0.0";"358.5";"0.7";"4.13";"1.92";"23.36";"14.37";"20.61";"14.37";"16.95";"2.72";"0.77";"0.0";"";"0";"0.0";"0.0";"0.0";"0.0";"0.0";"0.0";"0.0";"0.0";"0.0";"0.0";"0.0";"0.0";"0.0";"0.0";"0.0";"0.0"
"Strategy 2.7.330";"";"0.79";"NDXm_TICK_UTCPlus02";"M15";"1473.57";"";"1438";"1.13";"1.0";"0.07";"36.84";"0.77";"0.0";"316.58";"0.89";"4.65";"2.01";"19.06";"15.02";"26.36";"21.53";"23.8";"9.5";"0.79";"0.0";"";"0";"0.0";"0.0";"0.0";"0.0";"0.0";"0.0";"0.0";"0.0";"0.0";"0.0";"0.0";"0.0";"0.0";"0.0";"0.0";"0.0"
"Strategy 2.7.373";"";"0.8";"NDXm_TICK_UTCPlus02";"M15";"669.3";"";"515";"1.22";"0.98";"0.09";"16.73";"0.77";"0.0";"136.41";"1.29";"4.91";"1.3";"12.93";"13.69";"16.46";"13.98";"15.38";"1.78";"0.8";"0.0";"";"0";"0.0";"0.0";"0.0";"0.0";"0.0";"0.0";"0.0";"0.0";"0.0";"0.0";"0.0";"0.0";"0.0";"0.0";"0.0";"0.0"
"Strategy 2.7.357";"";"0.72";"NDXm_TICK_UTCPlus02";"M15";"837.04";"";"641";"1.15";"0.76";"0.09";"20.93";"0.77";"0.0";"277.13";"0.75";"3.02";"0.74";"23.1";"14.97";"36.44";"27.72";"31.44";"5.44";"0.72";"0.0";"";"0";"0.0";"0.0";"0.0";"0.0";"0.0";"0.0";"0.0";"0.0";"0.0";"0.0";"0.0";"0.0";"0.0";"0.0";"0.0";"0.0"
"Strategy 2.7.335";"";"0.8";"NDXm_TICK_UTCPlus02";"M15";"2373.19";"";"3044";"1.12";"1.31";"0.05";"59.33";"0.82";"0.0";"481.77";"1.22";"4.93";"1.46";"13.4";"14.67";"12.28";"11.82";"12.07";"10.78";"0.8";"0.0";"";"0";"0.0";"0.0";"0.0";"0.0";"0.0";"0.0";"0.0";"0.0";"0.0";"0.0";"0.0";"0.0";"0.0";"0.0";"0.0";"0.0"
"Strategy 2.7.329";"";"0.81";"NDXm_TICK_UTCPlus02";"M15";"2730.03";"";"3170";"1.11";"1.23";"0.06";"68.25";"0.88";"0.0";"502.92";"0.86";"5.43";"1.25";"19.05";"14.73";"14.63";"11.54";"12.96";"11.72";"0.81";"0.0";"";"0";"0.0";"0.0";"0.0";"0.0";"0.0";"0.0";"0.0";"0.0";"0.0";"0.0";"0.0";"0.0";"0.0";"0.0";"0.0";"0.0"
"Strategy 2.7.383";"";"0.75";"NDXm_TICK_UTCPlus02";"M15";"819.93";"";"566";"1.17";"0.82";"0.1";"20.5";"0.69";"0.0";"232.72";"0.8";"3.52";"0.75";"22.19";"15.08";"30.08";"24.63";"27.04";"4.56";"0.75";"0.0";"";"0";"0.0";"0.0";"0.0";"0.0";"0.0";"0.0";"0.0";"0.0";"0.0";"0.0";"0.0";"0.0";"0.0";"0.0";"0.0";"0.0"
"Strategy 2.7.356";"";"0.79";"NDXm_TICK_UTCPlus02";"M15";"2215.45";"";"1900";"1.14";"1.22";"0.08";"55.39";"0.85";"0.0";"460.98";"0.76";"4.81";"1.49";"22.1";"14.69";"18.25";"12.86";"15.19";"7.78";"0.79";"0.0";"";"0";"0.0";"0.0";"0.0";"0.0";"0.0";"0.0";"0.0";"0.0";"0.0";"0.0";"0.0";"0.0";"0.0";"0.0";"0.0";"0.0"
"Strategy 2.7.393";"";"0.77";"NDXm_TICK_UTCPlus02";"M15";"632.12";"";"374";"1.27";"1.0";"0.12";"15.8";"0.8";"0.0";"150.76";"1.31";"4.19";"1.03";"14.18";"14.65";"10.48";"10.73";"10.59";"0.44";"0.77";"0.0";"";"0";"0.0";"0.0";"0.0";"0.0";"0.0";"0.0";"0.0";"0.0";"0.0";"0.0";"0.0";"0.0";"0.0";"0.0";"0.0";"0.0"
"Strategy 2.7.365";"";"0.78";"NDXm_TICK_UTCPlus02";"M15";"1195.96";"";"757";"1.21";"1.14";"0.1";"29.9";"0.81";"0.0";"267.43";"1.0";"4.47";"1.27";"18.31";"15.19";"39.51";"35.07";"37.3";"6.78";"0.78";"0.0";"";"0";"0.0";"0.0";"0.0";"0.0";"0.0";"0.0";"0.0";"0.0";"0.0";"0.0";"0.0";"0.0";"0.0";"0.0";"0.0";"0.0"
"Strategy 2.7.351";"";"0.79";"NDXm_TICK_UTCPlus02";"M15";"1591.22";"";"2114";"1.11";"1.08";"0.05";"39.78";"0.77";"0.0";"347.86";"1.22";"4.57";"1.45";"13.64";"14.98";"22.07";"22.54";"22.28";"8.0";"0.79";"0.0";"";"0";"0.0";"0.0";"0.0";"0.0";"0.0";"0.0";"0.0";"0.0";"0.0";"0.0";"0.0";"0.0";"0.0";"0.0";"0.0";"0.0"
"Strategy 2.7.386";"";"0.8";"NDXm_TICK_UTCPlus02";"M15";"2165.21";"";"1978";"1.13";"1.12";"0.08";"54.13";"0.83";"0.0";"428.37";"0.67";"5.05";"1.53";"24.39";"14.46";"17.35";"11.46";"13.82";"7.5";"0.8";"0.0";"";"0";"0.0";"0.0";"0.0";"0.0";"0.0";"0.0";"0.0";"0.0";"0.0";"0.0";"0.0";"0.0";"0.0";"0.0";"0.0";"0.0"
"Strategy 2.7.406";"";"0.74";"NDXm_TICK_UTCPlus02";"M15";"567.34";"";"427";"1.25";"0.98";"0.09";"14.18";"0.87";"0.0";"168.23";"1.72";"3.37";"0.91";"10.55";"14.53";"19.18";"18.39";"18.89";"1.06";"0.74";"0.0";"";"0";"0.0";"0.0";"0.0";"0.0";"0.0";"0.0";"0.0";"0.0";"0.0";"0.0";"0.0";"0.0";"0.0";"0.0";"0.0";"0.0"
"Strategy 2.7.380";"";"0.87";"NDXm_TICK_UTCPlus02";"M15";"2432.63";"";"1490";"1.18";"1.36";"0.11";"60.82";"0.71";"0.0";"284.69";"0.64";"8.54";"2.15";"27.17";"14.64";"27.22";"20.73";"23.26";"4.89";"0.87";"0.0";"";"0";"0.0";"0.0";"0.0";"0.0";"0.0";"0.0";"0.0";"0.0";"0.0";"0.0";"0.0";"0.0";"0.0";"0.0";"0.0";"0.0"
"Strategy 2.7.416";"";"0.71";"NDXm_TICK_UTCPlus02";"M15";"427.22";"";"498";"1.13";"0.59";"0.07";"10.68";"0.67";"0.0";"154.03";"0.92";"2.77";"0.68";"15.96";"12.97";"16.01";"12.35";"14.1";"1.72";"0.71";"0.0";"";"0";"0.0";"0.0";"0.0";"0.0";"0.0";"0.0";"0.0";"0.0";"0.0";"0.0";"0.0";"0.0";"0.0";"0.0";"0.0";"0.0"
"Strategy 2.7.352";"";"0.8";"NDXm_TICK_UTCPlus02";"M15";"2409.77";"";"2496";"1.11";"1.07";"0.06";"60.24";"0.86";"0.0";"492.4";"0.63";"4.89";"1.1";"26.19";"15.01";"29.05";"20.0";"23.51";"16.67";"0.8";"0.0";"";"0";"0.0";"0.0";"0.0";"0.0";"0.0";"0.0";"0.0";"0.0";"0.0";"0.0";"0.0";"0.0";"0.0";"0.0";"0.0";"0.0"
"Strategy 2.7.400";"";"0.81";"NDXm_TICK_UTCPlus02";"M15";"1983.38";"";"1364";"1.18";"1.29";"0.1";"49.58";"0.55";"0.0";"370.77";"0.8";"5.35";"2.64";"21.32";"14.48";"20.83";"16.78";"18.58";"4.5";"0.81";"0.0";"";"0";"0.0";"0.0";"0.0";"0.0";"0.0";"0.0";"0.0";"0.0";"0.0";"0.0";"0.0";"0.0";"0.0";"0.0";"0.0";"0.0"
"Strategy 2.7.388";"";"0.84";"NDXm_TICK_UTCPlus02";"M15";"2655.07";"";"2523";"1.13";"1.25";"0.07";"66.38";"0.82";"0.0";"408.88";"0.77";"6.49";"1.12";"21.51";"14.76";"19.18";"12.95";"15.67";"11.11";"0.84";"0.0";"";"0";"0.0";"0.0";"0.0";"0.0";"0.0";"0.0";"0.0";"0.0";"0.0";"0.0";"0.0";"0.0";"0.0";"0.0";"0.0";"0.0"
"Strategy 2.7.389";"";"0.77";"NDXm_TICK_UTCPlus02";"M15";"1871.13";"";"1873";"1.11";"1.03";"0.07";"46.78";"0.71";"0.0";"454.87";"0.72";"4.11";"1.64";"23.2";"14.91";"28.36";"19.27";"23.06";"7.44";"0.77";"0.0";"";"0";"0.0";"0.0";"0.0";"0.0";"0.0";"0.0";"0.0";"0.0";"0.0";"0.0";"0.0";"0.0";"0.0";"0.0";"0.0";"0.0"
"Strategy 2.7.392";"";"0.81";"NDXm_TICK_UTCPlus02";"M15";"1503.28";"";"1538";"1.15";"1.24";"0.07";"37.58";"0.8";"0.0";"270.59";"1.33";"5.56";"2.27";"12.95";"14.95";"30.86";"31.03";"30.94";"7.0";"0.81";"0.0";"";"0";"0.0";"0.0";"0.0";"0.0";"0.0";"0.0";"0.0";"0.0";"0.0";"0.0";"0.0";"0.0";"0.0";"0.0";"0.0";"0.0"
"Strategy 2.7.405";"";"0.84";"NDXm_TICK_UTCPlus02";"M15";"2037.56";"";"1902";"1.15";"1.34";"0.07";"50.94";"0.84";"0.0";"307.49";"1.11";"6.63";"1.11";"15.48";"14.93";"20.68";"18.98";"19.87";"8.94";"0.84";"0.0";"";"0";"0.0";"0.0";"0.0";"0.0";"0.0";"0.0";"0.0";"0.0";"0.0";"0.0";"0.0";"0.0";"0.0";"0.0";"0.0";"0.0"
"Strategy 2.7.456";"";"0.73";"NDXm_TICK_UTCPlus02";"M15";"959.41";"";"731";"1.15";"0.79";"0.09";"23.98";"0.71";"0.0";"308.57";"0.69";"3.11";"1.03";"24.93";"14.94";"28.17";"22.8";"24.99";"4.17";"0.73";"0.0";"";"0";"0.0";"0.0";"0.0";"0.0";"0.0";"0.0";"0.0";"0.0";"0.0";"0.0";"0.0";"0.0";"0.0";"0.0";"0.0";"0.0"
"Strategy 2.7.484";"";"0.82";"NDXm_TICK_UTCPlus02";"M15";"842.28";"";"431";"1.27";"1.11";"0.15";"21.06";"0.82";"0.0";"150.05";"0.86";"5.61";"1.54";"19.75";"13.31";"21.73";"16.06";"18.68";"1.89";"0.82";"0.0";"";"0";"0.0";"0.0";"0.0";"0.0";"0.0";"0.0";"0.0";"0.0";"0.0";"0.0";"0.0";"0.0";"0.0";"0.0";"0.0";"0.0"
"Strategy 2.7.443";"";"0.73";"NDXm_TICK_UTCPlus02";"M15";"1629.69";"";"1914";"1.12";"1.12";"0.06";"40.74";"0.8";"0.0";"516.82";"1.15";"3.15";"0.8";"14.51";"14.86";"21.55";"21.13";"21.35";"6.83";"0.73";"0.0";"";"0";"0.0";"0.0";"0.0";"0.0";"0.0";"0.0";"0.0";"0.0";"0.0";"0.0";"0.0";"0.0";"0.0";"0.0";"0.0";"0.0"
"Strategy 2.7.524";"";"0.73";"NDXm_TICK_UTCPlus02";"M15";"509.11";"";"379";"1.2";"0.77";"0.09";"12.72";"0.83";"0.0";"161.85";"1.22";"3.15";"0.83";"14.59";"14.78";"32.2";"27.96";"30.28";"2.33";"0.73";"0.0";"";"0";"0.0";"0.0";"0.0";"0.0";"0.0";"0.0";"0.0";"0.0";"0.0";"0.0";"0.0";"0.0";"0.0";"0.0";"0.0";"0.0"
"Strategy 2.7.530";"";"0.85";"NDXm_TICK_UTCPlus02";"M15";"1396.73";"";"641";"1.24";"1.17";"0.15";"34.92";"0.84";"0.0";"189.64";"0.62";"7.37";"1.57";"29.03";"14.43";"23.79";"15.45";"18.64";"1.06";"0.85";"0.0";"";"0";"0.0";"0.0";"0.0";"0.0";"0.0";"0.0";"0.0";"0.0";"0.0";"0.0";"0.0";"0.0";"0.0";"0.0";"0.0";"0.0"
"Strategy 2.7.552";"";"0.71";"NDXm_TICK_UTCPlus02";"M15";"744.08";"";"644";"1.13";"0.69";"0.08";"18.6";"0.74";"0.0";"270.72";"0.77";"2.75";"0.63";"22.29";"15.2";"27.94";"23.48";"25.43";"4.94";"0.71";"0.0";"";"0";"0.0";"0.0";"0.0";"0.0";"0.0";"0.0";"0.0";"0.0";"0.0";"0.0";"0.0";"0.0";"0.0";"0.0";"0.0";"0.0"
"Strategy 2.7.514";"";"0.79";"NDXm_TICK_UTCPlus02";"M15";"2421.44";"";"2745";"1.11";"1.15";"0.06";"60.53";"0.85";"0.0";"531.83";"0.8";"4.55";"1.4";"20.26";"14.71";"16.68";"12.02";"14.1";"12.5";"0.79";"0.0";"";"0";"0.0";"0.0";"0.0";"0.0";"0.0";"0.0";"0.0";"0.0";"0.0";"0.0";"0.0";"0.0";"0.0";"0.0";"0.0";"0.0"
"Strategy 2.7.521";"";"0.79";"NDXm_TICK_UTCPlus02";"M15";"2455.09";"";"2804";"1.12";"1.28";"0.06";"61.38";"0.82";"0.0";"517.77";"1.0";"4.74";"1.59";"16.43";"14.75";"15.2";"13.02";"14.11";"11.28";"0.79";"0.0";"";"0";"0.0";"0.0";"0.0";"0.0";"0.0";"0.0";"0.0";"0.0";"0.0";"0.0";"0.0";"0.0";"0.0";"0.0";"0.0";"0.0"
"Strategy 2.7.534";"";"0.84";"NDXm_TICK_UTCPlus02";"M15";"3051.61";"";"2680";"1.13";"1.28";"0.08";"76.29";"0.87";"0.0";"443.05";"0.65";"6.89";"1.36";"26.06";"14.97";"25.33";"16.12";"19.74";"17.0";"0.84";"0.0";"";"0";"0.0";"0.0";"0.0";"0.0";"0.0";"0.0";"0.0";"0.0";"0.0";"0.0";"0.0";"0.0";"0.0";"0.0";"0.0";"0.0"
"Strategy 1.9.316";"";"0.67";"NDXm_TICK_UTCPlus02";"M15";"1011.88";"";"690";"1.19";"0.97";"0.1";"25.29";"0.65";"0.0";"455.41";"0.88";"2.22";"0.97";"19.89";"14.65";"21.14";"14.65";"17.68";"2.78";"0.67";"0.0";"";"0";"0.0";"0.0";"0.0";"0.0";"0.0";"0.0";"0.0";"0.0";"0.0";"0.0";"0.0";"0.0";"0.0";"0.0";"0.0";"0.0"
"Strategy 1.9.306";"";"0.86";"NDXm_TICK_UTCPlus02";"M15";"2001.8";"";"664";"1.37";"1.6";"0.2";"50.05";"0.9";"0.0";"241.28";"0.82";"8.3";"2.53";"25.02";"15.02";"29.74";"25.28";"27.29";"4.39";"0.86";"0.0";"";"0";"0.0";"0.0";"0.0";"0.0";"0.0";"0.0";"0.0";"0.0";"0.0";"0.0";"0.0";"0.0";"0.0";"0.0";"0.0";"0.0"
"Strategy 1.9.304";"";"0.87";"NDXm_TICK_UTCPlus02";"M15";"2579.09";"";"1892";"1.17";"1.5";"0.1";"64.48";"0.76";"0.0";"293.6";"0.84";"8.78";"2.35";"20.09";"14.31";"16.99";"13.41";"15.04";"1.22";"0.87";"0.0";"";"0";"0.0";"0.0";"0.0";"0.0";"0.0";"0.0";"0.0";"0.0";"0.0";"0.0";"0.0";"0.0";"0.0";"0.0";"0.0";"0.0"
"Strategy 2.7.572";"";"0.83";"NDXm_TICK_UTCPlus02";"M15";"2592.2";"";"2773";"1.12";"1.28";"0.06";"64.8";"0.83";"0.0";"428.27";"0.86";"6.05";"1.22";"19.05";"14.67";"15.59";"11.79";"13.55";"10.56";"0.83";"0.0";"";"0";"0.0";"0.0";"0.0";"0.0";"0.0";"0.0";"0.0";"0.0";"0.0";"0.0";"0.0";"0.0";"0.0";"0.0";"0.0";"0.0"
"Strategy 1.9.339";"";"0.68";"NDXm_TICK_UTCPlus02";"M15";"694.02";"";"568";"1.13";"0.61";"0.08";"17.35";"0.47";"0.0";"286.23";"0.61";"2.42";"0.78";"27.32";"14.79";"32.1";"23.02";"26.47";"6.17";"0.68";"0.0";"";"0";"0.0";"0.0";"0.0";"0.0";"0.0";"0.0";"0.0";"0.0";"0.0";"0.0";"0.0";"0.0";"0.0";"0.0";"0.0";"0.0"
"Strategy 1.9.344";"";"0.77";"NDXm_TICK_UTCPlus02";"M15";"952.58";"";"631";"1.18";"0.85";"0.1";"23.81";"0.69";"0.0";"236.75";"0.75";"4.02";"1.21";"23.13";"14.66";"24.3";"20.58";"22.17";"5.72";"0.77";"0.0";"";"0";"0.0";"0.0";"0.0";"0.0";"0.0";"0.0";"0.0";"0.0";"0.0";"0.0";"0.0";"0.0";"0.0";"0.0";"0.0";"0.0"
"Strategy 1.9.355";"";"0.68";"NDXm_TICK_UTCPlus02";"M15";"404.31";"";"450";"1.14";"0.61";"0.06";"10.11";"0.77";"0.0";"170.76";"1.3";"2.37";"0.63";"12.95";"14.72";"14.34";"11.92";"13.29";"0.56";"0.68";"0.0";"";"0";"0.0";"0.0";"0.0";"0.0";"0.0";"0.0";"0.0";"0.0";"0.0";"0.0";"0.0";"0.0";"0.0";"0.0";"0.0";"0.0"
"Strategy 1.9.326";"";"0.73";"NDXm_TICK_UTCPlus02";"M15";"1706.15";"";"1883";"1.13";"1.18";"0.06";"42.65";"0.7";"0.0";"527.83";"1.1";"3.23";"1.21";"14.78";"14.41";"15.1";"13.0";"14.1";"4.06";"0.73";"0.0";"";"0";"0.0";"0.0";"0.0";"0.0";"0.0";"0.0";"0.0";"0.0";"0.0";"0.0";"0.0";"0.0";"0.0";"0.0";"0.0";"0.0"
"Strategy 1.9.308";"";"0.82";"NDXm_TICK_UTCPlus02";"M15";"1547.23";"";"1608";"1.12";"0.99";"0.06";"38.67";"0.88";"0.0";"263.1";"0.9";"5.88";"1.28";"18.7";"15.06";"30.22";"23.66";"26.77";"13.72";"0.82";"0.0";"";"0";"0.0";"0.0";"0.0";"0.0";"0.0";"0.0";"0.0";"0.0";"0.0";"0.0";"0.0";"0.0";"0.0";"0.0";"0.0";"0.0"
"Strategy 2.7.582";"";"0.81";"NDXm_TICK_UTCPlus02";"M15";"2654.69";"";"3298";"1.12";"1.36";"0.06";"66.36";"0.82";"0.0";"491.42";"1.09";"5.4";"1.38";"14.9";"14.61";"11.3";"10.08";"10.72";"10.67";"0.81";"0.0";"";"0";"0.0";"0.0";"0.0";"0.0";"0.0";"0.0";"0.0";"0.0";"0.0";"0.0";"0.0";"0.0";"0.0";"0.0";"0.0";"0.0"
"Strategy 1.9.298";"";"0.73";"NDXm_TICK_UTCPlus02";"M15";"2491.32";"";"3138";"1.11";"1.24";"0.05";"62.28";"0.8";"0.0";"772.72";"1.01";"3.22";"1.16";"16.32";"14.95";"16.59";"14.52";"15.56";"13.5";"0.73";"0.0";"";"0";"0.0";"0.0";"0.0";"0.0";"0.0";"0.0";"0.0";"0.0";"0.0";"0.0";"0.0";"0.0";"0.0";"0.0";"0.0";"0.0"
"Strategy 1.9.348";"";"0.85";"NDXm_TICK_UTCPlus02";"M15";"1828.8";"";"1236";"1.19";"1.29";"0.1";"45.72";"0.88";"0.0";"240.95";"0.83";"7.59";"1.53";"20.77";"14.61";"15.71";"11.91";"13.64";"4.61";"0.85";"0.0";"";"0";"0.0";"0.0";"0.0";"0.0";"0.0";"0.0";"0.0";"0.0";"0.0";"0.0";"0.0";"0.0";"0.0";"0.0";"0.0";"0.0"
"Strategy 1.9.331";"";"0.78";"NDXm_TICK_UTCPlus02";"M15";"1495.89";"";"1619";"1.12";"0.99";"0.06";"37.4";"0.76";"0.0";"347.1";"0.99";"4.31";"0.79";"17.07";"15.0";"23.85";"20.47";"22.15";"10.61";"0.78";"0.0";"";"0";"0.0";"0.0";"0.0";"0.0";"0.0";"0.0";"0.0";"0.0";"0.0";"0.0";"0.0";"0.0";"0.0";"0.0";"0.0";"0.0"
"Strategy 2.7.579";"";"0.88";"NDXm_TICK_UTCPlus02";"M15";"3981.58";"";"3260";"1.15";"1.69";"0.08";"99.54";"0.91";"0.0";"404.94";"0.78";"9.83";"2.33";"21.61";"14.77";"17.56";"12.92";"14.96";"13.33";"0.88";"0.0";"";"0";"0.0";"0.0";"0.0";"0.0";"0.0";"0.0";"0.0";"0.0";"0.0";"0.0";"0.0";"0.0";"0.0";"0.0";"0.0";"0.0"
"Strategy 1.9.335";"";"0.71";"NDXm_TICK_UTCPlus02";"M15";"1672.04";"";"1239";"1.18";"1.27";"0.09";"41.8";"0.68";"0.0";"578.62";"1.02";"2.89";"1.48";"17.56";"15.15";"28.48";"23.99";"26.25";"9.0";"0.71";"0.0";"";"0";"0.0";"0.0";"0.0";"0.0";"0.0";"0.0";"0.0";"0.0";"0.0";"0.0";"0.0";"0.0";"0.0";"0.0";"0.0";"0.0"
"Strategy 1.9.334";"";"0.78";"NDXm_TICK_UTCPlus02";"M15";"1393.44";"";"1654";"1.14";"1.14";"0.06";"34.83";"0.85";"0.0";"318.3";"1.47";"4.38";"1.2";"11.65";"15.07";"22.82";"24.7";"23.58";"6.39";"0.78";"0.0";"";"0";"0.0";"0.0";"0.0";"0.0";"0.0";"0.0";"0.0";"0.0";"0.0";"0.0";"0.0";"0.0";"0.0";"0.0";"0.0";"0.0"
"Strategy 1.9.375";"";"0.75";"NDXm_TICK_UTCPlus02";"M15";"757.15";"";"767";"1.12";"0.65";"0.07";"18.93";"0.82";"0.0";"212.17";"0.63";"3.57";"0.89";"24.73";"13.93";"18.41";"11.75";"14.32";"1.78";"0.75";"0.0";"";"0";"0.0";"0.0";"0.0";"0.0";"0.0";"0.0";"0.0";"0.0";"0.0";"0.0";"0.0";"0.0";"0.0";"0.0";"0.0";"0.0"
"Strategy 1.9.327";"";"0.82";"NDXm_TICK_UTCPlus02";"M15";"2229.08";"";"2173";"1.13";"1.25";"0.07";"55.73";"0.86";"0.0";"384.74";"0.91";"5.79";"1.29";"18.61";"15.05";"26.26";"20.76";"23.38";"14.61";"0.82";"0.0";"";"0";"0.0";"0.0";"0.0";"0.0";"0.0";"0.0";"0.0";"0.0";"0.0";"0.0";"0.0";"0.0";"0.0";"0.0";"0.0";"0.0"
"Strategy 1.9.346";"";"0.79";"NDXm_TICK_UTCPlus02";"M15";"1985.68";"";"1887";"1.12";"1.08";"0.07";"49.64";"0.79";"0.0";"412.97";"0.77";"4.81";"0.96";"22.09";"15.04";"25.22";"18.61";"21.47";"11.67";"0.79";"0.0";"";"0";"0.0";"0.0";"0.0";"0.0";"0.0";"0.0";"0.0";"0.0";"0.0";"0.0";"0.0";"0.0";"0.0";"0.0";"0.0";"0.0"
"Strategy 1.9.397";"";"0.79";"NDXm_TICK_UTCPlus02";"M15";"1018.42";"";"611";"1.23";"1.02";"0.12";"25.46";"0.8";"0.0";"217.45";"0.96";"4.68";"1.24";"18.29";"14.26";"14.57";"11.24";"12.87";"4.0";"0.79";"0.0";"";"0";"0.0";"0.0";"0.0";"0.0";"0.0";"0.0";"0.0";"0.0";"0.0";"0.0";"0.0";"0.0";"0.0";"0.0";"0.0";"0.0"
"Strategy 1.9.377";"";"0.83";"NDXm_TICK_UTCPlus02";"M15";"2751.92";"";"1992";"1.17";"1.45";"0.1";"68.81";"0.68";"0.0";"450.74";"0.67";"6.11";"3.62";"23.89";"13.72";"16.02";"10.58";"12.76";"3.44";"0.83";"0.0";"";"0";"0.0";"0.0";"0.0";"0.0";"0.0";"0.0";"0.0";"0.0";"0.0";"0.0";"0.0";"0.0";"0.0";"0.0";"0.0";"0.0"
"Strategy 1.9.360";"";"0.75";"NDXm_TICK_UTCPlus02";"M15";"2931.38";"";"3174";"1.12";"1.41";"0.06";"73.29";"0.81";"0.0";"801.79";"0.98";"3.66";"1.36";"17.12";"14.89";"16.35";"13.73";"15.02";"12.94";"0.75";"0.0";"";"0";"0.0";"0.0";"0.0";"0.0";"0.0";"0.0";"0.0";"0.0";"0.0";"0.0";"0.0";"0.0";"0.0";"0.0";"0.0";"0.0"
"Strategy 1.9.414";"";"0.64";"NDXm_TICK_UTCPlus02";"M15";"573.16";"";"817";"1.11";"0.63";"0.05";"14.33";"0.76";"0.0";"308.96";"1.29";"1.86";"0.66";"12.83";"15.0";"13.16";"12.8";"13.0";"1.39";"0.64";"0.0";"";"0";"0.0";"0.0";"0.0";"0.0";"0.0";"0.0";"0.0";"0.0";"0.0";"0.0";"0.0";"0.0";"0.0";"0.0";"0.0";"0.0"
"Strategy 1.9.407";"";"0.8";"NDXm_TICK_UTCPlus02";"M15";"1599.74";"";"1363";"1.14";"1.08";"0.08";"39.99";"0.8";"0.0";"319.03";"0.82";"5.01";"0.98";"20.76";"14.98";"24.7";"20.5";"22.4";"8.0";"0.8";"0.0";"";"0";"0.0";"0.0";"0.0";"0.0";"0.0";"0.0";"0.0";"0.0";"0.0";"0.0";"0.0";"0.0";"0.0";"0.0";"0.0";"0.0"
"Strategy 1.9.426";"";"0.71";"NDXm_TICK_UTCPlus02";"M15";"1222.48";"";"1308";"1.13";"0.97";"0.07";"30.56";"0.82";"0.0";"426.11";"0.9";"2.87";"0.97";"17.8";"14.17";"15.97";"12.61";"14.19";"2.11";"0.71";"0.0";"";"0";"0.0";"0.0";"0.0";"0.0";"0.0";"0.0";"0.0";"0.0";"0.0";"0.0";"0.0";"0.0";"0.0";"0.0";"0.0";"0.0"
"Strategy 1.9.446";"";"0.78";"NDXm_TICK_UTCPlus02";"M15";"909.67";"";"896";"1.15";"0.97";"0.07";"22.75";"0.87";"0.0";"214.61";"1.16";"4.24";"1.16";"14.42";"14.59";"8.41";"7.84";"8.15";"1.72";"0.78";"0.0";"";"0";"0.0";"0.0";"0.0";"0.0";"0.0";"0.0";"0.0";"0.0";"0.0";"0.0";"0.0";"0.0";"0.0";"0.0";"0.0";"0.0"
"Strategy 1.9.392";"";"0.77";"NDXm_TICK_UTCPlus02";"M15";"1538.56";"";"2032";"1.12";"1.05";"0.05";"38.46";"0.85";"0.0";"379.01";"1.29";"4.06";"0.78";"12.94";"15.0";"18.08";"18.07";"18.07";"10.39";"0.77";"0.0";"";"0";"0.0";"0.0";"0.0";"0.0";"0.0";"0.0";"0.0";"0.0";"0.0";"0.0";"0.0";"0.0";"0.0";"0.0";"0.0";"0.0"
"Strategy 1.9.452";"";"0.81";"NDXm_TICK_UTCPlus02";"M15";"1530.17";"";"581";"1.3";"1.34";"0.18";"38.25";"0.85";"0.0";"281.13";"0.68";"5.44";"1.25";"27.78";"14.57";"22.57";"16.61";"19.03";"2.44";"0.81";"0.0";"";"0";"0.0";"0.0";"0.0";"0.0";"0.0";"0.0";"0.0";"0.0";"0.0";"0.0";"0.0";"0.0";"0.0";"0.0";"0.0";"0.0"
"Strategy 1.9.470";"";"0.86";"NDXm_TICK_UTCPlus02";"M15";"2372.98";"";"779";"1.39";"1.89";"0.21";"59.33";"0.85";"0.0";"292.79";"0.88";"8.1";"1.67";"23.07";"14.52";"16.37";"14.14";"15.18";"1.94";"0.86";"0.0";"";"0";"0.0";"0.0";"0.0";"0.0";"0.0";"0.0";"0.0";"0.0";"0.0";"0.0";"0.0";"0.0";"0.0";"0.0";"0.0";"0.0"
"Strategy 1.9.439";"";"0.83";"NDXm_TICK_UTCPlus02";"M15";"1879.75";"";"2282";"1.11";"1.06";"0.06";"46.99";"0.83";"0.0";"292.24";"0.86";"6.43";"1.4";"18.3";"14.28";"15.55";"12.3";"13.81";"1.22";"0.83";"0.0";"";"0";"0.0";"0.0";"0.0";"0.0";"0.0";"0.0";"0.0";"0.0";"0.0";"0.0";"0.0";"0.0";"0.0";"0.0";"0.0";"0.0"
"Strategy 1.9.451";"";"0.77";"NDXm_TICK_UTCPlus02";"M15";"2227.69";"";"1797";"1.14";"1.15";"0.08";"55.69";"0.89";"0.0";"533.71";"0.66";"4.17";"1.32";"25.51";"14.84";"24.49";"14.59";"18.54";"10.89";"0.77";"0.0";"";"0";"0.0";"0.0";"0.0";"0.0";"0.0";"0.0";"0.0";"0.0";"0.0";"0.0";"0.0";"0.0";"0.0";"0.0";"0.0";"0.0"
"Strategy 1.9.447";"";"0.9";"NDXm_TICK_UTCPlus02";"M15";"3788.59";"";"2355";"1.2";"1.92";"0.12";"94.72";"0.93";"0.0";"312.41";"0.69";"12.13";"2.84";"23.71";"13.71";"16.21";"10.89";"13.07";"4.06";"0.9";"0.0";"";"0";"0.0";"0.0";"0.0";"0.0";"0.0";"0.0";"0.0";"0.0";"0.0";"0.0";"0.0";"0.0";"0.0";"0.0";"0.0";"0.0"
"Strategy 1.9.493";"";"0.74";"NDXm_TICK_UTCPlus02";"M15";"932.51";"";"907";"1.13";"0.82";"0.07";"23.32";"0.72";"0.0";"273.07";"0.91";"3.41";"0.83";"18.41";"14.78";"26.84";"21.8";"24.2";"4.28";"0.74";"0.0";"";"0";"0.0";"0.0";"0.0";"0.0";"0.0";"0.0";"0.0";"0.0";"0.0";"0.0";"0.0";"0.0";"0.0";"0.0";"0.0";"0.0"
"Strategy 1.9.431";"";"0.81";"NDXm_TICK_UTCPlus02";"M15";"2553.91";"";"2190";"1.12";"1.17";"0.08";"63.85";"0.85";"0.0";"484.59";"0.62";"5.27";"1.12";"27.54";"15.09";"30.92";"19.88";"24.09";"16.56";"0.81";"0.0";"";"0";"0.0";"0.0";"0.0";"0.0";"0.0";"0.0";"0.0";"0.0";"0.0";"0.0";"0.0";"0.0";"0.0";"0.0";"0.0";"0.0"
"Strategy 1.9.453";"";"0.77";"NDXm_TICK_UTCPlus02";"M15";"1578.32";"";"1576";"1.12";"0.98";"0.07";"39.46";"0.8";"0.0";"375.37";"0.82";"4.2";"0.97";"20.71";"15.07";"32.66";"24.33";"28.07";"15.0";"0.77";"0.0";"";"0";"0.0";"0.0";"0.0";"0.0";"0.0";"0.0";"0.0";"0.0";"0.0";"0.0";"0.0";"0.0";"0.0";"0.0";"0.0";"0.0"
"Strategy 1.9.502";"";"0.67";"NDXm_TICK_UTCPlus02";"M15";"862.25";"";"893";"1.13";"0.83";"0.07";"21.56";"0.69";"0.0";"385.03";"0.95";"2.24";"0.97";"17.2";"14.39";"18.29";"16.0";"17.12";"0.83";"0.67";"0.0";"";"0";"0.0";"0.0";"0.0";"0.0";"0.0";"0.0";"0.0";"0.0";"0.0";"0.0";"0.0";"0.0";"0.0";"0.0";"0.0";"0.0"
"Strategy 1.9.526";"";"0.76";"NDXm_TICK_UTCPlus02";"M15";"676.11";"";"455";"1.19";"0.83";"0.1";"16.9";"0.91";"0.0";"175.13";"0.81";"3.86";"1.19";"20.96";"14.34";"12.89";"10.33";"11.47";"1.56";"0.76";"0.0";"";"0";"0.0";"0.0";"0.0";"0.0";"0.0";"0.0";"0.0";"0.0";"0.0";"0.0";"0.0";"0.0";"0.0";"0.0";"0.0";"0.0"
"Strategy 1.9.463";"";"0.86";"NDXm_TICK_UTCPlus02";"M15";"3650.88";"";"2321";"1.18";"1.69";"0.11";"91.28";"0.9";"0.0";"457.39";"0.71";"7.98";"1.97";"24.43";"14.72";"20.98";"13.69";"16.72";"10.67";"0.86";"0.0";"";"0";"0.0";"0.0";"0.0";"0.0";"0.0";"0.0";"0.0";"0.0";"0.0";"0.0";"0.0";"0.0";"0.0";"0.0";"0.0";"0.0"
"Strategy 1.9.515";"";"0.71";"NDXm_TICK_UTCPlus02";"M15";"885.26";"";"1007";"1.12";"0.75";"0.06";"22.13";"0.68";"0.0";"313.66";"0.91";"2.82";"1.18";"17.77";"14.57";"17.16";"14.13";"15.58";"2.78";"0.71";"0.0";"";"0";"0.0";"0.0";"0.0";"0.0";"0.0";"0.0";"0.0";"0.0";"0.0";"0.0";"0.0";"0.0";"0.0";"0.0";"0.0";"0.0"
"Strategy 1.9.509";"";"0.79";"NDXm_TICK_UTCPlus02";"M15";"1142.33";"";"814";"1.16";"0.89";"0.09";"28.56";"0.81";"0.0";"248.62";"0.68";"4.59";"0.9";"25.61";"15.02";"32.82";"23.87";"27.49";"7.39";"0.79";"0.0";"";"0";"0.0";"0.0";"0.0";"0.0";"0.0";"0.0";"0.0";"0.0";"0.0";"0.0";"0.0";"0.0";"0.0";"0.0";"0.0";"0.0"
"Strategy 1.9.459";"";"0.84";"NDXm_TICK_UTCPlus02";"M15";"2476.41";"";"2212";"1.13";"1.25";"0.08";"61.91";"0.85";"0.0";"360.24";"0.68";"6.87";"1.18";"24.19";"14.59";"27.24";"20.36";"23.14";"3.0";"0.84";"0.0";"";"0";"0.0";"0.0";"0.0";"0.0";"0.0";"0.0";"0.0";"0.0";"0.0";"0.0";"0.0";"0.0";"0.0";"0.0";"0.0";"0.0"
"Strategy 1.9.497";"";"0.83";"NDXm_TICK_UTCPlus02";"M15";"1577.52";"";"1636";"1.13";"1.13";"0.07";"39.44";"0.82";"0.0";"257.62";"1.02";"6.12";"1.15";"16.35";"14.68";"18.58";"16.47";"17.53";"4.28";"0.83";"0.0";"";"0";"0.0";"0.0";"0.0";"0.0";"0.0";"0.0";"0.0";"0.0";"0.0";"0.0";"0.0";"0.0";"0.0";"0.0";"0.0";"0.0"
"Strategy 1.9.486";"";"0.83";"NDXm_TICK_UTCPlus02";"M15";"2789.17";"";"2667";"1.14";"1.48";"0.07";"69.73";"0.86";"0.0";"439.99";"0.99";"6.34";"1.22";"17.11";"14.79";"17.49";"14.2";"15.83";"11.72";"0.83";"0.0";"";"0";"0.0";"0.0";"0.0";"0.0";"0.0";"0.0";"0.0";"0.0";"0.0";"0.0";"0.0";"0.0";"0.0";"0.0";"0.0";"0.0"
"Strategy 1.9.516";"";"0.83";"NDXm_TICK_UTCPlus02";"M15";"2031.44";"";"1659";"1.14";"1.16";"0.09";"50.78";"0.82";"0.0";"315.59";"0.66";"6.44";"1.71";"24.65";"14.33";"22.19";"15.46";"18.14";"3.5";"0.83";"0.0";"";"0";"0.0";"0.0";"0.0";"0.0";"0.0";"0.0";"0.0";"0.0";"0.0";"0.0";"0.0";"0.0";"0.0";"0.0";"0.0";"0.0"
"Strategy 1.9.513";"";"0.82";"NDXm_TICK_UTCPlus02";"M15";"1617.18";"";"1359";"1.16";"1.19";"0.08";"40.43";"0.84";"0.0";"276.67";"0.97";"5.85";"1.07";"17.75";"14.92";"30.48";"27.01";"28.72";"4.17";"0.82";"0.0";"";"0";"0.0";"0.0";"0.0";"0.0";"0.0";"0.0";"0.0";"0.0";"0.0";"0.0";"0.0";"0.0";"0.0";"0.0";"0.0";"0.0"
"Strategy 1.9.512";"";"0.8";"NDXm_TICK_UTCPlus02";"M15";"1919.55";"";"2048";"1.12";"1.14";"0.06";"47.99";"0.82";"0.0";"379.51";"0.94";"5.06";"0.94";"17.78";"14.82";"18.44";"15.05";"16.69";"7.44";"0.8";"0.0";"";"0";"0.0";"0.0";"0.0";"0.0";"0.0";"0.0";"0.0";"0.0";"0.0";"0.0";"0.0";"0.0";"0.0";"0.0";"0.0";"0.0"
"Strategy 1.9.547";"";"0.75";"NDXm_TICK_UTCPlus02";"M15";"834.39";"";"592";"1.19";"0.91";"0.09";"20.86";"0.82";"0.0";"236.86";"1.02";"3.52";"1.1";"17.49";"15.0";"30.17";"23.09";"26.66";"3.67";"0.75";"0.0";"";"0";"0.0";"0.0";"0.0";"0.0";"0.0";"0.0";"0.0";"0.0";"0.0";"0.0";"0.0";"0.0";"0.0";"0.0";"0.0";"0.0"
"Strategy 1.9.528";"";"0.86";"NDXm_TICK_UTCPlus02";"M15";"2550.52";"";"2026";"1.16";"1.42";"0.09";"63.76";"0.75";"0.0";"323.31";"0.7";"7.89";"2.62";"22.37";"13.6";"14.54";"10.1";"11.93";"1.67";"0.86";"0.0";"";"0";"0.0";"0.0";"0.0";"0.0";"0.0";"0.0";"0.0";"0.0";"0.0";"0.0";"0.0";"0.0";"0.0";"0.0";"0.0";"0.0"
"Strategy 1.9.488";"";"0.85";"NDXm_TICK_UTCPlus02";"M15";"3087.42";"";"2778";"1.13";"1.33";"0.08";"77.19";"0.89";"0.0";"436.16";"0.69";"7.08";"1.56";"24.07";"14.82";"23.52";"15.77";"18.95";"14.61";"0.85";"0.0";"";"0";"0.0";"0.0";"0.0";"0.0";"0.0";"0.0";"0.0";"0.0";"0.0";"0.0";"0.0";"0.0";"0.0";"0.0";"0.0";"0.0"
"Strategy 1.9.546";"";"0.74";"NDXm_TICK_UTCPlus02";"M15";"969.08";"";"694";"1.2";"1.05";"0.1";"24.23";"0.76";"0.0";"287.8";"1.05";"3.37";"1.19";"16.55";"14.47";"23.03";"18.26";"20.7";"1.44";"0.74";"0.0";"";"0";"0.0";"0.0";"0.0";"0.0";"0.0";"0.0";"0.0";"0.0";"0.0";"0.0";"0.0";"0.0";"0.0";"0.0";"0.0";"0.0"
"Strategy 1.9.522";"";"0.82";"NDXm_TICK_UTCPlus02";"M15";"1650.44";"";"1619";"1.13";"1.03";"0.07";"41.26";"0.9";"0.0";"293.68";"0.88";"5.62";"1.53";"19.33";"15.1";"30.5";"22.59";"26.29";"14.17";"0.82";"0.0";"";"0";"0.0";"0.0";"0.0";"0.0";"0.0";"0.0";"0.0";"0.0";"0.0";"0.0";"0.0";"0.0";"0.0";"0.0";"0.0";"0.0"
"Strategy 1.9.561";"";"0.73";"NDXm_TICK_UTCPlus02";"M15";"1431.91";"";"1505";"1.13";"0.99";"0.06";"35.8";"0.69";"0.0";"438.14";"0.98";"3.27";"1.21";"17.21";"14.99";"21.2";"17.55";"19.36";"9.61";"0.73";"0.0";"";"0";"0.0";"0.0";"0.0";"0.0";"0.0";"0.0";"0.0";"0.0";"0.0";"0.0";"0.0";"0.0";"0.0";"0.0";"0.0";"0.0"
"Strategy 3.9.310";"";"0.72";"NDXm_TICK_UTCPlus02";"M15";"718.11";"";"757";"1.15";"0.84";"0.06";"17.95";"0.8";"0.0";"245.51";"1.35";"2.92";"0.61";"12.5";"14.66";"11.93";"13.39";"12.55";"2.11";"0.72";"0.0";"";"0";"0.0";"0.0";"0.0";"0.0";"0.0";"0.0";"0.0";"0.0";"0.0";"0.0";"0.0";"0.0";"0.0";"0.0";"0.0";"0.0"
"Strategy 3.9.327";"";"0.65";"NDXm_TICK_UTCPlus02";"M15";"524.08";"";"373";"1.15";"0.58";"0.09";"13.1";"0.71";"0.0";"261.5";"0.65";"2.0";"0.56";"26.75";"15.08";"34.03";"20.23";"25.67";"3.17";"0.65";"0.0";"";"0";"0.0";"0.0";"0.0";"0.0";"0.0";"0.0";"0.0";"0.0";"0.0";"0.0";"0.0";"0.0";"0.0";"0.0";"0.0";"0.0"
"Strategy 3.9.303";"";"0.88";"NDXm_TICK_UTCPlus02";"M15";"1814.74";"";"638";"1.34";"1.53";"0.2";"45.37";"0.92";"0.0";"184.01";"0.69";"9.86";"2.12";"27.59";"14.29";"26.85";"19.33";"22.4";"0.89";"0.88";"0.0";"";"0";"0.0";"0.0";"0.0";"0.0";"0.0";"0.0";"0.0";"0.0";"0.0";"0.0";"0.0";"0.0";"0.0";"0.0";"0.0";"0.0"
"Strategy 3.9.323";"";"0.69";"NDXm_TICK_UTCPlus02";"M15";"811.28";"";"673";"1.16";"0.83";"0.08";"20.29";"0.74";"0.0";"328.79";"0.95";"2.47";"0.6";"18.26";"14.91";"20.76";"17.18";"18.92";"2.94";"0.69";"0.0";"";"0";"0.0";"0.0";"0.0";"0.0";"0.0";"0.0";"0.0";"0.0";"0.0";"0.0";"0.0";"0.0";"0.0";"0.0";"0.0";"0.0"
"Strategy 3.9.304";"";"0.7";"NDXm_TICK_UTCPlus02";"M15";"926.83";"";"1061";"1.11";"0.72";"0.06";"23.17";"0.8";"0.0";"353.45";"0.81";"2.62";"0.99";"20.45";"14.99";"25.85";"17.7";"21.35";"7.11";"0.7";"0.0";"";"0";"0.0";"0.0";"0.0";"0.0";"0.0";"0.0";"0.0";"0.0";"0.0";"0.0";"0.0";"0.0";"0.0";"0.0";"0.0";"0.0"
"Strategy 3.9.370";"";"0.69";"NDXm_TICK_UTCPlus02";"M15";"481.1";"";"491";"1.12";"0.52";"0.07";"12.03";"0.76";"0.0";"195.37";"0.81";"2.46";"0.81";"20.65";"14.99";"19.23";"12.67";"15.61";"1.61";"0.69";"0.0";"";"0";"0.0";"0.0";"0.0";"0.0";"0.0";"0.0";"0.0";"0.0";"0.0";"0.0";"0.0";"0.0";"0.0";"0.0";"0.0";"0.0"
"Strategy 3.9.358";"";"0.77";"NDXm_TICK_UTCPlus02";"M15";"1018.42";"";"962";"1.14";"0.91";"0.07";"25.46";"0.87";"0.0";"248.05";"0.97";"4.11";"1.46";"17.01";"14.37";"14.47";"11.96";"13.2";"2.44";"0.77";"0.0";"";"0";"0.0";"0.0";"0.0";"0.0";"0.0";"0.0";"0.0";"0.0";"0.0";"0.0";"0.0";"0.0";"0.0";"0.0";"0.0";"0.0"
"Strategy 3.9.349";"";"0.7";"NDXm_TICK_UTCPlus02";"M15";"1086.88";"";"763";"1.16";"0.84";"0.09";"27.17";"0.79";"0.0";"397.9";"0.67";"2.73";"1.14";"26.03";"15.14";"38.23";"28.81";"32.6";"4.78";"0.7";"0.0";"";"0";"0.0";"0.0";"0.0";"0.0";"0.0";"0.0";"0.0";"0.0";"0.0";"0.0";"0.0";"0.0";"0.0";"0.0";"0.0";"0.0"
"Strategy 3.9.352";"";"0.85";"NDXm_TICK_UTCPlus02";"M15";"1545.11";"";"849";"1.22";"1.22";"0.12";"38.63";"0.79";"0.0";"207.58";"0.81";"7.44";"1.97";"22.72";"15.19";"36.65";"29.26";"32.58";"5.17";"0.85";"0.0";"";"0";"0.0";"0.0";"0.0";"0.0";"0.0";"0.0";"0.0";"0.0";"0.0";"0.0";"0.0";"0.0";"0.0";"0.0";"0.0";"0.0"
"Strategy 3.9.384";"";"0.84";"NDXm_TICK_UTCPlus02";"M15";"1272.22";"";"917";"1.24";"1.39";"0.09";"31.81";"0.84";"0.0";"193.47";"1.61";"6.58";"2.02";"11.69";"15.14";"14.89";"16.49";"15.5";"3.56";"0.84";"0.0";"";"0";"0.0";"0.0";"0.0";"0.0";"0.0";"0.0";"0.0";"0.0";"0.0";"0.0";"0.0";"0.0";"0.0";"0.0";"0.0";"0.0"
"Strategy 3.9.311";"";"0.82";"NDXm_TICK_UTCPlus02";"M15";"2751.28";"";"2491";"1.12";"1.18";"0.08";"68.78";"0.79";"0.0";"461.28";"0.64";"5.96";"1.26";"25.74";"14.66";"21.13";"14.27";"16.95";"13.33";"0.82";"0.0";"";"0";"0.0";"0.0";"0.0";"0.0";"0.0";"0.0";"0.0";"0.0";"0.0";"0.0";"0.0";"0.0";"0.0";"0.0";"0.0";"0.0"
"Strategy 3.9.329";"";"0.84";"NDXm_TICK_UTCPlus02";"M15";"2521.3";"";"1962";"1.14";"1.2";"0.09";"63.04";"0.83";"0.0";"371.59";"0.62";"6.79";"1.23";"27.37";"14.96";"30.68";"18.11";"22.94";"14.33";"0.84";"0.0";"";"0";"0.0";"0.0";"0.0";"0.0";"0.0";"0.0";"0.0";"0.0";"0.0";"0.0";"0.0";"0.0";"0.0";"0.0";"0.0";"0.0"
"Strategy 3.9.338";"";"0.79";"NDXm_TICK_UTCPlus02";"M15";"1489.57";"";"1521";"1.11";"0.91";"0.07";"37.24";"0.84";"0.0";"328.0";"0.67";"4.54";"1.05";"24.44";"14.77";"31.26";"21.35";"25.33";"8.78";"0.79";"0.0";"";"0";"0.0";"0.0";"0.0";"0.0";"0.0";"0.0";"0.0";"0.0";"0.0";"0.0";"0.0";"0.0";"0.0";"0.0";"0.0";"0.0"
"Strategy 3.9.403";"";"0.82";"NDXm_TICK_UTCPlus02";"M15";"1047.76";"";"638";"1.26";"1.23";"0.11";"26.2";"0.83";"0.0";"176.34";"1.37";"5.94";"2.33";"13.79";"15.02";"16.69";"14.47";"15.76";"2.22";"0.82";"0.0";"";"0";"0.0";"0.0";"0.0";"0.0";"0.0";"0.0";"0.0";"0.0";"0.0";"0.0";"0.0";"0.0";"0.0";"0.0";"0.0";"0.0"
"Strategy 3.9.409";"";"0.72";"NDXm_TICK_UTCPlus02";"M15";"889.24";"";"785";"1.13";"0.73";"0.08";"22.23";"0.71";"0.0";"292.95";"0.66";"3.04";"1.14";"24.65";"14.3";"19.51";"11.71";"14.8";"3.0";"0.72";"0.0";"";"0";"0.0";"0.0";"0.0";"0.0";"0.0";"0.0";"0.0";"0.0";"0.0";"0.0";"0.0";"0.0";"0.0";"0.0";"0.0";"0.0"
"Strategy 3.9.391";"";"0.85";"NDXm_TICK_UTCPlus02";"M15";"1886.15";"";"1998";"1.14";"1.31";"0.06";"47.15";"0.89";"0.0";"265.3";"1.26";"7.11";"1.34";"13.56";"14.99";"19.5";"18.16";"18.91";"11.72";"0.85";"0.0";"";"0";"0.0";"0.0";"0.0";"0.0";"0.0";"0.0";"0.0";"0.0";"0.0";"0.0";"0.0";"0.0";"0.0";"0.0";"0.0";"0.0"
"Strategy 3.9.410";"";"0.72";"NDXm_TICK_UTCPlus02";"M15";"1371.13";"";"1327";"1.12";"0.91";"0.07";"34.28";"0.82";"0.0";"457.17";"0.73";"3.0";"0.99";"23.12";"15.05";"28.61";"19.72";"23.47";"6.89";"0.72";"0.0";"";"0";"0.0";"0.0";"0.0";"0.0";"0.0";"0.0";"0.0";"0.0";"0.0";"0.0";"0.0";"0.0";"0.0";"0.0";"0.0";"0.0"
"Strategy 3.9.449";"";"0.71";"NDXm_TICK_UTCPlus02";"M15";"910.1";"";"730";"1.17";"0.94";"0.08";"22.75";"0.79";"0.0";"314.44";"1.06";"2.89";"1.01";"16.41";"14.86";"16.01";"15.51";"15.77";"3.17";"0.71";"0.0";"";"0";"0.0";"0.0";"0.0";"0.0";"0.0";"0.0";"0.0";"0.0";"0.0";"0.0";"0.0";"0.0";"0.0";"0.0";"0.0";"0.0"
"Strategy 3.9.427";"";"0.67";"NDXm_TICK_UTCPlus02";"M15";"1052.3";"";"852";"1.14";"0.83";"0.08";"26.31";"0.69";"0.0";"459.85";"0.74";"2.29";"1.01";"23.41";"15.15";"32.03";"24.73";"27.83";"6.06";"0.67";"0.0";"";"0";"0.0";"0.0";"0.0";"0.0";"0.0";"0.0";"0.0";"0.0";"0.0";"0.0";"0.0";"0.0";"0.0";"0.0";"0.0";"0.0"
"Strategy 3.9.429";"";"0.85";"NDXm_TICK_UTCPlus02";"M15";"1801.25";"";"1388";"1.17";"1.29";"0.09";"45.03";"0.76";"0.0";"239.41";"0.94";"7.52";"1.72";"18.61";"14.9";"18.31";"14.56";"16.37";"7.22";"0.85";"0.0";"";"0";"0.0";"0.0";"0.0";"0.0";"0.0";"0.0";"0.0";"0.0";"0.0";"0.0";"0.0";"0.0";"0.0";"0.0";"0.0";"0.0"
"Strategy 3.9.438";"";"0.82";"NDXm_TICK_UTCPlus02";"M15";"1792.18";"";"1818";"1.13";"1.11";"0.07";"44.81";"0.83";"0.0";"304.18";"0.9";"5.89";"1.09";"18.5";"14.84";"17.95";"13.19";"15.45";"8.39";"0.82";"0.0";"";"0";"0.0";"0.0";"0.0";"0.0";"0.0";"0.0";"0.0";"0.0";"0.0";"0.0";"0.0";"0.0";"0.0";"0.0";"0.0";"0.0"
"Strategy 3.9.467";"";"0.86";"NDXm_TICK_UTCPlus02";"M15";"1621.81";"";"871";"1.28";"1.58";"0.12";"40.54";"0.91";"0.0";"207.89";"1.27";"7.8";"2.4";"15.18";"15.03";"20.39";"18.6";"19.6";"4.33";"0.86";"0.0";"";"0";"0.0";"0.0";"0.0";"0.0";"0.0";"0.0";"0.0";"0.0";"0.0";"0.0";"0.0";"0.0";"0.0";"0.0";"0.0";"0.0"
"Strategy 3.9.466";"";"0.85";"NDXm_TICK_UTCPlus02";"M15";"1593.82";"";"747";"1.24";"1.28";"0.15";"39.85";"0.8";"0.0";"220.99";"0.64";"7.21";"2.29";"28.23";"14.52";"30.83";"19.45";"23.88";"2.11";"0.85";"0.0";"";"0";"0.0";"0.0";"0.0";"0.0";"0.0";"0.0";"0.0";"0.0";"0.0";"0.0";"0.0";"0.0";"0.0";"0.0";"0.0";"0.0"
"Strategy 3.9.493";"";"0.78";"NDXm_TICK_UTCPlus02";"M15";"1101.24";"";"914";"1.15";"0.9";"0.08";"27.53";"0.82";"0.0";"254.19";"0.82";"4.33";"1.13";"20.75";"14.83";"21.46";"15.91";"18.41";"4.06";"0.78";"0.0";"";"0";"0.0";"0.0";"0.0";"0.0";"0.0";"0.0";"0.0";"0.0";"0.0";"0.0";"0.0";"0.0";"0.0";"0.0";"0.0";"0.0"
"Strategy 3.9.471";"";"0.7";"NDXm_TICK_UTCPlus02";"M15";"1027.86";"";"1112";"1.12";"0.82";"0.06";"25.7";"0.73";"0.0";"380.09";"0.89";"2.7";"0.88";"18.57";"14.86";"31.34";"25.46";"28.23";"3.56";"0.7";"0.0";"";"0";"0.0";"0.0";"0.0";"0.0";"0.0";"0.0";"0.0";"0.0";"0.0";"0.0";"0.0";"0.0";"0.0";"0.0";"0.0";"0.0"
"Strategy 3.9.530";"";"0.72";"NDXm_TICK_UTCPlus02";"M15";"767.65";"";"579";"1.15";"0.71";"0.09";"19.19";"0.83";"0.0";"263.09";"0.66";"2.92";"1.08";"25.83";"14.82";"28.17";"21.47";"24.13";"4.67";"0.72";"0.0";"";"0";"0.0";"0.0";"0.0";"0.0";"0.0";"0.0";"0.0";"0.0";"0.0";"0.0";"0.0";"0.0";"0.0";"0.0";"0.0";"0.0"
"Strategy 3.9.502";"";"0.78";"NDXm_TICK_UTCPlus02";"M15";"1089.4";"";"935";"1.16";"1.04";"0.08";"27.24";"0.6";"0.0";"248.61";"1.05";"4.38";"1.81";"16.3";"14.8";"32.91";"27.05";"30.06";"5.0";"0.78";"0.0";"";"0";"0.0";"0.0";"0.0";"0.0";"0.0";"0.0";"0.0";"0.0";"0.0";"0.0";"0.0";"0.0";"0.0";"0.0";"0.0";"0.0"
"Strategy 3.9.500";"";"0.88";"NDXm_TICK_UTCPlus02";"M15";"2123.72";"";"1038";"1.27";"1.7";"0.14";"53.09";"0.91";"0.0";"219.73";"0.97";"9.67";"3.1";"19.59";"14.97";"22.2";"18.5";"20.32";"4.06";"0.88";"0.0";"";"0";"0.0";"0.0";"0.0";"0.0";"0.0";"0.0";"0.0";"0.0";"0.0";"0.0";"0.0";"0.0";"0.0";"0.0";"0.0";"0.0"
"Strategy 3.9.501";"";"0.88";"NDXm_TICK_UTCPlus02";"M15";"1727.27";"";"873";"1.28";"1.57";"0.13";"43.18";"0.81";"0.0";"186.84";"1.13";"9.24";"2.83";"17.05";"15.12";"23.88";"21.05";"22.55";"5.0";"0.88";"0.0";"";"0";"0.0";"0.0";"0.0";"0.0";"0.0";"0.0";"0.0";"0.0";"0.0";"0.0";"0.0";"0.0";"0.0";"0.0";"0.0";"0.0"
"Strategy 3.9.482";"";"0.78";"NDXm_TICK_UTCPlus02";"M15";"1628.91";"";"1751";"1.11";"1.0";"0.06";"40.72";"0.76";"0.0";"366.78";"0.8";"4.44";"0.98";"20.53";"14.67";"16.91";"11.82";"14.08";"6.56";"0.78";"0.0";"";"0";"0.0";"0.0";"0.0";"0.0";"0.0";"0.0";"0.0";"0.0";"0.0";"0.0";"0.0";"0.0";"0.0";"0.0";"0.0";"0.0"
"Strategy 3.9.492";"";"0.71";"NDXm_TICK_UTCPlus02";"M15";"987.97";"";"1390";"1.11";"0.83";"0.05";"24.7";"0.74";"0.0";"351.26";"1.25";"2.81";"0.8";"13.4";"15.14";"17.44";"16.19";"16.88";"6.22";"0.71";"0.0";"";"0";"0.0";"0.0";"0.0";"0.0";"0.0";"0.0";"0.0";"0.0";"0.0";"0.0";"0.0";"0.0";"0.0";"0.0";"0.0";"0.0"
"Strategy 3.9.478";"";"0.83";"NDXm_TICK_UTCPlus02";"M15";"2273.13";"";"2330";"1.12";"1.11";"0.07";"56.83";"0.78";"0.0";"373.0";"0.69";"6.09";"1.07";"23.09";"14.3";"15.8";"10.11";"12.43";"9.28";"0.83";"0.0";"";"0";"0.0";"0.0";"0.0";"0.0";"0.0";"0.0";"0.0";"0.0";"0.0";"0.0";"0.0";"0.0";"0.0";"0.0";"0.0";"0.0"
"Strategy 3.9.544";"";"0.7";"NDXm_TICK_UTCPlus02";"M15";"1149.71";"";"1121";"1.12";"0.81";"0.07";"28.74";"0.71";"0.0";"442.12";"0.69";"2.6";"1.2";"23.36";"14.41";"20.17";"14.13";"16.6";"1.0";"0.7";"0.0";"";"0";"0.0";"0.0";"0.0";"0.0";"0.0";"0.0";"0.0";"0.0";"0.0";"0.0";"0.0";"0.0";"0.0";"0.0";"0.0";"0.0"
"Strategy 3.9.536";"";"0.74";"NDXm_TICK_UTCPlus02";"M15";"1152.44";"";"1251";"1.11";"0.8";"0.06";"28.81";"0.8";"0.0";"348.28";"0.81";"3.31";"1.08";"20.69";"14.99";"30.41";"18.91";"24.04";"10.78";"0.74";"0.0";"";"0";"0.0";"0.0";"0.0";"0.0";"0.0";"0.0";"0.0";"0.0";"0.0";"0.0";"0.0";"0.0";"0.0";"0.0";"0.0";"0.0"
"Strategy 3.9.496";"";"0.84";"NDXm_TICK_UTCPlus02";"M15";"2598.67";"";"3087";"1.13";"1.44";"0.06";"64.97";"0.79";"0.0";"397.24";"1.33";"6.54";"1.4";"12.67";"14.93";"16.17";"15.38";"15.83";"13.39";"0.84";"0.0";"";"0";"0.0";"0.0";"0.0";"0.0";"0.0";"0.0";"0.0";"0.0";"0.0";"0.0";"0.0";"0.0";"0.0";"0.0";"0.0";"0.0"
"Strategy 3.9.562";"";"0.85";"NDXm_TICK_UTCPlus02";"M15";"1612.73";"";"599";"1.32";"1.36";"0.18";"40.32";"0.79";"0.0";"223.09";"0.72";"7.23";"2.17";"26.9";"14.65";"24.11";"15.92";"19.34";"3.11";"0.85";"0.0";"";"0";"0.0";"0.0";"0.0";"0.0";"0.0";"0.0";"0.0";"0.0";"0.0";"0.0";"0.0";"0.0";"0.0";"0.0";"0.0";"0.0"
"Strategy 3.9.558";"";"0.81";"NDXm_TICK_UTCPlus02";"M15";"1491.68";"";"1257";"1.14";"1.01";"0.08";"37.29";"0.74";"0.0";"280.54";"0.76";"5.32";"1.8";"22.38";"14.83";"21.55";"15.51";"18.11";"7.44";"0.81";"0.0";"";"0";"0.0";"0.0";"0.0";"0.0";"0.0";"0.0";"0.0";"0.0";"0.0";"0.0";"0.0";"0.0";"0.0";"0.0";"0.0";"0.0"
"Strategy 3.9.573";"";"0.8";"NDXm_TICK_UTCPlus02";"M15";"1753.4";"";"1703";"1.12";"1.01";"0.07";"43.84";"0.83";"0.0";"342.48";"0.71";"5.12";"0.96";"22.88";"14.55";"14.94";"9.97";"12.04";"6.33";"0.8";"0.0";"";"0";"0.0";"0.0";"0.0";"0.0";"0.0";"0.0";"0.0";"0.0";"0.0";"0.0";"0.0";"0.0";"0.0";"0.0";"0.0";"0.0"
"Strategy 3.9.554";"";"0.78";"NDXm_TICK_UTCPlus02";"M15";"1152.24";"";"813";"1.2";"1.12";"0.09";"28.81";"0.8";"0.0";"269.08";"1.12";"4.28";"1.52";"16.2";"15.18";"32.54";"30.25";"31.46";"4.67";"0.78";"0.0";"";"0";"0.0";"0.0";"0.0";"0.0";"0.0";"0.0";"0.0";"0.0";"0.0";"0.0";"0.0";"0.0";"0.0";"0.0";"0.0";"0.0"
"Strategy 3.9.578";"";"0.75";"NDXm_TICK_UTCPlus02";"M15";"1363.68";"";"936";"1.17";"1.01";"0.1";"34.09";"0.74";"0.0";"381.26";"0.68";"3.58";"0.71";"25.31";"14.78";"24.96";"16.08";"19.67";"4.44";"0.75";"0.0";"";"0";"0.0";"0.0";"0.0";"0.0";"0.0";"0.0";"0.0";"0.0";"0.0";"0.0";"0.0";"0.0";"0.0";"0.0";"0.0";"0.0"
"Strategy 2.8.334";"";"0.73";"NDXm_TICK_UTCPlus02";"M15";"829.06";"";"537";"1.24";"1.09";"0.1";"20.73";"0.87";"0.0";"261.18";"1.25";"3.17";"0.79";"14.61";"14.75";"27.86";"27.97";"27.91";"0.5";"0.73";"0.0";"";"0";"0.0";"0.0";"0.0";"0.0";"0.0";"0.0";"0.0";"0.0";"0.0";"0.0";"0.0";"0.0";"0.0";"0.0";"0.0";"0.0"
"Strategy 2.8.323";"";"0.8";"NDXm_TICK_UTCPlus02";"M15";"1030.16";"";"738";"1.21";"1.12";"0.09";"25.75";"0.84";"0.0";"212.47";"1.28";"4.85";"1.53";"14.38";"15.2";"36.36";"35.63";"36.04";"5.22";"0.8";"0.0";"";"0";"0.0";"0.0";"0.0";"0.0";"0.0";"0.0";"0.0";"0.0";"0.0";"0.0";"0.0";"0.0";"0.0";"0.0";"0.0";"0.0"
"Strategy 2.8.358";"";"0.77";"NDXm_TICK_UTCPlus02";"M15";"1134.22";"";"723";"1.17";"0.88";"0.11";"28.36";"0.78";"0.0";"278.55";"0.63";"4.07";"1.3";"27.81";"14.92";"31.35";"23.73";"26.67";"4.22";"0.77";"0.0";"";"0";"0.0";"0.0";"0.0";"0.0";"0.0";"0.0";"0.0";"0.0";"0.0";"0.0";"0.0";"0.0";"0.0";"0.0";"0.0";"0.0"
"Strategy 2.8.354";"";"0.65";"NDXm_TICK_UTCPlus02";"M15";"802.28";"";"907";"1.11";"0.71";"0.06";"20.06";"0.71";"0.0";"398.21";"0.97";"2.01";"0.56";"17.49";"15.18";"36.09";"33.16";"34.6";"10.5";"0.65";"0.0";"";"0";"0.0";"0.0";"0.0";"0.0";"0.0";"0.0";"0.0";"0.0";"0.0";"0.0";"0.0";"0.0";"0.0";"0.0";"0.0";"0.0"
"Strategy 2.8.362";"";"0.73";"NDXm_TICK_UTCPlus02";"M15";"1168.64";"";"1384";"1.11";"0.85";"0.06";"29.22";"0.67";"0.0";"373.91";"0.95";"3.13";"1.17";"17.41";"14.88";"24.44";"20.35";"22.35";"4.89";"0.73";"0.0";"";"0";"0.0";"0.0";"0.0";"0.0";"0.0";"0.0";"0.0";"0.0";"0.0";"0.0";"0.0";"0.0";"0.0";"0.0";"0.0";"0.0"
"Strategy 2.8.367";"";"0.8";"NDXm_TICK_UTCPlus02";"M15";"2003.43";"";"2021";"1.13";"1.2";"0.07";"50.09";"0.8";"0.0";"406.15";"0.93";"4.93";"1.36";"17.71";"14.59";"12.9";"10.08";"11.44";"6.72";"0.8";"0.0";"";"0";"0.0";"0.0";"0.0";"0.0";"0.0";"0.0";"0.0";"0.0";"0.0";"0.0";"0.0";"0.0";"0.0";"0.0";"0.0";"0.0"
"Strategy 2.8.304";"";"0.86";"NDXm_TICK_UTCPlus02";"M15";"3834.55";"";"3474";"1.13";"1.57";"0.07";"95.87";"0.87";"0.0";"490.03";"0.77";"7.83";"1.56";"21.66";"14.74";"17.66";"12.5";"14.74";"13.94";"0.86";"0.0";"";"0";"0.0";"0.0";"0.0";"0.0";"0.0";"0.0";"0.0";"0.0";"0.0";"0.0";"0.0";"0.0";"0.0";"0.0";"0.0";"0.0"
"Strategy 2.8.377";"";"0.81";"NDXm_TICK_UTCPlus02";"M15";"1882.31";"";"1346";"1.18";"1.26";"0.1";"47.06";"0.57";"0.0";"360.97";"0.83";"5.21";"2.58";"20.44";"14.48";"19.86";"16.24";"17.89";"4.33";"0.81";"0.0";"";"0";"0.0";"0.0";"0.0";"0.0";"0.0";"0.0";"0.0";"0.0";"0.0";"0.0";"0.0";"0.0";"0.0";"0.0";"0.0";"0.0"
"Strategy 2.8.329";"";"0.81";"NDXm_TICK_UTCPlus02";"M15";"2684.83";"";"3197";"1.11";"1.21";"0.06";"67.12";"0.89";"0.0";"511.16";"0.86";"5.25";"1.2";"19.04";"14.75";"14.48";"11.44";"12.84";"11.72";"0.81";"0.0";"";"0";"0.0";"0.0";"0.0";"0.0";"0.0";"0.0";"0.0";"0.0";"0.0";"0.0";"0.0";"0.0";"0.0";"0.0";"0.0";"0.0"
"Strategy 2.8.394";"";"0.71";"NDXm_TICK_UTCPlus02";"M15";"911.06";"";"770";"1.13";"0.72";"0.08";"22.77";"0.63";"0.0";"323.21";"0.68";"2.82";"1.18";"25.02";"14.97";"28.07";"22.41";"24.69";"4.28";"0.71";"0.0";"";"0";"0.0";"0.0";"0.0";"0.0";"0.0";"0.0";"0.0";"0.0";"0.0";"0.0";"0.0";"0.0";"0.0";"0.0";"0.0";"0.0"
"Strategy 2.8.331";"";"0.86";"NDXm_TICK_UTCPlus02";"M15";"3435.41";"";"3938";"1.11";"1.42";"0.06";"85.89";"0.86";"0.0";"436.14";"0.84";"7.88";"1.37";"19.07";"14.48";"13.93";"10.43";"12.03";"13.72";"0.86";"0.0";"";"0";"0.0";"0.0";"0.0";"0.0";"0.0";"0.0";"0.0";"0.0";"0.0";"0.0";"0.0";"0.0";"0.0";"0.0";"0.0";"0.0"
"Strategy 2.8.384";"";"0.81";"NDXm_TICK_UTCPlus02";"M15";"1788.01";"";"1603";"1.16";"1.28";"0.07";"44.7";"0.81";"0.0";"328.96";"1.17";"5.44";"1.02";"14.94";"15.09";"20.57";"19.5";"20.07";"8.56";"0.81";"0.0";"";"0";"0.0";"0.0";"0.0";"0.0";"0.0";"0.0";"0.0";"0.0";"0.0";"0.0";"0.0";"0.0";"0.0";"0.0";"0.0";"0.0"
"Strategy 2.8.420";"";"0.68";"NDXm_TICK_UTCPlus02";"M15";"979.85";"";"707";"1.15";"0.8";"0.09";"24.5";"0.57";"0.0";"403.85";"0.62";"2.43";"1.07";"27.25";"14.59";"26.36";"18.71";"21.64";"1.61";"0.68";"0.0";"";"0";"0.0";"0.0";"0.0";"0.0";"0.0";"0.0";"0.0";"0.0";"0.0";"0.0";"0.0";"0.0";"0.0";"0.0";"0.0";"0.0"
"Strategy 2.8.404";"";"0.77";"NDXm_TICK_UTCPlus02";"M15";"1714.79";"";"1673";"1.13";"1.04";"0.07";"42.87";"0.79";"0.0";"418.09";"0.82";"4.1";"1.1";"20.38";"14.78";"19.59";"14.23";"16.64";"7.56";"0.77";"0.0";"";"0";"0.0";"0.0";"0.0";"0.0";"0.0";"0.0";"0.0";"0.0";"0.0";"0.0";"0.0";"0.0";"0.0";"0.0";"0.0";"0.0"
"Strategy 2.8.401";"";"0.8";"NDXm_TICK_UTCPlus02";"M15";"1945.99";"";"1580";"1.14";"1.19";"0.08";"48.65";"0.71";"0.0";"400.48";"0.73";"4.86";"1.82";"23.2";"14.73";"28.95";"20.01";"23.77";"3.17";"0.8";"0.0";"";"0";"0.0";"0.0";"0.0";"0.0";"0.0";"0.0";"0.0";"0.0";"0.0";"0.0";"0.0";"0.0";"0.0";"0.0";"0.0";"0.0"
"Strategy 2.8.433";"";"0.84";"NDXm_TICK_UTCPlus02";"M15";"1509.92";"";"918";"1.19";"1.11";"0.11";"37.75";"0.9";"0.0";"230.75";"0.68";"6.54";"1.4";"25.43";"14.63";"22.27";"12.66";"16.57";"3.89";"0.84";"0.0";"";"0";"0.0";"0.0";"0.0";"0.0";"0.0";"0.0";"0.0";"0.0";"0.0";"0.0";"0.0";"0.0";"0.0";"0.0";"0.0";"0.0"
"Strategy 2.8.441";"";"0.79";"NDXm_TICK_UTCPlus02";"M15";"773.58";"";"385";"1.25";"0.92";"0.13";"19.34";"0.82";"0.0";"166.81";"0.85";"4.64";"1.52";"22.1";"15.08";"30.47";"24.88";"27.45";"3.67";"0.79";"0.0";"";"0";"0.0";"0.0";"0.0";"0.0";"0.0";"0.0";"0.0";"0.0";"0.0";"0.0";"0.0";"0.0";"0.0";"0.0";"0.0";"0.0"
"Strategy 2.8.415";"";"0.79";"NDXm_TICK_UTCPlus02";"M15";"1399.62";"";"1670";"1.12";"1.01";"0.06";"34.99";"0.85";"0.0";"290.18";"1.1";"4.82";"1.09";"15.11";"14.91";"21.94";"19.08";"20.58";"9.28";"0.79";"0.0";"";"0";"0.0";"0.0";"0.0";"0.0";"0.0";"0.0";"0.0";"0.0";"0.0";"0.0";"0.0";"0.0";"0.0";"0.0";"0.0";"0.0"
"Strategy 2.8.387";"";"0.83";"NDXm_TICK_UTCPlus02";"M15";"3625.84";"";"3852";"1.13";"1.63";"0.06";"90.65";"0.86";"0.0";"602.3";"1.05";"6.02";"1.97";"15.93";"14.83";"15.37";"13.39";"14.4";"15.56";"0.83";"0.0";"";"0";"0.0";"0.0";"0.0";"0.0";"0.0";"0.0";"0.0";"0.0";"0.0";"0.0";"0.0";"0.0";"0.0";"0.0";"0.0";"0.0"
"Strategy 2.8.473";"";"0.76";"NDXm_TICK_UTCPlus02";"M15";"1283.58";"";"846";"1.19";"1.05";"0.1";"32.09";"0.69";"0.0";"329.84";"0.8";"3.89";"1.74";"21.68";"14.62";"19.8";"16.62";"18.03";"2.0";"0.76";"0.0";"";"0";"0.0";"0.0";"0.0";"0.0";"0.0";"0.0";"0.0";"0.0";"0.0";"0.0";"0.0";"0.0";"0.0";"0.0";"0.0";"0.0"
"Strategy 2.8.467";"";"0.8";"NDXm_TICK_UTCPlus02";"M15";"1266.13";"";"708";"1.23";"1.19";"0.12";"31.65";"0.72";"0.0";"258.06";"0.94";"4.91";"1.91";"19.81";"15.14";"39.7";"31.25";"35.35";"9.5";"0.8";"0.0";"";"0";"0.0";"0.0";"0.0";"0.0";"0.0";"0.0";"0.0";"0.0";"0.0";"0.0";"0.0";"0.0";"0.0";"0.0";"0.0";"0.0"
"Strategy 2.8.452";"";"0.84";"NDXm_TICK_UTCPlus02";"M15";"1998.01";"";"1456";"1.15";"1.14";"0.09";"49.95";"0.63";"0.0";"305.35";"0.66";"6.54";"1.93";"25.76";"14.69";"26.12";"20.21";"22.56";"4.11";"0.84";"0.0";"";"0";"0.0";"0.0";"0.0";"0.0";"0.0";"0.0";"0.0";"0.0";"0.0";"0.0";"0.0";"0.0";"0.0";"0.0";"0.0";"0.0"
"Strategy 2.8.480";"";"0.7";"NDXm_TICK_UTCPlus02";"M15";"911.36";"";"664";"1.15";"0.77";"0.1";"22.78";"0.84";"0.0";"339.52";"0.62";"2.68";"0.74";"27.07";"14.44";"33.86";"25.5";"28.69";"6.56";"0.7";"0.0";"";"0";"0.0";"0.0";"0.0";"0.0";"0.0";"0.0";"0.0";"0.0";"0.0";"0.0";"0.0";"0.0";"0.0";"0.0";"0.0";"0.0"
"Strategy 2.8.432";"";"0.84";"NDXm_TICK_UTCPlus02";"M15";"4220.12";"";"2728";"1.17";"1.7";"0.1";"105.5";"0.86";"0.0";"623.19";"0.63";"6.77";"1.55";"27.39";"14.77";"21.99";"13.88";"17.02";"13.44";"0.84";"0.0";"";"0";"0.0";"0.0";"0.0";"0.0";"0.0";"0.0";"0.0";"0.0";"0.0";"0.0";"0.0";"0.0";"0.0";"0.0";"0.0";"0.0"
"Strategy 2.8.491";"";"0.68";"NDXm_TICK_UTCPlus02";"M15";"1010.24";"";"679";"1.17";"0.87";"0.1";"25.26";"0.82";"0.0";"430.13";"0.71";"2.35";"0.74";"24.58";"15.02";"17.54";"11.08";"13.77";"2.78";"0.68";"0.0";"";"0";"0.0";"0.0";"0.0";"0.0";"0.0";"0.0";"0.0";"0.0";"0.0";"0.0";"0.0";"0.0";"0.0";"0.0";"0.0";"0.0"
"Strategy 2.8.476";"";"0.81";"NDXm_TICK_UTCPlus02";"M15";"1380.6";"";"744";"1.22";"1.15";"0.13";"34.52";"0.85";"0.0";"262.14";"0.77";"5.27";"1.44";"23.56";"14.79";"30.39";"24.59";"27.11";"8.61";"0.81";"0.0";"";"0";"0.0";"0.0";"0.0";"0.0";"0.0";"0.0";"0.0";"0.0";"0.0";"0.0";"0.0";"0.0";"0.0";"0.0";"0.0";"0.0"
"Strategy 2.8.468";"";"0.81";"NDXm_TICK_UTCPlus02";"M15";"2224.61";"";"1778";"1.15";"1.23";"0.09";"55.61";"0.91";"0.0";"417.27";"0.72";"5.33";"1.94";"23.28";"14.63";"16.88";"12.71";"14.46";"6.5";"0.81";"0.0";"";"0";"0.0";"0.0";"0.0";"0.0";"0.0";"0.0";"0.0";"0.0";"0.0";"0.0";"0.0";"0.0";"0.0";"0.0";"0.0";"0.0"
"Strategy 2.8.479";"";"0.77";"NDXm_TICK_UTCPlus02";"M15";"1152.36";"";"1200";"1.12";"0.84";"0.06";"28.81";"0.78";"0.0";"284.78";"0.84";"4.05";"0.9";"19.8";"14.92";"25.89";"17.96";"21.59";"6.28";"0.77";"0.0";"";"0";"0.0";"0.0";"0.0";"0.0";"0.0";"0.0";"0.0";"0.0";"0.0";"0.0";"0.0";"0.0";"0.0";"0.0";"0.0";"0.0"
"Strategy 2.8.481";"";"0.71";"NDXm_TICK_UTCPlus02";"M15";"848.17";"";"697";"1.14";"0.76";"0.08";"21.2";"0.86";"0.0";"304.43";"0.76";"2.79";"0.72";"22.86";"15.33";"50.41";"38.96";"43.92";"8.44";"0.71";"0.0";"";"0";"0.0";"0.0";"0.0";"0.0";"0.0";"0.0";"0.0";"0.0";"0.0";"0.0";"0.0";"0.0";"0.0";"0.0";"0.0";"0.0"
"Strategy 2.8.490";"";"0.79";"NDXm_TICK_UTCPlus02";"M15";"1510.03";"";"2012";"1.11";"1.05";"0.05";"37.75";"0.77";"0.0";"329.94";"1.07";"4.58";"1.64";"14.76";"14.21";"8.73";"7.52";"8.15";"0.11";"0.79";"0.0";"";"0";"0.0";"0.0";"0.0";"0.0";"0.0";"0.0";"0.0";"0.0";"0.0";"0.0";"0.0";"0.0";"0.0";"0.0";"0.0";"0.0"
"Strategy 2.8.515";"";"0.82";"NDXm_TICK_UTCPlus02";"M15";"840.11";"";"446";"1.27";"1.13";"0.13";"21.0";"0.86";"0.0";"140.19";"1.08";"5.99";"1.44";"17.1";"14.61";"15.12";"12.27";"13.75";"1.72";"0.82";"0.0";"";"0";"0.0";"0.0";"0.0";"0.0";"0.0";"0.0";"0.0";"0.0";"0.0";"0.0";"0.0";"0.0";"0.0";"0.0";"0.0";"0.0"
"Strategy 2.8.449";"";"0.84";"NDXm_TICK_UTCPlus02";"M15";"3326.59";"";"2867";"1.13";"1.37";"0.08";"83.16";"0.9";"0.0";"481.12";"0.69";"6.91";"1.49";"24.44";"14.87";"21.2";"14.33";"17.13";"15.89";"0.84";"0.0";"";"0";"0.0";"0.0";"0.0";"0.0";"0.0";"0.0";"0.0";"0.0";"0.0";"0.0";"0.0";"0.0";"0.0";"0.0";"0.0";"0.0"
"Strategy 2.8.465";"";"0.81";"NDXm_TICK_UTCPlus02";"M15";"2604.37";"";"2628";"1.11";"1.16";"0.07";"65.11";"0.88";"0.0";"469.76";"0.71";"5.54";"1.5";"23.4";"14.84";"20.15";"13.61";"16.32";"12.72";"0.81";"0.0";"";"0";"0.0";"0.0";"0.0";"0.0";"0.0";"0.0";"0.0";"0.0";"0.0";"0.0";"0.0";"0.0";"0.0";"0.0";"0.0";"0.0"
"Strategy 2.8.517";"";"0.66";"NDXm_TICK_UTCPlus02";"M15";"510.56";"";"434";"1.19";"0.78";"0.09";"12.77";"0.83";"0.0";"238.26";"1.19";"2.14";"0.59";"13.65";"13.7";"16.69";"14.96";"15.91";"0.83";"0.66";"0.0";"";"0";"0.0";"0.0";"0.0";"0.0";"0.0";"0.0";"0.0";"0.0";"0.0";"0.0";"0.0";"0.0";"0.0";"0.0";"0.0";"0.0"
"Strategy 2.8.533";"";"0.71";"NDXm_TICK_UTCPlus02";"M15";"1067.61";"";"925";"1.14";"0.79";"0.08";"26.69";"0.51";"0.0";"368.54";"0.71";"2.9";"1.27";"22.88";"14.27";"18.74";"14.98";"16.54";"3.83";"0.71";"0.0";"";"0";"0.0";"0.0";"0.0";"0.0";"0.0";"0.0";"0.0";"0.0";"0.0";"0.0";"0.0";"0.0";"0.0";"0.0";"0.0";"0.0"
"Strategy 2.8.546";"";"0.73";"NDXm_TICK_UTCPlus02";"M15";"631.99";"";"476";"1.2";"0.88";"0.09";"15.8";"0.78";"0.0";"194.26";"1.36";"3.25";"0.81";"13.62";"15.34";"22.47";"20.25";"21.53";"2.11";"0.73";"0.0";"";"0";"0.0";"0.0";"0.0";"0.0";"0.0";"0.0";"0.0";"0.0";"0.0";"0.0";"0.0";"0.0";"0.0";"0.0";"0.0";"0.0"
"Strategy 2.8.523";"";"0.75";"NDXm_TICK_UTCPlus02";"M15";"1098.66";"";"1138";"1.12";"0.81";"0.06";"27.47";"0.72";"0.0";"311.03";"0.8";"3.53";"1.09";"20.67";"14.87";"30.92";"22.99";"26.52";"7.5";"0.75";"0.0";"";"0";"0.0";"0.0";"0.0";"0.0";"0.0";"0.0";"0.0";"0.0";"0.0";"0.0";"0.0";"0.0";"0.0";"0.0";"0.0";"0.0"
"Strategy 2.8.519";"";"0.83";"NDXm_TICK_UTCPlus02";"M15";"1948.56";"";"1421";"1.17";"1.26";"0.09";"48.71";"0.57";"0.0";"311.81";"0.79";"6.25";"2.58";"21.33";"14.44";"20.75";"16.47";"18.36";"4.5";"0.83";"0.0";"";"0";"0.0";"0.0";"0.0";"0.0";"0.0";"0.0";"0.0";"0.0";"0.0";"0.0";"0.0";"0.0";"0.0";"0.0";"0.0";"0.0"
"Strategy 2.8.528";"";"0.76";"NDXm_TICK_UTCPlus02";"M15";"1598.43";"";"1512";"1.14";"1.11";"0.07";"39.96";"0.72";"0.0";"407.49";"0.97";"3.92";"1.45";"17.23";"14.57";"18.2";"15.75";"16.96";"4.0";"0.76";"0.0";"";"0";"0.0";"0.0";"0.0";"0.0";"0.0";"0.0";"0.0";"0.0";"0.0";"0.0";"0.0";"0.0";"0.0";"0.0";"0.0";"0.0"
"Strategy 2.8.495";"";"0.83";"NDXm_TICK_UTCPlus02";"M15";"2917.87";"";"3130";"1.11";"1.24";"0.06";"72.95";"0.78";"0.0";"455.28";"0.79";"6.41";"1.18";"20.96";"14.94";"20.76";"14.55";"17.3";"15.67";"0.83";"0.0";"";"0";"0.0";"0.0";"0.0";"0.0";"0.0";"0.0";"0.0";"0.0";"0.0";"0.0";"0.0";"0.0";"0.0";"0.0";"0.0";"0.0"
"Strategy 2.8.544";"";"0.71";"NDXm_TICK_UTCPlus02";"M15";"925.55";"";"894";"1.13";"0.8";"0.07";"23.14";"0.65";"0.0";"327.37";"0.87";"2.83";"1.22";"19.12";"14.71";"19.63";"16.68";"18.05";"2.78";"0.71";"0.0";"";"0";"0.0";"0.0";"0.0";"0.0";"0.0";"0.0";"0.0";"0.0";"0.0";"0.0";"0.0";"0.0";"0.0";"0.0";"0.0";"0.0"
"Strategy 2.8.573";"";"0.81";"NDXm_TICK_UTCPlus02";"M15";"985.25";"";"375";"1.31";"1.05";"0.19";"24.63";"0.87";"0.0";"179.82";"0.65";"5.48";"1.32";"28.33";"14.13";"19.49";"11.8";"14.83";"0.72";"0.81";"0.0";"";"0";"0.0";"0.0";"0.0";"0.0";"0.0";"0.0";"0.0";"0.0";"0.0";"0.0";"0.0";"0.0";"0.0";"0.0";"0.0";"0.0"
"Strategy 2.8.524";"";"0.77";"NDXm_TICK_UTCPlus02";"M15";"2338.76";"";"2485";"1.12";"1.22";"0.06";"58.47";"0.85";"0.0";"572.86";"0.87";"4.08";"1.45";"18.93";"14.68";"16.13";"12.07";"13.96";"11.06";"0.77";"0.0";"";"0";"0.0";"0.0";"0.0";"0.0";"0.0";"0.0";"0.0";"0.0";"0.0";"0.0";"0.0";"0.0";"0.0";"0.0";"0.0";"0.0"
"Strategy 2.8.535";"";"0.81";"NDXm_TICK_UTCPlus02";"M15";"2332.42";"";"2376";"1.13";"1.26";"0.06";"58.31";"0.74";"0.0";"427.48";"0.96";"5.46";"1.03";"17.72";"15.1";"19.24";"16.65";"17.92";"12.83";"0.81";"0.0";"";"0";"0.0";"0.0";"0.0";"0.0";"0.0";"0.0";"0.0";"0.0";"0.0";"0.0";"0.0";"0.0";"0.0";"0.0";"0.0";"0.0"
"Strategy 2.8.564";"";"0.68";"NDXm_TICK_UTCPlus02";"M15";"830.24";"";"779";"1.16";"0.89";"0.07";"20.75";"0.68";"0.0";"351.89";"1.24";"2.36";"0.95";"14.05";"15.1";"30.49";"30.17";"30.35";"4.5";"0.68";"0.0";"";"0";"0.0";"0.0";"0.0";"0.0";"0.0";"0.0";"0.0";"0.0";"0.0";"0.0";"0.0";"0.0";"0.0";"0.0";"0.0";"0.0"
"Strategy 4.7.308";"";"0.81";"NDXm_TICK_UTCPlus02";"M15";"1579.43";"";"1288";"1.18";"1.25";"0.09";"39.49";"0.87";"0.0";"294.25";"1.04";"5.37";"1.45";"15.97";"14.17";"10.99";"9.0";"10.02";"2.89";"0.81";"0.0";"";"0";"0.0";"0.0";"0.0";"0.0";"0.0";"0.0";"0.0";"0.0";"0.0";"0.0";"0.0";"0.0";"0.0";"0.0";"0.0";"0.0"
"Strategy 2.8.553";"";"0.78";"NDXm_TICK_UTCPlus02";"M15";"1856.39";"";"1880";"1.12";"0.99";"0.07";"46.42";"0.81";"0.0";"427.9";"0.76";"4.34";"1.07";"22.11";"15.04";"28.27";"21.2";"24.25";"14.61";"0.78";"0.0";"";"0";"0.0";"0.0";"0.0";"0.0";"0.0";"0.0";"0.0";"0.0";"0.0";"0.0";"0.0";"0.0";"0.0";"0.0";"0.0";"0.0"
"Strategy 2.8.568";"";"0.83";"NDXm_TICK_UTCPlus02";"M15";"2275.21";"";"2217";"1.12";"1.17";"0.07";"56.88";"0.86";"0.0";"362.56";"0.8";"6.28";"1.7";"20.9";"14.8";"18.25";"13.17";"15.42";"9.17";"0.83";"0.0";"";"0";"0.0";"0.0";"0.0";"0.0";"0.0";"0.0";"0.0";"0.0";"0.0";"0.0";"0.0";"0.0";"0.0";"0.0";"0.0";"0.0"
"Strategy 2.8.559";"";"0.83";"NDXm_TICK_UTCPlus02";"M15";"2842.96";"";"3543";"1.11";"1.26";"0.06";"71.07";"0.81";"0.0";"453.39";"0.91";"6.27";"1.43";"17.69";"14.57";"12.59";"10.16";"11.32";"12.56";"0.83";"0.0";"";"0";"0.0";"0.0";"0.0";"0.0";"0.0";"0.0";"0.0";"0.0";"0.0";"0.0";"0.0";"0.0";"0.0";"0.0";"0.0";"0.0"
"Strategy 2.8.541";"";"0.86";"NDXm_TICK_UTCPlus02";"M15";"3510.84";"";"3075";"1.14";"1.59";"0.08";"87.77";"0.86";"0.0";"442.9";"0.84";"7.93";"1.37";"20.18";"14.81";"20.21";"14.91";"17.33";"14.94";"0.86";"0.0";"";"0";"0.0";"0.0";"0.0";"0.0";"0.0";"0.0";"0.0";"0.0";"0.0";"0.0";"0.0";"0.0";"0.0";"0.0";"0.0";"0.0"
"Strategy 4.7.345";"";"0.68";"NDXm_TICK_UTCPlus02";"M15";"748.03";"";"740";"1.13";"0.69";"0.07";"18.71";"0.61";"0.0";"307.67";"0.85";"2.43";"0.98";"19.73";"14.99";"21.95";"16.7";"19.12";"5.06";"0.68";"0.0";"";"0";"0.0";"0.0";"0.0";"0.0";"0.0";"0.0";"0.0";"0.0";"0.0";"0.0";"0.0";"0.0";"0.0";"0.0";"0.0";"0.0"
"Strategy 4.7.356";"";"0.69";"NDXm_TICK_UTCPlus02";"M15";"295.8";"";"370";"1.13";"0.51";"0.05";"7.4";"0.81";"0.0";"117.91";"1.45";"2.51";"0.59";"11.59";"14.85";"16.71";"14.86";"15.96";"1.67";"0.69";"0.0";"";"0";"0.0";"0.0";"0.0";"0.0";"0.0";"0.0";"0.0";"0.0";"0.0";"0.0";"0.0";"0.0";"0.0";"0.0";"0.0";"0.0"
"Strategy 4.7.370";"";"0.86";"NDXm_TICK_UTCPlus02";"M15";"1563.83";"";"514";"1.37";"1.47";"0.2";"39.1";"0.9";"0.0";"194.16";"0.84";"8.05";"3.12";"24.72";"15.22";"21.69";"19.17";"20.32";"3.06";"0.86";"0.0";"";"0";"0.0";"0.0";"0.0";"0.0";"0.0";"0.0";"0.0";"0.0";"0.0";"0.0";"0.0";"0.0";"0.0";"0.0";"0.0";"0.0"
"Strategy 4.7.392";"";"0.84";"NDXm_TICK_UTCPlus02";"M15";"762.6";"";"361";"1.28";"1.03";"0.14";"19.07";"0.83";"0.0";"116.21";"1.06";"6.56";"1.59";"18.6";"15.41";"37.35";"21.23";"29.54";"5.72";"0.84";"0.0";"";"0";"0.0";"0.0";"0.0";"0.0";"0.0";"0.0";"0.0";"0.0";"0.0";"0.0";"0.0";"0.0";"0.0";"0.0";"0.0";"0.0"
"Strategy 4.7.320";"";"0.82";"NDXm_TICK_UTCPlus02";"M15";"2583.64";"";"2386";"1.13";"1.27";"0.07";"64.59";"0.87";"0.0";"445.18";"0.78";"5.8";"1.1";"21.83";"15.06";"25.68";"19.38";"22.13";"15.39";"0.82";"0.0";"";"0";"0.0";"0.0";"0.0";"0.0";"0.0";"0.0";"0.0";"0.0";"0.0";"0.0";"0.0";"0.0";"0.0";"0.0";"0.0";"0.0"
"Strategy 4.7.321";"";"0.86";"NDXm_TICK_UTCPlus02";"M15";"4092.2";"";"3631";"1.13";"1.46";"0.08";"102.31";"0.81";"0.0";"512.14";"0.67";"7.99";"1.47";"24.66";"14.68";"17.95";"11.91";"14.34";"15.83";"0.86";"0.0";"";"0";"0.0";"0.0";"0.0";"0.0";"0.0";"0.0";"0.0";"0.0";"0.0";"0.0";"0.0";"0.0";"0.0";"0.0";"0.0";"0.0"
"Strategy 4.7.351";"";"0.86";"NDXm_TICK_UTCPlus02";"M15";"2820.26";"";"3171";"1.11";"1.36";"0.06";"70.5";"0.86";"0.0";"346.08";"0.78";"8.15";"1.88";"19.92";"13.88";"15.9";"12.17";"13.8";"5.72";"0.86";"0.0";"";"0";"0.0";"0.0";"0.0";"0.0";"0.0";"0.0";"0.0";"0.0";"0.0";"0.0";"0.0";"0.0";"0.0";"0.0";"0.0";"0.0"
"Strategy 4.7.401";"";"0.76";"NDXm_TICK_UTCPlus02";"M15";"1352.37";"";"1194";"1.14";"0.95";"0.08";"33.81";"0.83";"0.0";"352.53";"0.83";"3.84";"1.11";"20.59";"14.93";"27.62";"21.68";"24.37";"7.61";"0.76";"0.0";"";"0";"0.0";"0.0";"0.0";"0.0";"0.0";"0.0";"0.0";"0.0";"0.0";"0.0";"0.0";"0.0";"0.0";"0.0";"0.0";"0.0"
"Strategy 4.7.386";"";"0.75";"NDXm_TICK_UTCPlus02";"M15";"1528.86";"";"1466";"1.12";"0.92";"0.07";"38.22";"0.86";"0.0";"427.54";"0.71";"3.58";"0.84";"23.67";"15.04";"30.5";"21.2";"25.07";"9.89";"0.75";"0.0";"";"0";"0.0";"0.0";"0.0";"0.0";"0.0";"0.0";"0.0";"0.0";"0.0";"0.0";"0.0";"0.0";"0.0";"0.0";"0.0";"0.0"
"Strategy 4.7.417";"";"0.75";"NDXm_TICK_UTCPlus02";"M15";"1215.3";"";"1072";"1.14";"0.95";"0.08";"30.38";"0.66";"0.0";"335.11";"0.82";"3.63";"1.38";"20.4";"14.72";"21.94";"16.87";"19.16";"0.56";"0.75";"0.0";"";"0";"0.0";"0.0";"0.0";"0.0";"0.0";"0.0";"0.0";"0.0";"0.0";"0.0";"0.0";"0.0";"0.0";"0.0";"0.0";"0.0"
"Strategy 4.7.429";"";"0.68";"NDXm_TICK_UTCPlus02";"M15";"761.28";"";"749";"1.13";"0.75";"0.07";"19.03";"0.68";"0.0";"328.37";"0.91";"2.32";"0.71";"18.36";"14.78";"22.87";"18.02";"20.33";"2.56";"0.68";"0.0";"";"0";"0.0";"0.0";"0.0";"0.0";"0.0";"0.0";"0.0";"0.0";"0.0";"0.0";"0.0";"0.0";"0.0";"0.0";"0.0";"0.0"
"Strategy 4.7.342";"";"0.78";"NDXm_TICK_UTCPlus02";"M15";"2843.15";"";"2728";"1.13";"1.38";"0.07";"71.07";"0.83";"0.0";"643.96";"0.86";"4.42";"1.45";"19.73";"14.97";"23.11";"18.09";"20.41";"16.5";"0.78";"0.0";"";"0";"0.0";"0.0";"0.0";"0.0";"0.0";"0.0";"0.0";"0.0";"0.0";"0.0";"0.0";"0.0";"0.0";"0.0";"0.0";"0.0"
"Strategy 4.7.419";"";"0.77";"NDXm_TICK_UTCPlus02";"M15";"1168.11";"";"1028";"1.15";"0.99";"0.08";"29.21";"0.77";"0.0";"287.48";"0.96";"4.06";"1.36";"17.85";"14.94";"27.55";"23.73";"25.6";"4.11";"0.77";"0.0";"";"0";"0.0";"0.0";"0.0";"0.0";"0.0";"0.0";"0.0";"0.0";"0.0";"0.0";"0.0";"0.0";"0.0";"0.0";"0.0";"0.0"
"Strategy 4.7.416";"";"0.76";"NDXm_TICK_UTCPlus02";"M15";"1491.05";"";"1607";"1.11";"0.99";"0.06";"37.28";"0.61";"0.0";"400.17";"0.82";"3.73";"1.6";"20.09";"14.86";"20.82";"15.4";"17.85";"3.44";"0.76";"0.0";"";"0";"0.0";"0.0";"0.0";"0.0";"0.0";"0.0";"0.0";"0.0";"0.0";"0.0";"0.0";"0.0";"0.0";"0.0";"0.0";"0.0"
"Strategy 4.7.387";"";"0.76";"NDXm_TICK_UTCPlus02";"M15";"2629.27";"";"2399";"1.13";"1.33";"0.07";"65.73";"0.78";"0.0";"696.63";"0.84";"3.77";"1.87";"20.19";"14.99";"27.67";"20.59";"23.83";"16.0";"0.76";"0.0";"";"0";"0.0";"0.0";"0.0";"0.0";"0.0";"0.0";"0.0";"0.0";"0.0";"0.0";"0.0";"0.0";"0.0";"0.0";"0.0";"0.0"
"Strategy 4.7.463";"";"0.81";"NDXm_TICK_UTCPlus02";"M15";"1021.98";"";"1023";"1.16";"1.02";"0.07";"25.55";"0.83";"0.0";"193.47";"1.38";"5.28";"1.27";"12.56";"14.94";"16.01";"15.72";"15.89";"4.17";"0.81";"0.0";"";"0";"0.0";"0.0";"0.0";"0.0";"0.0";"0.0";"0.0";"0.0";"0.0";"0.0";"0.0";"0.0";"0.0";"0.0";"0.0";"0.0"
"Strategy 4.7.510";"";"0.65";"NDXm_TICK_UTCPlus02";"M15";"425.14";"";"360";"1.16";"0.59";"0.08";"10.63";"0.72";"0.0";"215.54";"0.97";"1.97";"0.64";"17.86";"14.95";"21.31";"19.02";"20.14";"1.78";"0.65";"0.0";"";"0";"0.0";"0.0";"0.0";"0.0";"0.0";"0.0";"0.0";"0.0";"0.0";"0.0";"0.0";"0.0";"0.0";"0.0";"0.0";"0.0"
"Strategy 4.7.482";"";"0.83";"NDXm_TICK_UTCPlus02";"M15";"2452.56";"";"1566";"1.18";"1.49";"0.11";"61.31";"0.8";"0.0";"388.48";"0.63";"6.31";"1.31";"26.47";"14.11";"18.95";"11.21";"14.2";"0.78";"0.83";"0.0";"";"0";"0.0";"0.0";"0.0";"0.0";"0.0";"0.0";"0.0";"0.0";"0.0";"0.0";"0.0";"0.0";"0.0";"0.0";"0.0";"0.0"
"Strategy 4.7.493";"";"0.75";"NDXm_TICK_UTCPlus02";"M15";"1718.68";"";"2029";"1.11";"1.03";"0.06";"42.97";"0.8";"0.0";"469.94";"0.9";"3.66";"0.96";"17.87";"14.53";"10.04";"8.07";"9.0";"5.5";"0.75";"0.0";"";"0";"0.0";"0.0";"0.0";"0.0";"0.0";"0.0";"0.0";"0.0";"0.0";"0.0";"0.0";"0.0";"0.0";"0.0";"0.0";"0.0"
"Strategy 4.7.519";"";"0.87";"NDXm_TICK_UTCPlus02";"M15";"1888.31";"";"841";"1.29";"1.65";"0.15";"47.21";"0.8";"0.0";"212.15";"0.93";"8.9";"1.68";"20.48";"14.69";"26.79";"19.75";"23.14";"0.72";"0.87";"0.0";"";"0";"0.0";"0.0";"0.0";"0.0";"0.0";"0.0";"0.0";"0.0";"0.0";"0.0";"0.0";"0.0";"0.0";"0.0";"0.0";"0.0"
"Strategy 4.7.446";"";"0.74";"NDXm_TICK_UTCPlus02";"M15";"2775.23";"";"2645";"1.12";"1.27";"0.07";"69.38";"0.82";"0.0";"799.01";"0.77";"3.47";"1.74";"21.93";"15.06";"27.05";"20.17";"23.17";"17.78";"0.74";"0.0";"";"0";"0.0";"0.0";"0.0";"0.0";"0.0";"0.0";"0.0";"0.0";"0.0";"0.0";"0.0";"0.0";"0.0";"0.0";"0.0";"0.0"
"Strategy 4.7.523";"";"0.8";"NDXm_TICK_UTCPlus02";"M15";"1766.42";"";"1483";"1.18";"1.33";"0.08";"44.16";"0.84";"0.0";"350.28";"1.3";"5.04";"1.04";"13.87";"15.33";"17.62";"18.07";"17.81";"12.17";"0.8";"0.0";"";"0";"0.0";"0.0";"0.0";"0.0";"0.0";"0.0";"0.0";"0.0";"0.0";"0.0";"0.0";"0.0";"0.0";"0.0";"0.0";"0.0"
"Strategy 4.7.491";"";"0.84";"NDXm_TICK_UTCPlus02";"M15";"2937.88";"";"2512";"1.15";"1.48";"0.08";"73.46";"0.89";"0.0";"448.12";"0.96";"6.56";"3.14";"18.32";"15.24";"14.59";"11.61";"13.07";"14.94";"0.84";"0.0";"";"0";"0.0";"0.0";"0.0";"0.0";"0.0";"0.0";"0.0";"0.0";"0.0";"0.0";"0.0";"0.0";"0.0";"0.0";"0.0";"0.0"
"Strategy 4.7.532";"";"0.75";"NDXm_TICK_UTCPlus02";"M15";"1404.67";"";"1159";"1.15";"1.06";"0.08";"35.12";"0.8";"0.0";"397.91";"0.83";"3.53";"0.96";"20.55";"14.74";"22.96";"17.24";"19.83";"0.44";"0.75";"0.0";"";"0";"0.0";"0.0";"0.0";"0.0";"0.0";"0.0";"0.0";"0.0";"0.0";"0.0";"0.0";"0.0";"0.0";"0.0";"0.0";"0.0"
"Strategy 4.7.485";"";"0.86";"NDXm_TICK_UTCPlus02";"M15";"3384.02";"";"2977";"1.14";"1.48";"0.08";"84.6";"0.85";"0.0";"429.71";"0.8";"7.88";"1.93";"21.08";"14.77";"19.19";"14.47";"16.57";"14.56";"0.86";"0.0";"";"0";"0.0";"0.0";"0.0";"0.0";"0.0";"0.0";"0.0";"0.0";"0.0";"0.0";"0.0";"0.0";"0.0";"0.0";"0.0";"0.0"
"Strategy 4.7.537";"";"0.79";"NDXm_TICK_UTCPlus02";"M15";"1481.91";"";"1243";"1.14";"1.0";"0.08";"37.04";"0.78";"0.0";"320.29";"0.69";"4.63";"1.61";"24.07";"14.62";"23.19";"14.44";"18.02";"5.22";"0.79";"0.0";"";"0";"0.0";"0.0";"0.0";"0.0";"0.0";"0.0";"0.0";"0.0";"0.0";"0.0";"0.0";"0.0";"0.0";"0.0";"0.0";"0.0"
"Strategy 4.7.506";"";"0.77";"NDXm_TICK_UTCPlus02";"M15";"2107.79";"";"1765";"1.13";"1.08";"0.08";"52.69";"0.84";"0.0";"507.34";"0.64";"4.15";"1.31";"26.98";"15.2";"35.52";"23.05";"27.9";"16.06";"0.77";"0.0";"";"0";"0.0";"0.0";"0.0";"0.0";"0.0";"0.0";"0.0";"0.0";"0.0";"0.0";"0.0";"0.0";"0.0";"0.0";"0.0";"0.0"
"Strategy 4.7.504";"";"0.83";"NDXm_TICK_UTCPlus02";"M15";"2780.63";"";"2410";"1.13";"1.33";"0.08";"69.52";"0.83";"0.0";"451.83";"0.74";"6.15";"1.63";"22.87";"14.89";"23.58";"16.96";"19.77";"14.89";"0.83";"0.0";"";"0";"0.0";"0.0";"0.0";"0.0";"0.0";"0.0";"0.0";"0.0";"0.0";"0.0";"0.0";"0.0";"0.0";"0.0";"0.0";"0.0"
"Strategy 4.7.557";"";"0.69";"NDXm_TICK_UTCPlus02";"M15";"835.36";"";"848";"1.11";"0.65";"0.07";"20.88";"0.72";"0.0";"328.2";"0.71";"2.55";"0.65";"23.09";"14.78";"27.0";"17.86";"21.67";"3.89";"0.69";"0.0";"";"0";"0.0";"0.0";"0.0";"0.0";"0.0";"0.0";"0.0";"0.0";"0.0";"0.0";"0.0";"0.0";"0.0";"0.0";"0.0";"0.0"
"Strategy 4.7.479";"";"0.85";"NDXm_TICK_UTCPlus02";"M15";"3839.5";"";"3877";"1.12";"1.46";"0.07";"96.0";"0.77";"0.0";"520.29";"0.74";"7.38";"1.45";"22.2";"14.67";"17.88";"12.01";"14.5";"14.11";"0.85";"0.0";"";"0";"0.0";"0.0";"0.0";"0.0";"0.0";"0.0";"0.0";"0.0";"0.0";"0.0";"0.0";"0.0";"0.0";"0.0";"0.0";"0.0"
"Strategy 4.7.533";"";"0.83";"NDXm_TICK_UTCPlus02";"M15";"2274.39";"";"2269";"1.12";"1.21";"0.07";"56.87";"0.83";"0.0";"351.46";"0.87";"6.47";"1.47";"19.51";"15.05";"23.93";"19.27";"21.43";"14.44";"0.83";"0.0";"";"0";"0.0";"0.0";"0.0";"0.0";"0.0";"0.0";"0.0";"0.0";"0.0";"0.0";"0.0";"0.0";"0.0";"0.0";"0.0";"0.0"
"Strategy 4.7.559";"";"0.71";"NDXm_TICK_UTCPlus02";"M15";"674.13";"";"813";"1.12";"0.71";"0.05";"16.86";"0.77";"0.0";"243.49";"1.22";"2.77";"0.7";"13.92";"15.08";"26.5";"25.34";"25.98";"3.72";"0.71";"0.0";"";"0";"0.0";"0.0";"0.0";"0.0";"0.0";"0.0";"0.0";"0.0";"0.0";"0.0";"0.0";"0.0";"0.0";"0.0";"0.0";"0.0"
"Strategy 4.7.558";"";"0.82";"NDXm_TICK_UTCPlus02";"M15";"1370.35";"";"765";"1.21";"1.15";"0.12";"34.26";"0.92";"0.0";"232.01";"0.82";"5.91";"1.23";"22.63";"15.23";"39.61";"31.18";"34.97";"4.56";"0.82";"0.0";"";"0";"0.0";"0.0";"0.0";"0.0";"0.0";"0.0";"0.0";"0.0";"0.0";"0.0";"0.0";"0.0";"0.0";"0.0";"0.0";"0.0"
"Strategy 4.7.513";"";"0.8";"NDXm_TICK_UTCPlus02";"M15";"2062.28";"";"2182";"1.11";"1.05";"0.06";"51.56";"0.81";"0.0";"421.89";"0.78";"4.89";"1.07";"21.59";"15.16";"32.32";"23.32";"27.26";"19.28";"0.8";"0.0";"";"0";"0.0";"0.0";"0.0";"0.0";"0.0";"0.0";"0.0";"0.0";"0.0";"0.0";"0.0";"0.0";"0.0";"0.0";"0.0";"0.0"
"Strategy 4.7.567";"";"0.67";"NDXm_TICK_UTCPlus02";"M15";"1066.72";"";"1014";"1.13";"0.88";"0.07";"26.67";"0.77";"0.0";"479.02";"0.94";"2.23";"0.92";"18.66";"15.41";"36.41";"24.64";"30.33";"12.28";"0.67";"0.0";"";"0";"0.0";"0.0";"0.0";"0.0";"0.0";"0.0";"0.0";"0.0";"0.0";"0.0";"0.0";"0.0";"0.0";"0.0";"0.0";"0.0"
"Strategy 4.7.572";"";"0.83";"NDXm_TICK_UTCPlus02";"M15";"1733.84";"";"1263";"1.16";"1.12";"0.09";"43.35";"0.71";"0.0";"281.72";"0.74";"6.15";"2.33";"23.5";"15.05";"28.06";"19.92";"23.39";"10.22";"0.83";"0.0";"";"0";"0.0";"0.0";"0.0";"0.0";"0.0";"0.0";"0.0";"0.0";"0.0";"0.0";"0.0";"0.0";"0.0";"0.0";"0.0";"0.0"
"Strategy 4.7.541";"";"0.84";"NDXm_TICK_UTCPlus02";"M15";"2882.92";"";"2567";"1.13";"1.29";"0.08";"72.07";"0.85";"0.0";"412.45";"0.66";"6.99";"1.36";"25.09";"14.81";"25.19";"17.25";"20.42";"15.72";"0.84";"0.0";"";"0";"0.0";"0.0";"0.0";"0.0";"0.0";"0.0";"0.0";"0.0";"0.0";"0.0";"0.0";"0.0";"0.0";"0.0";"0.0";"0.0"
"Strategy 4.7.565";"";"0.81";"NDXm_TICK_UTCPlus02";"M15";"1823.09";"";"1796";"1.12";"1.02";"0.07";"45.58";"0.88";"0.0";"352.01";"0.73";"5.18";"1.94";"23.21";"15.08";"27.96";"18.22";"22.31";"12.83";"0.81";"0.0";"";"0";"0.0";"0.0";"0.0";"0.0";"0.0";"0.0";"0.0";"0.0";"0.0";"0.0";"0.0";"0.0";"0.0";"0.0";"0.0";"0.0"
"Strategy 4.7.576";"";"0.84";"NDXm_TICK_UTCPlus02";"M15";"2548.54";"";"2656";"1.12";"1.24";"0.07";"63.71";"0.85";"0.0";"389.94";"0.85";"6.54";"1.21";"19.23";"14.56";"14.76";"10.61";"12.51";"10.61";"0.84";"0.0";"";"0";"0.0";"0.0";"0.0";"0.0";"0.0";"0.0";"0.0";"0.0";"0.0";"0.0";"0.0";"0.0";"0.0";"0.0";"0.0";"0.0"
"Strategy 1.10.298";"";"0.88";"NDXm_TICK_UTCPlus02";"M15";"1721.85";"";"689";"1.28";"1.31";"0.17";"43.05";"0.84";"0.0";"185.91";"0.68";"9.26";"2.08";"28.25";"14.92";"23.46";"17.91";"20.15";"3.56";"0.88";"0.0";"";"0";"0.0";"0.0";"0.0";"0.0";"0.0";"0.0";"0.0";"0.0";"0.0";"0.0";"0.0";"0.0";"0.0";"0.0";"0.0";"0.0"
"Strategy 1.10.342";"";"0.74";"NDXm_TICK_UTCPlus02";"M15";"622.88";"";"413";"1.17";"0.64";"0.1";"15.57";"0.78";"0.0";"187.84";"0.63";"3.32";"0.87";"27.2";"14.74";"23.46";"15.63";"18.66";"2.06";"0.74";"0.0";"";"0";"0.0";"0.0";"0.0";"0.0";"0.0";"0.0";"0.0";"0.0";"0.0";"0.0";"0.0";"0.0";"0.0";"0.0";"0.0";"0.0"
"Strategy 1.10.305";"";"0.65";"NDXm_TICK_UTCPlus02";"M15";"1508.78";"";"1738";"1.13";"1.07";"0.06";"37.72";"0.63";"0.0";"760.56";"1.1";"1.98";"1.08";"14.8";"14.47";"15.08";"13.37";"14.27";"3.39";"0.65";"0.0";"";"0";"0.0";"0.0";"0.0";"0.0";"0.0";"0.0";"0.0";"0.0";"0.0";"0.0";"0.0";"0.0";"0.0";"0.0";"0.0";"0.0"
"Strategy 1.10.331";"";"0.72";"NDXm_TICK_UTCPlus02";"M15";"986.29";"";"1214";"1.11";"0.81";"0.06";"24.66";"0.73";"0.0";"321.16";"0.93";"3.07";"1.13";"17.04";"14.33";"16.84";"13.59";"15.16";"3.39";"0.72";"0.0";"";"0";"0.0";"0.0";"0.0";"0.0";"0.0";"0.0";"0.0";"0.0";"0.0";"0.0";"0.0";"0.0";"0.0";"0.0";"0.0";"0.0"
"Strategy 1.10.350";"";"0.8";"NDXm_TICK_UTCPlus02";"M15";"1012.68";"";"941";"1.17";"1.07";"0.07";"25.32";"0.83";"0.0";"196.33";"1.32";"5.16";"1.25";"12.92";"14.6";"14.11";"13.37";"13.79";"1.28";"0.8";"0.0";"";"0";"0.0";"0.0";"0.0";"0.0";"0.0";"0.0";"0.0";"0.0";"0.0";"0.0";"0.0";"0.0";"0.0";"0.0";"0.0";"0.0"
"Strategy 1.10.314";"";"0.78";"NDXm_TICK_UTCPlus02";"M15";"1436.64";"";"1475";"1.12";"0.95";"0.06";"35.91";"0.85";"0.0";"329.62";"0.9";"4.36";"1.03";"18.73";"15.02";"30.31";"22.45";"26.18";"11.61";"0.78";"0.0";"";"0";"0.0";"0.0";"0.0";"0.0";"0.0";"0.0";"0.0";"0.0";"0.0";"0.0";"0.0";"0.0";"0.0";"0.0";"0.0";"0.0"
"Strategy 1.10.325";"";"0.78";"NDXm_TICK_UTCPlus02";"M15";"1304.08";"";"1078";"1.19";"1.26";"0.08";"32.6";"0.88";"0.0";"292.07";"1.4";"4.46";"1.63";"12.88";"15.14";"30.65";"30.22";"30.47";"8.22";"0.78";"0.0";"";"0";"0.0";"0.0";"0.0";"0.0";"0.0";"0.0";"0.0";"0.0";"0.0";"0.0";"0.0";"0.0";"0.0";"0.0";"0.0";"0.0"
"Strategy 1.10.340";"";"0.85";"NDXm_TICK_UTCPlus02";"M15";"2491.05";"";"2471";"1.12";"1.21";"0.07";"62.28";"0.79";"0.0";"339.56";"0.64";"7.34";"2.7";"23.83";"13.49";"14.72";"9.6";"11.59";"2.33";"0.85";"0.0";"";"0";"0.0";"0.0";"0.0";"0.0";"0.0";"0.0";"0.0";"0.0";"0.0";"0.0";"0.0";"0.0";"0.0";"0.0";"0.0";"0.0"
"Strategy 1.10.370";"";"0.83";"NDXm_TICK_UTCPlus02";"M15";"2088.03";"";"1641";"1.17";"1.38";"0.09";"52.2";"0.77";"0.0";"343.56";"0.89";"6.08";"2.45";"18.58";"14.21";"16.05";"13.22";"14.56";"1.33";"0.83";"0.0";"";"0";"0.0";"0.0";"0.0";"0.0";"0.0";"0.0";"0.0";"0.0";"0.0";"0.0";"0.0";"0.0";"0.0";"0.0";"0.0";"0.0"
"Strategy 1.10.347";"";"0.86";"NDXm_TICK_UTCPlus02";"M15";"2779.7";"";"2583";"1.12";"1.23";"0.07";"69.49";"0.85";"0.0";"346.92";"0.67";"8.01";"1.5";"24.48";"14.49";"16.83";"11.03";"13.35";"9.28";"0.86";"0.0";"";"0";"0.0";"0.0";"0.0";"0.0";"0.0";"0.0";"0.0";"0.0";"0.0";"0.0";"0.0";"0.0";"0.0";"0.0";"0.0";"0.0"
"Strategy 1.10.395";"";"0.77";"NDXm_TICK_UTCPlus02";"M15";"1306.69";"";"1313";"1.12";"0.91";"0.07";"32.67";"0.88";"0.0";"329.16";"0.67";"3.97";"1.34";"22.41";"13.45";"13.63";"8.86";"10.78";"1.11";"0.77";"0.0";"";"0";"0.0";"0.0";"0.0";"0.0";"0.0";"0.0";"0.0";"0.0";"0.0";"0.0";"0.0";"0.0";"0.0";"0.0";"0.0";"0.0"
"Strategy 1.10.351";"";"0.84";"NDXm_TICK_UTCPlus02";"M15";"2417.63";"";"2514";"1.11";"1.16";"0.07";"60.45";"0.83";"0.0";"367.49";"0.73";"6.58";"1.69";"22.43";"14.61";"15.86";"11.42";"13.28";"9.22";"0.84";"0.0";"";"0";"0.0";"0.0";"0.0";"0.0";"0.0";"0.0";"0.0";"0.0";"0.0";"0.0";"0.0";"0.0";"0.0";"0.0";"0.0";"0.0"
"Strategy 1.10.306";"";"0.84";"NDXm_TICK_UTCPlus02";"M15";"2839.83";"";"2918";"1.11";"1.19";"0.06";"71.0";"0.9";"0.0";"428.75";"0.67";"6.62";"1.28";"24.77";"15.0";"29.29";"19.22";"23.26";"20.11";"0.84";"0.0";"";"0";"0.0";"0.0";"0.0";"0.0";"0.0";"0.0";"0.0";"0.0";"0.0";"0.0";"0.0";"0.0";"0.0";"0.0";"0.0";"0.0"
"Strategy 1.10.377";"";"0.78";"NDXm_TICK_UTCPlus02";"M15";"1335.54";"";"1454";"1.12";"0.92";"0.06";"33.39";"0.83";"0.0";"313.9";"0.93";"4.25";"0.91";"18.13";"15.06";"30.71";"23.33";"26.89";"11.78";"0.78";"0.0";"";"0";"0.0";"0.0";"0.0";"0.0";"0.0";"0.0";"0.0";"0.0";"0.0";"0.0";"0.0";"0.0";"0.0";"0.0";"0.0";"0.0"
"Strategy 1.10.422";"";"0.76";"NDXm_TICK_UTCPlus02";"M15";"944.53";"";"808";"1.14";"0.78";"0.08";"23.61";"0.81";"0.0";"248.51";"0.8";"3.8";"0.96";"21.41";"15.02";"21.87";"19.04";"20.3";"4.33";"0.76";"0.0";"";"0";"0.0";"0.0";"0.0";"0.0";"0.0";"0.0";"0.0";"0.0";"0.0";"0.0";"0.0";"0.0";"0.0";"0.0";"0.0";"0.0"
"Strategy 1.10.386";"";"0.77";"NDXm_TICK_UTCPlus02";"M15";"2021.28";"";"1971";"1.12";"1.06";"0.07";"50.52";"0.83";"0.0";"482.87";"0.72";"4.19";"1.38";"23.29";"15.0";"26.83";"18.39";"21.92";"13.11";"0.77";"0.0";"";"0";"0.0";"0.0";"0.0";"0.0";"0.0";"0.0";"0.0";"0.0";"0.0";"0.0";"0.0";"0.0";"0.0";"0.0";"0.0";"0.0"
"Strategy 1.10.376";"";"0.79";"NDXm_TICK_UTCPlus02";"M15";"1966.71";"";"2105";"1.12";"1.12";"0.06";"49.17";"0.82";"0.0";"428.25";"0.9";"4.59";"1.12";"18.6";"15.05";"26.05";"20.62";"23.2";"14.11";"0.79";"0.0";"";"0";"0.0";"0.0";"0.0";"0.0";"0.0";"0.0";"0.0";"0.0";"0.0";"0.0";"0.0";"0.0";"0.0";"0.0";"0.0";"0.0"
"Strategy 1.10.393";"";"0.8";"NDXm_TICK_UTCPlus02";"M15";"2112.7";"";"2099";"1.14";"1.33";"0.07";"52.82";"0.76";"0.0";"433.7";"1.01";"4.87";"1.86";"16.73";"14.82";"21.04";"18.59";"19.81";"5.67";"0.8";"0.0";"";"0";"0.0";"0.0";"0.0";"0.0";"0.0";"0.0";"0.0";"0.0";"0.0";"0.0";"0.0";"0.0";"0.0";"0.0";"0.0";"0.0"
"Strategy 1.10.436";"";"0.72";"NDXm_TICK_UTCPlus02";"M15";"919.7";"";"1133";"1.11";"0.78";"0.06";"22.99";"0.75";"0.0";"303.15";"1.0";"3.03";"1.01";"16.18";"14.53";"17.72";"13.93";"15.83";"2.72";"0.72";"0.0";"";"0";"0.0";"0.0";"0.0";"0.0";"0.0";"0.0";"0.0";"0.0";"0.0";"0.0";"0.0";"0.0";"0.0";"0.0";"0.0";"0.0"
"Strategy 1.10.372";"";"0.8";"NDXm_TICK_UTCPlus02";"M15";"2261.61";"";"2229";"1.12";"1.14";"0.07";"56.54";"0.83";"0.0";"453.29";"0.68";"4.99";"0.98";"24.01";"14.7";"31.6";"23.43";"26.75";"5.17";"0.8";"0.0";"";"0";"0.0";"0.0";"0.0";"0.0";"0.0";"0.0";"0.0";"0.0";"0.0";"0.0";"0.0";"0.0";"0.0";"0.0";"0.0";"0.0"
"Strategy 1.10.418";"";"0.87";"NDXm_TICK_UTCPlus02";"M15";"3237.07";"";"2349";"1.17";"1.65";"0.1";"80.93";"0.91";"0.0";"366.44";"0.66";"8.83";"2.94";"23.9";"13.54";"15.21";"9.84";"11.98";"2.11";"0.87";"0.0";"";"0";"0.0";"0.0";"0.0";"0.0";"0.0";"0.0";"0.0";"0.0";"0.0";"0.0";"0.0";"0.0";"0.0";"0.0";"0.0";"0.0"
"Strategy 1.10.437";"";"0.76";"NDXm_TICK_UTCPlus02";"M15";"1557.88";"";"1224";"1.16";"1.12";"0.08";"38.94";"0.79";"0.0";"405.89";"0.91";"3.84";"1.76";"19.34";"15.1";"17.94";"13.68";"15.71";"7.78";"0.76";"0.0";"";"0";"0.0";"0.0";"0.0";"0.0";"0.0";"0.0";"0.0";"0.0";"0.0";"0.0";"0.0";"0.0";"0.0";"0.0";"0.0";"0.0"
"Strategy 1.10.439";"";"0.79";"NDXm_TICK_UTCPlus02";"M15";"1620.18";"";"1642";"1.14";"1.14";"0.07";"40.5";"0.82";"0.0";"345.82";"1.02";"4.69";"0.87";"16.37";"14.73";"18.51";"16.19";"17.36";"4.11";"0.79";"0.0";"";"0";"0.0";"0.0";"0.0";"0.0";"0.0";"0.0";"0.0";"0.0";"0.0";"0.0";"0.0";"0.0";"0.0";"0.0";"0.0";"0.0"
"Strategy 1.10.506";"";"0.74";"NDXm_TICK_UTCPlus02";"M15";"808.19";"";"361";"1.28";"1.01";"0.16";"20.21";"0.83";"0.0";"242.25";"0.8";"3.34";"0.76";"23.13";"14.39";"16.69";"15.37";"15.95";"0.94";"0.74";"0.0";"";"0";"0.0";"0.0";"0.0";"0.0";"0.0";"0.0";"0.0";"0.0";"0.0";"0.0";"0.0";"0.0";"0.0";"0.0";"0.0";"0.0"
"Strategy 1.10.486";"";"0.65";"NDXm_TICK_UTCPlus02";"M15";"1045.47";"";"1079";"1.11";"0.73";"0.07";"26.14";"0.71";"0.0";"535.87";"0.7";"1.95";"0.81";"23.14";"14.65";"16.01";"11.48";"13.35";"3.89";"0.65";"0.0";"";"0";"0.0";"0.0";"0.0";"0.0";"0.0";"0.0";"0.0";"0.0";"0.0";"0.0";"0.0";"0.0";"0.0";"0.0";"0.0";"0.0"
"Strategy 1.10.482";"";"0.82";"NDXm_TICK_UTCPlus02";"M15";"1713.04";"";"969";"1.2";"1.21";"0.12";"42.83";"0.77";"0.0";"301.46";"0.65";"5.68";"2.62";"26.52";"14.27";"23.2";"15.35";"18.43";"1.17";"0.82";"0.0";"";"0";"0.0";"0.0";"0.0";"0.0";"0.0";"0.0";"0.0";"0.0";"0.0";"0.0";"0.0";"0.0";"0.0";"0.0";"0.0";"0.0"
"Strategy 1.10.447";"";"0.81";"NDXm_TICK_UTCPlus02";"M15";"3650.94";"";"3521";"1.12";"1.45";"0.07";"91.28";"0.82";"0.0";"656.57";"0.71";"5.56";"1.91";"23.15";"14.61";"19.15";"12.37";"15.18";"14.22";"0.81";"0.0";"";"0";"0.0";"0.0";"0.0";"0.0";"0.0";"0.0";"0.0";"0.0";"0.0";"0.0";"0.0";"0.0";"0.0";"0.0";"0.0";"0.0"
"Strategy 1.10.492";"";"0.81";"NDXm_TICK_UTCPlus02";"M15";"1581.58";"";"1892";"1.11";"1.04";"0.06";"39.54";"0.79";"0.0";"291.12";"1.0";"5.43";"1.34";"16.5";"14.76";"18.36";"15.53";"16.94";"6.89";"0.81";"0.0";"";"0";"0.0";"0.0";"0.0";"0.0";"0.0";"0.0";"0.0";"0.0";"0.0";"0.0";"0.0";"0.0";"0.0";"0.0";"0.0";"0.0"
"Strategy 1.10.534";"";"0.81";"NDXm_TICK_UTCPlus02";"M15";"1168.43";"";"536";"1.26";"1.11";"0.14";"29.21";"0.85";"0.0";"214.75";"0.78";"5.44";"1.34";"24.3";"15.09";"26.79";"21.77";"23.97";"3.61";"0.81";"0.0";"";"0";"0.0";"0.0";"0.0";"0.0";"0.0";"0.0";"0.0";"0.0";"0.0";"0.0";"0.0";"0.0";"0.0";"0.0";"0.0";"0.0"
"Strategy 1.10.521";"";"0.75";"NDXm_TICK_UTCPlus02";"M15";"1693.94";"";"904";"1.23";"1.31";"0.13";"42.35";"0.79";"0.0";"477.06";"0.81";"3.55";"1.66";"22.49";"14.78";"21.16";"16.05";"18.34";"4.72";"0.75";"0.0";"";"0";"0.0";"0.0";"0.0";"0.0";"0.0";"0.0";"0.0";"0.0";"0.0";"0.0";"0.0";"0.0";"0.0";"0.0";"0.0";"0.0"
"Strategy 1.10.528";"";"0.64";"NDXm_TICK_UTCPlus02";"M15";"966.6";"";"1309";"1.11";"0.82";"0.05";"24.17";"0.73";"0.0";"514.13";"1.23";"1.88";"0.86";"13.42";"14.86";"14.46";"12.21";"13.45";"5.22";"0.64";"0.0";"";"0";"0.0";"0.0";"0.0";"0.0";"0.0";"0.0";"0.0";"0.0";"0.0";"0.0";"0.0";"0.0";"0.0";"0.0";"0.0";"0.0"
"Strategy 1.10.490";"";"0.82";"NDXm_TICK_UTCPlus02";"M15";"2781.57";"";"2753";"1.14";"1.46";"0.07";"69.54";"0.85";"0.0";"466.37";"0.98";"5.96";"1.17";"17.11";"14.75";"17.35";"14.2";"15.76";"11.83";"0.82";"0.0";"";"0";"0.0";"0.0";"0.0";"0.0";"0.0";"0.0";"0.0";"0.0";"0.0";"0.0";"0.0";"0.0";"0.0";"0.0";"0.0";"0.0"
"Strategy 1.10.518";"";"0.84";"NDXm_TICK_UTCPlus02";"M15";"2480.82";"";"2586";"1.13";"1.33";"0.07";"62.02";"0.71";"0.0";"362.82";"0.8";"6.84";"3.17";"18.93";"13.45";"11.67";"8.73";"10.04";"0.72";"0.84";"0.0";"";"0";"0.0";"0.0";"0.0";"0.0";"0.0";"0.0";"0.0";"0.0";"0.0";"0.0";"0.0";"0.0";"0.0";"0.0";"0.0";"0.0"
"Strategy 1.10.542";"";"0.78";"NDXm_TICK_UTCPlus02";"M15";"1382.8";"";"672";"1.26";"1.27";"0.14";"34.57";"0.77";"0.0";"311.52";"0.81";"4.44";"2.08";"22.57";"14.58";"30.8";"21.36";"25.59";"1.61";"0.78";"0.0";"";"0";"0.0";"0.0";"0.0";"0.0";"0.0";"0.0";"0.0";"0.0";"0.0";"0.0";"0.0";"0.0";"0.0";"0.0";"0.0";"0.0"
"Strategy 1.10.571";"";"0.71";"NDXm_TICK_UTCPlus02";"M15";"697.96";"";"372";"1.23";"0.84";"0.14";"17.45";"0.61";"0.0";"242.7";"0.68";"2.88";"1.06";"24.48";"13.57";"17.33";"10.1";"13.04";"0.89";"0.71";"0.0";"";"0";"0.0";"0.0";"0.0";"0.0";"0.0";"0.0";"0.0";"0.0";"0.0";"0.0";"0.0";"0.0";"0.0";"0.0";"0.0";"0.0"
"Strategy 1.10.503";"";"0.79";"NDXm_TICK_UTCPlus02";"M15";"1738.74";"";"2061";"1.11";"1.08";"0.06";"43.47";"0.87";"0.0";"373.56";"1.06";"4.65";"1.0";"16.0";"15.23";"26.94";"24.44";"25.72";"15.44";"0.79";"0.0";"";"0";"0.0";"0.0";"0.0";"0.0";"0.0";"0.0";"0.0";"0.0";"0.0";"0.0";"0.0";"0.0";"0.0";"0.0";"0.0";"0.0"
"Strategy 1.10.523";"";"0.87";"NDXm_TICK_UTCPlus02";"M15";"2798.04";"";"1977";"1.16";"1.37";"0.1";"69.95";"0.89";"0.0";"319.08";"0.67";"8.77";"1.56";"25.7";"14.88";"23.43";"15.63";"18.76";"10.11";"0.87";"0.0";"";"0";"0.0";"0.0";"0.0";"0.0";"0.0";"0.0";"0.0";"0.0";"0.0";"0.0";"0.0";"0.0";"0.0";"0.0";"0.0";"0.0"
"Strategy 1.10.556";"";"0.9";"NDXm_TICK_UTCPlus02";"M15";"2960.3";"";"1276";"1.27";"1.78";"0.16";"74.01";"0.83";"0.0";"237.93";"0.68";"12.44";"2.77";"27.33";"14.61";"22.92";"14.98";"18.19";"6.11";"0.9";"0.0";"";"0";"0.0";"0.0";"0.0";"0.0";"0.0";"0.0";"0.0";"0.0";"0.0";"0.0";"0.0";"0.0";"0.0";"0.0";"0.0";"0.0"
"Strategy 1.10.567";"";"0.77";"NDXm_TICK_UTCPlus02";"M15";"820.81";"";"608";"1.17";"0.82";"0.09";"20.52";"0.62";"0.0";"204.34";"0.83";"4.02";"1.57";"20.85";"14.86";"30.42";"26.38";"28.21";"8.17";"0.77";"0.0";"";"0";"0.0";"0.0";"0.0";"0.0";"0.0";"0.0";"0.0";"0.0";"0.0";"0.0";"0.0";"0.0";"0.0";"0.0";"0.0";"0.0"
"Strategy 1.10.564";"";"0.84";"NDXm_TICK_UTCPlus02";"M15";"2169.1";"";"1627";"1.16";"1.24";"0.09";"54.23";"0.82";"0.0";"311.19";"0.67";"6.97";"1.85";"24.64";"14.37";"22.82";"15.64";"18.53";"3.89";"0.84";"0.0";"";"0";"0.0";"0.0";"0.0";"0.0";"0.0";"0.0";"0.0";"0.0";"0.0";"0.0";"0.0";"0.0";"0.0";"0.0";"0.0";"0.0"
"Strategy 1.10.507";"";"0.84";"NDXm_TICK_UTCPlus02";"M15";"3209.17";"";"3164";"1.12";"1.36";"0.07";"80.23";"0.8";"0.0";"463.33";"0.78";"6.93";"1.38";"21.47";"14.99";"24.43";"16.82";"20.16";"18.78";"0.84";"0.0";"";"0";"0.0";"0.0";"0.0";"0.0";"0.0";"0.0";"0.0";"0.0";"0.0";"0.0";"0.0";"0.0";"0.0";"0.0";"0.0";"0.0"
"Strategy 1.10.559";"";"0.85";"NDXm_TICK_UTCPlus02";"M15";"3602.4";"";"2344";"1.18";"1.65";"0.1";"90.06";"0.89";"0.0";"479.69";"0.71";"7.51";"1.84";"24.43";"14.74";"21.07";"13.7";"16.77";"11.11";"0.85";"0.0";"";"0";"0.0";"0.0";"0.0";"0.0";"0.0";"0.0";"0.0";"0.0";"0.0";"0.0";"0.0";"0.0";"0.0";"0.0";"0.0";"0.0"
"Strategy 1.10.575";"";"0.74";"NDXm_TICK_UTCPlus02";"M15";"1264.18";"";"1221";"1.12";"0.85";"0.07";"31.6";"0.71";"0.0";"362.58";"0.75";"3.49";"0.93";"22.5";"15.15";"34.14";"27.13";"30.15";"10.39";"0.74";"0.0";"";"0";"0.0";"0.0";"0.0";"0.0";"0.0";"0.0";"0.0";"0.0";"0.0";"0.0";"0.0";"0.0";"0.0";"0.0";"0.0";"0.0"
"Strategy 2.9.317";"";"0.71";"NDXm_TICK_UTCPlus02";"M15";"744.1";"";"644";"1.13";"0.69";"0.08";"18.6";"0.74";"0.0";"270.72";"0.77";"2.75";"0.63";"22.29";"15.2";"27.94";"23.56";"25.47";"5.06";"0.71";"0.0";"";"0";"0.0";"0.0";"0.0";"0.0";"0.0";"0.0";"0.0";"0.0";"0.0";"0.0";"0.0";"0.0";"0.0";"0.0";"0.0";"0.0"
"Strategy 2.9.323";"";"0.77";"NDXm_TICK_UTCPlus02";"M15";"1225.71";"";"838";"1.16";"0.92";"0.1";"30.65";"0.87";"0.0";"296.7";"0.63";"4.13";"0.77";"26.94";"14.52";"20.95";"12.14";"15.53";"3.39";"0.77";"0.0";"";"0";"0.0";"0.0";"0.0";"0.0";"0.0";"0.0";"0.0";"0.0";"0.0";"0.0";"0.0";"0.0";"0.0";"0.0";"0.0";"0.0"
"Strategy 2.9.298";"";"0.71";"NDXm_TICK_UTCPlus02";"M15";"826.38";"";"739";"1.13";"0.72";"0.07";"20.66";"0.82";"0.0";"298.4";"0.81";"2.77";"0.88";"21.44";"15.28";"45.27";"37.36";"40.89";"6.33";"0.71";"0.0";"";"0";"0.0";"0.0";"0.0";"0.0";"0.0";"0.0";"0.0";"0.0";"0.0";"0.0";"0.0";"0.0";"0.0";"0.0";"0.0";"0.0"
"Strategy 2.9.316";"";"0.7";"NDXm_TICK_UTCPlus02";"M15";"824.67";"";"696";"1.14";"0.74";"0.08";"20.62";"0.85";"0.0";"304.43";"0.76";"2.71";"0.69";"22.86";"15.33";"50.48";"38.96";"43.94";"8.44";"0.7";"0.0";"";"0";"0.0";"0.0";"0.0";"0.0";"0.0";"0.0";"0.0";"0.0";"0.0";"0.0";"0.0";"0.0";"0.0";"0.0";"0.0";"0.0"
"Strategy 2.9.337";"";"0.67";"NDXm_TICK_UTCPlus02";"M15";"710.84";"";"599";"1.14";"0.72";"0.08";"17.77";"0.79";"0.0";"323.04";"0.79";"2.2";"0.56";"21.54";"14.85";"39.77";"30.07";"34.35";"2.89";"0.67";"0.0";"";"0";"0.0";"0.0";"0.0";"0.0";"0.0";"0.0";"0.0";"0.0";"0.0";"0.0";"0.0";"0.0";"0.0";"0.0";"0.0";"0.0"
"Strategy 2.9.328";"";"0.76";"NDXm_TICK_UTCPlus02";"M15";"1265.41";"";"1059";"1.16";"1.02";"0.08";"31.64";"0.82";"0.0";"338.58";"0.97";"3.74";"0.78";"18.08";"15.15";"32.72";"27.53";"30.08";"9.61";"0.76";"0.0";"";"0";"0.0";"0.0";"0.0";"0.0";"0.0";"0.0";"0.0";"0.0";"0.0";"0.0";"0.0";"0.0";"0.0";"0.0";"0.0";"0.0"
"Strategy 2.9.326";"";"0.83";"NDXm_TICK_UTCPlus02";"M15";"1725.43";"";"1399";"1.15";"1.08";"0.08";"43.13";"0.83";"0.0";"278.96";"0.77";"6.19";"1.92";"22.3";"14.91";"24.59";"17.55";"20.6";"10.06";"0.83";"0.0";"";"0";"0.0";"0.0";"0.0";"0.0";"0.0";"0.0";"0.0";"0.0";"0.0";"0.0";"0.0";"0.0";"0.0";"0.0";"0.0";"0.0"
"Strategy 2.9.354";"";"0.68";"NDXm_TICK_UTCPlus02";"M15";"1296.03";"";"1400";"1.11";"0.8";"0.06";"32.4";"0.56";"0.0";"532.75";"0.7";"2.43";"1.21";"23.33";"14.83";"25.88";"19.61";"22.2";"3.56";"0.68";"0.0";"";"0";"0.0";"0.0";"0.0";"0.0";"0.0";"0.0";"0.0";"0.0";"0.0";"0.0";"0.0";"0.0";"0.0";"0.0";"0.0";"0.0"
"Strategy 2.9.338";"";"0.73";"NDXm_TICK_UTCPlus02";"M15";"1933.17";"";"2016";"1.11";"0.97";"0.06";"48.33";"0.76";"0.0";"609.43";"0.66";"3.17";"1.23";"24.85";"14.76";"25.85";"18.48";"21.4";"8.22";"0.73";"0.0";"";"0";"0.0";"0.0";"0.0";"0.0";"0.0";"0.0";"0.0";"0.0";"0.0";"0.0";"0.0";"0.0";"0.0";"0.0";"0.0";"0.0"
"Strategy 2.9.406";"";"0.68";"NDXm_TICK_UTCPlus02";"M15";"998.83";"";"662";"1.17";"0.87";"0.1";"24.97";"0.81";"0.0";"430.13";"0.72";"2.32";"0.75";"24.6";"15.0";"17.34";"10.86";"13.56";"2.78";"0.68";"0.0";"";"0";"0.0";"0.0";"0.0";"0.0";"0.0";"0.0";"0.0";"0.0";"0.0";"0.0";"0.0";"0.0";"0.0";"0.0";"0.0";"0.0"
"Strategy 2.9.347";"";"0.82";"NDXm_TICK_UTCPlus02";"M15";"2681.17";"";"3124";"1.11";"1.29";"0.06";"67.04";"0.8";"0.0";"447.91";"0.93";"5.99";"1.83";"17.37";"14.45";"13.12";"10.43";"11.72";"10.67";"0.82";"0.0";"";"0";"0.0";"0.0";"0.0";"0.0";"0.0";"0.0";"0.0";"0.0";"0.0";"0.0";"0.0";"0.0";"0.0";"0.0";"0.0";"0.0"
"Strategy 2.9.381";"";"0.86";"NDXm_TICK_UTCPlus02";"M15";"2420.77";"";"2049";"1.14";"1.21";"0.08";"60.52";"0.91";"0.0";"289.62";"0.72";"8.36";"1.6";"23.32";"14.67";"16.63";"12.08";"13.98";"8.17";"0.86";"0.0";"";"0";"0.0";"0.0";"0.0";"0.0";"0.0";"0.0";"0.0";"0.0";"0.0";"0.0";"0.0";"0.0";"0.0";"0.0";"0.0";"0.0"
"Strategy 2.9.363";"";"0.79";"NDXm_TICK_UTCPlus02";"M15";"1885.35";"";"1817";"1.12";"1.05";"0.07";"47.14";"0.79";"0.0";"408.46";"0.77";"4.62";"0.88";"22.05";"15.05";"27.36";"20.72";"23.6";"14.0";"0.79";"0.0";"";"0";"0.0";"0.0";"0.0";"0.0";"0.0";"0.0";"0.0";"0.0";"0.0";"0.0";"0.0";"0.0";"0.0";"0.0";"0.0";"0.0"
"Strategy 2.9.411";"";"0.79";"NDXm_TICK_UTCPlus02";"M15";"1269.52";"";"925";"1.17";"1.04";"0.09";"31.74";"0.84";"0.0";"276.8";"0.88";"4.59";"0.86";"19.81";"14.92";"25.05";"18.07";"21.35";"4.56";"0.79";"0.0";"";"0";"0.0";"0.0";"0.0";"0.0";"0.0";"0.0";"0.0";"0.0";"0.0";"0.0";"0.0";"0.0";"0.0";"0.0";"0.0";"0.0"
"Strategy 2.9.387";"";"0.79";"NDXm_TICK_UTCPlus02";"M15";"2119.85";"";"2315";"1.12";"1.14";"0.06";"52.99";"0.84";"0.0";"452.6";"0.87";"4.68";"1.13";"18.88";"14.74";"15.5";"12.2";"13.74";"9.22";"0.79";"0.0";"";"0";"0.0";"0.0";"0.0";"0.0";"0.0";"0.0";"0.0";"0.0";"0.0";"0.0";"0.0";"0.0";"0.0";"0.0";"0.0";"0.0"
"Strategy 2.9.360";"";"0.84";"NDXm_TICK_UTCPlus02";"M15";"3120.78";"";"3009";"1.12";"1.35";"0.07";"78.02";"0.89";"0.0";"470.56";"0.77";"6.63";"2.09";"21.63";"14.84";"19.72";"14.64";"16.85";"14.5";"0.84";"0.0";"";"0";"0.0";"0.0";"0.0";"0.0";"0.0";"0.0";"0.0";"0.0";"0.0";"0.0";"0.0";"0.0";"0.0";"0.0";"0.0";"0.0"
"Strategy 2.9.409";"";"0.89";"NDXm_TICK_UTCPlus02";"M15";"2553.1";"";"2551";"1.16";"1.53";"0.07";"63.83";"0.88";"0.0";"243.27";"1.34";"10.49";"1.8";"12.8";"14.86";"11.59";"12.55";"12.0";"8.11";"0.89";"0.0";"";"0";"0.0";"0.0";"0.0";"0.0";"0.0";"0.0";"0.0";"0.0";"0.0";"0.0";"0.0";"0.0";"0.0";"0.0";"0.0";"0.0"
"Strategy 2.9.376";"";"0.86";"NDXm_TICK_UTCPlus02";"M15";"2892.13";"";"2792";"1.14";"1.53";"0.07";"72.3";"0.86";"0.0";"352.42";"1.02";"8.21";"1.83";"16.8";"14.98";"20.58";"17.44";"19.02";"14.22";"0.86";"0.0";"";"0";"0.0";"0.0";"0.0";"0.0";"0.0";"0.0";"0.0";"0.0";"0.0";"0.0";"0.0";"0.0";"0.0";"0.0";"0.0";"0.0"
"Strategy 2.9.417";"";"0.76";"NDXm_TICK_UTCPlus02";"M15";"1553.98";"";"1427";"1.14";"1.08";"0.07";"38.85";"0.79";"0.0";"408.18";"0.9";"3.81";"1.28";"19.0";"15.08";"27.78";"24.12";"25.86";"10.22";"0.76";"0.0";"";"0";"0.0";"0.0";"0.0";"0.0";"0.0";"0.0";"0.0";"0.0";"0.0";"0.0";"0.0";"0.0";"0.0";"0.0";"0.0";"0.0"
"Strategy 2.9.447";"";"0.75";"NDXm_TICK_UTCPlus02";"M15";"1345.06";"";"1535";"1.11";"0.84";"0.06";"33.62";"0.75";"0.0";"366.44";"0.82";"3.67";"0.71";"20.24";"14.98";"30.23";"22.68";"26.08";"11.61";"0.75";"0.0";"";"0";"0.0";"0.0";"0.0";"0.0";"0.0";"0.0";"0.0";"0.0";"0.0";"0.0";"0.0";"0.0";"0.0";"0.0";"0.0";"0.0"
"Strategy 2.9.470";"";"0.85";"NDXm_TICK_UTCPlus02";"M15";"2147.92";"";"1473";"1.18";"1.36";"0.1";"53.7";"0.64";"0.0";"297.23";"0.8";"7.23";"2.65";"21.37";"14.44";"20.55";"16.48";"18.29";"4.5";"0.85";"0.0";"";"0";"0.0";"0.0";"0.0";"0.0";"0.0";"0.0";"0.0";"0.0";"0.0";"0.0";"0.0";"0.0";"0.0";"0.0";"0.0";"0.0"
"Strategy 2.9.483";"";"0.89";"NDXm_TICK_UTCPlus02";"M15";"2711.64";"";"1872";"1.19";"1.56";"0.1";"67.79";"0.88";"0.0";"248.61";"0.91";"10.91";"1.98";"19.19";"14.67";"15.82";"11.32";"13.46";"7.33";"0.89";"0.0";"";"0";"0.0";"0.0";"0.0";"0.0";"0.0";"0.0";"0.0";"0.0";"0.0";"0.0";"0.0";"0.0";"0.0";"0.0";"0.0";"0.0"
"Strategy 2.9.489";"";"0.8";"NDXm_TICK_UTCPlus02";"M15";"1770.5";"";"2261";"1.11";"1.03";"0.06";"44.26";"0.84";"0.0";"352.3";"0.93";"5.03";"0.96";"16.66";"14.02";"9.17";"7.77";"8.44";"5.17";"0.8";"0.0";"";"0";"0.0";"0.0";"0.0";"0.0";"0.0";"0.0";"0.0";"0.0";"0.0";"0.0";"0.0";"0.0";"0.0";"0.0";"0.0";"0.0"
"Strategy 2.9.460";"";"0.84";"NDXm_TICK_UTCPlus02";"M15";"2833.56";"";"2652";"1.13";"1.32";"0.07";"70.83";"0.81";"0.0";"403.77";"0.76";"7.02";"1.25";"21.86";"14.82";"21.65";"15.14";"17.96";"12.83";"0.84";"0.0";"";"0";"0.0";"0.0";"0.0";"0.0";"0.0";"0.0";"0.0";"0.0";"0.0";"0.0";"0.0";"0.0";"0.0";"0.0";"0.0";"0.0"
"Strategy 2.9.471";"";"0.84";"NDXm_TICK_UTCPlus02";"M15";"3114.21";"";"2757";"1.14";"1.44";"0.08";"77.86";"0.83";"0.0";"470.46";"0.77";"6.62";"1.24";"21.82";"14.7";"16.9";"11.78";"14.0";"10.11";"0.84";"0.0";"";"0";"0.0";"0.0";"0.0";"0.0";"0.0";"0.0";"0.0";"0.0";"0.0";"0.0";"0.0";"0.0";"0.0";"0.0";"0.0";"0.0"
"Strategy 2.9.562";"";"0.74";"NDXm_TICK_UTCPlus02";"M15";"511.47";"";"532";"1.15";"0.72";"0.06";"12.79";"0.8";"0.0";"150.9";"1.29";"3.39";"0.73";"13.37";"15.08";"12.88";"12.64";"12.78";"1.39";"0.74";"0.0";"";"0";"0.0";"0.0";"0.0";"0.0";"0.0";"0.0";"0.0";"0.0";"0.0";"0.0";"0.0";"0.0";"0.0";"0.0";"0.0";"0.0"
"Strategy 2.9.530";"";"0.69";"NDXm_TICK_UTCPlus02";"M15";"867.61";"";"786";"1.12";"0.67";"0.08";"21.69";"0.79";"0.0";"337.48";"0.63";"2.57";"0.52";"26.27";"14.68";"22.31";"12.53";"16.3";"3.78";"0.69";"0.0";"";"0";"0.0";"0.0";"0.0";"0.0";"0.0";"0.0";"0.0";"0.0";"0.0";"0.0";"0.0";"0.0";"0.0";"0.0";"0.0";"0.0"
"Strategy 2.9.561";"";"0.87";"NDXm_TICK_UTCPlus02";"M15";"1936.92";"";"800";"1.36";"1.95";"0.16";"48.42";"0.92";"0.0";"210.76";"1.19";"9.19";"1.99";"16.94";"14.89";"37.69";"33.24";"35.66";"4.17";"0.87";"0.0";"";"0";"0.0";"0.0";"0.0";"0.0";"0.0";"0.0";"0.0";"0.0";"0.0";"0.0";"0.0";"0.0";"0.0";"0.0";"0.0";"0.0"
"Strategy 2.9.537";"";"0.85";"NDXm_TICK_UTCPlus02";"M15";"1712.74";"";"713";"1.28";"1.42";"0.16";"42.82";"0.9";"0.0";"235.11";"0.74";"7.28";"1.74";"25.71";"14.92";"30.9";"21.92";"25.75";"2.33";"0.85";"0.0";"";"0";"0.0";"0.0";"0.0";"0.0";"0.0";"0.0";"0.0";"0.0";"0.0";"0.0";"0.0";"0.0";"0.0";"0.0";"0.0";"0.0"
"Strategy 2.9.542";"";"0.76";"NDXm_TICK_UTCPlus02";"M15";"1143.97";"";"874";"1.18";"1.07";"0.09";"28.6";"0.73";"0.0";"298.66";"1.07";"3.83";"1.61";"16.69";"15.17";"32.5";"30.71";"31.64";"4.78";"0.76";"0.0";"";"0";"0.0";"0.0";"0.0";"0.0";"0.0";"0.0";"0.0";"0.0";"0.0";"0.0";"0.0";"0.0";"0.0";"0.0";"0.0";"0.0"
"Strategy 2.9.564";"";"0.77";"NDXm_TICK_UTCPlus02";"M15";"1397.65";"";"1426";"1.12";"0.93";"0.07";"34.95";"0.86";"0.0";"336.81";"0.83";"4.15";"0.78";"20.0";"14.82";"19.22";"14.41";"16.59";"6.67";"0.77";"0.0";"";"0";"0.0";"0.0";"0.0";"0.0";"0.0";"0.0";"0.0";"0.0";"0.0";"0.0";"0.0";"0.0";"0.0";"0.0";"0.0";"0.0"
"Strategy 2.9.539";"";"0.79";"NDXm_TICK_UTCPlus02";"M15";"2595.73";"";"2735";"1.11";"1.1";"0.06";"64.89";"0.82";"0.0";"556.89";"0.62";"4.66";"1.22";"25.98";"14.65";"23.44";"14.32";"17.82";"12.17";"0.79";"0.0";"";"0";"0.0";"0.0";"0.0";"0.0";"0.0";"0.0";"0.0";"0.0";"0.0";"0.0";"0.0";"0.0";"0.0";"0.0";"0.0";"0.0"
"Strategy 2.9.518";"";"0.8";"NDXm_TICK_UTCPlus02";"M15";"2800.62";"";"3048";"1.11";"1.22";"0.06";"70.01";"0.89";"0.0";"550.72";"0.76";"5.09";"1.43";"21.56";"14.83";"16.91";"12.62";"14.47";"12.39";"0.8";"0.0";"";"0";"0.0";"0.0";"0.0";"0.0";"0.0";"0.0";"0.0";"0.0";"0.0";"0.0";"0.0";"0.0";"0.0";"0.0";"0.0";"0.0"
"Strategy 2.9.535";"";"0.87";"NDXm_TICK_UTCPlus02";"M15";"3450.42";"";"2868";"1.14";"1.43";"0.08";"86.25";"0.9";"0.0";"409.5";"0.69";"8.43";"1.74";"24.4";"14.9";"21.23";"14.63";"17.33";"16.11";"0.87";"0.0";"";"0";"0.0";"0.0";"0.0";"0.0";"0.0";"0.0";"0.0";"0.0";"0.0";"0.0";"0.0";"0.0";"0.0";"0.0";"0.0";"0.0"
"Strategy 2.9.577";"";"0.73";"NDXm_TICK_UTCPlus02";"M15";"991.79";"";"513";"1.24";"1.01";"0.13";"24.79";"0.79";"0.0";"309.05";"0.88";"3.21";"0.78";"21.23";"15.03";"28.83";"22.14";"25.27";"2.89";"0.73";"0.0";"";"0";"0.0";"0.0";"0.0";"0.0";"0.0";"0.0";"0.0";"0.0";"0.0";"0.0";"0.0";"0.0";"0.0";"0.0";"0.0";"0.0"
"Strategy 3.10.310";"";"0.78";"NDXm_TICK_UTCPlus02";"M15";"729.19";"";"982";"1.12";"0.76";"0.05";"18.23";"0.79";"0.0";"172.38";"1.35";"4.23";"1.07";"12.19";"14.77";"13.79";"15.62";"14.57";"2.72";"0.78";"0.0";"";"0";"0.0";"0.0";"0.0";"0.0";"0.0";"0.0";"0.0";"0.0";"0.0";"0.0";"0.0";"0.0";"0.0";"0.0";"0.0";"0.0"
"Strategy 3.10.329";"";"0.83";"NDXm_TICK_UTCPlus02";"M15";"1317.11";"";"671";"1.25";"1.17";"0.14";"32.93";"0.85";"0.0";"207.82";"0.71";"6.34";"2.32";"24.07";"13.67";"12.05";"8.01";"9.69";"1.72";"0.83";"0.0";"";"0";"0.0";"0.0";"0.0";"0.0";"0.0";"0.0";"0.0";"0.0";"0.0";"0.0";"0.0";"0.0";"0.0";"0.0";"0.0";"0.0"
"Strategy 3.10.305";"";"0.75";"NDXm_TICK_UTCPlus02";"M15";"1428.12";"";"1245";"1.13";"0.95";"0.08";"35.7";"0.74";"0.0";"394.27";"0.78";"3.62";"0.72";"22.13";"15.25";"24.03";"15.55";"19.27";"10.56";"0.75";"0.0";"";"0";"0.0";"0.0";"0.0";"0.0";"0.0";"0.0";"0.0";"0.0";"0.0";"0.0";"0.0";"0.0";"0.0";"0.0";"0.0";"0.0"
"Strategy 3.10.343";"";"0.79";"NDXm_TICK_UTCPlus02";"M15";"1795.34";"";"949";"1.21";"1.22";"0.13";"44.88";"0.82";"0.0";"390.39";"0.63";"4.6";"0.93";"28.52";"14.75";"27.87";"16.94";"21.15";"4.61";"0.79";"0.0";"";"0";"0.0";"0.0";"0.0";"0.0";"0.0";"0.0";"0.0";"0.0";"0.0";"0.0";"0.0";"0.0";"0.0";"0.0";"0.0";"0.0"
"Strategy 3.10.363";"";"0.9";"NDXm_TICK_UTCPlus02";"M15";"2531.85";"";"898";"1.31";"1.66";"0.19";"63.3";"0.9";"0.0";"212.09";"0.62";"11.94";"4.09";"30.69";"14.57";"20.87";"13.55";"16.36";"3.56";"0.9";"0.0";"";"0";"0.0";"0.0";"0.0";"0.0";"0.0";"0.0";"0.0";"0.0";"0.0";"0.0";"0.0";"0.0";"0.0";"0.0";"0.0";"0.0"
"Strategy 3.10.364";"";"0.83";"NDXm_TICK_UTCPlus02";"M15";"1101.42";"";"556";"1.24";"1.07";"0.13";"27.54";"0.86";"0.0";"169.97";"0.84";"6.48";"2.03";"22.3";"15.11";"30.41";"21.02";"25.31";"4.06";"0.83";"0.0";"";"0";"0.0";"0.0";"0.0";"0.0";"0.0";"0.0";"0.0";"0.0";"0.0";"0.0";"0.0";"0.0";"0.0";"0.0";"0.0";"0.0"
"Strategy 3.10.376";"";"0.87";"NDXm_TICK_UTCPlus02";"M15";"1644.49";"";"644";"1.29";"1.31";"0.18";"41.11";"0.75";"0.0";"189.29";"0.62";"8.69";"1.8";"29.6";"14.27";"18.83";"11.95";"14.59";"2.44";"0.87";"0.0";"";"0";"0.0";"0.0";"0.0";"0.0";"0.0";"0.0";"0.0";"0.0";"0.0";"0.0";"0.0";"0.0";"0.0";"0.0";"0.0";"0.0"
"Strategy 3.10.336";"";"0.84";"NDXm_TICK_UTCPlus02";"M15";"1461.81";"";"1106";"1.18";"1.22";"0.09";"36.55";"0.91";"0.0";"214.53";"1.05";"6.81";"2.03";"16.98";"15.15";"24.11";"21.43";"22.8";"5.17";"0.84";"0.0";"";"0";"0.0";"0.0";"0.0";"0.0";"0.0";"0.0";"0.0";"0.0";"0.0";"0.0";"0.0";"0.0";"0.0";"0.0";"0.0";"0.0"
"Strategy 3.10.378";"";"0.83";"NDXm_TICK_UTCPlus02";"M15";"1976.29";"";"1212";"1.18";"1.21";"0.11";"49.41";"0.82";"0.0";"305.16";"0.62";"6.48";"1.56";"27.84";"14.51";"19.18";"11.72";"14.56";"3.44";"0.83";"0.0";"";"0";"0.0";"0.0";"0.0";"0.0";"0.0";"0.0";"0.0";"0.0";"0.0";"0.0";"0.0";"0.0";"0.0";"0.0";"0.0";"0.0"
"Strategy 3.10.314";"";"0.77";"NDXm_TICK_UTCPlus02";"M15";"2681.01";"";"2665";"1.11";"1.19";"0.07";"67.03";"0.76";"0.0";"658.93";"0.65";"4.07";"1.54";"25.02";"14.53";"19.79";"11.77";"14.92";"10.44";"0.77";"0.0";"";"0";"0.0";"0.0";"0.0";"0.0";"0.0";"0.0";"0.0";"0.0";"0.0";"0.0";"0.0";"0.0";"0.0";"0.0";"0.0";"0.0"
"Strategy 3.10.397";"";"0.9";"NDXm_TICK_UTCPlus02";"M15";"2727.62";"";"906";"1.36";"1.89";"0.2";"68.19";"0.85";"0.0";"238.62";"0.75";"11.43";"4.42";"26.88";"14.79";"21.91";"15.69";"18.35";"4.28";"0.9";"0.0";"";"0";"0.0";"0.0";"0.0";"0.0";"0.0";"0.0";"0.0";"0.0";"0.0";"0.0";"0.0";"0.0";"0.0";"0.0";"0.0";"0.0"
"Strategy 3.10.359";"";"0.76";"NDXm_TICK_UTCPlus02";"M15";"1832.21";"";"1515";"1.15";"1.14";"0.08";"45.81";"0.87";"0.0";"487.15";"0.83";"3.76";"1.23";"20.68";"15.04";"28.7";"19.79";"23.84";"11.39";"0.76";"0.0";"";"0";"0.0";"0.0";"0.0";"0.0";"0.0";"0.0";"0.0";"0.0";"0.0";"0.0";"0.0";"0.0";"0.0";"0.0";"0.0";"0.0"
"Strategy 3.10.356";"";"0.77";"NDXm_TICK_UTCPlus02";"M15";"2580.83";"";"2594";"1.14";"1.41";"0.07";"64.52";"0.81";"0.0";"647.25";"1.01";"3.99";"2.14";"16.55";"14.71";"14.22";"11.03";"12.63";"10.61";"0.77";"0.0";"";"0";"0.0";"0.0";"0.0";"0.0";"0.0";"0.0";"0.0";"0.0";"0.0";"0.0";"0.0";"0.0";"0.0";"0.0";"0.0";"0.0"
"Strategy 3.10.418";"";"0.75";"NDXm_TICK_UTCPlus02";"M15";"756.56";"";"735";"1.16";"0.84";"0.07";"18.92";"0.81";"0.0";"208.36";"1.27";"3.63";"1.14";"13.68";"15.02";"16.27";"14.41";"15.45";"1.72";"0.75";"0.0";"";"0";"0.0";"0.0";"0.0";"0.0";"0.0";"0.0";"0.0";"0.0";"0.0";"0.0";"0.0";"0.0";"0.0";"0.0";"0.0";"0.0"
"Strategy 3.10.371";"";"0.84";"NDXm_TICK_UTCPlus02";"M15";"2276.03";"";"2493";"1.11";"1.05";"0.06";"56.91";"0.87";"0.0";"350.74";"0.69";"6.49";"1.26";"23.16";"14.34";"14.78";"9.95";"11.91";"8.67";"0.84";"0.0";"";"0";"0.0";"0.0";"0.0";"0.0";"0.0";"0.0";"0.0";"0.0";"0.0";"0.0";"0.0";"0.0";"0.0";"0.0";"0.0";"0.0"
"Strategy 3.10.429";"";"0.69";"NDXm_TICK_UTCPlus02";"M15";"514.22";"";"534";"1.12";"0.58";"0.07";"12.86";"0.83";"0.0";"208.44";"0.85";"2.47";"0.69";"19.13";"14.44";"11.9";"9.47";"10.58";"1.0";"0.69";"0.0";"";"0";"0.0";"0.0";"0.0";"0.0";"0.0";"0.0";"0.0";"0.0";"0.0";"0.0";"0.0";"0.0";"0.0";"0.0";"0.0";"0.0"
"Strategy 3.10.417";"";"0.72";"NDXm_TICK_UTCPlus02";"M15";"1089.73";"";"805";"1.17";"0.97";"0.09";"27.24";"0.79";"0.0";"354.87";"0.81";"3.07";"1.25";"21.23";"14.72";"19.61";"13.32";"16.14";"2.78";"0.72";"0.0";"";"0";"0.0";"0.0";"0.0";"0.0";"0.0";"0.0";"0.0";"0.0";"0.0";"0.0";"0.0";"0.0";"0.0";"0.0";"0.0";"0.0"
"Strategy 3.10.422";"";"0.88";"NDXm_TICK_UTCPlus02";"M15";"2355.31";"";"901";"1.32";"1.76";"0.18";"58.88";"0.88";"0.0";"236.74";"0.81";"9.95";"3.93";"24.12";"14.87";"20.09";"14.67";"17.1";"3.56";"0.88";"0.0";"";"0";"0.0";"0.0";"0.0";"0.0";"0.0";"0.0";"0.0";"0.0";"0.0";"0.0";"0.0";"0.0";"0.0";"0.0";"0.0";"0.0"
"Strategy 3.10.384";"";"0.78";"NDXm_TICK_UTCPlus02";"M15";"1611.43";"";"1623";"1.11";"0.94";"0.07";"40.29";"0.73";"0.0";"377.73";"0.64";"4.27";"1.71";"25.01";"14.48";"27.0";"18.65";"21.92";"4.39";"0.78";"0.0";"";"0";"0.0";"0.0";"0.0";"0.0";"0.0";"0.0";"0.0";"0.0";"0.0";"0.0";"0.0";"0.0";"0.0";"0.0";"0.0";"0.0"
"Strategy 3.10.421";"";"0.76";"NDXm_TICK_UTCPlus02";"M15";"984.09";"";"712";"1.16";"0.87";"0.09";"24.6";"0.76";"0.0";"251.7";"0.72";"3.91";"1.61";"24.22";"15.16";"29.79";"19.78";"23.98";"6.22";"0.76";"0.0";"";"0";"0.0";"0.0";"0.0";"0.0";"0.0";"0.0";"0.0";"0.0";"0.0";"0.0";"0.0";"0.0";"0.0";"0.0";"0.0";"0.0"
"Strategy 3.10.413";"";"0.7";"NDXm_TICK_UTCPlus02";"M15";"1610.77";"";"1758";"1.12";"0.99";"0.07";"40.27";"0.77";"0.0";"593.77";"0.83";"2.71";"1.3";"18.97";"13.99";"14.1";"11.76";"12.82";"8.83";"0.7";"0.0";"";"0";"0.0";"0.0";"0.0";"0.0";"0.0";"0.0";"0.0";"0.0";"0.0";"0.0";"0.0";"0.0";"0.0";"0.0";"0.0";"0.0"
"Strategy 3.10.414";"";"0.77";"NDXm_TICK_UTCPlus02";"M15";"1084.95";"";"1347";"1.12";"0.92";"0.05";"27.12";"0.87";"0.0";"268.1";"1.23";"4.05";"1.29";"13.65";"15.0";"17.63";"16.72";"17.22";"6.89";"0.77";"0.0";"";"0";"0.0";"0.0";"0.0";"0.0";"0.0";"0.0";"0.0";"0.0";"0.0";"0.0";"0.0";"0.0";"0.0";"0.0";"0.0";"0.0"
"Strategy 3.10.441";"";"0.63";"NDXm_TICK_UTCPlus02";"M15";"319.33";"";"406";"1.11";"0.44";"0.05";"7.98";"0.75";"0.0";"175.26";"0.95";"1.82";"0.45";"16.83";"14.48";"26.34";"20.54";"23.37";"1.06";"0.63";"0.0";"";"0";"0.0";"0.0";"0.0";"0.0";"0.0";"0.0";"0.0";"0.0";"0.0";"0.0";"0.0";"0.0";"0.0";"0.0";"0.0";"0.0"
"Strategy 3.10.398";"";"0.78";"NDXm_TICK_UTCPlus02";"M15";"1374.72";"";"1587";"1.12";"1.01";"0.06";"34.37";"0.82";"0.0";"322.19";"1.11";"4.27";"1.2";"15.14";"14.94";"25.91";"21.56";"23.85";"12.22";"0.78";"0.0";"";"0";"0.0";"0.0";"0.0";"0.0";"0.0";"0.0";"0.0";"0.0";"0.0";"0.0";"0.0";"0.0";"0.0";"0.0";"0.0";"0.0"
"Strategy 3.10.401";"";"0.81";"NDXm_TICK_UTCPlus02";"M15";"1817.87";"";"2030";"1.11";"1.05";"0.06";"45.44";"0.84";"0.0";"339.6";"0.87";"5.35";"0.96";"19.03";"14.87";"18.97";"14.9";"16.79";"10.06";"0.81";"0.0";"";"0";"0.0";"0.0";"0.0";"0.0";"0.0";"0.0";"0.0";"0.0";"0.0";"0.0";"0.0";"0.0";"0.0";"0.0";"0.0";"0.0"
"Strategy 3.10.444";"";"0.71";"NDXm_TICK_UTCPlus02";"M15";"952.65";"";"889";"1.18";"1.08";"0.07";"23.82";"0.79";"0.0";"332.16";"1.45";"2.87";"1.16";"12.11";"14.93";"16.65";"17.94";"17.17";"3.67";"0.71";"0.0";"";"0";"0.0";"0.0";"0.0";"0.0";"0.0";"0.0";"0.0";"0.0";"0.0";"0.0";"0.0";"0.0";"0.0";"0.0";"0.0";"0.0"
"Strategy 3.10.383";"";"0.82";"NDXm_TICK_UTCPlus02";"M15";"2277.92";"";"2392";"1.11";"1.14";"0.06";"56.95";"0.87";"0.0";"391.7";"0.76";"5.82";"1.26";"21.52";"14.73";"27.43";"20.77";"23.65";"3.83";"0.82";"0.0";"";"0";"0.0";"0.0";"0.0";"0.0";"0.0";"0.0";"0.0";"0.0";"0.0";"0.0";"0.0";"0.0";"0.0";"0.0";"0.0";"0.0"
"Strategy 3.10.468";"";"0.82";"NDXm_TICK_UTCPlus02";"M15";"1012.93";"";"617";"1.24";"1.21";"0.11";"25.32";"0.89";"0.0";"176.17";"1.19";"5.75";"1.29";"15.52";"14.85";"17.0";"13.49";"15.39";"2.72";"0.82";"0.0";"";"0";"0.0";"0.0";"0.0";"0.0";"0.0";"0.0";"0.0";"0.0";"0.0";"0.0";"0.0";"0.0";"0.0";"0.0";"0.0";"0.0"
"Strategy 3.10.456";"";"0.79";"NDXm_TICK_UTCPlus02";"M15";"1870.64";"";"1789";"1.12";"1.06";"0.07";"46.76";"0.89";"0.0";"397.09";"0.72";"4.71";"1.28";"22.69";"14.51";"15.6";"9.96";"12.32";"6.0";"0.79";"0.0";"";"0";"0.0";"0.0";"0.0";"0.0";"0.0";"0.0";"0.0";"0.0";"0.0";"0.0";"0.0";"0.0";"0.0";"0.0";"0.0";"0.0"
"Strategy 3.10.471";"";"0.85";"NDXm_TICK_UTCPlus02";"M15";"1358.13";"";"1007";"1.2";"1.25";"0.09";"33.95";"0.9";"0.0";"179.85";"1.18";"7.55";"2.06";"15.23";"15.03";"19.58";"18.26";"18.97";"4.44";"0.85";"0.0";"";"0";"0.0";"0.0";"0.0";"0.0";"0.0";"0.0";"0.0";"0.0";"0.0";"0.0";"0.0";"0.0";"0.0";"0.0";"0.0";"0.0"
"Strategy 3.10.503";"";"0.79";"NDXm_TICK_UTCPlus02";"M15";"815.81";"";"519";"1.26";"1.14";"0.11";"20.4";"0.89";"0.0";"171.05";"1.34";"4.77";"1.47";"13.34";"14.17";"12.93";"13.04";"12.97";"0.78";"0.79";"0.0";"";"0";"0.0";"0.0";"0.0";"0.0";"0.0";"0.0";"0.0";"0.0";"0.0";"0.0";"0.0";"0.0";"0.0";"0.0";"0.0";"0.0"
"Strategy 3.10.499";"";"0.67";"NDXm_TICK_UTCPlus02";"M15";"1458.83";"";"1384";"1.12";"0.89";"0.07";"36.47";"0.77";"0.0";"660.92";"0.68";"2.21";"1.13";"24.16";"14.6";"19.92";"13.19";"15.91";"5.44";"0.67";"0.0";"";"0";"0.0";"0.0";"0.0";"0.0";"0.0";"0.0";"0.0";"0.0";"0.0";"0.0";"0.0";"0.0";"0.0";"0.0";"0.0";"0.0"
"Strategy 3.10.525";"";"0.73";"NDXm_TICK_UTCPlus02";"M15";"755.7";"";"773";"1.11";"0.66";"0.07";"18.89";"0.69";"0.0";"241.98";"0.7";"3.12";"0.91";"23.1";"14.57";"24.01";"16.35";"19.51";"2.44";"0.73";"0.0";"";"0";"0.0";"0.0";"0.0";"0.0";"0.0";"0.0";"0.0";"0.0";"0.0";"0.0";"0.0";"0.0";"0.0";"0.0";"0.0";"0.0"
"Strategy 3.10.504";"";"0.75";"NDXm_TICK_UTCPlus02";"M15";"1318.42";"";"1225";"1.14";"1.04";"0.07";"32.96";"0.64";"0.0";"361.06";"1.01";"3.65";"1.66";"17.01";"15.09";"24.37";"18.92";"21.66";"5.61";"0.75";"0.0";"";"0";"0.0";"0.0";"0.0";"0.0";"0.0";"0.0";"0.0";"0.0";"0.0";"0.0";"0.0";"0.0";"0.0";"0.0";"0.0";"0.0"
"Strategy 3.10.548";"";"0.65";"NDXm_TICK_UTCPlus02";"M15";"501.93";"";"456";"1.13";"0.59";"0.07";"12.55";"0.79";"0.0";"251.33";"0.83";"2.0";"0.71";"20.44";"14.97";"24.14";"17.35";"20.44";"3.11";"0.65";"0.0";"";"0";"0.0";"0.0";"0.0";"0.0";"0.0";"0.0";"0.0";"0.0";"0.0";"0.0";"0.0";"0.0";"0.0";"0.0";"0.0";"0.0"
"Strategy 3.10.498";"";"0.76";"NDXm_TICK_UTCPlus02";"M15";"2209.14";"";"1977";"1.13";"1.19";"0.08";"55.23";"0.79";"0.0";"567.35";"0.73";"3.89";"1.97";"22.66";"14.7";"20.51";"14.03";"16.78";"10.0";"0.76";"0.0";"";"0";"0.0";"0.0";"0.0";"0.0";"0.0";"0.0";"0.0";"0.0";"0.0";"0.0";"0.0";"0.0";"0.0";"0.0";"0.0";"0.0"
"Strategy 3.10.568";"";"0.86";"NDXm_TICK_UTCPlus02";"M15";"1481.78";"";"597";"1.28";"1.26";"0.17";"37.04";"0.8";"0.0";"192.24";"0.65";"7.71";"1.95";"28.43";"14.48";"20.33";"13.14";"15.98";"2.67";"0.86";"0.0";"";"0";"0.0";"0.0";"0.0";"0.0";"0.0";"0.0";"0.0";"0.0";"0.0";"0.0";"0.0";"0.0";"0.0";"0.0";"0.0";"0.0"
"Strategy 3.10.539";"";"0.76";"NDXm_TICK_UTCPlus02";"M15";"724.39";"";"761";"1.13";"0.75";"0.06";"18.11";"0.85";"0.0";"193.1";"1.07";"3.75";"1.04";"15.83";"14.94";"31.28";"27.76";"29.58";"2.39";"0.76";"0.0";"";"0";"0.0";"0.0";"0.0";"0.0";"0.0";"0.0";"0.0";"0.0";"0.0";"0.0";"0.0";"0.0";"0.0";"0.0";"0.0";"0.0"
"Strategy 3.10.558";"";"0.68";"NDXm_TICK_UTCPlus02";"M15";"1033.48";"";"855";"1.17";"1.0";"0.08";"25.84";"0.75";"0.0";"425.7";"1.04";"2.43";"1.06";"16.69";"14.9";"25.93";"21.33";"23.68";"6.22";"0.68";"0.0";"";"0";"0.0";"0.0";"0.0";"0.0";"0.0";"0.0";"0.0";"0.0";"0.0";"0.0";"0.0";"0.0";"0.0";"0.0";"0.0";"0.0"
"Strategy 3.10.553";"";"0.82";"NDXm_TICK_UTCPlus02";"M15";"2241.13";"";"1889";"1.14";"1.21";"0.08";"56.03";"0.86";"0.0";"392.08";"0.72";"5.72";"1.15";"23.02";"14.54";"15.48";"10.96";"12.85";"7.11";"0.82";"0.0";"";"0";"0.0";"0.0";"0.0";"0.0";"0.0";"0.0";"0.0";"0.0";"0.0";"0.0";"0.0";"0.0";"0.0";"0.0";"0.0";"0.0"
"Strategy 3.10.531";"";"0.8";"NDXm_TICK_UTCPlus02";"M15";"2208.52";"";"1507";"1.16";"1.25";"0.1";"55.21";"0.63";"0.0";"443.49";"0.63";"4.98";"2.41";"27.56";"14.86";"33.13";"22.46";"26.56";"9.39";"0.8";"0.0";"";"0";"0.0";"0.0";"0.0";"0.0";"0.0";"0.0";"0.0";"0.0";"0.0";"0.0";"0.0";"0.0";"0.0";"0.0";"0.0";"0.0"
"Strategy 4.8.307";"";"0.7";"NDXm_TICK_UTCPlus02";"M15";"935.65";"";"857";"1.15";"0.89";"0.07";"23.39";"0.67";"0.0";"355.3";"1.03";"2.63";"1.16";"16.3";"14.58";"12.39";"10.75";"11.58";"2.11";"0.7";"0.0";"";"0";"0.0";"0.0";"0.0";"0.0";"0.0";"0.0";"0.0";"0.0";"0.0";"0.0";"0.0";"0.0";"0.0";"0.0";"0.0";"0.0"
"Strategy 3.10.561";"";"0.8";"NDXm_TICK_UTCPlus02";"M15";"1882.28";"";"1980";"1.13";"1.21";"0.07";"47.06";"0.86";"0.0";"375.97";"1.01";"5.01";"1.74";"16.3";"14.49";"16.56";"13.27";"14.92";"5.5";"0.8";"0.0";"";"0";"0.0";"0.0";"0.0";"0.0";"0.0";"0.0";"0.0";"0.0";"0.0";"0.0";"0.0";"0.0";"0.0";"0.0";"0.0";"0.0"
"Strategy 4.8.299";"";"0.78";"NDXm_TICK_UTCPlus02";"M15";"1131.29";"";"689";"1.19";"1.0";"0.11";"28.28";"0.88";"0.0";"266.13";"0.81";"4.25";"1.08";"22.58";"15.28";"39.61";"31.64";"35.2";"4.39";"0.78";"0.0";"";"0";"0.0";"0.0";"0.0";"0.0";"0.0";"0.0";"0.0";"0.0";"0.0";"0.0";"0.0";"0.0";"0.0";"0.0";"0.0";"0.0"
"Strategy 3.10.529";"";"0.82";"NDXm_TICK_UTCPlus02";"M15";"3330.72";"";"3202";"1.12";"1.33";"0.07";"83.27";"0.88";"0.0";"590.75";"0.7";"5.64";"1.34";"23.58";"14.65";"19.3";"13.05";"15.61";"14.78";"0.82";"0.0";"";"0";"0.0";"0.0";"0.0";"0.0";"0.0";"0.0";"0.0";"0.0";"0.0";"0.0";"0.0";"0.0";"0.0";"0.0";"0.0";"0.0"
"Strategy 3.10.552";"";"0.83";"NDXm_TICK_UTCPlus02";"M15";"2106.07";"";"2029";"1.12";"1.09";"0.07";"52.66";"0.82";"0.0";"349.09";"0.73";"6.03";"1.05";"22.99";"15.02";"25.99";"17.67";"21.18";"14.22";"0.83";"0.0";"";"0";"0.0";"0.0";"0.0";"0.0";"0.0";"0.0";"0.0";"0.0";"0.0";"0.0";"0.0";"0.0";"0.0";"0.0";"0.0";"0.0"
"Strategy 3.10.564";"";"0.8";"NDXm_TICK_UTCPlus02";"M15";"1787.89";"";"2031";"1.11";"1.03";"0.06";"44.7";"0.82";"0.0";"370.3";"0.89";"4.83";"0.96";"18.63";"14.97";"22.55";"17.2";"19.72";"12.44";"0.8";"0.0";"";"0";"0.0";"0.0";"0.0";"0.0";"0.0";"0.0";"0.0";"0.0";"0.0";"0.0";"0.0";"0.0";"0.0";"0.0";"0.0";"0.0"
"Strategy 3.10.573";"";"0.83";"NDXm_TICK_UTCPlus02";"M15";"3342.79";"";"2873";"1.14";"1.47";"0.08";"83.57";"0.82";"0.0";"546.62";"0.71";"6.12";"2.04";"22.89";"14.15";"15.81";"10.56";"12.73";"10.89";"0.83";"0.0";"";"0";"0.0";"0.0";"0.0";"0.0";"0.0";"0.0";"0.0";"0.0";"0.0";"0.0";"0.0";"0.0";"0.0";"0.0";"0.0";"0.0"
"Strategy 4.8.327";"";"0.74";"NDXm_TICK_UTCPlus02";"M15";"1197.12";"";"1282";"1.11";"0.79";"0.06";"29.93";"0.81";"0.0";"346.86";"0.67";"3.45";"1.17";"24.33";"14.72";"23.11";"15.29";"18.43";"5.39";"0.74";"0.0";"";"0";"0.0";"0.0";"0.0";"0.0";"0.0";"0.0";"0.0";"0.0";"0.0";"0.0";"0.0";"0.0";"0.0";"0.0";"0.0";"0.0"
"Strategy 4.8.340";"";"0.79";"NDXm_TICK_UTCPlus02";"M15";"1247.86";"";"745";"1.2";"1.06";"0.11";"31.2";"0.89";"0.0";"260.9";"0.81";"4.78";"1.0";"22.61";"15.25";"39.42";"31.36";"34.97";"4.44";"0.79";"0.0";"";"0";"0.0";"0.0";"0.0";"0.0";"0.0";"0.0";"0.0";"0.0";"0.0";"0.0";"0.0";"0.0";"0.0";"0.0";"0.0";"0.0"
"Strategy 4.8.318";"";"0.8";"NDXm_TICK_UTCPlus02";"M15";"1809.42";"";"2402";"1.11";"1.04";"0.05";"45.24";"0.81";"0.0";"373.58";"1.21";"4.84";"0.97";"14.03";"15.25";"15.02";"15.02";"15.02";"15.5";"0.8";"0.0";"";"0";"0.0";"0.0";"0.0";"0.0";"0.0";"0.0";"0.0";"0.0";"0.0";"0.0";"0.0";"0.0";"0.0";"0.0";"0.0";"0.0"
"Strategy 4.8.334";"";"0.86";"NDXm_TICK_UTCPlus02";"M15";"1888.06";"";"1698";"1.18";"1.44";"0.07";"47.2";"0.88";"0.0";"228.97";"1.42";"8.25";"1.68";"12.46";"14.98";"16.95";"17.42";"17.14";"9.17";"0.86";"0.0";"";"0";"0.0";"0.0";"0.0";"0.0";"0.0";"0.0";"0.0";"0.0";"0.0";"0.0";"0.0";"0.0";"0.0";"0.0";"0.0";"0.0"
"Strategy 4.8.354";"";"0.83";"NDXm_TICK_UTCPlus02";"M15";"1878.8";"";"1465";"1.19";"1.43";"0.08";"46.97";"0.84";"0.0";"305.42";"1.32";"6.15";"1.25";"13.85";"15.32";"18.15";"17.95";"18.06";"12.11";"0.83";"0.0";"";"0";"0.0";"0.0";"0.0";"0.0";"0.0";"0.0";"0.0";"0.0";"0.0";"0.0";"0.0";"0.0";"0.0";"0.0";"0.0";"0.0"
"Strategy 4.8.336";"";"0.76";"NDXm_TICK_UTCPlus02";"M15";"2234.31";"";"2228";"1.12";"1.2";"0.07";"55.85";"0.83";"0.0";"585.08";"0.86";"3.82";"1.07";"19.58";"14.94";"22.68";"17.54";"19.91";"13.39";"0.76";"0.0";"";"0";"0.0";"0.0";"0.0";"0.0";"0.0";"0.0";"0.0";"0.0";"0.0";"0.0";"0.0";"0.0";"0.0";"0.0";"0.0";"0.0"
"Strategy 4.8.379";"";"0.68";"NDXm_TICK_UTCPlus02";"M15";"788.56";"";"968";"1.11";"0.7";"0.05";"19.72";"0.6";"0.0";"325.39";"0.95";"2.42";"0.97";"17.33";"14.84";"28.73";"21.44";"24.99";"7.06";"0.68";"0.0";"";"0";"0.0";"0.0";"0.0";"0.0";"0.0";"0.0";"0.0";"0.0";"0.0";"0.0";"0.0";"0.0";"0.0";"0.0";"0.0";"0.0"
"Strategy 4.8.385";"";"0.85";"NDXm_TICK_UTCPlus02";"M15";"2004.4";"";"933";"1.26";"1.52";"0.14";"50.11";"0.93";"0.0";"262.0";"0.79";"7.65";"1.54";"23.63";"14.91";"29.34";"21.64";"25.05";"6.61";"0.85";"0.0";"";"0";"0.0";"0.0";"0.0";"0.0";"0.0";"0.0";"0.0";"0.0";"0.0";"0.0";"0.0";"0.0";"0.0";"0.0";"0.0";"0.0"
"Strategy 4.8.332";"";"0.79";"NDXm_TICK_UTCPlus02";"M15";"2142.4";"";"2261";"1.11";"1.07";"0.06";"53.56";"0.84";"0.0";"445.67";"0.78";"4.81";"1.06";"21.6";"15.14";"32.51";"23.69";"27.55";"20.0";"0.79";"0.0";"";"0";"0.0";"0.0";"0.0";"0.0";"0.0";"0.0";"0.0";"0.0";"0.0";"0.0";"0.0";"0.0";"0.0";"0.0";"0.0";"0.0"
"Strategy 4.8.401";"";"0.74";"NDXm_TICK_UTCPlus02";"M15";"1663.02";"";"1893";"1.12";"1.03";"0.06";"41.58";"0.83";"0.0";"491.02";"0.91";"3.39";"0.79";"17.86";"14.54";"10.08";"7.75";"8.86";"5.39";"0.74";"0.0";"";"0";"0.0";"0.0";"0.0";"0.0";"0.0";"0.0";"0.0";"0.0";"0.0";"0.0";"0.0";"0.0";"0.0";"0.0";"0.0";"0.0"
"Strategy 4.8.358";"";"0.8";"NDXm_TICK_UTCPlus02";"M15";"2160.65";"";"2613";"1.11";"1.09";"0.06";"54.01";"0.88";"0.0";"427.47";"0.91";"5.05";"0.96";"18.14";"14.96";"19.79";"16.85";"18.25";"13.89";"0.8";"0.0";"";"0";"0.0";"0.0";"0.0";"0.0";"0.0";"0.0";"0.0";"0.0";"0.0";"0.0";"0.0";"0.0";"0.0";"0.0";"0.0";"0.0"
"Strategy 4.8.364";"";"0.82";"NDXm_TICK_UTCPlus02";"M15";"2578.17";"";"2294";"1.13";"1.29";"0.07";"64.46";"0.85";"0.0";"455.99";"0.78";"5.65";"1.17";"21.78";"15.04";"26.19";"19.23";"22.29";"15.11";"0.82";"0.0";"";"0";"0.0";"0.0";"0.0";"0.0";"0.0";"0.0";"0.0";"0.0";"0.0";"0.0";"0.0";"0.0";"0.0";"0.0";"0.0";"0.0"
"Strategy 4.8.382";"";"0.82";"NDXm_TICK_UTCPlus02";"M15";"1616.96";"";"1250";"1.15";"1.07";"0.09";"40.43";"0.81";"0.0";"277.46";"0.78";"5.83";"1.38";"22.35";"15.09";"37.28";"28.18";"32.16";"11.78";"0.82";"0.0";"";"0";"0.0";"0.0";"0.0";"0.0";"0.0";"0.0";"0.0";"0.0";"0.0";"0.0";"0.0";"0.0";"0.0";"0.0";"0.0";"0.0"
"Strategy 4.8.396";"";"0.81";"NDXm_TICK_UTCPlus02";"M15";"2190.42";"";"1853";"1.14";"1.19";"0.08";"54.77";"0.72";"0.0";"408.11";"0.74";"5.37";"1.87";"23.13";"15.02";"26.88";"18.71";"22.18";"12.56";"0.81";"0.0";"";"0";"0.0";"0.0";"0.0";"0.0";"0.0";"0.0";"0.0";"0.0";"0.0";"0.0";"0.0";"0.0";"0.0";"0.0";"0.0";"0.0"
"Strategy 4.8.376";"";"0.81";"NDXm_TICK_UTCPlus02";"M15";"2494.92";"";"2080";"1.13";"1.12";"0.08";"62.37";"0.72";"0.0";"458.86";"0.63";"5.44";"1.13";"27.28";"15.3";"26.7";"16.17";"20.25";"15.94";"0.81";"0.0";"";"0";"0.0";"0.0";"0.0";"0.0";"0.0";"0.0";"0.0";"0.0";"0.0";"0.0";"0.0";"0.0";"0.0";"0.0";"0.0";"0.0"
"Strategy 4.8.410";"";"0.83";"NDXm_TICK_UTCPlus02";"M15";"2635.02";"";"1741";"1.18";"1.43";"0.1";"65.88";"0.77";"0.0";"433.15";"0.84";"6.08";"1.28";"21.42";"15.18";"21.51";"14.55";"17.73";"12.89";"0.83";"0.0";"";"0";"0.0";"0.0";"0.0";"0.0";"0.0";"0.0";"0.0";"0.0";"0.0";"0.0";"0.0";"0.0";"0.0";"0.0";"0.0";"0.0"
"Strategy 4.8.433";"";"0.77";"NDXm_TICK_UTCPlus02";"M15";"1627.04";"";"1028";"1.19";"1.12";"0.11";"40.68";"0.74";"0.0";"408.57";"0.77";"3.98";"1.78";"23.01";"14.97";"26.61";"18.13";"21.82";"6.89";"0.77";"0.0";"";"0";"0.0";"0.0";"0.0";"0.0";"0.0";"0.0";"0.0";"0.0";"0.0";"0.0";"0.0";"0.0";"0.0";"0.0";"0.0";"0.0"
"Strategy 4.8.454";"";"0.71";"NDXm_TICK_UTCPlus02";"M15";"890.96";"";"710";"1.16";"0.88";"0.08";"22.28";"0.82";"0.0";"319.13";"0.87";"2.79";"0.84";"19.96";"14.99";"14.68";"10.34";"12.36";"2.56";"0.71";"0.0";"";"0";"0.0";"0.0";"0.0";"0.0";"0.0";"0.0";"0.0";"0.0";"0.0";"0.0";"0.0";"0.0";"0.0";"0.0";"0.0";"0.0"
"Strategy 4.8.389";"";"0.85";"NDXm_TICK_UTCPlus02";"M15";"3219.56";"";"3253";"1.12";"1.37";"0.07";"80.48";"0.85";"0.0";"452.24";"0.83";"7.12";"1.37";"20.18";"14.95";"20.43";"15.04";"17.48";"17.44";"0.85";"0.0";"";"0";"0.0";"0.0";"0.0";"0.0";"0.0";"0.0";"0.0";"0.0";"0.0";"0.0";"0.0";"0.0";"0.0";"0.0";"0.0";"0.0"
"Strategy 4.8.464";"";"0.64";"NDXm_TICK_UTCPlus02";"M15";"1018.26";"";"1068";"1.11";"0.76";"0.06";"25.46";"0.76";"0.0";"535.41";"0.8";"1.9";"0.81";"21.47";"15.42";"33.71";"21.28";"26.8";"11.06";"0.64";"0.0";"";"0";"0.0";"0.0";"0.0";"0.0";"0.0";"0.0";"0.0";"0.0";"0.0";"0.0";"0.0";"0.0";"0.0";"0.0";"0.0";"0.0"
"Strategy 4.8.476";"";"0.76";"NDXm_TICK_UTCPlus02";"M15";"1160.23";"";"1074";"1.14";"0.95";"0.07";"29.01";"0.71";"0.0";"308.18";"0.98";"3.76";"1.36";"17.54";"15.02";"34.61";"29.65";"32.11";"5.28";"0.76";"0.0";"";"0";"0.0";"0.0";"0.0";"0.0";"0.0";"0.0";"0.0";"0.0";"0.0";"0.0";"0.0";"0.0";"0.0";"0.0";"0.0";"0.0"
"Strategy 4.8.475";"";"0.76";"NDXm_TICK_UTCPlus02";"M15";"1567.94";"";"1306";"1.14";"1.1";"0.08";"39.2";"0.73";"0.0";"417.92";"0.78";"3.75";"1.22";"22.08";"15.07";"28.4";"19.03";"23.13";"9.11";"0.76";"0.0";"";"0";"0.0";"0.0";"0.0";"0.0";"0.0";"0.0";"0.0";"0.0";"0.0";"0.0";"0.0";"0.0";"0.0";"0.0";"0.0";"0.0"
"Strategy 4.8.467";"";"0.81";"NDXm_TICK_UTCPlus02";"M15";"2708.52";"";"2442";"1.13";"1.25";"0.07";"67.72";"0.86";"0.0";"512.4";"0.76";"5.29";"2.44";"22.42";"15.18";"20.74";"14.01";"16.93";"15.56";"0.81";"0.0";"";"0";"0.0";"0.0";"0.0";"0.0";"0.0";"0.0";"0.0";"0.0";"0.0";"0.0";"0.0";"0.0";"0.0";"0.0";"0.0";"0.0"
"Strategy 4.8.508";"";"0.65";"NDXm_TICK_UTCPlus02";"M15";"631.99";"";"487";"1.17";"0.75";"0.09";"15.8";"0.77";"0.0";"324.77";"0.95";"1.95";"0.42";"18.73";"15.23";"34.46";"24.92";"29.56";"6.17";"0.65";"0.0";"";"0";"0.0";"0.0";"0.0";"0.0";"0.0";"0.0";"0.0";"0.0";"0.0";"0.0";"0.0";"0.0";"0.0";"0.0";"0.0";"0.0"
"Strategy 4.8.470";"";"0.78";"NDXm_TICK_UTCPlus02";"M15";"2777.49";"";"2774";"1.12";"1.34";"0.07";"69.43";"0.83";"0.0";"652.14";"0.85";"4.26";"1.39";"19.71";"14.98";"23.0";"18.03";"20.32";"16.5";"0.78";"0.0";"";"0";"0.0";"0.0";"0.0";"0.0";"0.0";"0.0";"0.0";"0.0";"0.0";"0.0";"0.0";"0.0";"0.0";"0.0";"0.0";"0.0"
"Strategy 4.8.502";"";"0.75";"NDXm_TICK_UTCPlus02";"M15";"1852.31";"";"1277";"1.16";"1.12";"0.09";"46.31";"0.82";"0.0";"517.89";"0.73";"3.58";"1.13";"24.82";"15.51";"35.57";"26.51";"30.32";"16.61";"0.75";"0.0";"";"0";"0.0";"0.0";"0.0";"0.0";"0.0";"0.0";"0.0";"0.0";"0.0";"0.0";"0.0";"0.0";"0.0";"0.0";"0.0";"0.0"
"Strategy 4.8.514";"";"0.79";"NDXm_TICK_UTCPlus02";"M15";"1101.59";"";"819";"1.16";"0.89";"0.09";"27.54";"0.91";"0.0";"241.55";"0.78";"4.56";"1.23";"22.65";"15.2";"39.3";"31.21";"34.75";"4.72";"0.79";"0.0";"";"0";"0.0";"0.0";"0.0";"0.0";"0.0";"0.0";"0.0";"0.0";"0.0";"0.0";"0.0";"0.0";"0.0";"0.0";"0.0";"0.0"
"Strategy 4.8.479";"";"0.81";"NDXm_TICK_UTCPlus02";"M15";"2316.23";"";"3016";"1.12";"1.28";"0.05";"57.9";"0.8";"0.0";"429.84";"1.28";"5.39";"1.0";"12.98";"14.92";"13.77";"14.03";"13.89";"12.11";"0.81";"0.0";"";"0";"0.0";"0.0";"0.0";"0.0";"0.0";"0.0";"0.0";"0.0";"0.0";"0.0";"0.0";"0.0";"0.0";"0.0";"0.0";"0.0"
"Strategy 4.8.528";"";"0.89";"NDXm_TICK_UTCPlus02";"M15";"2954.28";"";"1689";"1.23";"1.77";"0.12";"73.86";"0.9";"0.0";"288.13";"1.0";"10.25";"2.12";"18.61";"15.05";"14.19";"11.36";"12.77";"11.06";"0.89";"0.0";"";"0";"0.0";"0.0";"0.0";"0.0";"0.0";"0.0";"0.0";"0.0";"0.0";"0.0";"0.0";"0.0";"0.0";"0.0";"0.0";"0.0"
"Strategy 4.8.558";"";"0.78";"NDXm_TICK_UTCPlus02";"M15";"870.14";"";"450";"1.25";"1.06";"0.13";"21.75";"0.66";"0.0";"205.03";"0.89";"4.24";"1.34";"20.55";"14.65";"22.95";"16.72";"19.65";"0.22";"0.78";"0.0";"";"0";"0.0";"0.0";"0.0";"0.0";"0.0";"0.0";"0.0";"0.0";"0.0";"0.0";"0.0";"0.0";"0.0";"0.0";"0.0";"0.0"
"Strategy 4.8.539";"";"0.76";"NDXm_TICK_UTCPlus02";"M15";"1680.95";"";"1337";"1.13";"0.93";"0.08";"42.02";"0.84";"0.0";"436.46";"0.64";"3.85";"1.31";"27.25";"15.28";"27.67";"17.31";"21.34";"12.39";"0.76";"0.0";"";"0";"0.0";"0.0";"0.0";"0.0";"0.0";"0.0";"0.0";"0.0";"0.0";"0.0";"0.0";"0.0";"0.0";"0.0";"0.0";"0.0"
"Strategy 4.8.560";"";"0.8";"NDXm_TICK_UTCPlus02";"M15";"1324.54";"";"796";"1.22";"1.21";"0.11";"33.12";"0.86";"0.0";"269.9";"0.96";"4.91";"1.04";"19.03";"14.93";"25.63";"21.34";"23.44";"2.0";"0.8";"0.0";"";"0";"0.0";"0.0";"0.0";"0.0";"0.0";"0.0";"0.0";"0.0";"0.0";"0.0";"0.0";"0.0";"0.0";"0.0";"0.0";"0.0"
"Strategy 4.8.566";"";"0.82";"NDXm_TICK_UTCPlus02";"M15";"1441.31";"";"1597";"1.15";"1.24";"0.06";"36.03";"0.8";"0.0";"255.79";"1.43";"5.63";"1.84";"11.91";"14.85";"11.23";"12.05";"11.56";"5.83";"0.82";"0.0";"";"0";"0.0";"0.0";"0.0";"0.0";"0.0";"0.0";"0.0";"0.0";"0.0";"0.0";"0.0";"0.0";"0.0";"0.0";"0.0";"0.0"
"Strategy 4.8.532";"";"0.72";"NDXm_TICK_UTCPlus02";"M15";"1321.73";"";"1541";"1.11";"0.83";"0.06";"33.04";"0.81";"0.0";"443.32";"0.9";"2.98";"0.7";"19.04";"15.51";"31.29";"25.77";"28.39";"17.33";"0.72";"0.0";"";"0";"0.0";"0.0";"0.0";"0.0";"0.0";"0.0";"0.0";"0.0";"0.0";"0.0";"0.0";"0.0";"0.0";"0.0";"0.0";"0.0"
"Strategy 4.8.564";"";"0.8";"NDXm_TICK_UTCPlus02";"M15";"1639.61";"";"1393";"1.15";"1.14";"0.08";"40.99";"0.74";"0.0";"336.19";"0.82";"4.88";"1.24";"20.46";"14.7";"22.99";"17.54";"20.0";"0.67";"0.8";"0.0";"";"0";"0.0";"0.0";"0.0";"0.0";"0.0";"0.0";"0.0";"0.0";"0.0";"0.0";"0.0";"0.0";"0.0";"0.0";"0.0";"0.0"
"Strategy 4.8.524";"";"0.81";"NDXm_TICK_UTCPlus02";"M15";"2287.79";"";"2612";"1.11";"1.13";"0.06";"57.2";"0.78";"0.0";"423.42";"0.86";"5.4";"1.16";"19.44";"15.03";"24.44";"19.3";"21.67";"15.78";"0.81";"0.0";"";"0";"0.0";"0.0";"0.0";"0.0";"0.0";"0.0";"0.0";"0.0";"0.0";"0.0";"0.0";"0.0";"0.0";"0.0";"0.0";"0.0"
"Strategy 4.8.547";"";"0.82";"NDXm_TICK_UTCPlus02";"M15";"2733.22";"";"2662";"1.12";"1.19";"0.07";"68.33";"0.9";"0.0";"483.88";"0.66";"5.65";"1.94";"24.79";"14.57";"20.18";"13.58";"16.2";"13.06";"0.82";"0.0";"";"0";"0.0";"0.0";"0.0";"0.0";"0.0";"0.0";"0.0";"0.0";"0.0";"0.0";"0.0";"0.0";"0.0";"0.0";"0.0";"0.0"
"Strategy 1.11.314";"";"0.9";"NDXm_TICK_UTCPlus02";"M15";"2775.51";"";"1254";"1.25";"1.69";"0.15";"69.39";"0.83";"0.0";"223.13";"0.67";"12.44";"2.4";"27.3";"14.59";"22.66";"14.98";"18.06";"5.83";"0.9";"0.0";"";"0";"0.0";"0.0";"0.0";"0.0";"0.0";"0.0";"0.0";"0.0";"0.0";"0.0";"0.0";"0.0";"0.0";"0.0";"0.0";"0.0"
"Strategy 1.11.363";"";"0.73";"NDXm_TICK_UTCPlus02";"M15";"552.34";"";"376";"1.19";"0.77";"0.1";"13.81";"0.65";"0.0";"168.22";"0.97";"3.28";"1.16";"18.46";"14.98";"28.88";"21.38";"25.07";"2.22";"0.73";"0.0";"";"0";"0.0";"0.0";"0.0";"0.0";"0.0";"0.0";"0.0";"0.0";"0.0";"0.0";"0.0";"0.0";"0.0";"0.0";"0.0";"0.0"
"Strategy 4.8.559";"";"0.82";"NDXm_TICK_UTCPlus02";"M15";"2634.57";"";"2730";"1.11";"1.14";"0.06";"65.86";"0.85";"0.0";"461.52";"0.66";"5.71";"1.12";"25.22";"15.06";"32.17";"20.27";"25.01";"20.78";"0.82";"0.0";"";"0";"0.0";"0.0";"0.0";"0.0";"0.0";"0.0";"0.0";"0.0";"0.0";"0.0";"0.0";"0.0";"0.0";"0.0";"0.0";"0.0"
"Strategy 1.11.330";"";"0.84";"NDXm_TICK_UTCPlus02";"M15";"2712.07";"";"2290";"1.16";"1.53";"0.08";"67.8";"0.82";"0.0";"391.45";"1.0";"6.93";"1.22";"17.15";"14.84";"16.44";"14.02";"15.23";"9.5";"0.84";"0.0";"";"0";"0.0";"0.0";"0.0";"0.0";"0.0";"0.0";"0.0";"0.0";"0.0";"0.0";"0.0";"0.0";"0.0";"0.0";"0.0";"0.0"
"Strategy 1.11.310";"";"0.83";"NDXm_TICK_UTCPlus02";"M15";"3122.83";"";"2855";"1.13";"1.39";"0.07";"78.07";"0.86";"0.0";"512.95";"0.72";"6.09";"1.33";"22.79";"14.62";"18.22";"12.24";"14.75";"12.44";"0.83";"0.0";"";"0";"0.0";"0.0";"0.0";"0.0";"0.0";"0.0";"0.0";"0.0";"0.0";"0.0";"0.0";"0.0";"0.0";"0.0";"0.0";"0.0"
"Strategy 1.11.331";"";"0.86";"NDXm_TICK_UTCPlus02";"M15";"3111.61";"";"2157";"1.16";"1.45";"0.1";"77.79";"0.88";"0.0";"397.12";"0.64";"7.84";"1.76";"26.91";"14.74";"25.68";"15.52";"19.47";"12.11";"0.86";"0.0";"";"0";"0.0";"0.0";"0.0";"0.0";"0.0";"0.0";"0.0";"0.0";"0.0";"0.0";"0.0";"0.0";"0.0";"0.0";"0.0";"0.0"
"Strategy 1.11.319";"";"0.84";"NDXm_TICK_UTCPlus02";"M15";"3029.21";"";"3791";"1.11";"1.41";"0.05";"75.73";"0.8";"0.0";"452.33";"1.04";"6.7";"1.26";"15.58";"14.58";"13.85";"12.25";"13.06";"14.61";"0.84";"0.0";"";"0";"0.0";"0.0";"0.0";"0.0";"0.0";"0.0";"0.0";"0.0";"0.0";"0.0";"0.0";"0.0";"0.0";"0.0";"0.0";"0.0"
"Strategy 1.11.366";"";"0.83";"NDXm_TICK_UTCPlus02";"M15";"2024.67";"";"1632";"1.14";"1.15";"0.09";"50.62";"0.79";"0.0";"319.88";"0.67";"6.33";"1.5";"24.66";"14.42";"22.66";"15.44";"18.33";"3.94";"0.83";"0.0";"";"0";"0.0";"0.0";"0.0";"0.0";"0.0";"0.0";"0.0";"0.0";"0.0";"0.0";"0.0";"0.0";"0.0";"0.0";"0.0";"0.0"
"Strategy 1.11.371";"";"0.82";"NDXm_TICK_UTCPlus02";"M15";"2451.85";"";"2530";"1.13";"1.28";"0.07";"61.3";"0.82";"0.0";"420.0";"0.94";"5.84";"1.27";"17.57";"14.61";"13.69";"10.48";"12.03";"9.72";"0.82";"0.0";"";"0";"0.0";"0.0";"0.0";"0.0";"0.0";"0.0";"0.0";"0.0";"0.0";"0.0";"0.0";"0.0";"0.0";"0.0";"0.0";"0.0"
"Strategy 1.11.410";"";"0.85";"NDXm_TICK_UTCPlus02";"M15";"1936.47";"";"579";"1.41";"1.7";"0.22";"48.41";"0.85";"0.0";"255.88";"0.82";"7.57";"1.73";"25.68";"14.98";"27.92";"20.64";"23.92";"3.56";"0.85";"0.0";"";"0";"0.0";"0.0";"0.0";"0.0";"0.0";"0.0";"0.0";"0.0";"0.0";"0.0";"0.0";"0.0";"0.0";"0.0";"0.0";"0.0"
"Strategy 1.11.390";"";"0.82";"NDXm_TICK_UTCPlus02";"M15";"1726.82";"";"1418";"1.16";"1.23";"0.08";"43.17";"0.76";"0.0";"303.0";"0.97";"5.7";"1.25";"17.91";"14.92";"21.22";"18.49";"19.83";"7.78";"0.82";"0.0";"";"0";"0.0";"0.0";"0.0";"0.0";"0.0";"0.0";"0.0";"0.0";"0.0";"0.0";"0.0";"0.0";"0.0";"0.0";"0.0";"0.0"
"Strategy 1.11.460";"";"0.79";"NDXm_TICK_UTCPlus02";"M15";"1078.12";"";"547";"1.24";"1.08";"0.13";"26.95";"0.8";"0.0";"224.44";"0.88";"4.8";"1.11";"21.42";"15.14";"23.09";"21.06";"22.01";"2.44";"0.79";"0.0";"";"0";"0.0";"0.0";"0.0";"0.0";"0.0";"0.0";"0.0";"0.0";"0.0";"0.0";"0.0";"0.0";"0.0";"0.0";"0.0";"0.0"
"Strategy 1.11.450";"";"0.72";"NDXm_TICK_UTCPlus02";"M15";"1411.45";"";"1422";"1.11";"0.85";"0.07";"35.28";"0.7";"0.0";"464.17";"0.62";"3.04";"1.26";"25.47";"14.13";"13.42";"8.55";"10.41";"5.11";"0.72";"0.0";"";"0";"0.0";"0.0";"0.0";"0.0";"0.0";"0.0";"0.0";"0.0";"0.0";"0.0";"0.0";"0.0";"0.0";"0.0";"0.0";"0.0"
"Strategy 1.11.419";"";"0.72";"NDXm_TICK_UTCPlus02";"M15";"2076.35";"";"1753";"1.14";"1.16";"0.08";"51.91";"0.77";"0.0";"676.83";"0.72";"3.07";"1.63";"23.54";"14.96";"34.39";"23.44";"28.04";"16.61";"0.72";"0.0";"";"0";"0.0";"0.0";"0.0";"0.0";"0.0";"0.0";"0.0";"0.0";"0.0";"0.0";"0.0";"0.0";"0.0";"0.0";"0.0";"0.0"
"Strategy 1.11.398";"";"0.84";"NDXm_TICK_UTCPlus02";"M15";"3247.05";"";"3077";"1.13";"1.38";"0.07";"81.18";"0.83";"0.0";"475.04";"0.79";"6.84";"1.33";"21.42";"14.95";"22.75";"16.05";"19.0";"16.72";"0.84";"0.0";"";"0";"0.0";"0.0";"0.0";"0.0";"0.0";"0.0";"0.0";"0.0";"0.0";"0.0";"0.0";"0.0";"0.0";"0.0";"0.0";"0.0"
"Strategy 1.11.420";"";"0.88";"NDXm_TICK_UTCPlus02";"M15";"3661.6";"";"3085";"1.14";"1.6";"0.08";"91.54";"0.86";"0.0";"394.56";"0.78";"9.28";"1.74";"21.65";"14.76";"18.92";"13.28";"15.75";"14.72";"0.88";"0.0";"";"0";"0.0";"0.0";"0.0";"0.0";"0.0";"0.0";"0.0";"0.0";"0.0";"0.0";"0.0";"0.0";"0.0";"0.0";"0.0";"0.0"
"Strategy 1.11.437";"";"0.85";"NDXm_TICK_UTCPlus02";"M15";"2941.33";"";"2150";"1.15";"1.35";"0.09";"73.53";"0.87";"0.0";"397.49";"0.64";"7.4";"1.33";"26.65";"14.87";"24.34";"15.81";"19.15";"11.11";"0.85";"0.0";"";"0";"0.0";"0.0";"0.0";"0.0";"0.0";"0.0";"0.0";"0.0";"0.0";"0.0";"0.0";"0.0";"0.0";"0.0";"0.0";"0.0"
"Strategy 1.11.480";"";"0.74";"NDXm_TICK_UTCPlus02";"M15";"1739.96";"";"1574";"1.15";"1.22";"0.08";"43.5";"0.65";"0.0";"500.72";"0.95";"3.47";"1.82";"17.25";"14.24";"14.82";"12.88";"13.83";"0.78";"0.74";"0.0";"";"0";"0.0";"0.0";"0.0";"0.0";"0.0";"0.0";"0.0";"0.0";"0.0";"0.0";"0.0";"0.0";"0.0";"0.0";"0.0";"0.0"
"Strategy 1.11.510";"";"0.77";"NDXm_TICK_UTCPlus02";"M15";"912.4";"";"688";"1.18";"0.94";"0.09";"22.81";"0.82";"0.0";"217.2";"0.9";"4.2";"0.9";"18.51";"14.15";"22.14";"16.81";"19.34";"1.61";"0.77";"0.0";"";"0";"0.0";"0.0";"0.0";"0.0";"0.0";"0.0";"0.0";"0.0";"0.0";"0.0";"0.0";"0.0";"0.0";"0.0";"0.0";"0.0"
"Strategy 1.11.470";"";"0.83";"NDXm_TICK_UTCPlus02";"M15";"2185.84";"";"2377";"1.15";"1.46";"0.06";"54.65";"0.82";"0.0";"350.06";"1.38";"6.24";"1.15";"12.34";"14.83";"14.18";"14.39";"14.27";"9.78";"0.83";"0.0";"";"0";"0.0";"0.0";"0.0";"0.0";"0.0";"0.0";"0.0";"0.0";"0.0";"0.0";"0.0";"0.0";"0.0";"0.0";"0.0";"0.0"
"Strategy 1.11.466";"";"0.84";"NDXm_TICK_UTCPlus02";"M15";"2540.32";"";"2865";"1.11";"1.15";"0.06";"63.51";"0.82";"0.0";"366.38";"0.77";"6.93";"1.48";"21.23";"14.77";"20.75";"14.76";"17.36";"14.78";"0.84";"0.0";"";"0";"0.0";"0.0";"0.0";"0.0";"0.0";"0.0";"0.0";"0.0";"0.0";"0.0";"0.0";"0.0";"0.0";"0.0";"0.0";"0.0"
"Strategy 1.11.525";"";"0.77";"NDXm_TICK_UTCPlus02";"M15";"987.46";"";"923";"1.15";"0.93";"0.07";"24.69";"0.74";"0.0";"238.88";"1.09";"4.13";"1.31";"15.74";"14.89";"27.59";"22.75";"25.27";"6.94";"0.77";"0.0";"";"0";"0.0";"0.0";"0.0";"0.0";"0.0";"0.0";"0.0";"0.0";"0.0";"0.0";"0.0";"0.0";"0.0";"0.0";"0.0";"0.0"
"Strategy 1.11.568";"";"0.73";"NDXm_TICK_UTCPlus02";"M15";"625.04";"";"376";"1.24";"0.96";"0.11";"15.63";"0.8";"0.0";"194.71";"1.14";"3.21";"0.66";"15.97";"14.6";"12.28";"10.88";"11.63";"1.06";"0.73";"0.0";"";"0";"0.0";"0.0";"0.0";"0.0";"0.0";"0.0";"0.0";"0.0";"0.0";"0.0";"0.0";"0.0";"0.0";"0.0";"0.0";"0.0"
"Strategy 1.11.483";"";"0.77";"NDXm_TICK_UTCPlus02";"M15";"2520.8";"";"2665";"1.11";"1.09";"0.06";"63.02";"0.83";"0.0";"624.18";"0.67";"4.04";"1.09";"24.69";"14.91";"26.87";"17.6";"21.31";"15.44";"0.77";"0.0";"";"0";"0.0";"0.0";"0.0";"0.0";"0.0";"0.0";"0.0";"0.0";"0.0";"0.0";"0.0";"0.0";"0.0";"0.0";"0.0";"0.0"
"Strategy 1.11.534";"";"0.82";"NDXm_TICK_UTCPlus02";"M15";"1682.43";"";"1749";"1.13";"1.12";"0.07";"42.06";"0.76";"0.0";"295.36";"0.94";"5.7";"2.0";"17.34";"14.48";"18.06";"14.49";"16.22";"2.83";"0.82";"0.0";"";"0";"0.0";"0.0";"0.0";"0.0";"0.0";"0.0";"0.0";"0.0";"0.0";"0.0";"0.0";"0.0";"0.0";"0.0";"0.0";"0.0"
"Strategy 1.11.503";"";"0.8";"NDXm_TICK_UTCPlus02";"M15";"2877.59";"";"2288";"1.14";"1.32";"0.08";"71.94";"0.83";"0.0";"560.12";"0.68";"5.14";"1.28";"25.35";"15.06";"29.66";"20.44";"24.16";"17.17";"0.8";"0.0";"";"0";"0.0";"0.0";"0.0";"0.0";"0.0";"0.0";"0.0";"0.0";"0.0";"0.0";"0.0";"0.0";"0.0";"0.0";"0.0";"0.0"
"Strategy 1.11.545";"";"0.9";"NDXm_TICK_UTCPlus02";"M15";"3709.12";"";"2338";"1.2";"1.88";"0.12";"92.73";"0.91";"0.0";"312.62";"0.69";"11.86";"2.81";"23.72";"13.7";"16.1";"10.93";"13.05";"3.94";"0.9";"0.0";"";"0";"0.0";"0.0";"0.0";"0.0";"0.0";"0.0";"0.0";"0.0";"0.0";"0.0";"0.0";"0.0";"0.0";"0.0";"0.0";"0.0"
"Strategy 1.11.569";"";"0.78";"NDXm_TICK_UTCPlus02";"M15";"1961.81";"";"1707";"1.15";"1.25";"0.08";"49.05";"0.82";"0.0";"445.44";"0.86";"4.4";"1.44";"19.13";"14.31";"17.51";"13.48";"15.34";"3.94";"0.78";"0.0";"";"0";"0.0";"0.0";"0.0";"0.0";"0.0";"0.0";"0.0";"0.0";"0.0";"0.0";"0.0";"0.0";"0.0";"0.0";"0.0";"0.0"
"Strategy 1.11.549";"";"0.82";"NDXm_TICK_UTCPlus02";"M15";"2501.54";"";"2276";"1.14";"1.33";"0.07";"62.54";"0.77";"0.0";"432.18";"0.84";"5.79";"1.11";"19.91";"14.76";"19.34";"13.43";"16.13";"8.5";"0.82";"0.0";"";"0";"0.0";"0.0";"0.0";"0.0";"0.0";"0.0";"0.0";"0.0";"0.0";"0.0";"0.0";"0.0";"0.0";"0.0";"0.0";"0.0"
"Strategy 1.11.555";"";"0.83";"NDXm_TICK_UTCPlus02";"M15";"1789.83";"";"2201";"1.12";"1.14";"0.06";"44.75";"0.75";"0.0";"288.43";"1.11";"6.21";"1.25";"14.72";"14.65";"16.66";"15.55";"16.13";"1.67";"0.83";"0.0";"";"0";"0.0";"0.0";"0.0";"0.0";"0.0";"0.0";"0.0";"0.0";"0.0";"0.0";"0.0";"0.0";"0.0";"0.0";"0.0";"0.0"
"Strategy 2.10.320";"";"0.79";"NDXm_TICK_UTCPlus02";"M15";"917.65";"";"907";"1.16";"0.95";"0.07";"22.94";"0.86";"0.0";"198.62";"1.3";"4.62";"1.21";"13.29";"14.98";"12.45";"10.95";"11.8";"2.61";"0.79";"0.0";"";"0";"0.0";"0.0";"0.0";"0.0";"0.0";"0.0";"0.0";"0.0";"0.0";"0.0";"0.0";"0.0";"0.0";"0.0";"0.0";"0.0"
"Strategy 2.10.323";"";"0.71";"NDXm_TICK_UTCPlus02";"M15";"852.13";"";"908";"1.14";"0.85";"0.06";"21.3";"0.63";"0.0";"297.05";"1.19";"2.87";"1.02";"14.33";"14.97";"22.24";"20.66";"21.52";"6.39";"0.71";"0.0";"";"0";"0.0";"0.0";"0.0";"0.0";"0.0";"0.0";"0.0";"0.0";"0.0";"0.0";"0.0";"0.0";"0.0";"0.0";"0.0";"0.0"
"Strategy 2.10.322";"";"0.71";"NDXm_TICK_UTCPlus02";"M15";"1059.26";"";"916";"1.13";"0.76";"0.08";"26.48";"0.61";"0.0";"377.72";"0.62";"2.8";"1.28";"26.97";"14.73";"27.47";"20.11";"22.91";"4.17";"0.71";"0.0";"";"0";"0.0";"0.0";"0.0";"0.0";"0.0";"0.0";"0.0";"0.0";"0.0";"0.0";"0.0";"0.0";"0.0";"0.0";"0.0";"0.0"
"Strategy 2.10.349";"";"0.74";"NDXm_TICK_UTCPlus02";"M15";"1170.38";"";"843";"1.16";"0.88";"0.09";"29.26";"0.85";"0.0";"344.0";"0.64";"3.4";"0.64";"26.35";"14.67";"22.99";"12.85";"16.82";"3.89";"0.74";"0.0";"";"0";"0.0";"0.0";"0.0";"0.0";"0.0";"0.0";"0.0";"0.0";"0.0";"0.0";"0.0";"0.0";"0.0";"0.0";"0.0";"0.0"
"Strategy 2.10.360";"";"0.79";"NDXm_TICK_UTCPlus02";"M15";"818.5";"";"436";"1.24";"0.92";"0.12";"20.46";"0.8";"0.0";"175.83";"0.89";"4.66";"1.07";"20.93";"15.03";"33.39";"25.84";"29.39";"3.83";"0.79";"0.0";"";"0";"0.0";"0.0";"0.0";"0.0";"0.0";"0.0";"0.0";"0.0";"0.0";"0.0";"0.0";"0.0";"0.0";"0.0";"0.0";"0.0"
"Strategy 2.10.350";"";"0.8";"NDXm_TICK_UTCPlus02";"M15";"1149.28";"";"588";"1.25";"1.12";"0.13";"28.73";"0.82";"0.0";"229.47";"0.86";"5.01";"1.72";"21.44";"14.81";"40.05";"32.96";"36.24";"1.89";"0.8";"0.0";"";"0";"0.0";"0.0";"0.0";"0.0";"0.0";"0.0";"0.0";"0.0";"0.0";"0.0";"0.0";"0.0";"0.0";"0.0";"0.0";"0.0"
"Strategy 2.10.348";"";"0.79";"NDXm_TICK_UTCPlus02";"M15";"1009.36";"";"692";"1.2";"1.05";"0.1";"25.23";"0.81";"0.0";"216.14";"1.08";"4.67";"1.45";"16.68";"14.95";"35.21";"33.54";"34.41";"3.61";"0.79";"0.0";"";"0";"0.0";"0.0";"0.0";"0.0";"0.0";"0.0";"0.0";"0.0";"0.0";"0.0";"0.0";"0.0";"0.0";"0.0";"0.0";"0.0"
"Strategy 2.10.347";"";"0.7";"NDXm_TICK_UTCPlus02";"M15";"789.25";"";"662";"1.14";"0.71";"0.08";"19.73";"0.77";"0.0";"298.66";"0.77";"2.64";"0.66";"22.82";"15.36";"50.93";"39.14";"44.25";"8.44";"0.7";"0.0";"";"0";"0.0";"0.0";"0.0";"0.0";"0.0";"0.0";"0.0";"0.0";"0.0";"0.0";"0.0";"0.0";"0.0";"0.0";"0.0";"0.0"
"Strategy 2.10.307";"";"0.81";"NDXm_TICK_UTCPlus02";"M15";"2249.09";"";"2437";"1.12";"1.25";"0.06";"56.22";"0.82";"0.0";"418.35";"1.0";"5.38";"1.24";"16.8";"15.01";"20.94";"18.25";"19.59";"13.0";"0.81";"0.0";"";"0";"0.0";"0.0";"0.0";"0.0";"0.0";"0.0";"0.0";"0.0";"0.0";"0.0";"0.0";"0.0";"0.0";"0.0";"0.0";"0.0"
"Strategy 2.10.366";"";"0.8";"NDXm_TICK_UTCPlus02";"M15";"2059.24";"";"1869";"1.13";"1.14";"0.08";"51.48";"0.79";"0.0";"422.53";"0.76";"4.87";"1.62";"21.89";"14.66";"17.29";"12.85";"14.77";"8.67";"0.8";"0.0";"";"0";"0.0";"0.0";"0.0";"0.0";"0.0";"0.0";"0.0";"0.0";"0.0";"0.0";"0.0";"0.0";"0.0";"0.0";"0.0";"0.0"
"Strategy 2.10.364";"";"0.75";"NDXm_TICK_UTCPlus02";"M15";"1837.46";"";"1724";"1.12";"0.99";"0.07";"45.93";"0.83";"0.0";"512.42";"0.69";"3.59";"1.37";"24.08";"14.82";"23.28";"16.74";"19.41";"11.33";"0.75";"0.0";"";"0";"0.0";"0.0";"0.0";"0.0";"0.0";"0.0";"0.0";"0.0";"0.0";"0.0";"0.0";"0.0";"0.0";"0.0";"0.0";"0.0"
"Strategy 2.10.306";"";"0.81";"NDXm_TICK_UTCPlus02";"M15";"2525.29";"";"2733";"1.11";"1.11";"0.06";"63.13";"0.83";"0.0";"473.65";"0.73";"5.33";"1.16";"22.7";"14.87";"22.57";"15.79";"18.64";"17.0";"0.81";"0.0";"";"0";"0.0";"0.0";"0.0";"0.0";"0.0";"0.0";"0.0";"0.0";"0.0";"0.0";"0.0";"0.0";"0.0";"0.0";"0.0";"0.0"
"Strategy 2.10.386";"";"0.8";"NDXm_TICK_UTCPlus02";"M15";"1810.99";"";"1208";"1.19";"1.25";"0.1";"45.27";"0.54";"0.0";"363.58";"0.81";"4.98";"2.24";"21.24";"14.46";"20.62";"16.95";"18.59";"4.5";"0.8";"0.0";"";"0";"0.0";"0.0";"0.0";"0.0";"0.0";"0.0";"0.0";"0.0";"0.0";"0.0";"0.0";"0.0";"0.0";"0.0";"0.0";"0.0"
"Strategy 2.10.304";"";"0.82";"NDXm_TICK_UTCPlus02";"M15";"2625.27";"";"2937";"1.12";"1.37";"0.06";"65.63";"0.85";"0.0";"457.35";"1.0";"5.74";"1.42";"16.82";"14.96";"20.45";"17.51";"18.97";"14.72";"0.82";"0.0";"";"0";"0.0";"0.0";"0.0";"0.0";"0.0";"0.0";"0.0";"0.0";"0.0";"0.0";"0.0";"0.0";"0.0";"0.0";"0.0";"0.0"
"Strategy 2.10.339";"";"0.78";"NDXm_TICK_UTCPlus02";"M15";"3400.78";"";"3791";"1.11";"1.31";"0.06";"85.02";"0.78";"0.0";"782.21";"0.72";"4.35";"2.15";"22.21";"14.53";"15.34";"10.59";"12.59";"13.06";"0.78";"0.0";"";"0";"0.0";"0.0";"0.0";"0.0";"0.0";"0.0";"0.0";"0.0";"0.0";"0.0";"0.0";"0.0";"0.0";"0.0";"0.0";"0.0"
"Strategy 2.10.404";"";"0.69";"NDXm_TICK_UTCPlus02";"M15";"717.66";"";"768";"1.14";"0.82";"0.06";"17.94";"0.65";"0.0";"286.65";"1.15";"2.5";"0.98";"14.58";"14.78";"32.09";"28.18";"30.27";"3.83";"0.69";"0.0";"";"0";"0.0";"0.0";"0.0";"0.0";"0.0";"0.0";"0.0";"0.0";"0.0";"0.0";"0.0";"0.0";"0.0";"0.0";"0.0";"0.0"
"Strategy 2.10.402";"";"0.87";"NDXm_TICK_UTCPlus02";"M15";"2676.48";"";"2499";"1.17";"1.65";"0.07";"66.91";"0.84";"0.0";"296.64";"1.36";"9.02";"1.53";"12.81";"14.83";"12.49";"12.57";"12.52";"8.44";"0.87";"0.0";"";"0";"0.0";"0.0";"0.0";"0.0";"0.0";"0.0";"0.0";"0.0";"0.0";"0.0";"0.0";"0.0";"0.0";"0.0";"0.0";"0.0"
"Strategy 2.10.435";"";"0.78";"NDXm_TICK_UTCPlus02";"M15";"809.5";"";"448";"1.21";"0.87";"0.12";"20.24";"0.87";"0.0";"179.78";"0.74";"4.5";"1.1";"24.14";"14.64";"27.45";"21.34";"23.93";"0.61";"0.78";"0.0";"";"0";"0.0";"0.0";"0.0";"0.0";"0.0";"0.0";"0.0";"0.0";"0.0";"0.0";"0.0";"0.0";"0.0";"0.0";"0.0";"0.0"
"Strategy 2.10.392";"";"0.81";"NDXm_TICK_UTCPlus02";"M15";"2195.19";"";"2238";"1.11";"1.02";"0.07";"54.88";"0.73";"0.0";"408.51";"0.63";"5.37";"1.49";"26.02";"14.76";"22.59";"14.43";"17.58";"11.44";"0.81";"0.0";"";"0";"0.0";"0.0";"0.0";"0.0";"0.0";"0.0";"0.0";"0.0";"0.0";"0.0";"0.0";"0.0";"0.0";"0.0";"0.0";"0.0"
"Strategy 2.10.442";"";"0.8";"NDXm_TICK_UTCPlus02";"M15";"793.61";"";"408";"1.25";"0.97";"0.13";"19.84";"0.84";"0.0";"164.28";"0.86";"4.83";"1.01";"21.32";"14.78";"27.86";"23.4";"25.47";"1.61";"0.8";"0.0";"";"0";"0.0";"0.0";"0.0";"0.0";"0.0";"0.0";"0.0";"0.0";"0.0";"0.0";"0.0";"0.0";"0.0";"0.0";"0.0";"0.0"
"Strategy 2.10.401";"";"0.74";"NDXm_TICK_UTCPlus02";"M15";"1410.24";"";"1527";"1.11";"0.87";"0.06";"35.25";"0.76";"0.0";"412.31";"0.82";"3.42";"0.78";"20.22";"14.98";"30.69";"22.92";"26.43";"11.67";"0.74";"0.0";"";"0";"0.0";"0.0";"0.0";"0.0";"0.0";"0.0";"0.0";"0.0";"0.0";"0.0";"0.0";"0.0";"0.0";"0.0";"0.0";"0.0"
"Strategy 2.10.436";"";"0.85";"NDXm_TICK_UTCPlus02";"M15";"1773.14";"";"700";"1.3";"1.49";"0.17";"44.33";"0.78";"0.0";"251.35";"0.79";"7.05";"1.92";"24.84";"15.0";"40.22";"31.35";"35.26";"3.72";"0.85";"0.0";"";"0";"0.0";"0.0";"0.0";"0.0";"0.0";"0.0";"0.0";"0.0";"0.0";"0.0";"0.0";"0.0";"0.0";"0.0";"0.0";"0.0"
"Strategy 2.10.414";"";"0.82";"NDXm_TICK_UTCPlus02";"M15";"2660.56";"";"2610";"1.12";"1.25";"0.07";"66.52";"0.79";"0.0";"458.62";"0.77";"5.8";"1.3";"21.64";"14.79";"20.48";"15.02";"17.39";"13.17";"0.82";"0.0";"";"0";"0.0";"0.0";"0.0";"0.0";"0.0";"0.0";"0.0";"0.0";"0.0";"0.0";"0.0";"0.0";"0.0";"0.0";"0.0";"0.0"
"Strategy 2.10.425";"";"0.77";"NDXm_TICK_UTCPlus02";"M15";"1380.52";"";"1222";"1.15";"1.13";"0.08";"34.51";"0.77";"0.0";"347.11";"1.06";"3.98";"1.61";"16.37";"15.04";"33.87";"31.6";"32.77";"5.94";"0.77";"0.0";"";"0";"0.0";"0.0";"0.0";"0.0";"0.0";"0.0";"0.0";"0.0";"0.0";"0.0";"0.0";"0.0";"0.0";"0.0";"0.0";"0.0"
"Strategy 2.10.433";"";"0.78";"NDXm_TICK_UTCPlus02";"M15";"1729.47";"";"1792";"1.11";"0.95";"0.06";"43.24";"0.79";"0.0";"397.35";"0.76";"4.35";"0.95";"22.01";"15.07";"27.98";"20.89";"23.96";"14.17";"0.78";"0.0";"";"0";"0.0";"0.0";"0.0";"0.0";"0.0";"0.0";"0.0";"0.0";"0.0";"0.0";"0.0";"0.0";"0.0";"0.0";"0.0";"0.0"
"Strategy 2.10.457";"";"0.75";"NDXm_TICK_UTCPlus02";"M15";"1884.61";"";"1845";"1.12";"1.07";"0.07";"47.12";"0.74";"0.0";"517.47";"0.79";"3.64";"1.53";"20.94";"14.78";"17.63";"13.28";"15.2";"8.61";"0.75";"0.0";"";"0";"0.0";"0.0";"0.0";"0.0";"0.0";"0.0";"0.0";"0.0";"0.0";"0.0";"0.0";"0.0";"0.0";"0.0";"0.0";"0.0"
"Strategy 2.10.467";"";"0.8";"NDXm_TICK_UTCPlus02";"M15";"1279.94";"";"712";"1.22";"1.16";"0.12";"32.0";"0.86";"0.0";"252.55";"0.84";"5.07";"1.78";"21.82";"15.02";"33.52";"26.7";"29.81";"2.56";"0.8";"0.0";"";"0";"0.0";"0.0";"0.0";"0.0";"0.0";"0.0";"0.0";"0.0";"0.0";"0.0";"0.0";"0.0";"0.0";"0.0";"0.0";"0.0"
"Strategy 2.10.400";"";"0.73";"NDXm_TICK_UTCPlus02";"M15";"3383.66";"";"4316";"1.11";"1.45";"0.05";"84.59";"0.81";"0.0";"1036.11";"1.03";"3.27";"1.64";"15.92";"14.86";"15.71";"13.48";"14.61";"17.44";"0.73";"0.0";"";"0";"0.0";"0.0";"0.0";"0.0";"0.0";"0.0";"0.0";"0.0";"0.0";"0.0";"0.0";"0.0";"0.0";"0.0";"0.0";"0.0"
"Strategy 2.10.473";"";"0.72";"NDXm_TICK_UTCPlus02";"M15";"1005.31";"";"791";"1.15";"0.82";"0.08";"25.13";"0.85";"0.0";"330.95";"0.75";"3.04";"0.99";"23.24";"15.12";"35.64";"29.2";"31.95";"4.33";"0.72";"0.0";"";"0";"0.0";"0.0";"0.0";"0.0";"0.0";"0.0";"0.0";"0.0";"0.0";"0.0";"0.0";"0.0";"0.0";"0.0";"0.0";"0.0"
"Strategy 2.10.449";"";"0.84";"NDXm_TICK_UTCPlus02";"M15";"2616.62";"";"2381";"1.14";"1.34";"0.07";"65.41";"0.83";"0.0";"386.61";"0.85";"6.77";"1.29";"20.01";"15.03";"23.64";"18.29";"20.75";"14.94";"0.84";"0.0";"";"0";"0.0";"0.0";"0.0";"0.0";"0.0";"0.0";"0.0";"0.0";"0.0";"0.0";"0.0";"0.0";"0.0";"0.0";"0.0";"0.0"
"Strategy 2.10.512";"";"0.78";"NDXm_TICK_UTCPlus02";"M15";"588.58";"";"359";"1.22";"0.8";"0.11";"14.71";"0.84";"0.0";"132.87";"0.95";"4.43";"1.29";"18.99";"14.86";"29.69";"22.64";"26.07";"2.17";"0.78";"0.0";"";"0";"0.0";"0.0";"0.0";"0.0";"0.0";"0.0";"0.0";"0.0";"0.0";"0.0";"0.0";"0.0";"0.0";"0.0";"0.0";"0.0"
"Strategy 2.10.485";"";"0.7";"NDXm_TICK_UTCPlus02";"M15";"1171.13";"";"1031";"1.14";"0.91";"0.08";"29.28";"0.79";"0.0";"437.62";"0.86";"2.68";"1.2";"19.98";"15.09";"32.83";"25.83";"29.07";"10.0";"0.7";"0.0";"";"0";"0.0";"0.0";"0.0";"0.0";"0.0";"0.0";"0.0";"0.0";"0.0";"0.0";"0.0";"0.0";"0.0";"0.0";"0.0";"0.0"
"Strategy 2.10.505";"";"0.79";"NDXm_TICK_UTCPlus02";"M15";"1467.48";"";"981";"1.17";"1.05";"0.1";"36.69";"0.8";"0.0";"320.72";"0.69";"4.58";"1.26";"25.33";"14.84";"26.23";"19.63";"22.31";"6.06";"0.79";"0.0";"";"0";"0.0";"0.0";"0.0";"0.0";"0.0";"0.0";"0.0";"0.0";"0.0";"0.0";"0.0";"0.0";"0.0";"0.0";"0.0";"0.0"
"Strategy 2.10.489";"";"0.84";"NDXm_TICK_UTCPlus02";"M15";"2792.15";"";"2027";"1.16";"1.5";"0.09";"69.81";"0.88";"0.0";"405.54";"0.75";"6.89";"1.22";"22.66";"14.63";"18.23";"12.68";"15.06";"8.94";"0.84";"0.0";"";"0";"0.0";"0.0";"0.0";"0.0";"0.0";"0.0";"0.0";"0.0";"0.0";"0.0";"0.0";"0.0";"0.0";"0.0";"0.0";"0.0"
"Strategy 2.10.469";"";"0.81";"NDXm_TICK_UTCPlus02";"M15";"2510.22";"";"2308";"1.13";"1.24";"0.07";"62.76";"0.84";"0.0";"469.3";"0.81";"5.35";"1.35";"20.88";"15.0";"23.58";"18.78";"20.93";"14.33";"0.81";"0.0";"";"0";"0.0";"0.0";"0.0";"0.0";"0.0";"0.0";"0.0";"0.0";"0.0";"0.0";"0.0";"0.0";"0.0";"0.0";"0.0";"0.0"
"Strategy 2.10.482";"";"0.82";"NDXm_TICK_UTCPlus02";"M15";"2531.58";"";"2891";"1.12";"1.28";"0.06";"63.29";"0.87";"0.0";"423.31";"1.03";"5.98";"1.14";"16.28";"14.99";"18.48";"15.98";"17.24";"13.89";"0.82";"0.0";"";"0";"0.0";"0.0";"0.0";"0.0";"0.0";"0.0";"0.0";"0.0";"0.0";"0.0";"0.0";"0.0";"0.0";"0.0";"0.0";"0.0"
"Strategy 2.10.506";"";"0.83";"NDXm_TICK_UTCPlus02";"M15";"2289.07";"";"2616";"1.14";"1.37";"0.06";"57.23";"0.82";"0.0";"357.67";"1.32";"6.4";"1.1";"12.74";"14.83";"11.94";"12.53";"12.2";"8.83";"0.83";"0.0";"";"0";"0.0";"0.0";"0.0";"0.0";"0.0";"0.0";"0.0";"0.0";"0.0";"0.0";"0.0";"0.0";"0.0";"0.0";"0.0";"0.0"
"Strategy 2.10.515";"";"0.8";"NDXm_TICK_UTCPlus02";"M15";"2017.94";"";"1780";"1.13";"1.06";"0.08";"50.45";"0.78";"0.0";"389.98";"0.66";"5.17";"1.39";"25.33";"14.77";"22.7";"15.29";"18.23";"11.11";"0.8";"0.0";"";"0";"0.0";"0.0";"0.0";"0.0";"0.0";"0.0";"0.0";"0.0";"0.0";"0.0";"0.0";"0.0";"0.0";"0.0";"0.0";"0.0"
"Strategy 2.10.555";"";"0.67";"NDXm_TICK_UTCPlus02";"M15";"646.12";"";"794";"1.11";"0.65";"0.05";"16.15";"0.78";"0.0";"284.61";"1.04";"2.27";"0.8";"15.89";"14.88";"18.72";"16.72";"17.74";"4.22";"0.67";"0.0";"";"0";"0.0";"0.0";"0.0";"0.0";"0.0";"0.0";"0.0";"0.0";"0.0";"0.0";"0.0";"0.0";"0.0";"0.0";"0.0";"0.0"
"Strategy 2.10.534";"";"0.82";"NDXm_TICK_UTCPlus02";"M15";"1996.54";"";"1529";"1.2";"1.5";"0.08";"49.91";"0.75";"0.0";"358.67";"1.39";"5.57";"1.05";"13.32";"15.39";"17.1";"16.66";"16.92";"11.11";"0.82";"0.0";"";"0";"0.0";"0.0";"0.0";"0.0";"0.0";"0.0";"0.0";"0.0";"0.0";"0.0";"0.0";"0.0";"0.0";"0.0";"0.0";"0.0"
"Strategy 2.10.504";"";"0.73";"NDXm_TICK_UTCPlus02";"M15";"2494.43";"";"1882";"1.15";"1.28";"0.09";"62.36";"0.61";"0.0";"781.02";"0.66";"3.19";"1.97";"26.24";"15.04";"33.57";"22.19";"26.7";"11.33";"0.73";"0.0";"";"0";"0.0";"0.0";"0.0";"0.0";"0.0";"0.0";"0.0";"0.0";"0.0";"0.0";"0.0";"0.0";"0.0";"0.0";"0.0";"0.0"
"Strategy 2.10.570";"";"0.71";"NDXm_TICK_UTCPlus02";"M15";"575.1";"";"486";"1.17";"0.72";"0.08";"14.38";"0.76";"0.0";"207.85";"1.09";"2.77";"0.63";"15.97";"14.87";"18.67";"17.52";"18.12";"1.72";"0.71";"0.0";"";"0";"0.0";"0.0";"0.0";"0.0";"0.0";"0.0";"0.0";"0.0";"0.0";"0.0";"0.0";"0.0";"0.0";"0.0";"0.0";"0.0"
"Strategy 2.10.548";"";"0.67";"NDXm_TICK_UTCPlus02";"M15";"892.36";"";"1050";"1.11";"0.7";"0.06";"22.31";"0.73";"0.0";"401.16";"0.93";"2.22";"0.65";"18.1";"15.2";"33.66";"29.77";"31.65";"10.89";"0.67";"0.0";"";"0";"0.0";"0.0";"0.0";"0.0";"0.0";"0.0";"0.0";"0.0";"0.0";"0.0";"0.0";"0.0";"0.0";"0.0";"0.0";"0.0"
"Strategy 3.11.304";"";"0.78";"NDXm_TICK_UTCPlus02";"M15";"907.74";"";"747";"1.15";"0.82";"0.08";"22.69";"0.74";"0.0";"203.03";"0.84";"4.47";"1.5";"20.41";"14.82";"17.3";"12.65";"14.77";"2.89";"0.78";"0.0";"";"0";"0.0";"0.0";"0.0";"0.0";"0.0";"0.0";"0.0";"0.0";"0.0";"0.0";"0.0";"0.0";"0.0";"0.0";"0.0";"0.0"
"Strategy 2.10.566";"";"0.75";"NDXm_TICK_UTCPlus02";"M15";"1160.82";"";"847";"1.16";"0.95";"0.09";"29.02";"0.84";"0.0";"315.0";"0.8";"3.69";"1.54";"21.91";"15.03";"28.78";"23.78";"26.0";"3.56";"0.75";"0.0";"";"0";"0.0";"0.0";"0.0";"0.0";"0.0";"0.0";"0.0";"0.0";"0.0";"0.0";"0.0";"0.0";"0.0";"0.0";"0.0";"0.0"
"Strategy 2.10.569";"";"0.75";"NDXm_TICK_UTCPlus02";"M15";"1121.96";"";"1102";"1.15";"1.0";"0.07";"28.05";"0.68";"0.0";"310.41";"1.2";"3.61";"1.57";"14.3";"14.91";"23.29";"22.63";"22.99";"7.61";"0.75";"0.0";"";"0";"0.0";"0.0";"0.0";"0.0";"0.0";"0.0";"0.0";"0.0";"0.0";"0.0";"0.0";"0.0";"0.0";"0.0";"0.0";"0.0"
"Strategy 2.10.547";"";"0.81";"NDXm_TICK_UTCPlus02";"M15";"2176.66";"";"2757";"1.12";"1.25";"0.05";"54.42";"0.78";"0.0";"416.83";"1.31";"5.22";"0.96";"12.85";"15.0";"13.59";"13.78";"13.67";"11.39";"0.81";"0.0";"";"0";"0.0";"0.0";"0.0";"0.0";"0.0";"0.0";"0.0";"0.0";"0.0";"0.0";"0.0";"0.0";"0.0";"0.0";"0.0";"0.0"
"Strategy 2.10.575";"";"0.69";"NDXm_TICK_UTCPlus02";"M15";"803.02";"";"710";"1.13";"0.71";"0.07";"20.08";"0.85";"0.0";"320.6";"0.76";"2.5";"0.68";"22.81";"15.38";"51.13";"39.13";"44.32";"9.28";"0.69";"0.0";"";"0";"0.0";"0.0";"0.0";"0.0";"0.0";"0.0";"0.0";"0.0";"0.0";"0.0";"0.0";"0.0";"0.0";"0.0";"0.0";"0.0"
"Strategy 2.10.542";"";"0.82";"NDXm_TICK_UTCPlus02";"M15";"2724.4";"";"2856";"1.13";"1.42";"0.06";"68.1";"0.85";"0.0";"471.94";"0.97";"5.77";"1.83";"17.43";"14.96";"21.96";"18.06";"19.97";"15.61";"0.82";"0.0";"";"0";"0.0";"0.0";"0.0";"0.0";"0.0";"0.0";"0.0";"0.0";"0.0";"0.0";"0.0";"0.0";"0.0";"0.0";"0.0";"0.0"
"Strategy 2.10.572";"";"0.86";"NDXm_TICK_UTCPlus02";"M15";"2593.74";"";"2329";"1.14";"1.4";"0.07";"64.84";"0.75";"0.0";"333.62";"0.94";"7.77";"1.41";"18.28";"15.06";"19.95";"16.76";"18.31";"12.33";"0.86";"0.0";"";"0";"0.0";"0.0";"0.0";"0.0";"0.0";"0.0";"0.0";"0.0";"0.0";"0.0";"0.0";"0.0";"0.0";"0.0";"0.0";"0.0"
"Strategy 3.11.308";"";"0.82";"NDXm_TICK_UTCPlus02";"M15";"1938.2";"";"2189";"1.11";"1.08";"0.06";"48.45";"0.89";"0.0";"327.94";"0.86";"5.91";"1.22";"19.08";"14.85";"19.47";"15.24";"17.2";"11.39";"0.82";"0.0";"";"0";"0.0";"0.0";"0.0";"0.0";"0.0";"0.0";"0.0";"0.0";"0.0";"0.0";"0.0";"0.0";"0.0";"0.0";"0.0";"0.0"
"Strategy 2.10.573";"";"0.77";"NDXm_TICK_UTCPlus02";"M15";"2265.71";"";"2187";"1.11";"1.02";"0.07";"56.64";"0.78";"0.0";"543.2";"0.61";"4.17";"1.22";"27.21";"15.03";"29.77";"19.19";"23.22";"17.28";"0.77";"0.0";"";"0";"0.0";"0.0";"0.0";"0.0";"0.0";"0.0";"0.0";"0.0";"0.0";"0.0";"0.0";"0.0";"0.0";"0.0";"0.0";"0.0"
"Strategy 3.11.383";"";"0.79";"NDXm_TICK_UTCPlus02";"M15";"1049.57";"";"705";"1.18";"0.92";"0.1";"26.24";"0.68";"0.0";"228.62";"0.72";"4.59";"0.92";"23.68";"14.38";"17.54";"10.82";"13.62";"1.72";"0.79";"0.0";"";"0";"0.0";"0.0";"0.0";"0.0";"0.0";"0.0";"0.0";"0.0";"0.0";"0.0";"0.0";"0.0";"0.0";"0.0";"0.0";"0.0"
"Strategy 3.11.352";"";"0.85";"NDXm_TICK_UTCPlus02";"M15";"2897.97";"";"2543";"1.14";"1.36";"0.08";"72.45";"0.9";"0.0";"400.0";"0.71";"7.24";"1.67";"22.93";"14.26";"15.32";"10.06";"12.24";"9.06";"0.85";"0.0";"";"0";"0.0";"0.0";"0.0";"0.0";"0.0";"0.0";"0.0";"0.0";"0.0";"0.0";"0.0";"0.0";"0.0";"0.0";"0.0";"0.0"
"Strategy 3.11.377";"";"0.71";"NDXm_TICK_UTCPlus02";"M15";"984.09";"";"992";"1.11";"0.72";"0.07";"24.6";"0.81";"0.0";"352.04";"0.7";"2.8";"0.8";"23.96";"15.05";"30.65";"21.64";"25.34";"8.39";"0.71";"0.0";"";"0";"0.0";"0.0";"0.0";"0.0";"0.0";"0.0";"0.0";"0.0";"0.0";"0.0";"0.0";"0.0";"0.0";"0.0";"0.0";"0.0"
"Strategy 3.11.398";"";"0.76";"NDXm_TICK_UTCPlus02";"M15";"1389.88";"";"1234";"1.14";"1.0";"0.07";"34.75";"0.81";"0.0";"366.64";"0.88";"3.79";"0.88";"19.66";"15.15";"19.75";"15.1";"17.27";"9.61";"0.76";"0.0";"";"0";"0.0";"0.0";"0.0";"0.0";"0.0";"0.0";"0.0";"0.0";"0.0";"0.0";"0.0";"0.0";"0.0";"0.0";"0.0";"0.0"
"Strategy 3.11.406";"";"0.78";"NDXm_TICK_UTCPlus02";"M15";"1682.44";"";"1887";"1.11";"0.94";"0.06";"42.07";"0.81";"0.0";"386.86";"0.78";"4.35";"1.22";"20.87";"14.6";"17.16";"11.97";"14.24";"8.94";"0.78";"0.0";"";"0";"0.0";"0.0";"0.0";"0.0";"0.0";"0.0";"0.0";"0.0";"0.0";"0.0";"0.0";"0.0";"0.0";"0.0";"0.0";"0.0"
"Strategy 3.11.374";"";"0.8";"NDXm_TICK_UTCPlus02";"M15";"1573.01";"";"2084";"1.11";"1.05";"0.05";"39.32";"0.87";"0.0";"306.73";"1.17";"5.13";"0.95";"14.21";"14.94";"19.45";"17.99";"18.78";"11.39";"0.8";"0.0";"";"0";"0.0";"0.0";"0.0";"0.0";"0.0";"0.0";"0.0";"0.0";"0.0";"0.0";"0.0";"0.0";"0.0";"0.0";"0.0";"0.0"
"Strategy 3.11.495";"";"0.87";"NDXm_TICK_UTCPlus02";"M15";"2564.24";"";"952";"1.33";"1.88";"0.18";"64.1";"0.9";"0.0";"290.03";"0.83";"8.84";"3.95";"23.68";"14.74";"18.19";"13.31";"15.52";"3.39";"0.87";"0.0";"";"0";"0.0";"0.0";"0.0";"0.0";"0.0";"0.0";"0.0";"0.0";"0.0";"0.0";"0.0";"0.0";"0.0";"0.0";"0.0";"0.0"
"Strategy 3.11.513";"";"0.9";"NDXm_TICK_UTCPlus02";"M15";"2774.72";"";"958";"1.34";"1.85";"0.2";"69.37";"0.9";"0.0";"228.66";"0.69";"12.13";"4.85";"28.09";"14.48";"18.72";"12.38";"14.97";"3.5";"0.9";"0.0";"";"0";"0.0";"0.0";"0.0";"0.0";"0.0";"0.0";"0.0";"0.0";"0.0";"0.0";"0.0";"0.0";"0.0";"0.0";"0.0";"0.0"
"Strategy 3.11.550";"";"0.74";"NDXm_TICK_UTCPlus02";"M15";"877.04";"";"470";"1.33";"1.36";"0.13";"21.93";"0.77";"0.0";"254.88";"1.6";"3.44";"1.35";"12.28";"14.76";"15.32";"16.3";"15.7";"1.83";"0.74";"0.0";"";"0";"0.0";"0.0";"0.0";"0.0";"0.0";"0.0";"0.0";"0.0";"0.0";"0.0";"0.0";"0.0";"0.0";"0.0";"0.0";"0.0"
"Strategy 3.11.545";"";"0.88";"NDXm_TICK_UTCPlus02";"M15";"1541.3";"";"583";"1.34";"1.53";"0.18";"38.53";"0.81";"0.0";"154.05";"0.91";"10.01";"2.37";"21.89";"14.78";"23.51";"16.8";"19.99";"3.17";"0.88";"0.0";"";"0";"0.0";"0.0";"0.0";"0.0";"0.0";"0.0";"0.0";"0.0";"0.0";"0.0";"0.0";"0.0";"0.0";"0.0";"0.0";"0.0"
"Strategy 3.11.470";"";"0.8";"NDXm_TICK_UTCPlus02";"M15";"1885.55";"";"1501";"1.14";"1.09";"0.08";"47.14";"0.75";"0.0";"366.97";"0.68";"5.14";"1.09";"25.03";"14.88";"32.39";"20.39";"25.24";"13.11";"0.8";"0.0";"";"0";"0.0";"0.0";"0.0";"0.0";"0.0";"0.0";"0.0";"0.0";"0.0";"0.0";"0.0";"0.0";"0.0";"0.0";"0.0";"0.0"
"Strategy 3.11.537";"";"0.84";"NDXm_TICK_UTCPlus02";"M15";"2432.88";"";"988";"1.27";"1.61";"0.17";"60.82";"0.8";"0.0";"362.4";"0.63";"6.71";"2.15";"29.71";"14.79";"25.99";"16.21";"20.0";"5.22";"0.84";"0.0";"";"0";"0.0";"0.0";"0.0";"0.0";"0.0";"0.0";"0.0";"0.0";"0.0";"0.0";"0.0";"0.0";"0.0";"0.0";"0.0";"0.0"
"Strategy 3.11.556";"";"0.77";"NDXm_TICK_UTCPlus02";"M15";"802.56";"";"1012";"1.13";"0.83";"0.05";"20.07";"0.79";"0.0";"198.41";"1.36";"4.04";"0.95";"12.2";"14.77";"13.64";"15.55";"14.45";"2.72";"0.77";"0.0";"";"0";"0.0";"0.0";"0.0";"0.0";"0.0";"0.0";"0.0";"0.0";"0.0";"0.0";"0.0";"0.0";"0.0";"0.0";"0.0";"0.0"
"Strategy 3.11.535";"";"0.7";"NDXm_TICK_UTCPlus02";"M15";"798.99";"";"869";"1.11";"0.66";"0.06";"19.97";"0.77";"0.0";"304.05";"0.76";"2.63";"0.69";"22.18";"15.14";"31.18";"16.77";"22.97";"7.0";"0.7";"0.0";"";"0";"0.0";"0.0";"0.0";"0.0";"0.0";"0.0";"0.0";"0.0";"0.0";"0.0";"0.0";"0.0";"0.0";"0.0";"0.0";"0.0"
"Strategy 3.11.536";"";"0.88";"NDXm_TICK_UTCPlus02";"M15";"2043.58";"";"899";"1.27";"1.56";"0.15";"51.09";"0.9";"0.0";"206.94";"0.8";"9.88";"2.37";"23.73";"14.93";"34.68";"20.59";"26.86";"7.83";"0.88";"0.0";"";"0";"0.0";"0.0";"0.0";"0.0";"0.0";"0.0";"0.0";"0.0";"0.0";"0.0";"0.0";"0.0";"0.0";"0.0";"0.0";"0.0"
"Strategy 3.11.561";"";"0.75";"NDXm_TICK_UTCPlus02";"M15";"1201.98";"";"914";"1.16";"0.96";"0.09";"30.05";"0.79";"0.0";"329.06";"0.79";"3.65";"1.02";"21.18";"14.35";"17.82";"12.42";"14.8";"4.11";"0.75";"0.0";"";"0";"0.0";"0.0";"0.0";"0.0";"0.0";"0.0";"0.0";"0.0";"0.0";"0.0";"0.0";"0.0";"0.0";"0.0";"0.0";"0.0"
"Strategy 3.11.518";"";"0.83";"NDXm_TICK_UTCPlus02";"M15";"2616.61";"";"2207";"1.14";"1.3";"0.08";"65.42";"0.84";"0.0";"407.92";"0.72";"6.41";"1.13";"22.89";"14.53";"14.94";"10.25";"12.22";"7.56";"0.83";"0.0";"";"0";"0.0";"0.0";"0.0";"0.0";"0.0";"0.0";"0.0";"0.0";"0.0";"0.0";"0.0";"0.0";"0.0";"0.0";"0.0";"0.0"
"Strategy 3.11.521";"";"0.85";"NDXm_TICK_UTCPlus02";"M15";"1630.65";"";"833";"1.26";"1.44";"0.13";"40.77";"0.78";"0.0";"223.98";"1.01";"7.28";"2.76";"18.96";"15.25";"39.48";"35.3";"37.41";"5.61";"0.85";"0.0";"";"0";"0.0";"0.0";"0.0";"0.0";"0.0";"0.0";"0.0";"0.0";"0.0";"0.0";"0.0";"0.0";"0.0";"0.0";"0.0";"0.0"
"Strategy 3.11.487";"";"0.82";"NDXm_TICK_UTCPlus02";"M15";"1815.45";"";"2198";"1.12";"1.15";"0.06";"45.39";"0.89";"0.0";"315.17";"1.11";"5.76";"1.06";"15.0";"14.88";"18.62";"16.47";"17.6";"11.78";"0.82";"0.0";"";"0";"0.0";"0.0";"0.0";"0.0";"0.0";"0.0";"0.0";"0.0";"0.0";"0.0";"0.0";"0.0";"0.0";"0.0";"0.0";"0.0"
"Strategy 3.11.568";"";"0.87";"NDXm_TICK_UTCPlus02";"M15";"2291.34";"";"1088";"1.24";"1.51";"0.15";"57.28";"0.86";"0.0";"268.55";"0.65";"8.53";"1.69";"27.83";"14.51";"17.9";"11.67";"14.11";"3.33";"0.87";"0.0";"";"0";"0.0";"0.0";"0.0";"0.0";"0.0";"0.0";"0.0";"0.0";"0.0";"0.0";"0.0";"0.0";"0.0";"0.0";"0.0";"0.0"
"Strategy 3.11.566";"";"0.64";"NDXm_TICK_UTCPlus02";"M15";"698.91";"";"895";"1.11";"0.71";"0.05";"17.47";"0.67";"0.0";"380.1";"1.16";"1.84";"0.53";"14.35";"14.91";"20.93";"16.77";"19.0";"3.94";"0.64";"0.0";"";"0";"0.0";"0.0";"0.0";"0.0";"0.0";"0.0";"0.0";"0.0";"0.0";"0.0";"0.0";"0.0";"0.0";"0.0";"0.0";"0.0"
"Strategy 3.11.570";"";"0.67";"NDXm_TICK_UTCPlus02";"M15";"826.46";"";"955";"1.11";"0.67";"0.06";"20.66";"0.74";"0.0";"377.64";"0.82";"2.19";"0.75";"20.05";"14.85";"23.33";"16.59";"19.63";"5.72";"0.67";"0.0";"";"0";"0.0";"0.0";"0.0";"0.0";"0.0";"0.0";"0.0";"0.0";"0.0";"0.0";"0.0";"0.0";"0.0";"0.0";"0.0";"0.0"
"Strategy 3.11.553";"";"0.73";"NDXm_TICK_UTCPlus02";"M15";"1098.97";"";"1324";"1.11";"0.79";"0.06";"27.48";"0.9";"0.0";"352.13";"0.9";"3.12";"1.03";"18.31";"14.9";"26.39";"20.4";"23.24";"10.89";"0.73";"0.0";"";"0";"0.0";"0.0";"0.0";"0.0";"0.0";"0.0";"0.0";"0.0";"0.0";"0.0";"0.0";"0.0";"0.0";"0.0";"0.0";"0.0"
"Strategy 3.11.546";"";"0.68";"NDXm_TICK_UTCPlus02";"M15";"1544.2";"";"1831";"1.11";"0.94";"0.06";"38.6";"0.77";"0.0";"661.92";"0.91";"2.33";"1.06";"18.22";"14.96";"22.71";"18.01";"20.25";"10.89";"0.68";"0.0";"";"0";"0.0";"0.0";"0.0";"0.0";"0.0";"0.0";"0.0";"0.0";"0.0";"0.0";"0.0";"0.0";"0.0";"0.0";"0.0";"0.0"
"Strategy 3.11.574";"";"0.79";"NDXm_TICK_UTCPlus02";"M15";"1545.31";"";"1665";"1.15";"1.25";"0.06";"38.64";"0.77";"0.0";"338.64";"1.36";"4.56";"1.4";"12.59";"14.88";"16.01";"14.87";"15.52";"6.94";"0.79";"0.0";"";"0";"0.0";"0.0";"0.0";"0.0";"0.0";"0.0";"0.0";"0.0";"0.0";"0.0";"0.0";"0.0";"0.0";"0.0";"0.0";"0.0"
"Strategy 4.9.298";"";"0.86";"NDXm_TICK_UTCPlus02";"M15";"2825.87";"";"1924";"1.18";"1.53";"0.1";"70.65";"0.79";"0.0";"344.47";"0.85";"8.2";"1.83";"21.0";"15.06";"16.68";"11.59";"13.92";"11.06";"0.86";"0.0";"";"0";"0.0";"0.0";"0.0";"0.0";"0.0";"0.0";"0.0";"0.0";"0.0";"0.0";"0.0";"0.0";"0.0";"0.0";"0.0";"0.0"
"Strategy 4.9.362";"";"0.77";"NDXm_TICK_UTCPlus02";"M15";"744.83";"";"465";"1.21";"0.87";"0.11";"18.62";"0.81";"0.0";"186.25";"0.89";"4.0";"0.89";"19.91";"14.7";"25.19";"19.14";"21.99";"1.28";"0.77";"0.0";"";"0";"0.0";"0.0";"0.0";"0.0";"0.0";"0.0";"0.0";"0.0";"0.0";"0.0";"0.0";"0.0";"0.0";"0.0";"0.0";"0.0"
"Strategy 4.9.300";"";"0.83";"NDXm_TICK_UTCPlus02";"M15";"2814.64";"";"2013";"1.16";"1.46";"0.09";"70.37";"0.88";"0.0";"435.93";"0.73";"6.46";"1.22";"23.8";"15.04";"30.96";"21.34";"25.41";"13.5";"0.83";"0.0";"";"0";"0.0";"0.0";"0.0";"0.0";"0.0";"0.0";"0.0";"0.0";"0.0";"0.0";"0.0";"0.0";"0.0";"0.0";"0.0";"0.0"
"Strategy 4.9.335";"";"0.83";"NDXm_TICK_UTCPlus02";"M15";"1766.44";"";"1817";"1.14";"1.21";"0.07";"44.16";"0.78";"0.0";"276.0";"1.17";"6.4";"1.25";"14.53";"14.87";"14.97";"14.53";"14.77";"6.94";"0.83";"0.0";"";"0";"0.0";"0.0";"0.0";"0.0";"0.0";"0.0";"0.0";"0.0";"0.0";"0.0";"0.0";"0.0";"0.0";"0.0";"0.0";"0.0"
"Strategy 4.9.330";"";"0.83";"NDXm_TICK_UTCPlus02";"M15";"2094.53";"";"1817";"1.13";"1.11";"0.08";"52.36";"0.84";"0.0";"323.31";"0.67";"6.48";"1.22";"25.2";"14.85";"22.4";"13.4";"17.0";"9.39";"0.83";"0.0";"";"0";"0.0";"0.0";"0.0";"0.0";"0.0";"0.0";"0.0";"0.0";"0.0";"0.0";"0.0";"0.0";"0.0";"0.0";"0.0";"0.0"
"Strategy 4.9.360";"";"0.76";"NDXm_TICK_UTCPlus02";"M15";"1198.94";"";"1055";"1.15";"0.99";"0.08";"29.98";"0.78";"0.0";"306.75";"0.98";"3.91";"0.78";"17.62";"15.0";"26.83";"22.84";"24.82";"7.5";"0.76";"0.0";"";"0";"0.0";"0.0";"0.0";"0.0";"0.0";"0.0";"0.0";"0.0";"0.0";"0.0";"0.0";"0.0";"0.0";"0.0";"0.0";"0.0"
"Strategy 4.9.340";"";"0.78";"NDXm_TICK_UTCPlus02";"M15";"1474.97";"";"1179";"1.15";"1.02";"0.08";"36.87";"0.87";"0.0";"347.21";"0.84";"4.25";"0.94";"21.12";"15.49";"31.72";"24.52";"27.81";"13.33";"0.78";"0.0";"";"0";"0.0";"0.0";"0.0";"0.0";"0.0";"0.0";"0.0";"0.0";"0.0";"0.0";"0.0";"0.0";"0.0";"0.0";"0.0";"0.0"
"Strategy 4.9.401";"";"0.74";"NDXm_TICK_UTCPlus02";"M15";"1005.2";"";"751";"1.17";"0.95";"0.09";"25.13";"0.82";"0.0";"297.21";"0.92";"3.38";"0.73";"19.04";"14.96";"25.51";"21.29";"23.31";"1.89";"0.74";"0.0";"";"0";"0.0";"0.0";"0.0";"0.0";"0.0";"0.0";"0.0";"0.0";"0.0";"0.0";"0.0";"0.0";"0.0";"0.0";"0.0";"0.0"
"Strategy 4.9.443";"";"0.64";"NDXm_TICK_UTCPlus02";"M15";"417.58";"";"391";"1.17";"0.7";"0.07";"10.44";"0.73";"0.0";"220.28";"1.36";"1.9";"0.67";"12.63";"14.6";"17.51";"16.54";"17.1";"0.78";"0.64";"0.0";"";"0";"0.0";"0.0";"0.0";"0.0";"0.0";"0.0";"0.0";"0.0";"0.0";"0.0";"0.0";"0.0";"0.0";"0.0";"0.0";"0.0"
"Strategy 4.9.437";"";"0.73";"NDXm_TICK_UTCPlus02";"M15";"821.83";"";"653";"1.18";"0.89";"0.09";"20.55";"0.78";"0.0";"251.62";"1.05";"3.27";"0.96";"16.42";"14.71";"20.95";"18.94";"19.97";"4.06";"0.73";"0.0";"";"0";"0.0";"0.0";"0.0";"0.0";"0.0";"0.0";"0.0";"0.0";"0.0";"0.0";"0.0";"0.0";"0.0";"0.0";"0.0";"0.0"
"Strategy 4.9.415";"";"0.74";"NDXm_TICK_UTCPlus02";"M15";"1520.38";"";"1292";"1.15";"1.1";"0.08";"38.01";"0.73";"0.0";"440.91";"0.82";"3.45";"0.98";"20.44";"14.71";"22.62";"17.56";"19.85";"0.5";"0.74";"0.0";"";"0";"0.0";"0.0";"0.0";"0.0";"0.0";"0.0";"0.0";"0.0";"0.0";"0.0";"0.0";"0.0";"0.0";"0.0";"0.0";"0.0"
"Strategy 4.9.408";"";"0.83";"NDXm_TICK_UTCPlus02";"M15";"2308.83";"";"1971";"1.14";"1.24";"0.08";"57.72";"0.89";"0.0";"374.26";"0.77";"6.17";"1.16";"22.14";"15.03";"25.29";"18.81";"21.63";"12.17";"0.83";"0.0";"";"0";"0.0";"0.0";"0.0";"0.0";"0.0";"0.0";"0.0";"0.0";"0.0";"0.0";"0.0";"0.0";"0.0";"0.0";"0.0";"0.0"
"Strategy 4.9.481";"";"0.89";"NDXm_TICK_UTCPlus02";"M15";"1330.5";"";"436";"1.43";"1.58";"0.21";"33.26";"0.86";"0.0";"119.98";"1.03";"11.09";"3.26";"20.16";"14.54";"20.94";"16.39";"18.7";"0.28";"0.89";"0.0";"";"0";"0.0";"0.0";"0.0";"0.0";"0.0";"0.0";"0.0";"0.0";"0.0";"0.0";"0.0";"0.0";"0.0";"0.0";"0.0";"0.0"
"Strategy 4.9.426";"";"0.84";"NDXm_TICK_UTCPlus02";"M15";"2824.8";"";"2338";"1.14";"1.3";"0.08";"70.63";"0.87";"0.0";"416.49";"0.67";"6.78";"1.83";"24.95";"14.58";"21.09";"13.63";"16.61";"11.44";"0.84";"0.0";"";"0";"0.0";"0.0";"0.0";"0.0";"0.0";"0.0";"0.0";"0.0";"0.0";"0.0";"0.0";"0.0";"0.0";"0.0";"0.0";"0.0"
"Strategy 4.9.434";"";"0.82";"NDXm_TICK_UTCPlus02";"M15";"2164.54";"";"2302";"1.13";"1.24";"0.06";"54.11";"0.82";"0.0";"363.74";"1.04";"5.95";"1.2";"16.31";"15.03";"19.16";"16.32";"17.77";"12.78";"0.82";"0.0";"";"0";"0.0";"0.0";"0.0";"0.0";"0.0";"0.0";"0.0";"0.0";"0.0";"0.0";"0.0";"0.0";"0.0";"0.0";"0.0";"0.0"
"Strategy 4.9.412";"";"0.8";"NDXm_TICK_UTCPlus02";"M15";"2080.6";"";"2802";"1.12";"1.26";"0.05";"52.01";"0.85";"0.0";"421.84";"1.38";"4.93";"1.03";"12.16";"15.04";"19.46";"19.36";"19.42";"15.0";"0.8";"0.0";"";"0";"0.0";"0.0";"0.0";"0.0";"0.0";"0.0";"0.0";"0.0";"0.0";"0.0";"0.0";"0.0";"0.0";"0.0";"0.0";"0.0"
"Strategy 4.9.479";"";"0.73";"NDXm_TICK_UTCPlus02";"M15";"1161.97";"";"1043";"1.12";"0.82";"0.08";"29.05";"0.64";"0.0";"370.7";"0.66";"3.13";"1.25";"25.27";"14.85";"27.74";"16.61";"21.04";"6.28";"0.73";"0.0";"";"0";"0.0";"0.0";"0.0";"0.0";"0.0";"0.0";"0.0";"0.0";"0.0";"0.0";"0.0";"0.0";"0.0";"0.0";"0.0";"0.0"
"Strategy 4.9.473";"";"0.73";"NDXm_TICK_UTCPlus02";"M15";"865.95";"";"849";"1.13";"0.79";"0.07";"21.65";"0.82";"0.0";"274.88";"0.93";"3.15";"0.84";"18.59";"15.39";"34.5";"23.81";"28.97";"9.11";"0.73";"0.0";"";"0";"0.0";"0.0";"0.0";"0.0";"0.0";"0.0";"0.0";"0.0";"0.0";"0.0";"0.0";"0.0";"0.0";"0.0";"0.0";"0.0"
"Strategy 4.9.438";"";"0.79";"NDXm_TICK_UTCPlus02";"M15";"2413.23";"";"2648";"1.14";"1.45";"0.06";"60.33";"0.86";"0.0";"531.68";"1.37";"4.54";"2.39";"12.46";"14.96";"15.9";"16.81";"16.28";"11.44";"0.79";"0.0";"";"0";"0.0";"0.0";"0.0";"0.0";"0.0";"0.0";"0.0";"0.0";"0.0";"0.0";"0.0";"0.0";"0.0";"0.0";"0.0";"0.0"
"Strategy 4.9.452";"";"0.84";"NDXm_TICK_UTCPlus02";"M15";"1904.24";"";"1315";"1.17";"1.25";"0.09";"47.6";"0.87";"0.0";"292.59";"0.85";"6.51";"1.65";"21.41";"15.51";"37.13";"26.81";"31.55";"18.72";"0.84";"0.0";"";"0";"0.0";"0.0";"0.0";"0.0";"0.0";"0.0";"0.0";"0.0";"0.0";"0.0";"0.0";"0.0";"0.0";"0.0";"0.0";"0.0"
"Strategy 4.9.476";"";"0.87";"NDXm_TICK_UTCPlus02";"M15";"2070.75";"";"1710";"1.2";"1.57";"0.08";"51.77";"0.86";"0.0";"227.99";"1.44";"9.08";"1.85";"12.46";"14.99";"17.05";"17.43";"17.21";"9.28";"0.87";"0.0";"";"0";"0.0";"0.0";"0.0";"0.0";"0.0";"0.0";"0.0";"0.0";"0.0";"0.0";"0.0";"0.0";"0.0";"0.0";"0.0";"0.0"
"Strategy 4.9.493";"";"0.68";"NDXm_TICK_UTCPlus02";"M15";"1171.36";"";"1316";"1.11";"0.81";"0.06";"29.29";"0.67";"0.0";"492.55";"0.71";"2.38";"1.13";"22.3";"14.39";"19.14";"13.2";"15.67";"0.94";"0.68";"0.0";"";"0";"0.0";"0.0";"0.0";"0.0";"0.0";"0.0";"0.0";"0.0";"0.0";"0.0";"0.0";"0.0";"0.0";"0.0";"0.0";"0.0"
"Strategy 4.9.455";"";"0.86";"NDXm_TICK_UTCPlus02";"M15";"4012.19";"";"3196";"1.14";"1.49";"0.09";"100.3";"0.86";"0.0";"497.93";"0.62";"8.06";"2.07";"26.66";"14.51";"19.69";"11.98";"14.93";"13.78";"0.86";"0.0";"";"0";"0.0";"0.0";"0.0";"0.0";"0.0";"0.0";"0.0";"0.0";"0.0";"0.0";"0.0";"0.0";"0.0";"0.0";"0.0";"0.0"
"Strategy 4.9.498";"";"0.84";"NDXm_TICK_UTCPlus02";"M15";"2402.56";"";"1826";"1.16";"1.34";"0.09";"60.06";"0.82";"0.0";"360.26";"0.84";"6.67";"1.59";"20.83";"15.02";"16.44";"11.26";"13.62";"10.33";"0.84";"0.0";"";"0";"0.0";"0.0";"0.0";"0.0";"0.0";"0.0";"0.0";"0.0";"0.0";"0.0";"0.0";"0.0";"0.0";"0.0";"0.0";"0.0"
"Strategy 4.9.484";"";"0.75";"NDXm_TICK_UTCPlus02";"M15";"2149.48";"";"1996";"1.12";"1.03";"0.07";"53.73";"0.79";"0.0";"583.28";"0.67";"3.69";"1.16";"25.51";"15.33";"27.36";"17.12";"21.23";"16.33";"0.75";"0.0";"";"0";"0.0";"0.0";"0.0";"0.0";"0.0";"0.0";"0.0";"0.0";"0.0";"0.0";"0.0";"0.0";"0.0";"0.0";"0.0";"0.0"
"Strategy 4.9.494";"";"0.8";"NDXm_TICK_UTCPlus02";"M15";"1700.1";"";"1541";"1.15";"1.19";"0.07";"42.5";"0.83";"0.0";"342.02";"1.12";"4.97";"1.08";"15.81";"15.41";"20.77";"20.28";"20.54";"14.0";"0.8";"0.0";"";"0";"0.0";"0.0";"0.0";"0.0";"0.0";"0.0";"0.0";"0.0";"0.0";"0.0";"0.0";"0.0";"0.0";"0.0";"0.0";"0.0"
"Strategy 4.9.520";"";"0.73";"NDXm_TICK_UTCPlus02";"M15";"921.34";"";"635";"1.2";"1.03";"0.09";"23.04";"0.83";"0.0";"286.4";"1.14";"3.22";"0.63";"16.22";"15.36";"38.14";"29.94";"34.31";"9.33";"0.73";"0.0";"";"0";"0.0";"0.0";"0.0";"0.0";"0.0";"0.0";"0.0";"0.0";"0.0";"0.0";"0.0";"0.0";"0.0";"0.0";"0.0";"0.0"
"Strategy 4.9.525";"";"0.78";"NDXm_TICK_UTCPlus02";"M15";"1585.4";"";"1413";"1.14";"1.15";"0.08";"39.64";"0.79";"0.0";"364.0";"0.86";"4.36";"0.98";"19.41";"14.68";"18.67";"13.72";"16.01";"0.39";"0.78";"0.0";"";"0";"0.0";"0.0";"0.0";"0.0";"0.0";"0.0";"0.0";"0.0";"0.0";"0.0";"0.0";"0.0";"0.0";"0.0";"0.0";"0.0"
"Strategy 4.9.512";"";"0.84";"NDXm_TICK_UTCPlus02";"M15";"2749.57";"";"2016";"1.17";"1.47";"0.09";"68.74";"0.84";"0.0";"410.84";"0.85";"6.69";"1.15";"20.75";"15.04";"23.57";"17.37";"20.22";"11.61";"0.84";"0.0";"";"0";"0.0";"0.0";"0.0";"0.0";"0.0";"0.0";"0.0";"0.0";"0.0";"0.0";"0.0";"0.0";"0.0";"0.0";"0.0";"0.0"
"Strategy 4.9.519";"";"0.78";"NDXm_TICK_UTCPlus02";"M15";"1894.27";"";"1280";"1.16";"1.15";"0.09";"47.36";"0.84";"0.0";"428.59";"0.73";"4.42";"1.04";"24.75";"15.61";"38.06";"27.51";"31.98";"18.17";"0.78";"0.0";"";"0";"0.0";"0.0";"0.0";"0.0";"0.0";"0.0";"0.0";"0.0";"0.0";"0.0";"0.0";"0.0";"0.0";"0.0";"0.0";"0.0"
"Strategy 4.9.552";"";"0.73";"NDXm_TICK_UTCPlus02";"M15";"1026.64";"";"1049";"1.11";"0.74";"0.07";"25.66";"0.73";"0.0";"317.08";"0.67";"3.24";"1.35";"24.38";"14.71";"23.66";"15.39";"18.71";"4.72";"0.73";"0.0";"";"0";"0.0";"0.0";"0.0";"0.0";"0.0";"0.0";"0.0";"0.0";"0.0";"0.0";"0.0";"0.0";"0.0";"0.0";"0.0";"0.0"
"Strategy 4.9.513";"";"0.89";"NDXm_TICK_UTCPlus02";"M15";"3905.86";"";"2793";"1.17";"1.68";"0.1";"97.65";"0.91";"0.0";"378.29";"0.72";"10.33";"1.83";"23.5";"14.6";"19.4";"12.9";"15.63";"13.28";"0.89";"0.0";"";"0";"0.0";"0.0";"0.0";"0.0";"0.0";"0.0";"0.0";"0.0";"0.0";"0.0";"0.0";"0.0";"0.0";"0.0";"0.0";"0.0"
"Strategy 4.9.515";"";"0.76";"NDXm_TICK_UTCPlus02";"M15";"2342.66";"";"2974";"1.11";"1.23";"0.05";"58.57";"0.82";"0.0";"610.58";"1.03";"3.84";"1.15";"15.73";"14.58";"12.72";"11.07";"11.91";"11.33";"0.76";"0.0";"";"0";"0.0";"0.0";"0.0";"0.0";"0.0";"0.0";"0.0";"0.0";"0.0";"0.0";"0.0";"0.0";"0.0";"0.0";"0.0";"0.0"
"Strategy 4.9.547";"";"0.78";"NDXm_TICK_UTCPlus02";"M15";"1926.3";"";"2113";"1.11";"1.07";"0.06";"48.16";"0.77";"0.0";"443.56";"0.8";"4.34";"0.93";"20.39";"14.61";"20.79";"15.71";"17.96";"0.72";"0.78";"0.0";"";"0";"0.0";"0.0";"0.0";"0.0";"0.0";"0.0";"0.0";"0.0";"0.0";"0.0";"0.0";"0.0";"0.0";"0.0";"0.0";"0.0"
"Strategy 4.9.572";"";"0.85";"NDXm_TICK_UTCPlus02";"M15";"1915.19";"";"926";"1.24";"1.43";"0.14";"47.88";"0.93";"0.0";"263.36";"0.74";"7.27";"1.47";"24.87";"14.89";"28.72";"21.11";"24.36";"6.33";"0.85";"0.0";"";"0";"0.0";"0.0";"0.0";"0.0";"0.0";"0.0";"0.0";"0.0";"0.0";"0.0";"0.0";"0.0";"0.0";"0.0";"0.0";"0.0"
"Strategy 4.9.551";"";"0.81";"NDXm_TICK_UTCPlus02";"M15";"1794.63";"";"2195";"1.11";"1.05";"0.05";"44.87";"0.77";"0.0";"345.85";"1.02";"5.19";"1.1";"16.33";"15.08";"18.83";"16.29";"17.57";"12.11";"0.81";"0.0";"";"0";"0.0";"0.0";"0.0";"0.0";"0.0";"0.0";"0.0";"0.0";"0.0";"0.0";"0.0";"0.0";"0.0";"0.0";"0.0";"0.0"
"Strategy 4.9.570";"";"0.85";"NDXm_TICK_UTCPlus02";"M15";"1994.49";"";"1662";"1.19";"1.48";"0.08";"49.86";"0.81";"0.0";"261.59";"1.38";"7.62";"1.52";"12.94";"14.98";"17.02";"15.97";"16.58";"8.78";"0.85";"0.0";"";"0";"0.0";"0.0";"0.0";"0.0";"0.0";"0.0";"0.0";"0.0";"0.0";"0.0";"0.0";"0.0";"0.0";"0.0";"0.0";"0.0"
"Strategy 4.9.573";"";"0.75";"NDXm_TICK_UTCPlus02";"M15";"2203.24";"";"1506";"1.16";"1.2";"0.1";"55.08";"0.86";"0.0";"596.09";"0.63";"3.7";"1.31";"27.41";"14.97";"27.65";"17.84";"21.64";"9.89";"0.75";"0.0";"";"0";"0.0";"0.0";"0.0";"0.0";"0.0";"0.0";"0.0";"0.0";"0.0";"0.0";"0.0";"0.0";"0.0";"0.0";"0.0";"0.0"
"Strategy 4.9.567";"";"0.7";"NDXm_TICK_UTCPlus02";"M15";"1268.78";"";"1235";"1.11";"0.8";"0.07";"31.72";"0.8";"0.0";"473.49";"0.7";"2.68";"0.73";"24.72";"15.53";"37.34";"27.49";"31.54";"16.83";"0.7";"0.0";"";"0";"0.0";"0.0";"0.0";"0.0";"0.0";"0.0";"0.0";"0.0";"0.0";"0.0";"0.0";"0.0";"0.0";"0.0";"0.0";"0.0"
"Strategy 4.9.566";"";"0.78";"NDXm_TICK_UTCPlus02";"M15";"2309.98";"";"2420";"1.11";"1.08";"0.06";"57.75";"0.78";"0.0";"518.63";"0.72";"4.45";"1.02";"22.88";"14.89";"24.15";"16.43";"19.67";"14.44";"0.78";"0.0";"";"0";"0.0";"0.0";"0.0";"0.0";"0.0";"0.0";"0.0";"0.0";"0.0";"0.0";"0.0";"0.0";"0.0";"0.0";"0.0";"0.0"
"Strategy 4.9.584";"";"0.86";"NDXm_TICK_UTCPlus02";"M15";"2462.21";"";"1756";"1.16";"1.41";"0.09";"61.55";"0.89";"0.0";"309.72";"0.72";"7.95";"1.7";"24.02";"14.84";"24.43";"14.57";"18.69";"8.06";"0.86";"0.0";"";"0";"0.0";"0.0";"0.0";"0.0";"0.0";"0.0";"0.0";"0.0";"0.0";"0.0";"0.0";"0.0";"0.0";"0.0";"0.0";"0.0"
"Strategy 4.9.571";"";"0.85";"NDXm_TICK_UTCPlus02";"M15";"3294.59";"";"2987";"1.13";"1.35";"0.08";"82.36";"0.9";"0.0";"451.03";"0.67";"7.3";"2.54";"24.41";"14.42";"18.34";"11.11";"14.0";"11.83";"0.85";"0.0";"";"0";"0.0";"0.0";"0.0";"0.0";"0.0";"0.0";"0.0";"0.0";"0.0";"0.0";"0.0";"0.0";"0.0";"0.0";"0.0";"0.0"
"Strategy 1.12.297";"";"0.8";"NDXm_TICK_UTCPlus02";"M15";"1960.35";"";"2136";"1.11";"1.06";"0.06";"49.01";"0.84";"0.0";"386.84";"0.85";"5.07";"1.0";"19.78";"15.13";"24.02";"19.75";"21.71";"12.44";"0.8";"0.0";"";"0";"0.0";"0.0";"0.0";"0.0";"0.0";"0.0";"0.0";"0.0";"0.0";"0.0";"0.0";"0.0";"0.0";"0.0";"0.0";"0.0"
"Strategy 1.12.320";"";"0.83";"NDXm_TICK_UTCPlus02";"M15";"1828.52";"";"1967";"1.13";"1.21";"0.06";"45.71";"0.71";"0.0";"292.51";"1.08";"6.25";"2.16";"15.18";"14.45";"14.88";"12.34";"13.66";"2.67";"0.83";"0.0";"";"0";"0.0";"0.0";"0.0";"0.0";"0.0";"0.0";"0.0";"0.0";"0.0";"0.0";"0.0";"0.0";"0.0";"0.0";"0.0";"0.0"
"Strategy 1.12.330";"";"0.79";"NDXm_TICK_UTCPlus02";"M15";"1486.21";"";"1141";"1.18";"1.27";"0.09";"37.16";"0.79";"0.0";"315.4";"1.12";"4.71";"0.97";"15.83";"14.92";"26.89";"22.15";"24.65";"8.11";"0.79";"0.0";"";"0";"0.0";"0.0";"0.0";"0.0";"0.0";"0.0";"0.0";"0.0";"0.0";"0.0";"0.0";"0.0";"0.0";"0.0";"0.0";"0.0"
"Strategy 4.9.542";"";"0.77";"NDXm_TICK_UTCPlus02";"M15";"3213.27";"";"4050";"1.11";"1.4";"0.05";"80.33";"0.83";"0.0";"800.71";"1.02";"4.01";"1.83";"16.35";"15.04";"21.1";"17.94";"19.53";"23.56";"0.77";"0.0";"";"0";"0.0";"0.0";"0.0";"0.0";"0.0";"0.0";"0.0";"0.0";"0.0";"0.0";"0.0";"0.0";"0.0";"0.0";"0.0";"0.0"
"Strategy 1.12.388";"";"0.69";"NDXm_TICK_UTCPlus02";"M15";"566.32";"";"483";"1.16";"0.7";"0.08";"14.16";"0.84";"0.0";"224.16";"0.97";"2.53";"0.68";"17.65";"14.84";"15.72";"11.83";"13.75";"2.06";"0.69";"0.0";"";"0";"0.0";"0.0";"0.0";"0.0";"0.0";"0.0";"0.0";"0.0";"0.0";"0.0";"0.0";"0.0";"0.0";"0.0";"0.0";"0.0"
"Strategy 1.12.333";"";"0.85";"NDXm_TICK_UTCPlus02";"M15";"2987.38";"";"2314";"1.16";"1.48";"0.09";"74.69";"0.91";"0.0";"395.34";"0.77";"7.56";"1.62";"22.1";"14.66";"24.01";"16.84";"19.95";"11.5";"0.85";"0.0";"";"0";"0.0";"0.0";"0.0";"0.0";"0.0";"0.0";"0.0";"0.0";"0.0";"0.0";"0.0";"0.0";"0.0";"0.0";"0.0";"0.0"
"Strategy 1.12.353";"";"0.76";"NDXm_TICK_UTCPlus02";"M15";"1666.33";"";"1590";"1.12";"0.92";"0.07";"41.66";"0.85";"0.0";"440.72";"0.62";"3.78";"1.58";"26.32";"14.56";"27.77";"18.87";"22.27";"3.39";"0.76";"0.0";"";"0";"0.0";"0.0";"0.0";"0.0";"0.0";"0.0";"0.0";"0.0";"0.0";"0.0";"0.0";"0.0";"0.0";"0.0";"0.0";"0.0"
"Strategy 1.12.411";"";"0.8";"NDXm_TICK_UTCPlus02";"M15";"750.39";"";"462";"1.21";"0.9";"0.11";"18.76";"0.78";"0.0";"154.12";"0.88";"4.87";"1.05";"19.72";"14.26";"11.94";"9.96";"10.89";"0.5";"0.8";"0.0";"";"0";"0.0";"0.0";"0.0";"0.0";"0.0";"0.0";"0.0";"0.0";"0.0";"0.0";"0.0";"0.0";"0.0";"0.0";"0.0";"0.0"
"Strategy 1.12.404";"";"0.8";"NDXm_TICK_UTCPlus02";"M15";"1773.71";"";"1099";"1.18";"1.18";"0.11";"44.34";"0.78";"0.0";"346.98";"0.64";"5.11";"1.02";"26.9";"14.51";"22.36";"13.52";"16.96";"6.0";"0.8";"0.0";"";"0";"0.0";"0.0";"0.0";"0.0";"0.0";"0.0";"0.0";"0.0";"0.0";"0.0";"0.0";"0.0";"0.0";"0.0";"0.0";"0.0"
"Strategy 1.12.368";"";"0.83";"NDXm_TICK_UTCPlus02";"M15";"2616.74";"";"2114";"1.14";"1.25";"0.08";"65.42";"0.86";"0.0";"403.9";"0.68";"6.48";"1.2";"25.13";"14.9";"25.11";"16.59";"20.02";"11.56";"0.83";"0.0";"";"0";"0.0";"0.0";"0.0";"0.0";"0.0";"0.0";"0.0";"0.0";"0.0";"0.0";"0.0";"0.0";"0.0";"0.0";"0.0";"0.0"
"Strategy 1.12.425";"";"0.74";"NDXm_TICK_UTCPlus02";"M15";"799.46";"";"701";"1.14";"0.7";"0.08";"19.99";"0.75";"0.0";"239.23";"0.79";"3.34";"0.86";"21.53";"15.03";"22.04";"19.6";"20.68";"3.94";"0.74";"0.0";"";"0";"0.0";"0.0";"0.0";"0.0";"0.0";"0.0";"0.0";"0.0";"0.0";"0.0";"0.0";"0.0";"0.0";"0.0";"0.0";"0.0"
"Strategy 1.12.349";"";"0.87";"NDXm_TICK_UTCPlus02";"M15";"4044.01";"";"3519";"1.13";"1.44";"0.08";"101.11";"0.85";"0.0";"473.88";"0.62";"8.53";"1.68";"26.9";"14.82";"22.27";"14.06";"17.21";"17.78";"0.87";"0.0";"";"0";"0.0";"0.0";"0.0";"0.0";"0.0";"0.0";"0.0";"0.0";"0.0";"0.0";"0.0";"0.0";"0.0";"0.0";"0.0";"0.0"
"Strategy 1.12.475";"";"0.79";"NDXm_TICK_UTCPlus02";"M15";"640.88";"";"389";"1.22";"0.84";"0.12";"16.02";"0.8";"0.0";"138.12";"0.88";"4.64";"1.19";"19.7";"14.23";"12.68";"10.63";"11.59";"0.06";"0.79";"0.0";"";"0";"0.0";"0.0";"0.0";"0.0";"0.0";"0.0";"0.0";"0.0";"0.0";"0.0";"0.0";"0.0";"0.0";"0.0";"0.0";"0.0"
"Strategy 1.12.457";"";"0.81";"NDXm_TICK_UTCPlus02";"M15";"1241.18";"";"582";"1.27";"1.2";"0.14";"31.03";"0.78";"0.0";"224.37";"0.9";"5.53";"1.17";"21.38";"15.11";"24.49";"20.76";"22.52";"3.06";"0.81";"0.0";"";"0";"0.0";"0.0";"0.0";"0.0";"0.0";"0.0";"0.0";"0.0";"0.0";"0.0";"0.0";"0.0";"0.0";"0.0";"0.0";"0.0"
"Strategy 1.12.468";"";"0.65";"NDXm_TICK_UTCPlus02";"M15";"444.56";"";"415";"1.12";"0.49";"0.07";"11.12";"0.77";"0.0";"227.97";"0.68";"1.95";"0.62";"24.14";"14.62";"22.99";"15.75";"18.68";"2.5";"0.65";"0.0";"";"0";"0.0";"0.0";"0.0";"0.0";"0.0";"0.0";"0.0";"0.0";"0.0";"0.0";"0.0";"0.0";"0.0";"0.0";"0.0";"0.0"
"Strategy 1.12.464";"";"0.67";"NDXm_TICK_UTCPlus02";"M15";"640.19";"";"746";"1.11";"0.61";"0.06";"16.0";"0.7";"0.0";"287.54";"0.89";"2.23";"0.7";"18.28";"14.7";"19.64";"14.62";"16.99";"2.78";"0.67";"0.0";"";"0";"0.0";"0.0";"0.0";"0.0";"0.0";"0.0";"0.0";"0.0";"0.0";"0.0";"0.0";"0.0";"0.0";"0.0";"0.0";"0.0"
"Strategy 1.12.465";"";"0.79";"NDXm_TICK_UTCPlus02";"M15";"1080.32";"";"946";"1.16";"0.99";"0.08";"27.01";"0.86";"0.0";"239.04";"1.11";"4.52";"1.27";"15.82";"15.11";"24.39";"21.28";"22.91";"7.61";"0.79";"0.0";"";"0";"0.0";"0.0";"0.0";"0.0";"0.0";"0.0";"0.0";"0.0";"0.0";"0.0";"0.0";"0.0";"0.0";"0.0";"0.0";"0.0"
"Strategy 1.12.488";"";"0.74";"NDXm_TICK_UTCPlus02";"M15";"866.89";"";"984";"1.13";"0.85";"0.06";"21.67";"0.84";"0.0";"250.72";"1.09";"3.46";"1.08";"14.84";"14.33";"14.52";"13.11";"13.84";"2.06";"0.74";"0.0";"";"0";"0.0";"0.0";"0.0";"0.0";"0.0";"0.0";"0.0";"0.0";"0.0";"0.0";"0.0";"0.0";"0.0";"0.0";"0.0";"0.0"
"Strategy 1.12.498";"";"0.84";"NDXm_TICK_UTCPlus02";"M15";"1124.28";"";"665";"1.19";"0.94";"0.11";"28.1";"0.79";"0.0";"168.41";"0.75";"6.68";"1.48";"24.35";"15.2";"25.83";"22.23";"23.77";"4.28";"0.84";"0.0";"";"0";"0.0";"0.0";"0.0";"0.0";"0.0";"0.0";"0.0";"0.0";"0.0";"0.0";"0.0";"0.0";"0.0";"0.0";"0.0";"0.0"
"Strategy 1.12.516";"";"0.77";"NDXm_TICK_UTCPlus02";"M15";"1537.21";"";"1752";"1.11";"0.89";"0.07";"38.44";"0.57";"0.0";"363.98";"0.63";"4.22";"1.79";"23.64";"13.39";"14.45";"8.81";"10.98";"2.39";"0.77";"0.0";"";"0";"0.0";"0.0";"0.0";"0.0";"0.0";"0.0";"0.0";"0.0";"0.0";"0.0";"0.0";"0.0";"0.0";"0.0";"0.0";"0.0"
"Strategy 1.12.478";"";"0.83";"NDXm_TICK_UTCPlus02";"M15";"3154.22";"";"3118";"1.12";"1.37";"0.07";"78.86";"0.86";"0.0";"497.73";"0.79";"6.34";"1.25";"20.83";"14.66";"16.19";"11.18";"13.39";"11.0";"0.83";"0.0";"";"0";"0.0";"0.0";"0.0";"0.0";"0.0";"0.0";"0.0";"0.0";"0.0";"0.0";"0.0";"0.0";"0.0";"0.0";"0.0";"0.0"
"Strategy 1.12.538";"";"0.71";"NDXm_TICK_UTCPlus02";"M15";"1074.21";"";"1150";"1.11";"0.73";"0.07";"26.86";"0.71";"0.0";"372.78";"0.64";"2.88";"1.14";"24.6";"14.17";"22.1";"13.45";"16.82";"2.78";"0.71";"0.0";"";"0";"0.0";"0.0";"0.0";"0.0";"0.0";"0.0";"0.0";"0.0";"0.0";"0.0";"0.0";"0.0";"0.0";"0.0";"0.0";"0.0"
"Strategy 1.12.549";"";"0.64";"NDXm_TICK_UTCPlus02";"M15";"438.89";"";"637";"1.11";"0.57";"0.05";"10.97";"0.81";"0.0";"230.88";"1.29";"1.9";"0.53";"12.7";"14.82";"17.89";"17.14";"17.56";"0.5";"0.64";"0.0";"";"0";"0.0";"0.0";"0.0";"0.0";"0.0";"0.0";"0.0";"0.0";"0.0";"0.0";"0.0";"0.0";"0.0";"0.0";"0.0";"0.0"
"Strategy 1.12.563";"";"0.86";"NDXm_TICK_UTCPlus02";"M15";"1330.53";"";"485";"1.36";"1.42";"0.18";"33.26";"0.87";"0.0";"170.66";"0.96";"7.8";"2.21";"21.22";"15.06";"13.96";"13.58";"13.77";"1.89";"0.86";"0.0";"";"0";"0.0";"0.0";"0.0";"0.0";"0.0";"0.0";"0.0";"0.0";"0.0";"0.0";"0.0";"0.0";"0.0";"0.0";"0.0";"0.0"
"Strategy 1.12.530";"";"0.81";"NDXm_TICK_UTCPlus02";"M15";"2162.28";"";"1738";"1.16";"1.38";"0.09";"54.06";"0.83";"0.0";"403.79";"0.87";"5.35";"1.71";"19.1";"14.27";"17.06";"13.37";"15.09";"3.22";"0.81";"0.0";"";"0";"0.0";"0.0";"0.0";"0.0";"0.0";"0.0";"0.0";"0.0";"0.0";"0.0";"0.0";"0.0";"0.0";"0.0";"0.0";"0.0"
"Strategy 1.12.511";"";"0.8";"NDXm_TICK_UTCPlus02";"M15";"2165.68";"";"2562";"1.12";"1.21";"0.06";"54.14";"0.76";"0.0";"446.55";"1.02";"4.85";"2.02";"16.2";"14.8";"12.94";"11.88";"12.41";"8.72";"0.8";"0.0";"";"0";"0.0";"0.0";"0.0";"0.0";"0.0";"0.0";"0.0";"0.0";"0.0";"0.0";"0.0";"0.0";"0.0";"0.0";"0.0";"0.0"
"Strategy 1.12.509";"";"0.82";"NDXm_TICK_UTCPlus02";"M15";"2468.86";"";"2236";"1.15";"1.4";"0.08";"61.73";"0.91";"0.0";"417.63";"0.93";"5.91";"1.81";"17.9";"14.5";"19.34";"16.41";"17.82";"6.44";"0.82";"0.0";"";"0";"0.0";"0.0";"0.0";"0.0";"0.0";"0.0";"0.0";"0.0";"0.0";"0.0";"0.0";"0.0";"0.0";"0.0";"0.0";"0.0"
"Strategy 1.12.518";"";"0.77";"NDXm_TICK_UTCPlus02";"M15";"2185.45";"";"2065";"1.13";"1.16";"0.07";"54.63";"0.79";"0.0";"544.73";"0.75";"4.01";"1.22";"22.2";"14.83";"26.66";"17.38";"21.36";"12.67";"0.77";"0.0";"";"0";"0.0";"0.0";"0.0";"0.0";"0.0";"0.0";"0.0";"0.0";"0.0";"0.0";"0.0";"0.0";"0.0";"0.0";"0.0";"0.0"
"Strategy 1.12.504";"";"0.79";"NDXm_TICK_UTCPlus02";"M15";"2754.09";"";"3338";"1.11";"1.31";"0.06";"68.86";"0.81";"0.0";"587.7";"0.98";"4.69";"1.23";"16.73";"14.73";"16.17";"13.08";"14.61";"14.61";"0.79";"0.0";"";"0";"0.0";"0.0";"0.0";"0.0";"0.0";"0.0";"0.0";"0.0";"0.0";"0.0";"0.0";"0.0";"0.0";"0.0";"0.0";"0.0"
"Strategy 1.12.502";"";"0.8";"NDXm_TICK_UTCPlus02";"M15";"2452.49";"";"2650";"1.11";"1.12";"0.06";"61.32";"0.84";"0.0";"504.14";"0.75";"4.86";"1.28";"22.14";"15.09";"25.46";"18.79";"21.66";"15.67";"0.8";"0.0";"";"0";"0.0";"0.0";"0.0";"0.0";"0.0";"0.0";"0.0";"0.0";"0.0";"0.0";"0.0";"0.0";"0.0";"0.0";"0.0";"0.0"
"Strategy 1.12.529";"";"0.82";"NDXm_TICK_UTCPlus02";"M15";"2108.89";"";"2660";"1.11";"1.18";"0.05";"52.72";"0.83";"0.0";"368.63";"1.13";"5.72";"1.39";"14.7";"14.99";"17.41";"15.89";"16.7";"11.61";"0.82";"0.0";"";"0";"0.0";"0.0";"0.0";"0.0";"0.0";"0.0";"0.0";"0.0";"0.0";"0.0";"0.0";"0.0";"0.0";"0.0";"0.0";"0.0"
"Strategy 1.12.510";"";"0.81";"NDXm_TICK_UTCPlus02";"M15";"2920.29";"";"3287";"1.11";"1.25";"0.06";"73.0";"0.85";"0.0";"535.69";"0.81";"5.45";"1.17";"20.45";"14.94";"22.71";"16.7";"19.39";"19.61";"0.81";"0.0";"";"0";"0.0";"0.0";"0.0";"0.0";"0.0";"0.0";"0.0";"0.0";"0.0";"0.0";"0.0";"0.0";"0.0";"0.0";"0.0";"0.0"
"Strategy 1.12.570";"";"0.87";"NDXm_TICK_UTCPlus02";"M15";"2929.09";"";"2477";"1.14";"1.44";"0.09";"73.23";"0.84";"0.0";"328.62";"0.66";"8.91";"3.97";"23.69";"13.63";"14.82";"10.09";"11.97";"2.61";"0.87";"0.0";"";"0";"0.0";"0.0";"0.0";"0.0";"0.0";"0.0";"0.0";"0.0";"0.0";"0.0";"0.0";"0.0";"0.0";"0.0";"0.0";"0.0"
"Strategy 1.12.574";"";"0.87";"NDXm_TICK_UTCPlus02";"M15";"3773.37";"";"2578";"1.16";"1.56";"0.1";"94.33";"0.88";"0.0";"442.08";"0.67";"8.54";"1.54";"26.14";"15.11";"29.71";"20.47";"24.18";"19.17";"0.87";"0.0";"";"0";"0.0";"0.0";"0.0";"0.0";"0.0";"0.0";"0.0";"0.0";"0.0";"0.0";"0.0";"0.0";"0.0";"0.0";"0.0";"0.0"
"Strategy 2.11.348";"";"0.7";"NDXm_TICK_UTCPlus02";"M15";"835.45";"";"889";"1.13";"0.81";"0.06";"20.89";"0.77";"0.0";"315.18";"1.08";"2.65";"0.75";"15.44";"14.68";"12.38";"12.0";"12.2";"2.78";"0.7";"0.0";"";"0";"0.0";"0.0";"0.0";"0.0";"0.0";"0.0";"0.0";"0.0";"0.0";"0.0";"0.0";"0.0";"0.0";"0.0";"0.0";"0.0"
"Strategy 2.11.350";"";"0.82";"NDXm_TICK_UTCPlus02";"M15";"1406.61";"";"628";"1.28";"1.28";"0.15";"35.17";"0.73";"0.0";"241.72";"0.8";"5.82";"2.36";"23.15";"14.59";"20.15";"14.1";"16.8";"4.0";"0.82";"0.0";"";"0";"0.0";"0.0";"0.0";"0.0";"0.0";"0.0";"0.0";"0.0";"0.0";"0.0";"0.0";"0.0";"0.0";"0.0";"0.0";"0.0"
"Strategy 2.11.339";"";"0.64";"NDXm_TICK_UTCPlus02";"M15";"1019.85";"";"1058";"1.12";"0.84";"0.07";"25.5";"0.74";"0.0";"553.28";"0.81";"1.84";"0.61";"19.47";"14.0";"16.27";"10.97";"13.34";"1.06";"0.64";"0.0";"";"0";"0.0";"0.0";"0.0";"0.0";"0.0";"0.0";"0.0";"0.0";"0.0";"0.0";"0.0";"0.0";"0.0";"0.0";"0.0";"0.0"
"Strategy 2.11.358";"";"0.69";"NDXm_TICK_UTCPlus02";"M15";"809.21";"";"711";"1.13";"0.66";"0.08";"20.23";"0.72";"0.0";"330.59";"0.66";"2.45";"0.88";"25.53";"14.9";"29.74";"24.0";"26.28";"2.89";"0.69";"0.0";"";"0";"0.0";"0.0";"0.0";"0.0";"0.0";"0.0";"0.0";"0.0";"0.0";"0.0";"0.0";"0.0";"0.0";"0.0";"0.0";"0.0"
"Strategy 2.11.362";"";"0.81";"NDXm_TICK_UTCPlus02";"M15";"2155.43";"";"1482";"1.16";"1.21";"0.1";"53.88";"0.91";"0.0";"415.13";"0.67";"5.19";"1.7";"25.92";"14.82";"23.23";"15.31";"18.48";"7.5";"0.81";"0.0";"";"0";"0.0";"0.0";"0.0";"0.0";"0.0";"0.0";"0.0";"0.0";"0.0";"0.0";"0.0";"0.0";"0.0";"0.0";"0.0";"0.0"
"Strategy 2.11.384";"";"0.77";"NDXm_TICK_UTCPlus02";"M15";"989.88";"";"487";"1.25";"1.06";"0.13";"24.75";"0.89";"0.0";"250.03";"0.88";"3.96";"1.51";"21.64";"15.23";"33.7";"27.66";"30.49";"3.06";"0.77";"0.0";"";"0";"0.0";"0.0";"0.0";"0.0";"0.0";"0.0";"0.0";"0.0";"0.0";"0.0";"0.0";"0.0";"0.0";"0.0";"0.0";"0.0"
"Strategy 2.11.363";"";"0.73";"NDXm_TICK_UTCPlus02";"M15";"1282.1";"";"1342";"1.11";"0.83";"0.06";"32.05";"0.8";"0.0";"390.5";"0.75";"3.28";"1.19";"22.23";"14.94";"27.21";"18.9";"22.46";"9.61";"0.73";"0.0";"";"0";"0.0";"0.0";"0.0";"0.0";"0.0";"0.0";"0.0";"0.0";"0.0";"0.0";"0.0";"0.0";"0.0";"0.0";"0.0";"0.0"
"Strategy 2.11.353";"";"0.88";"NDXm_TICK_UTCPlus02";"M15";"2079.85";"";"1419";"1.24";"1.77";"0.1";"51.99";"0.82";"0.0";"224.77";"1.42";"9.25";"2.78";"13.03";"14.97";"25.55";"26.94";"26.12";"5.0";"0.88";"0.0";"";"0";"0.0";"0.0";"0.0";"0.0";"0.0";"0.0";"0.0";"0.0";"0.0";"0.0";"0.0";"0.0";"0.0";"0.0";"0.0";"0.0"
"Strategy 2.11.341";"";"0.82";"NDXm_TICK_UTCPlus02";"M15";"3666.61";"";"2379";"1.17";"1.59";"0.1";"91.67";"0.89";"0.0";"625.67";"0.68";"5.86";"2.41";"25.51";"14.84";"22.12";"15.24";"18.03";"12.44";"0.82";"0.0";"";"0";"0.0";"0.0";"0.0";"0.0";"0.0";"0.0";"0.0";"0.0";"0.0";"0.0";"0.0";"0.0";"0.0";"0.0";"0.0";"0.0"
"Strategy 2.11.405";"";"0.73";"NDXm_TICK_UTCPlus02";"M15";"1238.15";"";"1227";"1.13";"0.94";"0.07";"30.95";"0.77";"0.0";"385.56";"0.87";"3.21";"1.09";"19.15";"14.73";"19.14";"14.47";"16.63";"5.5";"0.73";"0.0";"";"0";"0.0";"0.0";"0.0";"0.0";"0.0";"0.0";"0.0";"0.0";"0.0";"0.0";"0.0";"0.0";"0.0";"0.0";"0.0";"0.0"
"Strategy 2.11.375";"";"0.72";"NDXm_TICK_UTCPlus02";"M15";"1011.29";"";"1166";"1.12";"0.83";"0.06";"25.28";"0.8";"0.0";"339.98";"1.04";"2.97";"0.8";"16.15";"15.01";"33.11";"28.81";"31.0";"4.72";"0.72";"0.0";"";"0";"0.0";"0.0";"0.0";"0.0";"0.0";"0.0";"0.0";"0.0";"0.0";"0.0";"0.0";"0.0";"0.0";"0.0";"0.0";"0.0"
"Strategy 2.11.388";"";"0.83";"NDXm_TICK_UTCPlus02";"M15";"2306.15";"";"2257";"1.13";"1.22";"0.07";"57.66";"0.89";"0.0";"372.04";"0.79";"6.2";"2.37";"20.08";"14.09";"11.27";"8.34";"9.63";"7.11";"0.83";"0.0";"";"0";"0.0";"0.0";"0.0";"0.0";"0.0";"0.0";"0.0";"0.0";"0.0";"0.0";"0.0";"0.0";"0.0";"0.0";"0.0";"0.0"
"Strategy 2.11.397";"";"0.77";"NDXm_TICK_UTCPlus02";"M15";"1073.58";"";"688";"1.21";"1.07";"0.1";"26.84";"0.79";"0.0";"270.66";"0.99";"3.97";"1.69";"18.21";"15.0";"38.3";"35.25";"36.77";"4.17";"0.77";"0.0";"";"0";"0.0";"0.0";"0.0";"0.0";"0.0";"0.0";"0.0";"0.0";"0.0";"0.0";"0.0";"0.0";"0.0";"0.0";"0.0";"0.0"
"Strategy 2.11.332";"";"0.83";"NDXm_TICK_UTCPlus02";"M15";"2952.8";"";"2927";"1.12";"1.27";"0.07";"73.82";"0.82";"0.0";"471.47";"0.73";"6.26";"1.27";"22.7";"14.83";"22.53";"15.33";"18.37";"17.06";"0.83";"0.0";"";"0";"0.0";"0.0";"0.0";"0.0";"0.0";"0.0";"0.0";"0.0";"0.0";"0.0";"0.0";"0.0";"0.0";"0.0";"0.0";"0.0"
"Strategy 2.11.371";"";"0.83";"NDXm_TICK_UTCPlus02";"M15";"2550.87";"";"2323";"1.13";"1.26";"0.07";"63.77";"0.88";"0.0";"399.11";"0.77";"6.39";"1.3";"21.74";"14.81";"21.81";"15.41";"18.2";"13.39";"0.83";"0.0";"";"0";"0.0";"0.0";"0.0";"0.0";"0.0";"0.0";"0.0";"0.0";"0.0";"0.0";"0.0";"0.0";"0.0";"0.0";"0.0";"0.0"
"Strategy 2.11.368";"";"0.84";"NDXm_TICK_UTCPlus02";"M15";"2598.29";"";"2976";"1.11";"1.22";"0.06";"64.96";"0.83";"0.0";"379.7";"0.85";"6.84";"1.29";"19.23";"14.74";"17.94";"13.1";"15.33";"13.17";"0.84";"0.0";"";"0";"0.0";"0.0";"0.0";"0.0";"0.0";"0.0";"0.0";"0.0";"0.0";"0.0";"0.0";"0.0";"0.0";"0.0";"0.0";"0.0"
"Strategy 2.11.431";"";"0.68";"NDXm_TICK_UTCPlus02";"M15";"908.25";"";"678";"1.18";"0.89";"0.09";"22.71";"0.62";"0.0";"388.3";"0.97";"2.34";"0.94";"18.1";"14.93";"21.0";"14.99";"17.95";"3.78";"0.68";"0.0";"";"0";"0.0";"0.0";"0.0";"0.0";"0.0";"0.0";"0.0";"0.0";"0.0";"0.0";"0.0";"0.0";"0.0";"0.0";"0.0";"0.0"
"Strategy 2.11.412";"";"0.78";"NDXm_TICK_UTCPlus02";"M15";"1929.35";"";"2155";"1.11";"1.02";"0.06";"48.24";"0.79";"0.0";"436.64";"0.74";"4.42";"1.15";"21.92";"14.68";"18.33";"13.06";"15.3";"9.0";"0.78";"0.0";"";"0";"0.0";"0.0";"0.0";"0.0";"0.0";"0.0";"0.0";"0.0";"0.0";"0.0";"0.0";"0.0";"0.0";"0.0";"0.0";"0.0"
"Strategy 2.11.393";"";"0.85";"NDXm_TICK_UTCPlus02";"M15";"2954.53";"";"3263";"1.11";"1.31";"0.06";"73.87";"0.87";"0.0";"409.76";"0.82";"7.21";"1.32";"19.94";"14.7";"16.52";"12.76";"14.46";"12.72";"0.85";"0.0";"";"0";"0.0";"0.0";"0.0";"0.0";"0.0";"0.0";"0.0";"0.0";"0.0";"0.0";"0.0";"0.0";"0.0";"0.0";"0.0";"0.0"
"Strategy 2.11.415";"";"0.86";"NDXm_TICK_UTCPlus02";"M15";"2625.77";"";"2041";"1.15";"1.28";"0.09";"65.64";"0.85";"0.0";"333.3";"0.71";"7.88";"1.6";"24.21";"14.88";"21.71";"14.62";"17.55";"10.67";"0.86";"0.0";"";"0";"0.0";"0.0";"0.0";"0.0";"0.0";"0.0";"0.0";"0.0";"0.0";"0.0";"0.0";"0.0";"0.0";"0.0";"0.0";"0.0"
"Strategy 2.11.389";"";"0.88";"NDXm_TICK_UTCPlus02";"M15";"3805.0";"";"3001";"1.14";"1.49";"0.09";"95.12";"0.88";"0.0";"413.1";"0.64";"9.21";"1.72";"26.64";"14.88";"24.31";"15.7";"19.05";"15.89";"0.88";"0.0";"";"0";"0.0";"0.0";"0.0";"0.0";"0.0";"0.0";"0.0";"0.0";"0.0";"0.0";"0.0";"0.0";"0.0";"0.0";"0.0";"0.0"
"Strategy 2.11.436";"";"0.77";"NDXm_TICK_UTCPlus02";"M15";"1105.76";"";"856";"1.17";"0.97";"0.09";"27.65";"0.87";"0.0";"263.96";"0.95";"4.19";"0.79";"18.35";"14.84";"20.27";"16.1";"18.13";"4.44";"0.77";"0.0";"";"0";"0.0";"0.0";"0.0";"0.0";"0.0";"0.0";"0.0";"0.0";"0.0";"0.0";"0.0";"0.0";"0.0";"0.0";"0.0";"0.0"
"Strategy 2.11.411";"";"0.78";"NDXm_TICK_UTCPlus02";"M15";"2246.29";"";"2153";"1.13";"1.15";"0.07";"56.16";"0.83";"0.0";"524.33";"0.81";"4.28";"1.3";"20.83";"15.06";"24.04";"19.2";"21.37";"14.56";"0.78";"0.0";"";"0";"0.0";"0.0";"0.0";"0.0";"0.0";"0.0";"0.0";"0.0";"0.0";"0.0";"0.0";"0.0";"0.0";"0.0";"0.0";"0.0"
"Strategy 2.11.437";"";"0.81";"NDXm_TICK_UTCPlus02";"M15";"1610.39";"";"1028";"1.18";"1.13";"0.11";"40.26";"0.85";"0.0";"305.92";"0.7";"5.26";"1.23";"25.11";"14.9";"26.86";"20.06";"22.86";"7.78";"0.81";"0.0";"";"0";"0.0";"0.0";"0.0";"0.0";"0.0";"0.0";"0.0";"0.0";"0.0";"0.0";"0.0";"0.0";"0.0";"0.0";"0.0";"0.0"
"Strategy 2.11.407";"";"0.87";"NDXm_TICK_UTCPlus02";"M15";"3048.56";"";"3801";"1.11";"1.37";"0.06";"76.21";"0.89";"0.0";"355.26";"0.98";"8.58";"2.0";"16.48";"14.56";"13.12";"10.82";"11.96";"13.72";"0.87";"0.0";"";"0";"0.0";"0.0";"0.0";"0.0";"0.0";"0.0";"0.0";"0.0";"0.0";"0.0";"0.0";"0.0";"0.0";"0.0";"0.0";"0.0"
"Strategy 2.11.426";"";"0.79";"NDXm_TICK_UTCPlus02";"M15";"2564.31";"";"1999";"1.14";"1.2";"0.09";"64.11";"0.77";"0.0";"532.41";"0.63";"4.82";"2.65";"26.75";"14.84";"24.54";"15.06";"18.73";"11.94";"0.79";"0.0";"";"0";"0.0";"0.0";"0.0";"0.0";"0.0";"0.0";"0.0";"0.0";"0.0";"0.0";"0.0";"0.0";"0.0";"0.0";"0.0";"0.0"
"Strategy 2.11.419";"";"0.85";"NDXm_TICK_UTCPlus02";"M15";"2850.63";"";"2689";"1.13";"1.31";"0.07";"71.26";"0.81";"0.0";"399.47";"0.77";"7.14";"1.34";"21.68";"14.85";"20.1";"14.44";"16.9";"12.89";"0.85";"0.0";"";"0";"0.0";"0.0";"0.0";"0.0";"0.0";"0.0";"0.0";"0.0";"0.0";"0.0";"0.0";"0.0";"0.0";"0.0";"0.0";"0.0"
"Strategy 2.11.416";"";"0.83";"NDXm_TICK_UTCPlus02";"M15";"2671.4";"";"2535";"1.14";"1.41";"0.07";"66.78";"0.81";"0.0";"439.08";"0.94";"6.08";"1.15";"18.15";"15.03";"22.66";"18.38";"20.45";"13.67";"0.83";"0.0";"";"0";"0.0";"0.0";"0.0";"0.0";"0.0";"0.0";"0.0";"0.0";"0.0";"0.0";"0.0";"0.0";"0.0";"0.0";"0.0";"0.0"
"Strategy 2.11.449";"";"0.67";"NDXm_TICK_UTCPlus02";"M15";"933.6";"";"602";"1.18";"0.84";"0.1";"23.34";"0.71";"0.0";"428.88";"0.75";"2.18";"0.88";"23.79";"15.13";"37.92";"26.29";"31.27";"4.28";"0.67";"0.0";"";"0";"0.0";"0.0";"0.0";"0.0";"0.0";"0.0";"0.0";"0.0";"0.0";"0.0";"0.0";"0.0";"0.0";"0.0";"0.0";"0.0"
"Strategy 2.11.468";"";"0.77";"NDXm_TICK_UTCPlus02";"M15";"1881.49";"";"1386";"1.16";"1.2";"0.1";"47.04";"0.79";"0.0";"457.61";"0.71";"4.11";"1.51";"23.33";"14.18";"14.64";"9.46";"11.6";"4.56";"0.77";"0.0";"";"0";"0.0";"0.0";"0.0";"0.0";"0.0";"0.0";"0.0";"0.0";"0.0";"0.0";"0.0";"0.0";"0.0";"0.0";"0.0";"0.0"
"Strategy 2.11.450";"";"0.85";"NDXm_TICK_UTCPlus02";"M15";"2644.52";"";"2545";"1.16";"1.59";"0.07";"66.11";"0.85";"0.0";"349.78";"1.35";"7.56";"1.37";"12.8";"14.84";"12.29";"12.48";"12.37";"8.5";"0.85";"0.0";"";"0";"0.0";"0.0";"0.0";"0.0";"0.0";"0.0";"0.0";"0.0";"0.0";"0.0";"0.0";"0.0";"0.0";"0.0";"0.0";"0.0"
"Strategy 2.11.438";"";"0.87";"NDXm_TICK_UTCPlus02";"M15";"2918.15";"";"3102";"1.13";"1.43";"0.06";"72.96";"0.9";"0.0";"338.08";"0.97";"8.63";"1.93";"17.12";"14.83";"16.25";"12.97";"14.59";"12.22";"0.87";"0.0";"";"0";"0.0";"0.0";"0.0";"0.0";"0.0";"0.0";"0.0";"0.0";"0.0";"0.0";"0.0";"0.0";"0.0";"0.0";"0.0";"0.0"
"Strategy 2.11.498";"";"0.77";"NDXm_TICK_UTCPlus02";"M15";"1629.54";"";"1074";"1.2";"1.28";"0.11";"40.74";"0.87";"0.0";"388.65";"0.75";"4.19";"1.77";"21.34";"13.27";"12.54";"8.13";"10.01";"0.72";"0.77";"0.0";"";"0";"0.0";"0.0";"0.0";"0.0";"0.0";"0.0";"0.0";"0.0";"0.0";"0.0";"0.0";"0.0";"0.0";"0.0";"0.0";"0.0"
"Strategy 2.11.466";"";"0.83";"NDXm_TICK_UTCPlus02";"M15";"2288.13";"";"2561";"1.14";"1.37";"0.06";"57.2";"0.82";"0.0";"376.62";"1.32";"6.08";"1.05";"12.81";"14.89";"12.84";"12.36";"12.63";"8.22";"0.83";"0.0";"";"0";"0.0";"0.0";"0.0";"0.0";"0.0";"0.0";"0.0";"0.0";"0.0";"0.0";"0.0";"0.0";"0.0";"0.0";"0.0";"0.0"
"Strategy 2.11.478";"";"0.67";"NDXm_TICK_UTCPlus02";"M15";"817.48";"";"1040";"1.11";"0.77";"0.05";"20.44";"0.67";"0.0";"375.31";"1.19";"2.18";"0.89";"14.16";"15.12";"32.79";"32.16";"32.5";"12.06";"0.67";"0.0";"";"0";"0.0";"0.0";"0.0";"0.0";"0.0";"0.0";"0.0";"0.0";"0.0";"0.0";"0.0";"0.0";"0.0";"0.0";"0.0";"0.0"
"Strategy 2.11.473";"";"0.86";"NDXm_TICK_UTCPlus02";"M15";"2654.86";"";"2420";"1.14";"1.37";"0.07";"66.37";"0.8";"0.0";"321.55";"0.94";"8.26";"1.62";"18.33";"15.08";"19.94";"16.73";"18.29";"12.28";"0.86";"0.0";"";"0";"0.0";"0.0";"0.0";"0.0";"0.0";"0.0";"0.0";"0.0";"0.0";"0.0";"0.0";"0.0";"0.0";"0.0";"0.0";"0.0"
"Strategy 2.11.561";"";"0.79";"NDXm_TICK_UTCPlus02";"M15";"763.98";"";"457";"1.22";"0.9";"0.11";"19.1";"0.8";"0.0";"162.79";"1.01";"4.69";"1.21";"18.1";"14.97";"28.09";"23.19";"25.66";"3.11";"0.79";"0.0";"";"0";"0.0";"0.0";"0.0";"0.0";"0.0";"0.0";"0.0";"0.0";"0.0";"0.0";"0.0";"0.0";"0.0";"0.0";"0.0";"0.0"
"Strategy 2.11.512";"";"0.83";"NDXm_TICK_UTCPlus02";"M15";"1662.09";"";"1451";"1.14";"1.02";"0.08";"41.55";"0.88";"0.0";"267.25";"0.78";"6.22";"2.18";"21.96";"15.01";"22.71";"17.26";"19.64";"9.22";"0.83";"0.0";"";"0";"0.0";"0.0";"0.0";"0.0";"0.0";"0.0";"0.0";"0.0";"0.0";"0.0";"0.0";"0.0";"0.0";"0.0";"0.0";"0.0"
"Strategy 2.11.536";"";"0.79";"NDXm_TICK_UTCPlus02";"M15";"1619.64";"";"1123";"1.17";"1.13";"0.1";"40.49";"0.8";"0.0";"347.76";"0.79";"4.66";"1.79";"21.99";"14.87";"22.95";"17.3";"19.8";"7.28";"0.79";"0.0";"";"0";"0.0";"0.0";"0.0";"0.0";"0.0";"0.0";"0.0";"0.0";"0.0";"0.0";"0.0";"0.0";"0.0";"0.0";"0.0";"0.0"
"Strategy 2.11.567";"";"0.81";"NDXm_TICK_UTCPlus02";"M15";"887.8";"";"439";"1.26";"1.05";"0.14";"22.19";"0.86";"0.0";"162.87";"0.87";"5.45";"1.15";"21.33";"14.74";"27.83";"23.0";"25.24";"1.72";"0.81";"0.0";"";"0";"0.0";"0.0";"0.0";"0.0";"0.0";"0.0";"0.0";"0.0";"0.0";"0.0";"0.0";"0.0";"0.0";"0.0";"0.0";"0.0"
"Strategy 2.11.510";"";"0.84";"NDXm_TICK_UTCPlus02";"M15";"1486.51";"";"1166";"1.15";"1.02";"0.09";"37.16";"0.91";"0.0";"223.39";"0.73";"6.65";"1.76";"23.36";"14.9";"36.66";"28.58";"32.0";"4.06";"0.84";"0.0";"";"0";"0.0";"0.0";"0.0";"0.0";"0.0";"0.0";"0.0";"0.0";"0.0";"0.0";"0.0";"0.0";"0.0";"0.0";"0.0";"0.0"
"Strategy 2.11.578";"";"0.79";"NDXm_TICK_UTCPlus02";"M15";"718.39";"";"442";"1.25";"1.03";"0.11";"17.96";"0.84";"0.0";"157.87";"1.29";"4.55";"0.96";"14.26";"14.68";"18.71";"19.84";"19.21";"1.44";"0.79";"0.0";"";"0";"0.0";"0.0";"0.0";"0.0";"0.0";"0.0";"0.0";"0.0";"0.0";"0.0";"0.0";"0.0";"0.0";"0.0";"0.0";"0.0"
"Strategy 2.11.580";"";"0.83";"NDXm_TICK_UTCPlus02";"M15";"929.59";"";"359";"1.37";"1.31";"0.17";"23.24";"0.84";"0.0";"154.8";"1.15";"6.01";"1.61";"17.79";"14.88";"37.04";"32.71";"35.03";"2.33";"0.83";"0.0";"";"0";"0.0";"0.0";"0.0";"0.0";"0.0";"0.0";"0.0";"0.0";"0.0";"0.0";"0.0";"0.0";"0.0";"0.0";"0.0";"0.0"
"Strategy 2.11.557";"";"0.82";"NDXm_TICK_UTCPlus02";"M15";"1923.63";"";"1397";"1.17";"1.25";"0.1";"48.09";"0.58";"0.0";"335.99";"0.79";"5.73";"2.54";"21.31";"14.44";"20.83";"16.55";"18.44";"4.5";"0.82";"0.0";"";"0";"0.0";"0.0";"0.0";"0.0";"0.0";"0.0";"0.0";"0.0";"0.0";"0.0";"0.0";"0.0";"0.0";"0.0";"0.0";"0.0"
"Strategy 2.11.570";"";"0.73";"NDXm_TICK_UTCPlus02";"M15";"1331.88";"";"931";"1.16";"0.97";"0.1";"33.3";"0.8";"0.0";"427.25";"0.67";"3.12";"0.73";"25.41";"14.74";"29.14";"20.87";"24.2";"8.28";"0.73";"0.0";"";"0";"0.0";"0.0";"0.0";"0.0";"0.0";"0.0";"0.0";"0.0";"0.0";"0.0";"0.0";"0.0";"0.0";"0.0";"0.0";"0.0"
"Strategy 2.11.577";"";"0.86";"NDXm_TICK_UTCPlus02";"M15";"1533.59";"";"791";"1.24";"1.29";"0.13";"38.34";"0.86";"0.0";"191.94";"0.85";"7.99";"2.29";"21.89";"14.98";"29.29";"24.66";"26.79";"2.28";"0.86";"0.0";"";"0";"0.0";"0.0";"0.0";"0.0";"0.0";"0.0";"0.0";"0.0";"0.0";"0.0";"0.0";"0.0";"0.0";"0.0";"0.0";"0.0"
"Strategy 2.11.538";"";"0.86";"NDXm_TICK_UTCPlus02";"M15";"2769.57";"";"1839";"1.17";"1.36";"0.1";"69.24";"0.8";"0.0";"353.4";"0.67";"7.84";"1.57";"26.35";"15.07";"29.38";"19.21";"23.28";"13.61";"0.86";"0.0";"";"0";"0.0";"0.0";"0.0";"0.0";"0.0";"0.0";"0.0";"0.0";"0.0";"0.0";"0.0";"0.0";"0.0";"0.0";"0.0";"0.0"
"Strategy 2.11.564";"";"0.82";"NDXm_TICK_UTCPlus02";"M15";"2272.33";"";"2415";"1.12";"1.16";"0.06";"56.81";"0.85";"0.0";"381.74";"0.83";"5.95";"1.09";"19.89";"14.83";"18.81";"14.2";"16.29";"10.5";"0.82";"0.0";"";"0";"0.0";"0.0";"0.0";"0.0";"0.0";"0.0";"0.0";"0.0";"0.0";"0.0";"0.0";"0.0";"0.0";"0.0";"0.0";"0.0"
"Strategy 4.10.297";"";"0.86";"NDXm_TICK_UTCPlus02";"M15";"1920.53";"";"1043";"1.22";"1.39";"0.13";"48.02";"0.75";"0.0";"244.22";"0.72";"7.86";"2.62";"24.68";"14.63";"28.75";"19.4";"23.32";"1.44";"0.86";"0.0";"";"0";"0.0";"0.0";"0.0";"0.0";"0.0";"0.0";"0.0";"0.0";"0.0";"0.0";"0.0";"0.0";"0.0";"0.0";"0.0";"0.0"
"Strategy 4.10.335";"";"0.69";"NDXm_TICK_UTCPlus02";"M15";"484.14";"";"372";"1.19";"0.76";"0.09";"12.1";"0.81";"0.0";"192.91";"1.23";"2.51";"0.83";"14.53";"14.93";"20.8";"20.23";"20.54";"1.44";"0.69";"0.0";"";"0";"0.0";"0.0";"0.0";"0.0";"0.0";"0.0";"0.0";"0.0";"0.0";"0.0";"0.0";"0.0";"0.0";"0.0";"0.0";"0.0"
"Strategy 4.10.316";"";"0.79";"NDXm_TICK_UTCPlus02";"M15";"1602.45";"";"1089";"1.19";"1.28";"0.1";"40.06";"0.73";"0.0";"339.68";"0.89";"4.72";"1.68";"19.46";"14.55";"18.9";"14.95";"16.81";"0.39";"0.79";"0.0";"";"0";"0.0";"0.0";"0.0";"0.0";"0.0";"0.0";"0.0";"0.0";"0.0";"0.0";"0.0";"0.0";"0.0";"0.0";"0.0";"0.0"
"Strategy 4.10.305";"";"0.79";"NDXm_TICK_UTCPlus02";"M15";"1644.18";"";"1478";"1.16";"1.24";"0.07";"41.1";"0.85";"0.0";"351.92";"1.25";"4.67";"1.06";"14.28";"15.39";"22.25";"22.76";"22.48";"14.17";"0.79";"0.0";"";"0";"0.0";"0.0";"0.0";"0.0";"0.0";"0.0";"0.0";"0.0";"0.0";"0.0";"0.0";"0.0";"0.0";"0.0";"0.0";"0.0"
"Strategy 2.11.544";"";"0.85";"NDXm_TICK_UTCPlus02";"M15";"4188.39";"";"3545";"1.15";"1.73";"0.08";"104.72";"0.85";"0.0";"557.72";"0.85";"7.51";"1.83";"20.01";"14.81";"19.81";"14.24";"16.8";"15.67";"0.85";"0.0";"";"0";"0.0";"0.0";"0.0";"0.0";"0.0";"0.0";"0.0";"0.0";"0.0";"0.0";"0.0";"0.0";"0.0";"0.0";"0.0";"0.0"
"Strategy 4.10.328";"";"0.84";"NDXm_TICK_UTCPlus02";"M15";"2321.49";"";"1589";"1.19";"1.53";"0.1";"58.04";"0.88";"0.0";"348.09";"0.94";"6.67";"1.7";"18.79";"14.83";"18.61";"13.24";"15.84";"8.39";"0.84";"0.0";"";"0";"0.0";"0.0";"0.0";"0.0";"0.0";"0.0";"0.0";"0.0";"0.0";"0.0";"0.0";"0.0";"0.0";"0.0";"0.0";"0.0"
"Strategy 4.10.300";"";"0.74";"NDXm_TICK_UTCPlus02";"M15";"1588.57";"";"1369";"1.13";"1.0";"0.08";"39.71";"0.86";"0.0";"481.1";"0.77";"3.3";"1.19";"22.66";"15.47";"40.68";"28.24";"33.66";"19.06";"0.74";"0.0";"";"0";"0.0";"0.0";"0.0";"0.0";"0.0";"0.0";"0.0";"0.0";"0.0";"0.0";"0.0";"0.0";"0.0";"0.0";"0.0";"0.0"
"Strategy 4.10.299";"";"0.88";"NDXm_TICK_UTCPlus02";"M15";"3802.14";"";"2776";"1.16";"1.65";"0.09";"95.05";"0.9";"0.0";"378.29";"0.72";"10.05";"1.68";"23.52";"14.6";"19.43";"12.96";"15.67";"13.17";"0.88";"0.0";"";"0";"0.0";"0.0";"0.0";"0.0";"0.0";"0.0";"0.0";"0.0";"0.0";"0.0";"0.0";"0.0";"0.0";"0.0";"0.0";"0.0"
"Strategy 4.10.358";"";"0.75";"NDXm_TICK_UTCPlus02";"M15";"877.21";"";"673";"1.15";"0.79";"0.09";"21.93";"0.8";"0.0";"244.39";"0.69";"3.59";"0.77";"24.37";"14.54";"21.88";"16.56";"18.73";"1.56";"0.75";"0.0";"";"0";"0.0";"0.0";"0.0";"0.0";"0.0";"0.0";"0.0";"0.0";"0.0";"0.0";"0.0";"0.0";"0.0";"0.0";"0.0";"0.0"
"Strategy 4.10.330";"";"0.84";"NDXm_TICK_UTCPlus02";"M15";"2769.71";"";"2295";"1.14";"1.3";"0.08";"69.25";"0.87";"0.0";"416.49";"0.67";"6.65";"1.85";"24.96";"14.6";"21.2";"13.67";"16.68";"11.33";"0.84";"0.0";"";"0";"0.0";"0.0";"0.0";"0.0";"0.0";"0.0";"0.0";"0.0";"0.0";"0.0";"0.0";"0.0";"0.0";"0.0";"0.0";"0.0"
"Strategy 4.10.382";"";"0.88";"NDXm_TICK_UTCPlus02";"M15";"2142.66";"";"709";"1.37";"1.77";"0.2";"53.57";"0.94";"0.0";"220.69";"0.83";"9.71";"1.84";"24.7";"14.91";"27.74";"21.88";"24.53";"5.0";"0.88";"0.0";"";"0";"0.0";"0.0";"0.0";"0.0";"0.0";"0.0";"0.0";"0.0";"0.0";"0.0";"0.0";"0.0";"0.0";"0.0";"0.0";"0.0"
"Strategy 4.10.347";"";"0.86";"NDXm_TICK_UTCPlus02";"M15";"2869.43";"";"2305";"1.14";"1.33";"0.09";"71.74";"0.87";"0.0";"371.88";"0.67";"7.72";"1.79";"24.95";"14.59";"21.16";"13.68";"16.67";"11.44";"0.86";"0.0";"";"0";"0.0";"0.0";"0.0";"0.0";"0.0";"0.0";"0.0";"0.0";"0.0";"0.0";"0.0";"0.0";"0.0";"0.0";"0.0";"0.0"
"Strategy 4.10.326";"";"0.81";"NDXm_TICK_UTCPlus02";"M15";"2401.57";"";"2147";"1.13";"1.2";"0.07";"60.03";"0.82";"0.0";"433.12";"0.77";"5.54";"1.06";"22.09";"15.12";"32.12";"22.58";"26.74";"18.06";"0.81";"0.0";"";"0";"0.0";"0.0";"0.0";"0.0";"0.0";"0.0";"0.0";"0.0";"0.0";"0.0";"0.0";"0.0";"0.0";"0.0";"0.0";"0.0"
"Strategy 4.10.363";"";"0.8";"NDXm_TICK_UTCPlus02";"M15";"1837.05";"";"1373";"1.19";"1.36";"0.09";"45.93";"0.81";"0.0";"378.48";"1.18";"4.85";"1.0";"15.62";"15.46";"25.26";"24.05";"24.7";"14.89";"0.8";"0.0";"";"0";"0.0";"0.0";"0.0";"0.0";"0.0";"0.0";"0.0";"0.0";"0.0";"0.0";"0.0";"0.0";"0.0";"0.0";"0.0";"0.0"
"Strategy 4.10.388";"";"0.75";"NDXm_TICK_UTCPlus02";"M15";"1036.04";"";"1351";"1.11";"0.82";"0.06";"25.9";"0.73";"0.0";"291.61";"0.91";"3.55";"0.84";"16.56";"13.66";"11.97";"10.33";"11.11";"2.28";"0.75";"0.0";"";"0";"0.0";"0.0";"0.0";"0.0";"0.0";"0.0";"0.0";"0.0";"0.0";"0.0";"0.0";"0.0";"0.0";"0.0";"0.0";"0.0"
"Strategy 4.10.346";"";"0.77";"NDXm_TICK_UTCPlus02";"M15";"2421.27";"";"2779";"1.14";"1.43";"0.06";"60.53";"0.86";"0.0";"604.78";"1.37";"4.0";"2.09";"12.45";"14.93";"15.95";"16.51";"16.18";"12.0";"0.77";"0.0";"";"0";"0.0";"0.0";"0.0";"0.0";"0.0";"0.0";"0.0";"0.0";"0.0";"0.0";"0.0";"0.0";"0.0";"0.0";"0.0";"0.0"
"Strategy 4.10.354";"";"0.84";"NDXm_TICK_UTCPlus02";"M15";"3806.64";"";"2855";"1.15";"1.63";"0.09";"95.16";"0.82";"0.0";"549.11";"0.67";"6.93";"1.54";"24.87";"14.41";"17.99";"11.82";"14.29";"11.33";"0.84";"0.0";"";"0";"0.0";"0.0";"0.0";"0.0";"0.0";"0.0";"0.0";"0.0";"0.0";"0.0";"0.0";"0.0";"0.0";"0.0";"0.0";"0.0"
"Strategy 4.10.391";"";"0.88";"NDXm_TICK_UTCPlus02";"M15";"2317.61";"";"2023";"1.17";"1.46";"0.08";"57.94";"0.82";"0.0";"237.89";"1.17";"9.74";"1.84";"14.87";"14.85";"13.33";"12.98";"13.17";"7.33";"0.88";"0.0";"";"0";"0.0";"0.0";"0.0";"0.0";"0.0";"0.0";"0.0";"0.0";"0.0";"0.0";"0.0";"0.0";"0.0";"0.0";"0.0";"0.0"
"Strategy 4.10.387";"";"0.79";"NDXm_TICK_UTCPlus02";"M15";"2057.63";"";"1836";"1.14";"1.16";"0.07";"51.44";"0.75";"0.0";"436.46";"0.82";"4.71";"0.97";"20.91";"15.03";"22.71";"17.51";"19.85";"10.33";"0.79";"0.0";"";"0";"0.0";"0.0";"0.0";"0.0";"0.0";"0.0";"0.0";"0.0";"0.0";"0.0";"0.0";"0.0";"0.0";"0.0";"0.0";"0.0"
"Strategy 4.10.401";"";"0.77";"NDXm_TICK_UTCPlus02";"M15";"1141.36";"";"925";"1.17";"1.02";"0.08";"28.53";"0.73";"0.0";"273.05";"1.04";"4.18";"1.54";"16.93";"15.12";"30.56";"28.49";"29.54";"4.06";"0.77";"0.0";"";"0";"0.0";"0.0";"0.0";"0.0";"0.0";"0.0";"0.0";"0.0";"0.0";"0.0";"0.0";"0.0";"0.0";"0.0";"0.0";"0.0"
"Strategy 4.10.392";"";"0.84";"NDXm_TICK_UTCPlus02";"M15";"2037.53";"";"2118";"1.13";"1.21";"0.06";"50.94";"0.88";"0.0";"303.31";"1.0";"6.72";"1.99";"16.9";"14.98";"19.42";"17.23";"18.32";"10.33";"0.84";"0.0";"";"0";"0.0";"0.0";"0.0";"0.0";"0.0";"0.0";"0.0";"0.0";"0.0";"0.0";"0.0";"0.0";"0.0";"0.0";"0.0";"0.0"
"Strategy 4.10.402";"";"0.77";"NDXm_TICK_UTCPlus02";"M15";"1752.24";"";"1297";"1.15";"1.07";"0.09";"43.81";"0.8";"0.0";"439.43";"0.72";"3.99";"0.86";"24.78";"15.58";"36.86";"26.78";"31.01";"18.0";"0.77";"0.0";"";"0";"0.0";"0.0";"0.0";"0.0";"0.0";"0.0";"0.0";"0.0";"0.0";"0.0";"0.0";"0.0";"0.0";"0.0";"0.0";"0.0"
"Strategy 4.10.385";"";"0.78";"NDXm_TICK_UTCPlus02";"M15";"2947.03";"";"2705";"1.12";"1.19";"0.07";"73.67";"0.84";"0.0";"653.76";"0.64";"4.51";"1.38";"26.42";"15.16";"22.93";"13.65";"17.28";"17.56";"0.78";"0.0";"";"0";"0.0";"0.0";"0.0";"0.0";"0.0";"0.0";"0.0";"0.0";"0.0";"0.0";"0.0";"0.0";"0.0";"0.0";"0.0";"0.0"
"Strategy 4.10.389";"";"0.81";"NDXm_TICK_UTCPlus02";"M15";"2612.46";"";"2897";"1.11";"1.14";"0.06";"65.32";"0.89";"0.0";"474.85";"0.79";"5.5";"1.58";"21.2";"15.14";"17.33";"11.77";"14.22";"17.28";"0.81";"0.0";"";"0";"0.0";"0.0";"0.0";"0.0";"0.0";"0.0";"0.0";"0.0";"0.0";"0.0";"0.0";"0.0";"0.0";"0.0";"0.0";"0.0"
"Strategy 4.10.443";"";"0.78";"NDXm_TICK_UTCPlus02";"M15";"737.26";"";"535";"1.23";"1.05";"0.09";"18.43";"0.84";"0.0";"172.4";"1.47";"4.28";"1.17";"12.3";"14.62";"11.74";"12.99";"12.25";"1.33";"0.78";"0.0";"";"0";"0.0";"0.0";"0.0";"0.0";"0.0";"0.0";"0.0";"0.0";"0.0";"0.0";"0.0";"0.0";"0.0";"0.0";"0.0";"0.0"
"Strategy 4.10.415";"";"0.85";"NDXm_TICK_UTCPlus02";"M15";"1817.32";"";"2320";"1.12";"1.22";"0.05";"45.43";"0.8";"0.0";"256.19";"1.36";"7.09";"1.28";"12.32";"14.87";"16.89";"17.48";"17.14";"6.89";"0.85";"0.0";"";"0";"0.0";"0.0";"0.0";"0.0";"0.0";"0.0";"0.0";"0.0";"0.0";"0.0";"0.0";"0.0";"0.0";"0.0";"0.0";"0.0"
"Strategy 4.10.360";"";"0.8";"NDXm_TICK_UTCPlus02";"M15";"3757.97";"";"4184";"1.11";"1.42";"0.06";"93.95";"0.84";"0.0";"771.62";"0.8";"4.87";"1.73";"20.74";"15.03";"21.59";"15.77";"18.36";"22.0";"0.8";"0.0";"";"0";"0.0";"0.0";"0.0";"0.0";"0.0";"0.0";"0.0";"0.0";"0.0";"0.0";"0.0";"0.0";"0.0";"0.0";"0.0";"0.0"
"Strategy 4.10.436";"";"0.82";"NDXm_TICK_UTCPlus02";"M15";"2327.6";"";"1907";"1.16";"1.39";"0.08";"58.19";"0.83";"0.0";"415.48";"0.92";"5.6";"2.13";"18.14";"14.39";"14.76";"11.22";"12.92";"7.33";"0.82";"0.0";"";"0";"0.0";"0.0";"0.0";"0.0";"0.0";"0.0";"0.0";"0.0";"0.0";"0.0";"0.0";"0.0";"0.0";"0.0";"0.0";"0.0"
"Strategy 4.10.412";"";"0.81";"NDXm_TICK_UTCPlus02";"M15";"2229.37";"";"2350";"1.11";"1.09";"0.06";"55.73";"0.79";"0.0";"427.81";"0.76";"5.21";"0.99";"21.9";"15.06";"26.02";"19.32";"22.22";"15.94";"0.81";"0.0";"";"0";"0.0";"0.0";"0.0";"0.0";"0.0";"0.0";"0.0";"0.0";"0.0";"0.0";"0.0";"0.0";"0.0";"0.0";"0.0";"0.0"
"Strategy 4.10.421";"";"0.83";"NDXm_TICK_UTCPlus02";"M15";"2644.55";"";"2520";"1.12";"1.22";"0.07";"66.11";"0.82";"0.0";"416.61";"0.73";"6.35";"1.25";"22.89";"14.88";"23.32";"16.4";"19.32";"14.22";"0.83";"0.0";"";"0";"0.0";"0.0";"0.0";"0.0";"0.0";"0.0";"0.0";"0.0";"0.0";"0.0";"0.0";"0.0";"0.0";"0.0";"0.0";"0.0"
"Strategy 4.10.447";"";"0.78";"NDXm_TICK_UTCPlus02";"M15";"1604.85";"";"1191";"1.16";"1.1";"0.09";"40.12";"0.8";"0.0";"377.19";"0.86";"4.25";"0.89";"21.05";"15.56";"31.31";"24.82";"27.82";"13.56";"0.78";"0.0";"";"0";"0.0";"0.0";"0.0";"0.0";"0.0";"0.0";"0.0";"0.0";"0.0";"0.0";"0.0";"0.0";"0.0";"0.0";"0.0";"0.0"
"Strategy 4.10.400";"";"0.84";"NDXm_TICK_UTCPlus02";"M15";"2688.64";"";"3014";"1.12";"1.33";"0.06";"67.21";"0.86";"0.0";"395.12";"1.02";"6.8";"1.34";"16.5";"15.05";"23.94";"21.17";"22.57";"20.72";"0.84";"0.0";"";"0";"0.0";"0.0";"0.0";"0.0";"0.0";"0.0";"0.0";"0.0";"0.0";"0.0";"0.0";"0.0";"0.0";"0.0";"0.0";"0.0"
"Strategy 4.10.442";"";"0.74";"NDXm_TICK_UTCPlus02";"M15";"1526.43";"";"1357";"1.12";"0.86";"0.07";"38.16";"0.81";"0.0";"440.72";"0.63";"3.46";"0.81";"26.97";"15.29";"34.62";"24.5";"28.43";"12.56";"0.74";"0.0";"";"0";"0.0";"0.0";"0.0";"0.0";"0.0";"0.0";"0.0";"0.0";"0.0";"0.0";"0.0";"0.0";"0.0";"0.0";"0.0";"0.0"
"Strategy 4.10.440";"";"0.84";"NDXm_TICK_UTCPlus02";"M15";"2832.33";"";"1992";"1.18";"1.52";"0.09";"70.81";"0.82";"0.0";"429.15";"0.85";"6.6";"1.14";"20.78";"15.02";"23.42";"17.58";"20.26";"11.33";"0.84";"0.0";"";"0";"0.0";"0.0";"0.0";"0.0";"0.0";"0.0";"0.0";"0.0";"0.0";"0.0";"0.0";"0.0";"0.0";"0.0";"0.0";"0.0"
"Strategy 4.10.454";"";"0.76";"NDXm_TICK_UTCPlus02";"M15";"1254.32";"";"1273";"1.11";"0.82";"0.06";"31.35";"0.77";"0.0";"329.72";"0.78";"3.8";"1.0";"22.01";"15.48";"32.94";"24.81";"28.38";"14.06";"0.76";"0.0";"";"0";"0.0";"0.0";"0.0";"0.0";"0.0";"0.0";"0.0";"0.0";"0.0";"0.0";"0.0";"0.0";"0.0";"0.0";"0.0";"0.0"
"Strategy 4.10.486";"";"0.69";"NDXm_TICK_UTCPlus02";"M15";"678.64";"";"597";"1.13";"0.64";"0.08";"16.97";"0.85";"0.0";"273.83";"0.66";"2.48";"0.7";"25.15";"14.67";"23.66";"17.86";"20.17";"2.44";"0.69";"0.0";"";"0";"0.0";"0.0";"0.0";"0.0";"0.0";"0.0";"0.0";"0.0";"0.0";"0.0";"0.0";"0.0";"0.0";"0.0";"0.0";"0.0"
"Strategy 4.10.426";"";"0.87";"NDXm_TICK_UTCPlus02";"M15";"3479.22";"";"3257";"1.14";"1.57";"0.07";"86.98";"0.87";"0.0";"391.64";"0.92";"8.88";"1.49";"18.49";"14.93";"18.83";"15.45";"17.06";"15.61";"0.87";"0.0";"";"0";"0.0";"0.0";"0.0";"0.0";"0.0";"0.0";"0.0";"0.0";"0.0";"0.0";"0.0";"0.0";"0.0";"0.0";"0.0";"0.0"
"Strategy 4.10.450";"";"0.83";"NDXm_TICK_UTCPlus02";"M15";"2676.69";"";"2228";"1.15";"1.47";"0.08";"66.92";"0.85";"0.0";"440.09";"0.91";"6.08";"1.8";"19.03";"15.01";"23.33";"18.14";"20.62";"13.67";"0.83";"0.0";"";"0";"0.0";"0.0";"0.0";"0.0";"0.0";"0.0";"0.0";"0.0";"0.0";"0.0";"0.0";"0.0";"0.0";"0.0";"0.0";"0.0"
"Strategy 4.10.477";"";"0.7";"NDXm_TICK_UTCPlus02";"M15";"1073.11";"";"1020";"1.13";"0.88";"0.07";"26.83";"0.61";"0.0";"395.37";"0.81";"2.71";"1.11";"20.3";"14.57";"20.19";"15.15";"17.41";"0.28";"0.7";"0.0";"";"0";"0.0";"0.0";"0.0";"0.0";"0.0";"0.0";"0.0";"0.0";"0.0";"0.0";"0.0";"0.0";"0.0";"0.0";"0.0";"0.0"
"Strategy 4.10.441";"";"0.89";"NDXm_TICK_UTCPlus02";"M15";"3969.42";"";"2613";"1.17";"1.63";"0.1";"99.24";"0.88";"0.0";"376.9";"0.63";"10.53";"1.82";"27.69";"14.89";"27.36";"16.73";"20.83";"17.83";"0.89";"0.0";"";"0";"0.0";"0.0";"0.0";"0.0";"0.0";"0.0";"0.0";"0.0";"0.0";"0.0";"0.0";"0.0";"0.0";"0.0";"0.0";"0.0"
"Strategy 4.10.463";"";"0.84";"NDXm_TICK_UTCPlus02";"M15";"3138.44";"";"2235";"1.17";"1.53";"0.09";"78.47";"0.9";"0.0";"456.83";"0.79";"6.87";"2.42";"22.36";"15.17";"20.27";"13.68";"16.59";"14.44";"0.84";"0.0";"";"0";"0.0";"0.0";"0.0";"0.0";"0.0";"0.0";"0.0";"0.0";"0.0";"0.0";"0.0";"0.0";"0.0";"0.0";"0.0";"0.0"
"Strategy 4.10.482";"";"0.89";"NDXm_TICK_UTCPlus02";"M15";"2221.48";"";"1823";"1.19";"1.61";"0.08";"55.54";"0.87";"0.0";"208.35";"1.36";"10.66";"2.17";"13.08";"14.93";"17.84";"16.85";"17.42";"9.28";"0.89";"0.0";"";"0";"0.0";"0.0";"0.0";"0.0";"0.0";"0.0";"0.0";"0.0";"0.0";"0.0";"0.0";"0.0";"0.0";"0.0";"0.0";"0.0"
"Strategy 4.10.492";"";"0.81";"NDXm_TICK_UTCPlus02";"M15";"2621.74";"";"1652";"1.18";"1.39";"0.11";"65.55";"0.91";"0.0";"480.32";"0.69";"5.46";"1.89";"25.35";"14.75";"20.99";"14.1";"16.91";"8.33";"0.81";"0.0";"";"0";"0.0";"0.0";"0.0";"0.0";"0.0";"0.0";"0.0";"0.0";"0.0";"0.0";"0.0";"0.0";"0.0";"0.0";"0.0";"0.0"
"Strategy 4.10.499";"";"0.86";"NDXm_TICK_UTCPlus02";"M15";"1973.87";"";"1608";"1.2";"1.5";"0.08";"49.34";"0.83";"0.0";"246.2";"1.38";"8.02";"1.61";"12.96";"14.99";"16.61";"16.09";"16.39";"8.67";"0.86";"0.0";"";"0";"0.0";"0.0";"0.0";"0.0";"0.0";"0.0";"0.0";"0.0";"0.0";"0.0";"0.0";"0.0";"0.0";"0.0";"0.0";"0.0"
"Strategy 4.10.468";"";"0.83";"NDXm_TICK_UTCPlus02";"M15";"2529.89";"";"2432";"1.12";"1.21";"0.07";"63.25";"0.87";"0.0";"393.9";"0.77";"6.42";"1.25";"21.86";"15.07";"25.7";"19.43";"22.16";"15.78";"0.83";"0.0";"";"0";"0.0";"0.0";"0.0";"0.0";"0.0";"0.0";"0.0";"0.0";"0.0";"0.0";"0.0";"0.0";"0.0";"0.0";"0.0";"0.0"
"Strategy 4.10.467";"";"0.83";"NDXm_TICK_UTCPlus02";"M15";"2358.12";"";"2405";"1.11";"1.13";"0.06";"58.95";"0.85";"0.0";"386.1";"0.77";"6.11";"1.14";"21.93";"15.09";"29.89";"21.36";"25.06";"18.78";"0.83";"0.0";"";"0";"0.0";"0.0";"0.0";"0.0";"0.0";"0.0";"0.0";"0.0";"0.0";"0.0";"0.0";"0.0";"0.0";"0.0";"0.0";"0.0"
"Strategy 4.10.526";"";"0.81";"NDXm_TICK_UTCPlus02";"M15";"677.72";"";"407";"1.22";"0.86";"0.11";"16.95";"0.82";"0.0";"128.6";"0.94";"5.27";"1.21";"19.16";"14.74";"27.06";"19.15";"22.98";"0.94";"0.81";"0.0";"";"0";"0.0";"0.0";"0.0";"0.0";"0.0";"0.0";"0.0";"0.0";"0.0";"0.0";"0.0";"0.0";"0.0";"0.0";"0.0";"0.0"
"Strategy 4.10.509";"";"0.73";"NDXm_TICK_UTCPlus02";"M15";"1831.54";"";"1977";"1.12";"1.09";"0.06";"45.79";"0.82";"0.0";"565.38";"0.93";"3.24";"1.05";"17.89";"14.8";"18.25";"14.08";"16.09";"8.56";"0.73";"0.0";"";"0";"0.0";"0.0";"0.0";"0.0";"0.0";"0.0";"0.0";"0.0";"0.0";"0.0";"0.0";"0.0";"0.0";"0.0";"0.0";"0.0"
"Strategy 4.10.512";"";"0.78";"NDXm_TICK_UTCPlus02";"M15";"1863.05";"";"1362";"1.17";"1.2";"0.09";"46.57";"0.77";"0.0";"416.07";"0.88";"4.48";"0.91";"20.65";"15.57";"28.47";"23.84";"26.01";"15.17";"0.78";"0.0";"";"0";"0.0";"0.0";"0.0";"0.0";"0.0";"0.0";"0.0";"0.0";"0.0";"0.0";"0.0";"0.0";"0.0";"0.0";"0.0";"0.0"
"Strategy 4.10.536";"";"0.71";"NDXm_TICK_UTCPlus02";"M15";"908.29";"";"751";"1.15";"0.86";"0.08";"22.71";"0.78";"0.0";"312.85";"0.91";"2.9";"0.64";"19.0";"15.0";"26.18";"21.66";"23.81";"2.11";"0.71";"0.0";"";"0";"0.0";"0.0";"0.0";"0.0";"0.0";"0.0";"0.0";"0.0";"0.0";"0.0";"0.0";"0.0";"0.0";"0.0";"0.0";"0.0"
"Strategy 4.10.515";"";"0.76";"NDXm_TICK_UTCPlus02";"M15";"2314.98";"";"2965";"1.11";"1.22";"0.05";"57.88";"0.82";"0.0";"608.9";"1.03";"3.8";"1.14";"15.74";"14.59";"12.72";"11.06";"11.9";"11.22";"0.76";"0.0";"";"0";"0.0";"0.0";"0.0";"0.0";"0.0";"0.0";"0.0";"0.0";"0.0";"0.0";"0.0";"0.0";"0.0";"0.0";"0.0";"0.0"
"Strategy 4.10.520";"";"0.87";"NDXm_TICK_UTCPlus02";"M15";"2609.51";"";"2251";"1.13";"1.24";"0.08";"65.24";"0.82";"0.0";"310.6";"0.66";"8.4";"2.28";"25.62";"14.96";"27.66";"16.43";"20.89";"14.11";"0.87";"0.0";"";"0";"0.0";"0.0";"0.0";"0.0";"0.0";"0.0";"0.0";"0.0";"0.0";"0.0";"0.0";"0.0";"0.0";"0.0";"0.0";"0.0"
"Strategy 4.10.560";"";"0.81";"NDXm_TICK_UTCPlus02";"M15";"1796.53";"";"1952";"1.12";"1.1";"0.06";"44.91";"0.75";"0.0";"330.13";"0.94";"5.44";"1.32";"17.54";"14.68";"13.12";"11.57";"12.32";"6.06";"0.81";"0.0";"";"0";"0.0";"0.0";"0.0";"0.0";"0.0";"0.0";"0.0";"0.0";"0.0";"0.0";"0.0";"0.0";"0.0";"0.0";"0.0";"0.0"
"Strategy 4.10.541";"";"0.81";"NDXm_TICK_UTCPlus02";"M15";"2100.17";"";"2304";"1.12";"1.2";"0.06";"52.5";"0.8";"0.0";"394.52";"1.04";"5.32";"1.08";"16.31";"15.03";"19.13";"16.33";"17.75";"12.67";"0.81";"0.0";"";"0";"0.0";"0.0";"0.0";"0.0";"0.0";"0.0";"0.0";"0.0";"0.0";"0.0";"0.0";"0.0";"0.0";"0.0";"0.0";"0.0"
"Strategy 4.10.548";"";"0.72";"NDXm_TICK_UTCPlus02";"M15";"2130.93";"";"1897";"1.12";"1.05";"0.07";"53.27";"0.78";"0.0";"730.13";"0.68";"2.92";"1.09";"25.44";"15.38";"26.59";"16.78";"20.74";"15.94";"0.72";"0.0";"";"0";"0.0";"0.0";"0.0";"0.0";"0.0";"0.0";"0.0";"0.0";"0.0";"0.0";"0.0";"0.0";"0.0";"0.0";"0.0";"0.0"
"Strategy 4.10.565";"";"0.81";"NDXm_TICK_UTCPlus02";"M15";"2025.2";"";"2082";"1.14";"1.25";"0.06";"50.63";"0.83";"0.0";"380.25";"1.25";"5.33";"1.03";"13.96";"15.24";"16.2";"15.34";"15.82";"14.94";"0.81";"0.0";"";"0";"0.0";"0.0";"0.0";"0.0";"0.0";"0.0";"0.0";"0.0";"0.0";"0.0";"0.0";"0.0";"0.0";"0.0";"0.0";"0.0"
"Strategy 4.10.564";"";"0.85";"NDXm_TICK_UTCPlus02";"M15";"3133.85";"";"1993";"1.18";"1.45";"0.11";"78.35";"0.87";"0.0";"421.54";"0.64";"7.43";"1.5";"27.03";"14.66";"23.58";"14.91";"18.29";"9.89";"0.85";"0.0";"";"0";"0.0";"0.0";"0.0";"0.0";"0.0";"0.0";"0.0";"0.0";"0.0";"0.0";"0.0";"0.0";"0.0";"0.0";"0.0";"0.0"
"Strategy 4.10.570";"";"0.82";"NDXm_TICK_UTCPlus02";"M15";"2502.99";"";"2110";"1.14";"1.41";"0.08";"62.57";"0.65";"0.0";"448.69";"0.76";"5.58";"2.88";"21.68";"14.45";"19.65";"14.42";"16.68";"1.83";"0.82";"0.0";"";"0";"0.0";"0.0";"0.0";"0.0";"0.0";"0.0";"0.0";"0.0";"0.0";"0.0";"0.0";"0.0";"0.0";"0.0";"0.0";"0.0"
"Strategy 4.10.547";"";"0.81";"NDXm_TICK_UTCPlus02";"M15";"2619.14";"";"2358";"1.13";"1.31";"0.07";"65.48";"0.85";"0.0";"477.86";"0.78";"5.48";"1.09";"21.83";"15.04";"27.03";"19.71";"22.92";"16.39";"0.81";"0.0";"";"0";"0.0";"0.0";"0.0";"0.0";"0.0";"0.0";"0.0";"0.0";"0.0";"0.0";"0.0";"0.0";"0.0";"0.0";"0.0";"0.0"
"Strategy 3.12.303";"";"0.86";"NDXm_TICK_UTCPlus02";"M15";"1488.46";"";"1075";"1.21";"1.43";"0.09";"37.21";"0.91";"0.0";"177.98";"1.32";"8.36";"2.06";"13.8";"15.03";"14.83";"14.43";"14.66";"3.0";"0.86";"0.0";"";"0";"0.0";"0.0";"0.0";"0.0";"0.0";"0.0";"0.0";"0.0";"0.0";"0.0";"0.0";"0.0";"0.0";"0.0";"0.0";"0.0"
"Strategy 3.12.328";"";"0.73";"NDXm_TICK_UTCPlus02";"M15";"771.34";"";"581";"1.22";"1.05";"0.09";"19.29";"0.64";"0.0";"235.14";"1.49";"3.28";"1.25";"12.19";"14.89";"16.86";"14.39";"15.87";"2.83";"0.73";"0.0";"";"0";"0.0";"0.0";"0.0";"0.0";"0.0";"0.0";"0.0";"0.0";"0.0";"0.0";"0.0";"0.0";"0.0";"0.0";"0.0";"0.0"
"Strategy 4.10.568";"";"0.88";"NDXm_TICK_UTCPlus02";"M15";"4277.47";"";"2894";"1.17";"1.68";"0.1";"106.94";"0.87";"0.0";"446.26";"0.63";"9.59";"1.57";"27.0";"14.59";"23.34";"14.63";"17.99";"13.28";"0.88";"0.0";"";"0";"0.0";"0.0";"0.0";"0.0";"0.0";"0.0";"0.0";"0.0";"0.0";"0.0";"0.0";"0.0";"0.0";"0.0";"0.0";"0.0"
"Strategy 3.12.310";"";"0.7";"NDXm_TICK_UTCPlus02";"M15";"1581.52";"";"826";"1.23";"1.27";"0.13";"39.54";"0.63";"0.0";"583.02";"0.8";"2.71";"1.42";"22.94";"14.9";"28.23";"21.99";"24.76";"4.78";"0.7";"0.0";"";"0";"0.0";"0.0";"0.0";"0.0";"0.0";"0.0";"0.0";"0.0";"0.0";"0.0";"0.0";"0.0";"0.0";"0.0";"0.0";"0.0"
"Strategy 4.10.556";"";"0.8";"NDXm_TICK_UTCPlus02";"M15";"2949.29";"";"3516";"1.11";"1.29";"0.06";"73.73";"0.84";"0.0";"583.63";"0.91";"5.05";"1.3";"18.21";"14.97";"21.24";"17.09";"19.07";"19.33";"0.8";"0.0";"";"0";"0.0";"0.0";"0.0";"0.0";"0.0";"0.0";"0.0";"0.0";"0.0";"0.0";"0.0";"0.0";"0.0";"0.0";"0.0";"0.0"
"Strategy 4.10.574";"";"0.83";"NDXm_TICK_UTCPlus02";"M15";"2449.34";"";"2307";"1.12";"1.1";"0.07";"61.23";"0.85";"0.0";"407.88";"0.64";"6.01";"1.31";"26.26";"15.08";"32.18";"21.66";"25.77";"18.78";"0.83";"0.0";"";"0";"0.0";"0.0";"0.0";"0.0";"0.0";"0.0";"0.0";"0.0";"0.0";"0.0";"0.0";"0.0";"0.0";"0.0";"0.0";"0.0"
"Strategy 4.10.582";"";"0.79";"NDXm_TICK_UTCPlus02";"M15";"2542.09";"";"2248";"1.13";"1.23";"0.07";"63.55";"0.85";"0.0";"553.19";"0.75";"4.6";"1.86";"22.95";"15.13";"31.18";"21.61";"25.69";"17.78";"0.79";"0.0";"";"0";"0.0";"0.0";"0.0";"0.0";"0.0";"0.0";"0.0";"0.0";"0.0";"0.0";"0.0";"0.0";"0.0";"0.0";"0.0";"0.0"
"Strategy 3.12.321";"";"0.76";"NDXm_TICK_UTCPlus02";"M15";"1403.46";"";"1871";"1.11";"1.01";"0.05";"35.09";"0.84";"0.0";"354.93";"1.17";"3.95";"0.84";"14.06";"14.8";"12.66";"12.27";"12.48";"5.33";"0.76";"0.0";"";"0";"0.0";"0.0";"0.0";"0.0";"0.0";"0.0";"0.0";"0.0";"0.0";"0.0";"0.0";"0.0";"0.0";"0.0";"0.0";"0.0"
"Strategy 3.12.345";"";"0.82";"NDXm_TICK_UTCPlus02";"M15";"1114.66";"";"488";"1.27";"1.08";"0.16";"27.87";"0.81";"0.0";"185.98";"0.71";"5.99";"1.91";"25.8";"14.32";"24.24";"17.33";"20.19";"0.39";"0.82";"0.0";"";"0";"0.0";"0.0";"0.0";"0.0";"0.0";"0.0";"0.0";"0.0";"0.0";"0.0";"0.0";"0.0";"0.0";"0.0";"0.0";"0.0"
"Strategy 3.12.305";"";"0.8";"NDXm_TICK_UTCPlus02";"M15";"2036.65";"";"1856";"1.14";"1.2";"0.07";"50.92";"0.77";"0.0";"421.24";"0.86";"4.83";"2.04";"19.77";"14.92";"26.72";"20.15";"23.18";"14.78";"0.8";"0.0";"";"0";"0.0";"0.0";"0.0";"0.0";"0.0";"0.0";"0.0";"0.0";"0.0";"0.0";"0.0";"0.0";"0.0";"0.0";"0.0";"0.0"
"Strategy 3.12.360";"";"0.75";"NDXm_TICK_UTCPlus02";"M15";"925.39";"";"998";"1.13";"0.85";"0.06";"23.14";"0.78";"0.0";"262.24";"1.15";"3.53";"0.84";"14.78";"14.95";"26.75";"20.8";"23.98";"8.28";"0.75";"0.0";"";"0";"0.0";"0.0";"0.0";"0.0";"0.0";"0.0";"0.0";"0.0";"0.0";"0.0";"0.0";"0.0";"0.0";"0.0";"0.0";"0.0"
"Strategy 3.12.367";"";"0.7";"NDXm_TICK_UTCPlus02";"M15";"905.61";"";"850";"1.13";"0.78";"0.07";"22.64";"0.64";"0.0";"333.87";"0.91";"2.71";"1.01";"18.93";"15.27";"40.31";"35.37";"37.73";"6.44";"0.7";"0.0";"";"0";"0.0";"0.0";"0.0";"0.0";"0.0";"0.0";"0.0";"0.0";"0.0";"0.0";"0.0";"0.0";"0.0";"0.0";"0.0";"0.0"
"Strategy 3.12.409";"";"0.83";"NDXm_TICK_UTCPlus02";"M15";"1432.11";"";"661";"1.28";"1.37";"0.15";"35.81";"0.83";"0.0";"238.25";"0.92";"6.01";"2.0";"20.48";"14.71";"16.05";"11.78";"13.83";"2.06";"0.83";"0.0";"";"0";"0.0";"0.0";"0.0";"0.0";"0.0";"0.0";"0.0";"0.0";"0.0";"0.0";"0.0";"0.0";"0.0";"0.0";"0.0";"0.0"
"Strategy 3.12.341";"";"0.76";"NDXm_TICK_UTCPlus02";"M15";"3363.01";"";"3301";"1.12";"1.31";"0.07";"84.08";"0.81";"0.0";"859.84";"0.63";"3.91";"1.37";"24.83";"14.1";"14.44";"9.48";"11.41";"10.33";"0.76";"0.0";"";"0";"0.0";"0.0";"0.0";"0.0";"0.0";"0.0";"0.0";"0.0";"0.0";"0.0";"0.0";"0.0";"0.0";"0.0";"0.0";"0.0"
"Strategy 3.12.301";"";"0.83";"NDXm_TICK_UTCPlus02";"M15";"2968.96";"";"3484";"1.11";"1.26";"0.06";"74.23";"0.86";"0.0";"477.83";"0.84";"6.21";"1.25";"19.62";"14.92";"19.71";"14.51";"16.88";"17.06";"0.83";"0.0";"";"0";"0.0";"0.0";"0.0";"0.0";"0.0";"0.0";"0.0";"0.0";"0.0";"0.0";"0.0";"0.0";"0.0";"0.0";"0.0";"0.0"
"Strategy 3.12.420";"";"0.84";"NDXm_TICK_UTCPlus02";"M15";"1451.21";"";"600";"1.31";"1.39";"0.17";"36.28";"0.82";"0.0";"212.13";"0.83";"6.84";"2.7";"22.73";"14.54";"18.23";"12.69";"15.21";"2.0";"0.84";"0.0";"";"0";"0.0";"0.0";"0.0";"0.0";"0.0";"0.0";"0.0";"0.0";"0.0";"0.0";"0.0";"0.0";"0.0";"0.0";"0.0";"0.0"
"Strategy 3.12.379";"";"0.78";"NDXm_TICK_UTCPlus02";"M15";"1414.47";"";"1402";"1.15";"1.17";"0.07";"35.36";"0.8";"0.0";"320.71";"1.29";"4.41";"1.32";"13.39";"14.97";"20.69";"19.13";"20.01";"8.44";"0.78";"0.0";"";"0";"0.0";"0.0";"0.0";"0.0";"0.0";"0.0";"0.0";"0.0";"0.0";"0.0";"0.0";"0.0";"0.0";"0.0";"0.0";"0.0"
"Strategy 3.12.410";"";"0.84";"NDXm_TICK_UTCPlus02";"M15";"2346.97";"";"1420";"1.18";"1.34";"0.11";"58.67";"0.92";"0.0";"336.68";"0.62";"6.97";"1.77";"27.88";"14.49";"21.38";"12.04";"15.6";"5.44";"0.84";"0.0";"";"0";"0.0";"0.0";"0.0";"0.0";"0.0";"0.0";"0.0";"0.0";"0.0";"0.0";"0.0";"0.0";"0.0";"0.0";"0.0";"0.0"
"Strategy 3.12.384";"";"0.83";"NDXm_TICK_UTCPlus02";"M15";"2397.03";"";"1881";"1.17";"1.43";"0.09";"59.92";"0.85";"0.0";"386.69";"0.96";"6.2";"1.85";"18.11";"14.95";"21.54";"16.86";"19.15";"11.61";"0.83";"0.0";"";"0";"0.0";"0.0";"0.0";"0.0";"0.0";"0.0";"0.0";"0.0";"0.0";"0.0";"0.0";"0.0";"0.0";"0.0";"0.0";"0.0"
"Strategy 3.12.400";"";"0.68";"NDXm_TICK_UTCPlus02";"M15";"1350.27";"";"1256";"1.12";"0.89";"0.07";"33.76";"0.72";"0.0";"564.6";"0.72";"2.39";"1.05";"23.32";"15.01";"35.81";"25.81";"30.0";"13.0";"0.68";"0.0";"";"0";"0.0";"0.0";"0.0";"0.0";"0.0";"0.0";"0.0";"0.0";"0.0";"0.0";"0.0";"0.0";"0.0";"0.0";"0.0";"0.0"
"Strategy 3.12.425";"";"0.7";"NDXm_TICK_UTCPlus02";"M15";"1080.81";"";"1188";"1.11";"0.79";"0.06";"27.02";"0.77";"0.0";"406.1";"0.86";"2.66";"1.06";"19.66";"15.25";"22.66";"17.2";"19.73";"9.0";"0.7";"0.0";"";"0";"0.0";"0.0";"0.0";"0.0";"0.0";"0.0";"0.0";"0.0";"0.0";"0.0";"0.0";"0.0";"0.0";"0.0";"0.0";"0.0"
"Strategy 3.12.453";"";"0.77";"NDXm_TICK_UTCPlus02";"M15";"1611.73";"";"980";"1.18";"1.09";"0.11";"40.29";"0.75";"0.0";"395.49";"0.62";"4.08";"0.86";"28.01";"14.63";"23.74";"14.39";"17.96";"3.78";"0.77";"0.0";"";"0";"0.0";"0.0";"0.0";"0.0";"0.0";"0.0";"0.0";"0.0";"0.0";"0.0";"0.0";"0.0";"0.0";"0.0";"0.0";"0.0"
"Strategy 3.12.446";"";"0.84";"NDXm_TICK_UTCPlus02";"M15";"1767.95";"";"1621";"1.13";"1.03";"0.08";"44.2";"0.89";"0.0";"261.35";"0.67";"6.76";"1.83";"24.19";"14.37";"15.88";"10.47";"12.64";"5.39";"0.84";"0.0";"";"0";"0.0";"0.0";"0.0";"0.0";"0.0";"0.0";"0.0";"0.0";"0.0";"0.0";"0.0";"0.0";"0.0";"0.0";"0.0";"0.0"
"Strategy 3.12.399";"";"0.79";"NDXm_TICK_UTCPlus02";"M15";"2285.93";"";"2601";"1.11";"1.1";"0.06";"57.15";"0.72";"0.0";"474.7";"0.74";"4.82";"1.6";"21.63";"14.45";"20.88";"16.17";"18.17";"7.39";"0.79";"0.0";"";"0";"0.0";"0.0";"0.0";"0.0";"0.0";"0.0";"0.0";"0.0";"0.0";"0.0";"0.0";"0.0";"0.0";"0.0";"0.0";"0.0"
"Strategy 3.12.440";"";"0.75";"NDXm_TICK_UTCPlus02";"M15";"1631.21";"";"1508";"1.12";"0.94";"0.07";"40.78";"0.82";"0.0";"445.5";"0.66";"3.66";"0.9";"25.3";"14.92";"26.55";"17.3";"20.98";"8.39";"0.75";"0.0";"";"0";"0.0";"0.0";"0.0";"0.0";"0.0";"0.0";"0.0";"0.0";"0.0";"0.0";"0.0";"0.0";"0.0";"0.0";"0.0";"0.0"
"Strategy 3.12.436";"";"0.8";"NDXm_TICK_UTCPlus02";"M15";"1806.47";"";"2084";"1.11";"1.02";"0.06";"45.16";"0.83";"0.0";"369.36";"0.86";"4.89";"0.93";"19.05";"14.84";"19.2";"14.92";"16.9";"10.61";"0.8";"0.0";"";"0";"0.0";"0.0";"0.0";"0.0";"0.0";"0.0";"0.0";"0.0";"0.0";"0.0";"0.0";"0.0";"0.0";"0.0";"0.0";"0.0"
"Strategy 3.12.419";"";"0.79";"NDXm_TICK_UTCPlus02";"M15";"1524.79";"";"2095";"1.11";"1.01";"0.05";"38.12";"0.85";"0.0";"336.64";"1.16";"4.53";"0.85";"14.21";"14.94";"19.3";"17.97";"18.69";"11.56";"0.79";"0.0";"";"0";"0.0";"0.0";"0.0";"0.0";"0.0";"0.0";"0.0";"0.0";"0.0";"0.0";"0.0";"0.0";"0.0";"0.0";"0.0";"0.0"
"Strategy 3.12.480";"";"0.84";"NDXm_TICK_UTCPlus02";"M15";"1149.24";"";"561";"1.26";"1.14";"0.14";"28.73";"0.73";"0.0";"173.62";"0.85";"6.62";"1.47";"21.98";"14.8";"23.19";"18.06";"20.41";"3.06";"0.84";"0.0";"";"0";"0.0";"0.0";"0.0";"0.0";"0.0";"0.0";"0.0";"0.0";"0.0";"0.0";"0.0";"0.0";"0.0";"0.0";"0.0";"0.0"
"Strategy 3.12.474";"";"0.89";"NDXm_TICK_UTCPlus02";"M15";"2703.81";"";"977";"1.31";"1.73";"0.19";"67.6";"0.87";"0.0";"244.9";"0.64";"11.04";"4.79";"29.74";"14.4";"17.92";"11.27";"13.86";"3.33";"0.89";"0.0";"";"0";"0.0";"0.0";"0.0";"0.0";"0.0";"0.0";"0.0";"0.0";"0.0";"0.0";"0.0";"0.0";"0.0";"0.0";"0.0";"0.0"
"Strategy 3.12.499";"";"0.78";"NDXm_TICK_UTCPlus02";"M15";"982.98";"";"1031";"1.15";"0.96";"0.07";"24.58";"0.82";"0.0";"231.64";"1.27";"4.24";"0.98";"13.23";"14.65";"12.11";"13.2";"12.59";"2.72";"0.78";"0.0";"";"0";"0.0";"0.0";"0.0";"0.0";"0.0";"0.0";"0.0";"0.0";"0.0";"0.0";"0.0";"0.0";"0.0";"0.0";"0.0";"0.0"
"Strategy 3.12.456";"";"0.7";"NDXm_TICK_UTCPlus02";"M15";"1576.88";"";"1787";"1.11";"0.98";"0.06";"39.43";"0.75";"0.0";"607.27";"0.91";"2.6";"1.01";"18.26";"14.95";"22.2";"17.83";"19.91";"10.83";"0.7";"0.0";"";"0";"0.0";"0.0";"0.0";"0.0";"0.0";"0.0";"0.0";"0.0";"0.0";"0.0";"0.0";"0.0";"0.0";"0.0";"0.0";"0.0"
"Strategy 3.12.489";"";"0.81";"NDXm_TICK_UTCPlus02";"M15";"1427.26";"";"1095";"1.21";"1.35";"0.09";"35.68";"0.83";"0.0";"265.28";"1.36";"5.38";"1.23";"13.28";"14.99";"20.65";"18.49";"19.73";"6.0";"0.81";"0.0";"";"0";"0.0";"0.0";"0.0";"0.0";"0.0";"0.0";"0.0";"0.0";"0.0";"0.0";"0.0";"0.0";"0.0";"0.0";"0.0";"0.0"
"Strategy 3.12.479";"";"0.74";"NDXm_TICK_UTCPlus02";"M15";"1012.37";"";"1355";"1.11";"0.82";"0.05";"25.31";"0.76";"0.0";"302.73";"1.17";"3.34";"0.69";"14.24";"15.1";"23.31";"20.33";"21.94";"12.44";"0.74";"0.0";"";"0";"0.0";"0.0";"0.0";"0.0";"0.0";"0.0";"0.0";"0.0";"0.0";"0.0";"0.0";"0.0";"0.0";"0.0";"0.0";"0.0"
"Strategy 3.12.505";"";"0.82";"NDXm_TICK_UTCPlus02";"M15";"1494.79";"";"818";"1.22";"1.19";"0.12";"37.37";"0.8";"0.0";"250.81";"0.79";"5.96";"1.3";"23.13";"14.92";"23.89";"15.86";"19.39";"3.44";"0.82";"0.0";"";"0";"0.0";"0.0";"0.0";"0.0";"0.0";"0.0";"0.0";"0.0";"0.0";"0.0";"0.0";"0.0";"0.0";"0.0";"0.0";"0.0"
"Strategy 3.12.470";"";"0.82";"NDXm_TICK_UTCPlus02";"M15";"2317.22";"";"2482";"1.11";"1.13";"0.06";"57.93";"0.83";"0.0";"413.85";"0.76";"5.6";"1.14";"21.6";"14.73";"17.71";"12.1";"14.52";"10.89";"0.82";"0.0";"";"0";"0.0";"0.0";"0.0";"0.0";"0.0";"0.0";"0.0";"0.0";"0.0";"0.0";"0.0";"0.0";"0.0";"0.0";"0.0";"0.0"
"Strategy 3.12.509";"";"0.76";"NDXm_TICK_UTCPlus02";"M15";"1132.13";"";"707";"1.19";"1.0";"0.11";"28.3";"0.7";"0.0";"296.65";"0.74";"3.82";"1.69";"23.3";"14.39";"22.1";"16.53";"18.9";"0.78";"0.76";"0.0";"";"0";"0.0";"0.0";"0.0";"0.0";"0.0";"0.0";"0.0";"0.0";"0.0";"0.0";"0.0";"0.0";"0.0";"0.0";"0.0";"0.0"
"Strategy 3.12.538";"";"0.8";"NDXm_TICK_UTCPlus02";"M15";"1287.9";"";"716";"1.21";"1.08";"0.12";"32.2";"0.84";"0.0";"255.15";"0.69";"5.05";"1.4";"25.89";"14.8";"22.84";"14.6";"17.96";"3.61";"0.8";"0.0";"";"0";"0.0";"0.0";"0.0";"0.0";"0.0";"0.0";"0.0";"0.0";"0.0";"0.0";"0.0";"0.0";"0.0";"0.0";"0.0";"0.0"
"Strategy 3.12.526";"";"0.79";"NDXm_TICK_UTCPlus02";"M15";"1509.17";"";"1570";"1.15";"1.24";"0.06";"37.74";"0.82";"0.0";"324.43";"1.37";"4.65";"1.37";"12.55";"14.94";"15.57";"15.87";"15.7";"7.5";"0.79";"0.0";"";"0";"0.0";"0.0";"0.0";"0.0";"0.0";"0.0";"0.0";"0.0";"0.0";"0.0";"0.0";"0.0";"0.0";"0.0";"0.0";"0.0"
"Strategy 3.12.549";"";"0.73";"NDXm_TICK_UTCPlus02";"M15";"1341.36";"";"1008";"1.16";"0.97";"0.09";"33.53";"0.81";"0.0";"430.97";"0.72";"3.11";"1.02";"23.58";"14.62";"17.33";"12.11";"14.29";"3.17";"0.73";"0.0";"";"0";"0.0";"0.0";"0.0";"0.0";"0.0";"0.0";"0.0";"0.0";"0.0";"0.0";"0.0";"0.0";"0.0";"0.0";"0.0";"0.0"
"Strategy 3.12.558";"";"0.89";"NDXm_TICK_UTCPlus02";"M15";"1468.32";"";"568";"1.31";"1.34";"0.17";"36.71";"0.85";"0.0";"138.79";"0.75";"10.58";"2.64";"25.68";"14.81";"29.69";"18.74";"23.45";"3.72";"0.89";"0.0";"";"0";"0.0";"0.0";"0.0";"0.0";"0.0";"0.0";"0.0";"0.0";"0.0";"0.0";"0.0";"0.0";"0.0";"0.0";"0.0";"0.0"
"Strategy 3.12.545";"";"0.76";"NDXm_TICK_UTCPlus02";"M15";"1062.09";"";"808";"1.15";"0.84";"0.09";"26.55";"0.86";"0.0";"270.71";"0.69";"3.92";"0.92";"24.46";"14.67";"27.13";"22.28";"24.26";"3.0";"0.76";"0.0";"";"0";"0.0";"0.0";"0.0";"0.0";"0.0";"0.0";"0.0";"0.0";"0.0";"0.0";"0.0";"0.0";"0.0";"0.0";"0.0";"0.0"
"Strategy 3.12.482";"";"0.87";"NDXm_TICK_UTCPlus02";"M15";"3037.41";"";"2998";"1.12";"1.37";"0.07";"75.93";"0.84";"0.0";"348.47";"0.76";"8.72";"2.06";"21.29";"14.47";"21.06";"14.9";"17.57";"10.28";"0.87";"0.0";"";"0";"0.0";"0.0";"0.0";"0.0";"0.0";"0.0";"0.0";"0.0";"0.0";"0.0";"0.0";"0.0";"0.0";"0.0";"0.0";"0.0"
"Strategy 3.12.541";"";"0.8";"NDXm_TICK_UTCPlus02";"M15";"1469.58";"";"1900";"1.11";"0.98";"0.05";"36.73";"0.82";"0.0";"287.52";"1.07";"5.11";"1.22";"15.3";"14.74";"15.66";"13.34";"14.54";"8.17";"0.8";"0.0";"";"0";"0.0";"0.0";"0.0";"0.0";"0.0";"0.0";"0.0";"0.0";"0.0";"0.0";"0.0";"0.0";"0.0";"0.0";"0.0";"0.0"
"Strategy 3.12.535";"";"0.85";"NDXm_TICK_UTCPlus02";"M15";"2336.34";"";"2116";"1.14";"1.3";"0.07";"58.41";"0.89";"0.0";"320.75";"0.89";"7.28";"1.5";"19.01";"14.85";"19.38";"15.07";"17.1";"10.67";"0.85";"0.0";"";"0";"0.0";"0.0";"0.0";"0.0";"0.0";"0.0";"0.0";"0.0";"0.0";"0.0";"0.0";"0.0";"0.0";"0.0";"0.0";"0.0"
"Strategy 3.12.560";"";"0.72";"NDXm_TICK_UTCPlus02";"M15";"1949.91";"";"1926";"1.11";"1.03";"0.07";"48.74";"0.79";"0.0";"632.13";"0.66";"3.08";"1.55";"24.67";"14.71";"22.59";"14.18";"17.54";"7.78";"0.72";"0.0";"";"0";"0.0";"0.0";"0.0";"0.0";"0.0";"0.0";"0.0";"0.0";"0.0";"0.0";"0.0";"0.0";"0.0";"0.0";"0.0";"0.0"
"Strategy 3.12.569";"";"0.68";"NDXm_TICK_UTCPlus02";"M15";"2177.46";"";"2221";"1.12";"1.08";"0.07";"54.44";"0.79";"0.0";"911.14";"0.68";"2.39";"1.31";"23.47";"14.26";"15.67";"10.06";"12.32";"7.17";"0.68";"0.0";"";"0";"0.0";"0.0";"0.0";"0.0";"0.0";"0.0";"0.0";"0.0";"0.0";"0.0";"0.0";"0.0";"0.0";"0.0";"0.0";"0.0"
"Strategy 1.13.300";"";"0.75";"NDXm_TICK_UTCPlus02";"M15";"1225.72";"";"985";"1.15";"0.91";"0.08";"30.64";"0.84";"0.0";"337.88";"0.8";"3.63";"1.11";"21.7";"15.14";"19.02";"15.71";"17.18";"5.89";"0.75";"0.0";"";"0";"0.0";"0.0";"0.0";"0.0";"0.0";"0.0";"0.0";"0.0";"0.0";"0.0";"0.0";"0.0";"0.0";"0.0";"0.0";"0.0"
"Strategy 1.13.309";"";"0.73";"NDXm_TICK_UTCPlus02";"M15";"819.69";"";"820";"1.12";"0.72";"0.07";"20.49";"0.8";"0.0";"260.62";"0.83";"3.15";"0.77";"20.26";"14.99";"28.53";"17.55";"22.53";"4.5";"0.73";"0.0";"";"0";"0.0";"0.0";"0.0";"0.0";"0.0";"0.0";"0.0";"0.0";"0.0";"0.0";"0.0";"0.0";"0.0";"0.0";"0.0";"0.0"
"Strategy 1.13.321";"";"0.77";"NDXm_TICK_UTCPlus02";"M15";"1080.09";"";"596";"1.23";"1.07";"0.12";"27.0";"0.76";"0.0";"262.24";"0.94";"4.12";"0.84";"19.84";"15.05";"21.83";"20.06";"20.91";"2.94";"0.77";"0.0";"";"0";"0.0";"0.0";"0.0";"0.0";"0.0";"0.0";"0.0";"0.0";"0.0";"0.0";"0.0";"0.0";"0.0";"0.0";"0.0";"0.0"
"Strategy 1.13.340";"";"0.86";"NDXm_TICK_UTCPlus02";"M15";"2673.42";"";"1785";"1.19";"1.62";"0.11";"66.84";"0.86";"0.0";"324.05";"0.8";"8.25";"2.24";"20.83";"14.03";"16.6";"12.03";"14.06";"3.22";"0.86";"0.0";"";"0";"0.0";"0.0";"0.0";"0.0";"0.0";"0.0";"0.0";"0.0";"0.0";"0.0";"0.0";"0.0";"0.0";"0.0";"0.0";"0.0"
"Strategy 1.13.351";"";"0.74";"NDXm_TICK_UTCPlus02";"M15";"1086.3";"";"1182";"1.15";"1.04";"0.06";"27.16";"0.63";"0.0";"310.9";"1.34";"3.49";"1.54";"12.68";"14.79";"19.97";"19.94";"19.95";"3.28";"0.74";"0.0";"";"0";"0.0";"0.0";"0.0";"0.0";"0.0";"0.0";"0.0";"0.0";"0.0";"0.0";"0.0";"0.0";"0.0";"0.0";"0.0";"0.0"
"Strategy 1.13.337";"";"0.81";"NDXm_TICK_UTCPlus02";"M15";"2043.9";"";"1558";"1.14";"1.09";"0.09";"51.1";"0.76";"0.0";"378.92";"0.61";"5.39";"1.03";"27.22";"14.61";"24.55";"15.14";"18.72";"8.89";"0.81";"0.0";"";"0";"0.0";"0.0";"0.0";"0.0";"0.0";"0.0";"0.0";"0.0";"0.0";"0.0";"0.0";"0.0";"0.0";"0.0";"0.0";"0.0"
"Strategy 1.13.320";"";"0.82";"NDXm_TICK_UTCPlus02";"M15";"2278.43";"";"2002";"1.13";"1.1";"0.08";"56.96";"0.85";"0.0";"403.85";"0.63";"5.64";"1.46";"26.48";"14.7";"25.96";"16.31";"20.02";"13.72";"0.82";"0.0";"";"0";"0.0";"0.0";"0.0";"0.0";"0.0";"0.0";"0.0";"0.0";"0.0";"0.0";"0.0";"0.0";"0.0";"0.0";"0.0";"0.0"
"Strategy 1.13.319";"";"0.8";"NDXm_TICK_UTCPlus02";"M15";"2073.87";"";"1993";"1.13";"1.2";"0.07";"51.85";"0.77";"0.0";"425.85";"0.82";"4.87";"1.82";"20.33";"14.78";"24.47";"20.05";"22.04";"6.44";"0.8";"0.0";"";"0";"0.0";"0.0";"0.0";"0.0";"0.0";"0.0";"0.0";"0.0";"0.0";"0.0";"0.0";"0.0";"0.0";"0.0";"0.0";"0.0"
"Strategy 1.13.373";"";"0.83";"NDXm_TICK_UTCPlus02";"M15";"1926.39";"";"1108";"1.2";"1.26";"0.12";"48.16";"0.78";"0.0";"315.07";"0.65";"6.11";"1.23";"26.88";"14.51";"22.05";"13.65";"16.95";"6.0";"0.83";"0.0";"";"0";"0.0";"0.0";"0.0";"0.0";"0.0";"0.0";"0.0";"0.0";"0.0";"0.0";"0.0";"0.0";"0.0";"0.0";"0.0";"0.0"
"Strategy 1.13.379";"";"0.8";"NDXm_TICK_UTCPlus02";"M15";"1560.83";"";"1764";"1.11";"0.91";"0.07";"39.03";"0.62";"0.0";"306.44";"0.62";"5.09";"1.76";"23.7";"13.36";"14.3";"8.92";"10.99";"2.61";"0.8";"0.0";"";"0";"0.0";"0.0";"0.0";"0.0";"0.0";"0.0";"0.0";"0.0";"0.0";"0.0";"0.0";"0.0";"0.0";"0.0";"0.0";"0.0"
"Strategy 1.13.341";"";"0.78";"NDXm_TICK_UTCPlus02";"M15";"2217.38";"";"2178";"1.14";"1.29";"0.07";"55.44";"0.87";"0.0";"510.07";"0.94";"4.35";"1.3";"17.68";"14.6";"20.38";"17.35";"18.82";"7.11";"0.78";"0.0";"";"0";"0.0";"0.0";"0.0";"0.0";"0.0";"0.0";"0.0";"0.0";"0.0";"0.0";"0.0";"0.0";"0.0";"0.0";"0.0";"0.0"
"Strategy 1.13.387";"";"0.84";"NDXm_TICK_UTCPlus02";"M15";"2308.19";"";"1056";"1.25";"1.57";"0.15";"57.7";"0.91";"0.0";"345.4";"0.68";"6.68";"1.33";"26.8";"14.59";"20.55";"13.47";"16.34";"4.72";"0.84";"0.0";"";"0";"0.0";"0.0";"0.0";"0.0";"0.0";"0.0";"0.0";"0.0";"0.0";"0.0";"0.0";"0.0";"0.0";"0.0";"0.0";"0.0"
"Strategy 1.13.342";"";"0.83";"NDXm_TICK_UTCPlus02";"M15";"2191.69";"";"2169";"1.14";"1.32";"0.07";"54.79";"0.87";"0.0";"343.02";"1.02";"6.39";"1.48";"16.46";"14.71";"19.42";"17.08";"18.26";"7.5";"0.83";"0.0";"";"0";"0.0";"0.0";"0.0";"0.0";"0.0";"0.0";"0.0";"0.0";"0.0";"0.0";"0.0";"0.0";"0.0";"0.0";"0.0";"0.0"
"Strategy 1.13.347";"";"0.79";"NDXm_TICK_UTCPlus02";"M15";"2402.23";"";"2452";"1.11";"1.09";"0.07";"60.05";"0.86";"0.0";"500.07";"0.66";"4.8";"1.19";"24.84";"14.77";"22.89";"14.21";"17.66";"11.11";"0.79";"0.0";"";"0";"0.0";"0.0";"0.0";"0.0";"0.0";"0.0";"0.0";"0.0";"0.0";"0.0";"0.0";"0.0";"0.0";"0.0";"0.0";"0.0"
"Strategy 1.13.376";"";"0.84";"NDXm_TICK_UTCPlus02";"M15";"2374.71";"";"2106";"1.14";"1.28";"0.08";"59.36";"0.85";"0.0";"347.52";"0.86";"6.83";"1.39";"19.58";"14.81";"18.72";"13.51";"15.92";"10.0";"0.84";"0.0";"";"0";"0.0";"0.0";"0.0";"0.0";"0.0";"0.0";"0.0";"0.0";"0.0";"0.0";"0.0";"0.0";"0.0";"0.0";"0.0";"0.0"
"Strategy 1.13.420";"";"0.73";"NDXm_TICK_UTCPlus02";"M15";"966.39";"";"449";"1.26";"0.98";"0.16";"24.16";"0.66";"0.0";"303.11";"0.66";"3.19";"1.36";"26.39";"13.77";"14.54";"8.07";"10.64";"1.06";"0.73";"0.0";"";"0";"0.0";"0.0";"0.0";"0.0";"0.0";"0.0";"0.0";"0.0";"0.0";"0.0";"0.0";"0.0";"0.0";"0.0";"0.0";"0.0"
"Strategy 1.13.394";"";"0.87";"NDXm_TICK_UTCPlus02";"M15";"2763.84";"";"1973";"1.17";"1.45";"0.1";"69.09";"0.86";"0.0";"323.88";"0.69";"8.53";"2.44";"23.9";"14.14";"13.53";"8.31";"10.44";"6.33";"0.87";"0.0";"";"0";"0.0";"0.0";"0.0";"0.0";"0.0";"0.0";"0.0";"0.0";"0.0";"0.0";"0.0";"0.0";"0.0";"0.0";"0.0";"0.0"
"Strategy 1.13.377";"";"0.85";"NDXm_TICK_UTCPlus02";"M15";"2181.13";"";"1932";"1.15";"1.33";"0.08";"54.53";"0.9";"0.0";"301.73";"0.99";"7.23";"1.55";"17.26";"14.8";"19.57";"17.83";"18.69";"3.61";"0.85";"0.0";"";"0";"0.0";"0.0";"0.0";"0.0";"0.0";"0.0";"0.0";"0.0";"0.0";"0.0";"0.0";"0.0";"0.0";"0.0";"0.0";"0.0"
"Strategy 1.13.367";"";"0.82";"NDXm_TICK_UTCPlus02";"M15";"1745.31";"";"1995";"1.12";"1.12";"0.06";"43.64";"0.85";"0.0";"306.66";"1.07";"5.69";"1.14";"15.83";"15.18";"27.4";"25.09";"26.28";"15.67";"0.82";"0.0";"";"0";"0.0";"0.0";"0.0";"0.0";"0.0";"0.0";"0.0";"0.0";"0.0";"0.0";"0.0";"0.0";"0.0";"0.0";"0.0";"0.0"
"Strategy 1.13.389";"";"0.77";"NDXm_TICK_UTCPlus02";"M15";"1995.82";"";"2102";"1.11";"1.03";"0.06";"49.89";"0.79";"0.0";"474.74";"0.74";"4.2";"1.15";"22.2";"14.84";"26.39";"17.82";"21.47";"14.33";"0.77";"0.0";"";"0";"0.0";"0.0";"0.0";"0.0";"0.0";"0.0";"0.0";"0.0";"0.0";"0.0";"0.0";"0.0";"0.0";"0.0";"0.0";"0.0"
"Strategy 1.13.393";"";"0.75";"NDXm_TICK_UTCPlus02";"M15";"2300.51";"";"2395";"1.11";"1.15";"0.06";"57.52";"0.86";"0.0";"633.04";"0.76";"3.63";"1.19";"21.7";"14.8";"24.11";"17.19";"20.18";"13.22";"0.75";"0.0";"";"0";"0.0";"0.0";"0.0";"0.0";"0.0";"0.0";"0.0";"0.0";"0.0";"0.0";"0.0";"0.0";"0.0";"0.0";"0.0";"0.0"
"Strategy 1.13.466";"";"0.76";"NDXm_TICK_UTCPlus02";"M15";"968.03";"";"437";"1.25";"1.0";"0.15";"24.2";"0.78";"0.0";"248.51";"0.69";"3.9";"1.53";"26.78";"14.67";"24.74";"15.65";"19.35";"2.17";"0.76";"0.0";"";"0";"0.0";"0.0";"0.0";"0.0";"0.0";"0.0";"0.0";"0.0";"0.0";"0.0";"0.0";"0.0";"0.0";"0.0";"0.0";"0.0"
"Strategy 1.13.386";"";"0.83";"NDXm_TICK_UTCPlus02";"M15";"3181.65";"";"3487";"1.11";"1.26";"0.06";"79.54";"0.87";"0.0";"495.28";"0.68";"6.42";"2.03";"23.6";"14.57";"19.28";"12.71";"15.37";"14.94";"0.83";"0.0";"";"0";"0.0";"0.0";"0.0";"0.0";"0.0";"0.0";"0.0";"0.0";"0.0";"0.0";"0.0";"0.0";"0.0";"0.0";"0.0";"0.0"
"Strategy 1.13.429";"";"0.89";"NDXm_TICK_UTCPlus02";"M15";"3523.09";"";"2292";"1.19";"1.8";"0.11";"88.08";"0.89";"0.0";"312.41";"0.69";"11.28";"2.67";"23.69";"13.78";"16.95";"11.19";"13.54";"4.83";"0.89";"0.0";"";"0";"0.0";"0.0";"0.0";"0.0";"0.0";"0.0";"0.0";"0.0";"0.0";"0.0";"0.0";"0.0";"0.0";"0.0";"0.0";"0.0"
"Strategy 1.13.430";"";"0.86";"NDXm_TICK_UTCPlus02";"M15";"2847.35";"";"2371";"1.15";"1.48";"0.09";"71.18";"0.78";"0.0";"360.72";"0.74";"7.89";"3.1";"21.64";"13.99";"15.85";"11.24";"13.2";"2.67";"0.86";"0.0";"";"0";"0.0";"0.0";"0.0";"0.0";"0.0";"0.0";"0.0";"0.0";"0.0";"0.0";"0.0";"0.0";"0.0";"0.0";"0.0";"0.0"
"Strategy 1.13.509";"";"0.8";"NDXm_TICK_UTCPlus02";"M15";"974.72";"";"408";"1.34";"1.27";"0.16";"24.37";"0.76";"0.0";"201.15";"1.11";"4.85";"1.49";"17.7";"14.66";"15.22";"13.82";"14.56";"1.61";"0.8";"0.0";"";"0";"0.0";"0.0";"0.0";"0.0";"0.0";"0.0";"0.0";"0.0";"0.0";"0.0";"0.0";"0.0";"0.0";"0.0";"0.0";"0.0"
"Strategy 1.13.516";"";"0.82";"NDXm_TICK_UTCPlus02";"M15";"1146.11";"";"782";"1.2";"1.13";"0.1";"28.65";"0.84";"0.0";"202.93";"1.03";"5.65";"1.33";"17.42";"14.98";"23.25";"16.03";"19.7";"3.78";"0.82";"0.0";"";"0";"0.0";"0.0";"0.0";"0.0";"0.0";"0.0";"0.0";"0.0";"0.0";"0.0";"0.0";"0.0";"0.0";"0.0";"0.0";"0.0"
"Strategy 1.13.504";"";"0.83";"NDXm_TICK_UTCPlus02";"M15";"1150.15";"";"775";"1.17";"0.89";"0.1";"28.75";"0.71";"0.0";"181.42";"0.66";"6.34";"2.21";"26.09";"14.83";"27.96";"19.47";"22.86";"4.11";"0.83";"0.0";"";"0";"0.0";"0.0";"0.0";"0.0";"0.0";"0.0";"0.0";"0.0";"0.0";"0.0";"0.0";"0.0";"0.0";"0.0";"0.0";"0.0"
"Strategy 1.13.472";"";"0.81";"NDXm_TICK_UTCPlus02";"M15";"2412.54";"";"2563";"1.11";"1.06";"0.07";"60.32";"0.84";"0.0";"444.43";"0.65";"5.43";"1.27";"24.35";"14.34";"14.64";"9.08";"11.28";"8.11";"0.81";"0.0";"";"0";"0.0";"0.0";"0.0";"0.0";"0.0";"0.0";"0.0";"0.0";"0.0";"0.0";"0.0";"0.0";"0.0";"0.0";"0.0";"0.0"
"Strategy 1.13.520";"";"0.85";"NDXm_TICK_UTCPlus02";"M15";"1544.49";"";"926";"1.19";"1.15";"0.11";"38.61";"0.87";"0.0";"213.04";"0.66";"7.25";"1.47";"26.21";"14.51";"21.13";"13.92";"16.79";"3.28";"0.85";"0.0";"";"0";"0.0";"0.0";"0.0";"0.0";"0.0";"0.0";"0.0";"0.0";"0.0";"0.0";"0.0";"0.0";"0.0";"0.0";"0.0";"0.0"
"Strategy 1.13.494";"";"0.82";"NDXm_TICK_UTCPlus02";"M15";"2568.35";"";"2694";"1.11";"1.18";"0.07";"64.21";"0.81";"0.0";"439.41";"0.74";"5.84";"1.49";"21.68";"14.48";"14.23";"9.89";"11.75";"8.11";"0.82";"0.0";"";"0";"0.0";"0.0";"0.0";"0.0";"0.0";"0.0";"0.0";"0.0";"0.0";"0.0";"0.0";"0.0";"0.0";"0.0";"0.0";"0.0"
"Strategy 1.13.464";"";"0.81";"NDXm_TICK_UTCPlus02";"M15";"1933.21";"";"1969";"1.11";"1.04";"0.07";"48.33";"0.84";"0.0";"356.28";"0.73";"5.43";"1.48";"22.69";"14.97";"32.0";"24.12";"27.46";"9.33";"0.81";"0.0";"";"0";"0.0";"0.0";"0.0";"0.0";"0.0";"0.0";"0.0";"0.0";"0.0";"0.0";"0.0";"0.0";"0.0";"0.0";"0.0";"0.0"
"Strategy 1.13.536";"";"0.82";"NDXm_TICK_UTCPlus02";"M15";"2550.44";"";"1962";"1.17";"1.49";"0.09";"63.76";"0.76";"0.0";"449.07";"0.83";"5.68";"3.24";"19.84";"14.15";"15.92";"11.74";"13.64";"1.5";"0.82";"0.0";"";"0";"0.0";"0.0";"0.0";"0.0";"0.0";"0.0";"0.0";"0.0";"0.0";"0.0";"0.0";"0.0";"0.0";"0.0";"0.0";"0.0"
"Strategy 1.13.479";"";"0.78";"NDXm_TICK_UTCPlus02";"M15";"3274.45";"";"3334";"1.12";"1.33";"0.07";"81.87";"0.85";"0.0";"755.53";"0.72";"4.33";"1.48";"22.82";"14.65";"18.29";"12.95";"15.18";"15.11";"0.78";"0.0";"";"0";"0.0";"0.0";"0.0";"0.0";"0.0";"0.0";"0.0";"0.0";"0.0";"0.0";"0.0";"0.0";"0.0";"0.0";"0.0";"0.0"
"Strategy 1.13.568";"";"0.77";"NDXm_TICK_UTCPlus02";"M15";"1501.29";"";"1765";"1.12";"1.02";"0.06";"37.53";"0.84";"0.0";"372.44";"0.99";"4.03";"1.24";"16.55";"14.72";"11.04";"9.84";"10.44";"6.44";"0.77";"0.0";"";"0";"0.0";"0.0";"0.0";"0.0";"0.0";"0.0";"0.0";"0.0";"0.0";"0.0";"0.0";"0.0";"0.0";"0.0";"0.0";"0.0"
"Strategy 1.13.555";"";"0.86";"NDXm_TICK_UTCPlus02";"M15";"2583.16";"";"2279";"1.16";"1.52";"0.08";"64.58";"0.89";"0.0";"329.33";"1.01";"7.84";"1.73";"16.74";"14.68";"20.25";"18.09";"19.18";"6.56";"0.86";"0.0";"";"0";"0.0";"0.0";"0.0";"0.0";"0.0";"0.0";"0.0";"0.0";"0.0";"0.0";"0.0";"0.0";"0.0";"0.0";"0.0";"0.0"
"Strategy 1.13.535";"";"0.8";"NDXm_TICK_UTCPlus02";"M15";"2620.59";"";"2417";"1.12";"1.17";"0.07";"65.52";"0.85";"0.0";"530.12";"0.66";"4.94";"1.25";"25.63";"15.04";"29.13";"19.49";"23.31";"17.06";"0.8";"0.0";"";"0";"0.0";"0.0";"0.0";"0.0";"0.0";"0.0";"0.0";"0.0";"0.0";"0.0";"0.0";"0.0";"0.0";"0.0";"0.0";"0.0"
"Strategy 1.13.537";"";"0.84";"NDXm_TICK_UTCPlus02";"M15";"2558.16";"";"3120";"1.12";"1.35";"0.05";"63.96";"0.85";"0.0";"370.12";"1.13";"6.91";"1.29";"14.76";"14.93";"17.36";"16.01";"16.73";"15.56";"0.84";"0.0";"";"0";"0.0";"0.0";"0.0";"0.0";"0.0";"0.0";"0.0";"0.0";"0.0";"0.0";"0.0";"0.0";"0.0";"0.0";"0.0";"0.0"
"Strategy 1.13.558";"";"0.83";"NDXm_TICK_UTCPlus02";"M15";"3041.53";"";"3377";"1.11";"1.26";"0.06";"76.04";"0.82";"0.0";"482.19";"0.76";"6.31";"1.25";"21.37";"14.7";"21.06";"14.82";"17.52";"16.0";"0.83";"0.0";"";"0";"0.0";"0.0";"0.0";"0.0";"0.0";"0.0";"0.0";"0.0";"0.0";"0.0";"0.0";"0.0";"0.0";"0.0";"0.0";"0.0"
"Strategy 2.12.344";"";"0.75";"NDXm_TICK_UTCPlus02";"M15";"859.38";"";"362";"1.29";"1.01";"0.16";"21.49";"0.69";"0.0";"231.9";"0.81";"3.71";"0.8";"23.76";"14.95";"34.72";"25.63";"29.7";"1.78";"0.75";"0.0";"";"0";"0.0";"0.0";"0.0";"0.0";"0.0";"0.0";"0.0";"0.0";"0.0";"0.0";"0.0";"0.0";"0.0";"0.0";"0.0";"0.0"
"Strategy 2.12.351";"";"0.8";"NDXm_TICK_UTCPlus02";"M15";"1310.51";"";"655";"1.25";"1.19";"0.13";"32.76";"0.87";"0.0";"258.3";"0.85";"5.07";"1.09";"21.92";"14.94";"23.14";"17.38";"20.02";"4.33";"0.8";"0.0";"";"0";"0.0";"0.0";"0.0";"0.0";"0.0";"0.0";"0.0";"0.0";"0.0";"0.0";"0.0";"0.0";"0.0";"0.0";"0.0";"0.0"
"Strategy 2.12.299";"";"0.8";"NDXm_TICK_UTCPlus02";"M15";"2470.22";"";"2494";"1.13";"1.27";"0.07";"61.76";"0.84";"0.0";"496.16";"0.87";"4.98";"1.88";"19.17";"14.79";"19.81";"15.46";"17.49";"12.06";"0.8";"0.0";"";"0";"0.0";"0.0";"0.0";"0.0";"0.0";"0.0";"0.0";"0.0";"0.0";"0.0";"0.0";"0.0";"0.0";"0.0";"0.0";"0.0"
"Strategy 2.12.375";"";"0.66";"NDXm_TICK_UTCPlus02";"M15";"565.68";"";"457";"1.14";"0.59";"0.08";"14.14";"0.81";"0.0";"260.66";"0.68";"2.17";"0.64";"25.02";"14.94";"26.2";"21.6";"23.46";"4.17";"0.66";"0.0";"";"0";"0.0";"0.0";"0.0";"0.0";"0.0";"0.0";"0.0";"0.0";"0.0";"0.0";"0.0";"0.0";"0.0";"0.0";"0.0";"0.0"
"Strategy 2.12.310";"";"0.8";"NDXm_TICK_UTCPlus02";"M15";"2682.49";"";"2580";"1.12";"1.24";"0.07";"67.07";"0.83";"0.0";"538.11";"0.75";"4.99";"1.34";"22.32";"14.95";"21.84";"16.46";"18.77";"13.33";"0.8";"0.0";"";"0";"0.0";"0.0";"0.0";"0.0";"0.0";"0.0";"0.0";"0.0";"0.0";"0.0";"0.0";"0.0";"0.0";"0.0";"0.0";"0.0"
"Strategy 2.12.355";"";"0.84";"NDXm_TICK_UTCPlus02";"M15";"2053.62";"";"1525";"1.16";"1.26";"0.09";"51.34";"0.84";"0.0";"311.53";"0.78";"6.59";"2.13";"22.05";"14.79";"18.83";"13.29";"15.72";"6.67";"0.84";"0.0";"";"0";"0.0";"0.0";"0.0";"0.0";"0.0";"0.0";"0.0";"0.0";"0.0";"0.0";"0.0";"0.0";"0.0";"0.0";"0.0";"0.0"
"Strategy 2.12.318";"";"0.79";"NDXm_TICK_UTCPlus02";"M15";"2132.36";"";"2316";"1.12";"1.15";"0.06";"53.3";"0.81";"0.0";"463.31";"0.93";"4.6";"1.37";"18.14";"15.04";"22.66";"19.09";"20.81";"13.0";"0.79";"0.0";"";"0";"0.0";"0.0";"0.0";"0.0";"0.0";"0.0";"0.0";"0.0";"0.0";"0.0";"0.0";"0.0";"0.0";"0.0";"0.0";"0.0"
"Strategy 2.12.358";"";"0.82";"NDXm_TICK_UTCPlus02";"M15";"2404.04";"";"2056";"1.14";"1.28";"0.08";"60.1";"0.88";"0.0";"405.46";"0.77";"5.93";"1.12";"21.88";"14.7";"18.0";"13.31";"15.34";"8.94";"0.82";"0.0";"";"0";"0.0";"0.0";"0.0";"0.0";"0.0";"0.0";"0.0";"0.0";"0.0";"0.0";"0.0";"0.0";"0.0";"0.0";"0.0";"0.0"
"Strategy 2.12.319";"";"0.84";"NDXm_TICK_UTCPlus02";"M15";"3034.28";"";"3080";"1.12";"1.29";"0.07";"75.86";"0.9";"0.0";"462.68";"0.77";"6.56";"2.22";"21.64";"14.81";"19.7";"14.39";"16.69";"15.33";"0.84";"0.0";"";"0";"0.0";"0.0";"0.0";"0.0";"0.0";"0.0";"0.0";"0.0";"0.0";"0.0";"0.0";"0.0";"0.0";"0.0";"0.0";"0.0"
"Strategy 2.12.323";"";"0.8";"NDXm_TICK_UTCPlus02";"M15";"2448.22";"";"2917";"1.11";"1.2";"0.06";"61.21";"0.85";"0.0";"483.97";"0.92";"5.06";"1.04";"17.95";"14.89";"19.1";"15.68";"17.32";"15.06";"0.8";"0.0";"";"0";"0.0";"0.0";"0.0";"0.0";"0.0";"0.0";"0.0";"0.0";"0.0";"0.0";"0.0";"0.0";"0.0";"0.0";"0.0";"0.0"
"Strategy 2.12.359";"";"0.8";"NDXm_TICK_UTCPlus02";"M15";"2027.0";"";"1784";"1.13";"1.06";"0.08";"50.68";"0.88";"0.0";"397.28";"0.65";"5.1";"1.13";"25.45";"14.79";"25.2";"15.21";"19.17";"11.39";"0.8";"0.0";"";"0";"0.0";"0.0";"0.0";"0.0";"0.0";"0.0";"0.0";"0.0";"0.0";"0.0";"0.0";"0.0";"0.0";"0.0";"0.0";"0.0"
"Strategy 2.12.394";"";"0.82";"NDXm_TICK_UTCPlus02";"M15";"1605.54";"";"1084";"1.23";"1.51";"0.1";"40.14";"0.76";"0.0";"281.72";"1.26";"5.7";"1.77";"14.34";"14.76";"22.08";"18.44";"20.47";"6.11";"0.82";"0.0";"";"0";"0.0";"0.0";"0.0";"0.0";"0.0";"0.0";"0.0";"0.0";"0.0";"0.0";"0.0";"0.0";"0.0";"0.0";"0.0";"0.0"
"Strategy 2.12.361";"";"0.82";"NDXm_TICK_UTCPlus02";"M15";"2053.38";"";"2022";"1.14";"1.26";"0.07";"51.33";"0.85";"0.0";"344.62";"1.04";"5.96";"1.26";"16.3";"14.95";"16.46";"14.53";"15.51";"7.61";"0.82";"0.0";"";"0";"0.0";"0.0";"0.0";"0.0";"0.0";"0.0";"0.0";"0.0";"0.0";"0.0";"0.0";"0.0";"0.0";"0.0";"0.0";"0.0"
"Strategy 2.12.398";"";"0.76";"NDXm_TICK_UTCPlus02";"M15";"1039.98";"";"880";"1.14";"0.86";"0.08";"26.0";"0.55";"0.0";"273.68";"0.83";"3.8";"1.52";"20.65";"15.04";"29.77";"25.0";"27.17";"4.33";"0.76";"0.0";"";"0";"0.0";"0.0";"0.0";"0.0";"0.0";"0.0";"0.0";"0.0";"0.0";"0.0";"0.0";"0.0";"0.0";"0.0";"0.0";"0.0"
"Strategy 2.12.380";"";"0.75";"NDXm_TICK_UTCPlus02";"M15";"1850.45";"";"1971";"1.11";"0.98";"0.06";"46.26";"0.84";"0.0";"502.42";"0.74";"3.68";"1.05";"22.43";"15.03";"23.98";"16.68";"19.79";"10.28";"0.75";"0.0";"";"0";"0.0";"0.0";"0.0";"0.0";"0.0";"0.0";"0.0";"0.0";"0.0";"0.0";"0.0";"0.0";"0.0";"0.0";"0.0";"0.0"
"Strategy 2.12.423";"";"0.83";"NDXm_TICK_UTCPlus02";"M15";"1493.8";"";"623";"1.3";"1.35";"0.16";"37.34";"0.72";"0.0";"241.72";"0.82";"6.18";"2.54";"23.12";"14.63";"20.15";"14.13";"16.85";"4.0";"0.83";"0.0";"";"0";"0.0";"0.0";"0.0";"0.0";"0.0";"0.0";"0.0";"0.0";"0.0";"0.0";"0.0";"0.0";"0.0";"0.0";"0.0";"0.0"
"Strategy 2.12.382";"";"0.83";"NDXm_TICK_UTCPlus02";"M15";"3247.83";"";"2739";"1.13";"1.35";"0.08";"81.2";"0.91";"0.0";"508.74";"0.66";"6.38";"1.83";"25.43";"14.77";"22.21";"14.12";"17.33";"12.89";"0.83";"0.0";"";"0";"0.0";"0.0";"0.0";"0.0";"0.0";"0.0";"0.0";"0.0";"0.0";"0.0";"0.0";"0.0";"0.0";"0.0";"0.0";"0.0"
"Strategy 2.12.447";"";"0.75";"NDXm_TICK_UTCPlus02";"M15";"732.91";"";"582";"1.2";"0.94";"0.09";"18.32";"0.83";"0.0";"208.0";"1.29";"3.52";"0.97";"13.58";"14.65";"13.57";"12.86";"13.26";"1.94";"0.75";"0.0";"";"0";"0.0";"0.0";"0.0";"0.0";"0.0";"0.0";"0.0";"0.0";"0.0";"0.0";"0.0";"0.0";"0.0";"0.0";"0.0";"0.0"
"Strategy 2.12.396";"";"0.82";"NDXm_TICK_UTCPlus02";"M15";"2684.45";"";"2940";"1.13";"1.39";"0.06";"67.11";"0.86";"0.0";"453.15";"1.06";"5.92";"1.11";"15.78";"14.85";"15.75";"14.51";"15.15";"13.22";"0.82";"0.0";"";"0";"0.0";"0.0";"0.0";"0.0";"0.0";"0.0";"0.0";"0.0";"0.0";"0.0";"0.0";"0.0";"0.0";"0.0";"0.0";"0.0"
"Strategy 2.12.391";"";"0.85";"NDXm_TICK_UTCPlus02";"M15";"3229.95";"";"3048";"1.13";"1.39";"0.07";"80.75";"0.9";"0.0";"424.76";"0.77";"7.6";"1.92";"21.62";"14.81";"20.24";"14.31";"16.89";"14.78";"0.85";"0.0";"";"0";"0.0";"0.0";"0.0";"0.0";"0.0";"0.0";"0.0";"0.0";"0.0";"0.0";"0.0";"0.0";"0.0";"0.0";"0.0";"0.0"
"Strategy 2.12.395";"";"0.83";"NDXm_TICK_UTCPlus02";"M15";"4001.89";"";"3546";"1.14";"1.68";"0.08";"100.05";"0.86";"0.0";"627.88";"0.82";"6.37";"2.45";"20.41";"14.67";"17.05";"12.45";"14.52";"15.39";"0.83";"0.0";"";"0";"0.0";"0.0";"0.0";"0.0";"0.0";"0.0";"0.0";"0.0";"0.0";"0.0";"0.0";"0.0";"0.0";"0.0";"0.0";"0.0"
"Strategy 2.12.453";"";"0.63";"NDXm_TICK_UTCPlus02";"M15";"683.47";"";"682";"1.13";"0.67";"0.07";"17.09";"0.67";"0.0";"375.51";"0.87";"1.82";"0.65";"19.4";"14.98";"32.45";"28.64";"30.41";"2.89";"0.63";"0.0";"";"0";"0.0";"0.0";"0.0";"0.0";"0.0";"0.0";"0.0";"0.0";"0.0";"0.0";"0.0";"0.0";"0.0";"0.0";"0.0";"0.0"
"Strategy 2.12.426";"";"0.81";"NDXm_TICK_UTCPlus02";"M15";"2673.42";"";"1998";"1.15";"1.26";"0.09";"66.84";"0.78";"0.0";"495.26";"0.64";"5.4";"2.08";"26.69";"14.83";"24.47";"14.72";"18.52";"11.83";"0.81";"0.0";"";"0";"0.0";"0.0";"0.0";"0.0";"0.0";"0.0";"0.0";"0.0";"0.0";"0.0";"0.0";"0.0";"0.0";"0.0";"0.0";"0.0"
"Strategy 2.12.425";"";"0.77";"NDXm_TICK_UTCPlus02";"M15";"2377.35";"";"1995";"1.13";"1.16";"0.08";"59.44";"0.78";"0.0";"592.0";"0.66";"4.02";"1.13";"25.45";"14.74";"24.35";"14.89";"18.64";"11.94";"0.77";"0.0";"";"0";"0.0";"0.0";"0.0";"0.0";"0.0";"0.0";"0.0";"0.0";"0.0";"0.0";"0.0";"0.0";"0.0";"0.0";"0.0";"0.0"
"Strategy 2.12.471";"";"0.78";"NDXm_TICK_UTCPlus02";"M15";"1187.62";"";"1241";"1.12";"0.87";"0.07";"29.69";"0.79";"0.0";"272.83";"0.82";"4.35";"1.12";"20.07";"14.71";"18.57";"13.89";"16.0";"5.44";"0.78";"0.0";"";"0";"0.0";"0.0";"0.0";"0.0";"0.0";"0.0";"0.0";"0.0";"0.0";"0.0";"0.0";"0.0";"0.0";"0.0";"0.0";"0.0"
"Strategy 2.12.479";"";"0.76";"NDXm_TICK_UTCPlus02";"M15";"1113.94";"";"926";"1.21";"1.23";"0.08";"27.85";"0.82";"0.0";"293.76";"1.57";"3.79";"0.73";"11.51";"15.01";"16.04";"16.93";"16.38";"4.06";"0.76";"0.0";"";"0";"0.0";"0.0";"0.0";"0.0";"0.0";"0.0";"0.0";"0.0";"0.0";"0.0";"0.0";"0.0";"0.0";"0.0";"0.0";"0.0"
"Strategy 2.12.466";"";"0.75";"NDXm_TICK_UTCPlus02";"M15";"1275.42";"";"1171";"1.13";"0.89";"0.07";"31.89";"0.81";"0.0";"346.32";"0.75";"3.68";"1.17";"22.42";"14.92";"26.92";"18.68";"22.21";"6.72";"0.75";"0.0";"";"0";"0.0";"0.0";"0.0";"0.0";"0.0";"0.0";"0.0";"0.0";"0.0";"0.0";"0.0";"0.0";"0.0";"0.0";"0.0";"0.0"
"Strategy 2.12.432";"";"0.86";"NDXm_TICK_UTCPlus02";"M15";"2502.33";"";"2522";"1.12";"1.26";"0.07";"62.56";"0.85";"0.0";"320.64";"0.81";"7.8";"1.95";"20.21";"14.61";"20.6";"15.47";"17.77";"7.83";"0.86";"0.0";"";"0";"0.0";"0.0";"0.0";"0.0";"0.0";"0.0";"0.0";"0.0";"0.0";"0.0";"0.0";"0.0";"0.0";"0.0";"0.0";"0.0"
"Strategy 2.12.477";"";"0.72";"NDXm_TICK_UTCPlus02";"M15";"823.66";"";"761";"1.15";"0.82";"0.07";"20.59";"0.76";"0.0";"274.13";"1.05";"3.0";"1.02";"16.67";"15.21";"32.99";"31.02";"32.03";"4.5";"0.72";"0.0";"";"0";"0.0";"0.0";"0.0";"0.0";"0.0";"0.0";"0.0";"0.0";"0.0";"0.0";"0.0";"0.0";"0.0";"0.0";"0.0";"0.0"
"Strategy 2.12.438";"";"0.84";"NDXm_TICK_UTCPlus02";"M15";"2392.06";"";"2354";"1.13";"1.3";"0.07";"59.8";"0.79";"0.0";"357.87";"0.94";"6.68";"1.2";"18.15";"15.05";"22.84";"18.44";"20.57";"13.56";"0.84";"0.0";"";"0";"0.0";"0.0";"0.0";"0.0";"0.0";"0.0";"0.0";"0.0";"0.0";"0.0";"0.0";"0.0";"0.0";"0.0";"0.0";"0.0"
"Strategy 2.12.488";"";"0.85";"NDXm_TICK_UTCPlus02";"M15";"1574.91";"";"1134";"1.17";"1.11";"0.09";"39.37";"0.87";"0.0";"212.18";"0.81";"7.42";"1.74";"21.49";"14.98";"22.64";"17.54";"19.83";"6.67";"0.85";"0.0";"";"0";"0.0";"0.0";"0.0";"0.0";"0.0";"0.0";"0.0";"0.0";"0.0";"0.0";"0.0";"0.0";"0.0";"0.0";"0.0";"0.0"
"Strategy 2.12.492";"";"0.86";"NDXm_TICK_UTCPlus02";"M15";"1943.07";"";"1083";"1.22";"1.37";"0.12";"48.58";"0.88";"0.0";"252.7";"0.82";"7.69";"2.3";"22.22";"14.89";"22.87";"17.1";"19.7";"6.72";"0.86";"0.0";"";"0";"0.0";"0.0";"0.0";"0.0";"0.0";"0.0";"0.0";"0.0";"0.0";"0.0";"0.0";"0.0";"0.0";"0.0";"0.0";"0.0"
"Strategy 2.12.462";"";"0.83";"NDXm_TICK_UTCPlus02";"M15";"2482.22";"";"1926";"1.14";"1.2";"0.09";"62.06";"0.79";"0.0";"405.23";"0.65";"6.13";"1.29";"26.24";"15.01";"28.84";"18.99";"22.88";"13.39";"0.83";"0.0";"";"0";"0.0";"0.0";"0.0";"0.0";"0.0";"0.0";"0.0";"0.0";"0.0";"0.0";"0.0";"0.0";"0.0";"0.0";"0.0";"0.0"
"Strategy 2.12.480";"";"0.82";"NDXm_TICK_UTCPlus02";"M15";"1844.23";"";"1684";"1.13";"1.13";"0.08";"46.1";"0.77";"0.0";"325.48";"0.77";"5.67";"1.24";"21.3";"14.55";"21.48";"16.02";"18.4";"6.06";"0.82";"0.0";"";"0";"0.0";"0.0";"0.0";"0.0";"0.0";"0.0";"0.0";"0.0";"0.0";"0.0";"0.0";"0.0";"0.0";"0.0";"0.0";"0.0"
"Strategy 2.12.525";"";"0.7";"NDXm_TICK_UTCPlus02";"M15";"591.46";"";"372";"1.2";"0.74";"0.11";"14.79";"0.67";"0.0";"225.96";"0.87";"2.62";"0.63";"20.6";"14.94";"31.33";"24.21";"27.52";"1.94";"0.7";"0.0";"";"0";"0.0";"0.0";"0.0";"0.0";"0.0";"0.0";"0.0";"0.0";"0.0";"0.0";"0.0";"0.0";"0.0";"0.0";"0.0";"0.0"
"Strategy 2.12.455";"";"0.82";"NDXm_TICK_UTCPlus02";"M15";"3038.27";"";"3286";"1.11";"1.28";"0.06";"75.96";"0.83";"0.0";"509.28";"0.74";"5.97";"1.25";"22.11";"14.8";"21.14";"14.73";"17.46";"16.56";"0.82";"0.0";"";"0";"0.0";"0.0";"0.0";"0.0";"0.0";"0.0";"0.0";"0.0";"0.0";"0.0";"0.0";"0.0";"0.0";"0.0";"0.0";"0.0"
"Strategy 2.12.535";"";"0.8";"NDXm_TICK_UTCPlus02";"M15";"903.79";"";"556";"1.21";"1.0";"0.11";"22.59";"0.65";"0.0";"181.58";"0.96";"4.98";"1.73";"18.76";"14.9";"29.6";"20.36";"24.89";"3.44";"0.8";"0.0";"";"0";"0.0";"0.0";"0.0";"0.0";"0.0";"0.0";"0.0";"0.0";"0.0";"0.0";"0.0";"0.0";"0.0";"0.0";"0.0";"0.0"
"Strategy 2.12.539";"";"0.64";"NDXm_TICK_UTCPlus02";"M15";"843.04";"";"931";"1.12";"0.75";"0.06";"21.08";"0.63";"0.0";"457.89";"0.9";"1.84";"0.71";"18.39";"14.83";"21.93";"19.58";"20.69";"4.56";"0.64";"0.0";"";"0";"0.0";"0.0";"0.0";"0.0";"0.0";"0.0";"0.0";"0.0";"0.0";"0.0";"0.0";"0.0";"0.0";"0.0";"0.0";"0.0"
"Strategy 2.12.547";"";"0.83";"NDXm_TICK_UTCPlus02";"M15";"2025.37";"";"2112";"1.13";"1.21";"0.07";"50.63";"0.81";"0.0";"335.17";"0.95";"6.04";"1.5";"17.26";"14.59";"13.1";"11.26";"12.16";"6.5";"0.83";"0.0";"";"0";"0.0";"0.0";"0.0";"0.0";"0.0";"0.0";"0.0";"0.0";"0.0";"0.0";"0.0";"0.0";"0.0";"0.0";"0.0";"0.0"
"Strategy 2.12.528";"";"0.76";"NDXm_TICK_UTCPlus02";"M15";"1939.92";"";"2058";"1.11";"0.96";"0.06";"48.5";"0.72";"0.0";"508.42";"0.64";"3.82";"1.24";"25.47";"14.65";"22.51";"13.96";"17.29";"9.33";"0.76";"0.0";"";"0";"0.0";"0.0";"0.0";"0.0";"0.0";"0.0";"0.0";"0.0";"0.0";"0.0";"0.0";"0.0";"0.0";"0.0";"0.0";"0.0"
"Strategy 2.12.527";"";"0.81";"NDXm_TICK_UTCPlus02";"M15";"2250.28";"";"2070";"1.14";"1.27";"0.07";"56.26";"0.75";"0.0";"406.96";"0.93";"5.53";"1.07";"18.42";"15.08";"21.24";"16.87";"18.98";"11.17";"0.81";"0.0";"";"0";"0.0";"0.0";"0.0";"0.0";"0.0";"0.0";"0.0";"0.0";"0.0";"0.0";"0.0";"0.0";"0.0";"0.0";"0.0";"0.0"
"Strategy 2.12.579";"";"0.76";"NDXm_TICK_UTCPlus02";"M15";"1440.53";"";"1235";"1.15";"1.06";"0.08";"36.02";"0.69";"0.0";"371.24";"0.9";"3.88";"0.81";"18.75";"14.66";"17.25";"12.3";"14.65";"4.22";"0.76";"0.0";"";"0";"0.0";"0.0";"0.0";"0.0";"0.0";"0.0";"0.0";"0.0";"0.0";"0.0";"0.0";"0.0";"0.0";"0.0";"0.0";"0.0"
"Strategy 2.12.570";"";"0.88";"NDXm_TICK_UTCPlus02";"M15";"1657.87";"";"673";"1.37";"1.75";"0.17";"41.45";"0.84";"0.0";"165.82";"1.21";"10.0";"3.4";"16.77";"14.91";"36.43";"32.95";"34.86";"3.5";"0.88";"0.0";"";"0";"0.0";"0.0";"0.0";"0.0";"0.0";"0.0";"0.0";"0.0";"0.0";"0.0";"0.0";"0.0";"0.0";"0.0";"0.0";"0.0"
"Strategy 2.12.580";"";"0.8";"NDXm_TICK_UTCPlus02";"M15";"1351.22";"";"716";"1.26";"1.35";"0.13";"33.78";"0.88";"0.0";"266.09";"1.06";"5.08";"1.15";"17.74";"14.88";"39.03";"34.21";"36.69";"4.5";"0.8";"0.0";"";"0";"0.0";"0.0";"0.0";"0.0";"0.0";"0.0";"0.0";"0.0";"0.0";"0.0";"0.0";"0.0";"0.0";"0.0";"0.0";"0.0"
"Strategy 2.12.566";"";"0.79";"NDXm_TICK_UTCPlus02";"M15";"1831.46";"";"2174";"1.11";"1.1";"0.06";"45.78";"0.83";"0.0";"391.03";"1.04";"4.68";"0.88";"16.06";"14.98";"21.1";"18.3";"19.73";"11.78";"0.79";"0.0";"";"0";"0.0";"0.0";"0.0";"0.0";"0.0";"0.0";"0.0";"0.0";"0.0";"0.0";"0.0";"0.0";"0.0";"0.0";"0.0";"0.0"
"Strategy 4.11.326";"";"0.75";"NDXm_TICK_UTCPlus02";"M15";"1095.42";"";"558";"1.26";"1.18";"0.14";"27.39";"0.68";"0.0";"302.44";"0.9";"3.62";"1.56";"20.17";"14.5";"21.07";"16.57";"18.71";"0.28";"0.75";"0.0";"";"0";"0.0";"0.0";"0.0";"0.0";"0.0";"0.0";"0.0";"0.0";"0.0";"0.0";"0.0";"0.0";"0.0";"0.0";"0.0";"0.0"
"Strategy 2.12.577";"";"0.84";"NDXm_TICK_UTCPlus02";"M15";"3200.33";"";"3361";"1.12";"1.43";"0.07";"80.01";"0.89";"0.0";"486.17";"0.89";"6.58";"1.53";"18.39";"14.59";"12.65";"10.72";"11.63";"10.5";"0.84";"0.0";"";"0";"0.0";"0.0";"0.0";"0.0";"0.0";"0.0";"0.0";"0.0";"0.0";"0.0";"0.0";"0.0";"0.0";"0.0";"0.0";"0.0"
"Strategy 4.11.328";"";"0.76";"NDXm_TICK_UTCPlus02";"M15";"1815.97";"";"2140";"1.11";"1.06";"0.06";"45.4";"0.78";"0.0";"487.64";"0.93";"3.72";"1.53";"17.63";"14.69";"13.53";"10.09";"11.74";"6.28";"0.76";"0.0";"";"0";"0.0";"0.0";"0.0";"0.0";"0.0";"0.0";"0.0";"0.0";"0.0";"0.0";"0.0";"0.0";"0.0";"0.0";"0.0";"0.0"
"Strategy 4.11.316";"";"0.79";"NDXm_TICK_UTCPlus02";"M15";"1660.04";"";"2068";"1.13";"1.17";"0.05";"41.49";"0.77";"0.0";"356.01";"1.37";"4.66";"0.94";"12.28";"14.87";"16.67";"16.85";"16.75";"6.44";"0.79";"0.0";"";"0";"0.0";"0.0";"0.0";"0.0";"0.0";"0.0";"0.0";"0.0";"0.0";"0.0";"0.0";"0.0";"0.0";"0.0";"0.0";"0.0"
"Strategy 4.11.340";"";"0.87";"NDXm_TICK_UTCPlus02";"M15";"2870.66";"";"2069";"1.17";"1.44";"0.09";"71.77";"0.74";"0.0";"338.07";"0.79";"8.49";"1.6";"22.26";"15.0";"16.69";"11.08";"13.55";"12.06";"0.87";"0.0";"";"0";"0.0";"0.0";"0.0";"0.0";"0.0";"0.0";"0.0";"0.0";"0.0";"0.0";"0.0";"0.0";"0.0";"0.0";"0.0";"0.0"
"Strategy 4.11.356";"";"0.83";"NDXm_TICK_UTCPlus02";"M15";"2431.31";"";"1787";"1.17";"1.4";"0.09";"60.78";"0.82";"0.0";"388.65";"0.84";"6.26";"1.81";"20.6";"14.77";"19.08";"13.5";"16.04";"8.17";"0.83";"0.0";"";"0";"0.0";"0.0";"0.0";"0.0";"0.0";"0.0";"0.0";"0.0";"0.0";"0.0";"0.0";"0.0";"0.0";"0.0";"0.0";"0.0"
"Strategy 4.11.372";"";"0.82";"NDXm_TICK_UTCPlus02";"M15";"1822.74";"";"2264";"1.13";"1.19";"0.06";"45.57";"0.77";"0.0";"324.24";"1.34";"5.62";"1.04";"12.24";"14.53";"8.44";"8.21";"8.34";"6.33";"0.82";"0.0";"";"0";"0.0";"0.0";"0.0";"0.0";"0.0";"0.0";"0.0";"0.0";"0.0";"0.0";"0.0";"0.0";"0.0";"0.0";"0.0";"0.0"
"Strategy 4.11.342";"";"0.86";"NDXm_TICK_UTCPlus02";"M15";"2268.64";"";"2252";"1.13";"1.2";"0.07";"56.72";"0.86";"0.0";"294.44";"0.86";"7.7";"1.67";"19.13";"14.62";"18.58";"14.12";"16.19";"11.06";"0.86";"0.0";"";"0";"0.0";"0.0";"0.0";"0.0";"0.0";"0.0";"0.0";"0.0";"0.0";"0.0";"0.0";"0.0";"0.0";"0.0";"0.0";"0.0"
"Strategy 4.11.315";"";"0.84";"NDXm_TICK_UTCPlus02";"M15";"2897.47";"";"2634";"1.13";"1.37";"0.07";"72.43";"0.86";"0.0";"425.15";"0.83";"6.82";"1.41";"20.46";"15.03";"24.86";"18.69";"21.49";"17.22";"0.84";"0.0";"";"0";"0.0";"0.0";"0.0";"0.0";"0.0";"0.0";"0.0";"0.0";"0.0";"0.0";"0.0";"0.0";"0.0";"0.0";"0.0";"0.0"
"Strategy 4.11.330";"";"0.78";"NDXm_TICK_UTCPlus02";"M15";"3198.64";"";"3291";"1.12";"1.46";"0.07";"79.97";"0.82";"0.0";"714.1";"0.85";"4.48";"1.28";"19.23";"14.62";"18.53";"13.91";"16.04";"15.33";"0.78";"0.0";"";"0";"0.0";"0.0";"0.0";"0.0";"0.0";"0.0";"0.0";"0.0";"0.0";"0.0";"0.0";"0.0";"0.0";"0.0";"0.0";"0.0"
"Strategy 4.11.362";"";"0.77";"NDXm_TICK_UTCPlus02";"M15";"1860.79";"";"1318";"1.16";"1.12";"0.09";"46.52";"0.79";"0.0";"441.73";"0.72";"4.21";"0.96";"24.86";"15.54";"34.84";"25.84";"29.61";"17.56";"0.77";"0.0";"";"0";"0.0";"0.0";"0.0";"0.0";"0.0";"0.0";"0.0";"0.0";"0.0";"0.0";"0.0";"0.0";"0.0";"0.0";"0.0";"0.0"
"Strategy 4.11.374";"";"0.8";"NDXm_TICK_UTCPlus02";"M15";"2033.57";"";"1558";"1.16";"1.27";"0.08";"50.84";"0.8";"0.0";"409.96";"0.92";"4.96";"1.18";"19.45";"15.45";"23.86";"19.13";"21.4";"14.33";"0.8";"0.0";"";"0";"0.0";"0.0";"0.0";"0.0";"0.0";"0.0";"0.0";"0.0";"0.0";"0.0";"0.0";"0.0";"0.0";"0.0";"0.0";"0.0"
"Strategy 4.11.391";"";"0.79";"NDXm_TICK_UTCPlus02";"M15";"1769.86";"";"1314";"1.15";"1.05";"0.09";"44.25";"0.83";"0.0";"378.0";"0.7";"4.68";"0.94";"25.1";"15.33";"31.23";"23.4";"26.63";"11.17";"0.79";"0.0";"";"0";"0.0";"0.0";"0.0";"0.0";"0.0";"0.0";"0.0";"0.0";"0.0";"0.0";"0.0";"0.0";"0.0";"0.0";"0.0";"0.0"
"Strategy 4.11.376";"";"0.81";"NDXm_TICK_UTCPlus02";"M15";"2363.35";"";"2816";"1.12";"1.22";"0.06";"59.09";"0.82";"0.0";"430.96";"1.1";"5.48";"1.09";"15.43";"15.18";"12.73";"11.61";"12.2";"14.44";"0.81";"0.0";"";"0";"0.0";"0.0";"0.0";"0.0";"0.0";"0.0";"0.0";"0.0";"0.0";"0.0";"0.0";"0.0";"0.0";"0.0";"0.0";"0.0"
"Strategy 4.11.421";"";"0.87";"NDXm_TICK_UTCPlus02";"M15";"1320.94";"";"476";"1.38";"1.52";"0.19";"33.02";"0.85";"0.0";"155.91";"0.99";"8.47";"2.87";"20.24";"14.54";"21.18";"16.14";"18.65";"0.28";"0.87";"0.0";"";"0";"0.0";"0.0";"0.0";"0.0";"0.0";"0.0";"0.0";"0.0";"0.0";"0.0";"0.0";"0.0";"0.0";"0.0";"0.0";"0.0"
"Strategy 4.11.403";"";"0.83";"NDXm_TICK_UTCPlus02";"M15";"2079.42";"";"1812";"1.17";"1.41";"0.08";"51.99";"0.81";"0.0";"336.47";"1.22";"6.18";"1.17";"14.27";"14.9";"15.88";"14.99";"15.48";"8.33";"0.83";"0.0";"";"0";"0.0";"0.0";"0.0";"0.0";"0.0";"0.0";"0.0";"0.0";"0.0";"0.0";"0.0";"0.0";"0.0";"0.0";"0.0";"0.0"
