"Strategy Name";"Filters result";"Fitness (IS)";"Symbol (IS)";"TimeFrame (IS)";"Net profit (IS)";"Mini equity chart (IS)";"# of trades (IS)";"Profit factor (IS)";"Sharpe Ratio (IS)";"R Expectancy (IS)";"Annual % Return (IS)";"Stability (IS)";"Symmetry (IS)";"Drawdown (IS)";"Win/Loss ratio (IS)";"Ret/DD Ratio (IS)";"CAGR/Max DD % (IS)";"Avg. Win (IS)";"Avg. Loss (IS)";"Avg. Bars Win (IS)";"Avg. Bars Loss (IS)";"Avg. Bars in Trade (IS)";"Exposure (IS)";"Fitness (OOS)";"Net profit (OOS)";"Mini equity chart (OOS)";"# of trades (OOS)";"Profit factor (OOS)";"Sharpe Ratio (OOS)";"R Expectancy (OOS)";"Annual % Return (OOS)";"Stability (OOS)";"Symmetry (OOS)";"Drawdown (OOS)";"Win/Loss ratio (OOS)";"Ret/DD Ratio (OOS)";"CAGR/Max DD % (OOS)";"Avg. Win (OOS)";"Avg. Loss (OOS)";"Avg. Bars Win (OOS)";"Avg. Bars Loss (OOS)";"Avg. Bars in Trade (OOS)";"Exposure (OOS)"
"Strategy 1.1.333";"PASSED";"0.68";"NDXm_TICK_UTCPlus02";"M15";"1650.4";"";"743";"1.15";"0.7";"0.06";"0.83";"0.85";"0.0";"704.75";"1.5";"2.34";"0.6";"28.91";"37.86";"17.85";"20.77";"19.02";"3.66";"0.73";"1012.61";"";"210";"1.28";"1.33";"0.11";"2.03";"0.78";"0.0";"308.82";"1.53";"3.28";"3.27";"36.89";"44.25";"28.18";"27.65";"27.97";"0.25"
"Strategy 1.1.339";"PASSED";"0.85";"NDXm_TICK_UTCPlus02";"M15";"4433.89";"";"1416";"1.21";"1.44";"0.08";"2.22";"0.9";"0.0";"627.22";"1.52";"7.07";"1.85";"29.65";"37.29";"19.07";"20.29";"19.56";"3.45";"0.55";"647.95";"";"414";"1.08";"0.56";"0.04";"1.3";"0.7";"0.0";"596.9";"1.29";"1.09";"1.09";"37.08";"44.15";"26.88";"26.65";"26.78";"0.34"
"Strategy 1.1.341";"PASSED";"0.76";"NDXm_TICK_UTCPlus02";"M15";"2130.25";"";"700";"1.16";"0.75";"0.08";"1.07";"0.85";"0.0";"554.07";"0.91";"3.84";"0.97";"46.91";"36.99";"30.5";"27.76";"29.07";"6.3";"0.7";"1579.01";"";"241";"1.27";"1.41";"0.14";"3.16";"0.71";"0.0";"579.57";"0.93";"2.72";"2.8";"63.49";"46.28";"42.32";"33.15";"37.56";"2.39"
"Strategy 1.1.348";"PASSED";"0.82";"NDXm_TICK_UTCPlus02";"M15";"5663.85";"";"2490";"1.11";"1.05";"0.07";"2.83";"0.75";"0.0";"962.69";"0.76";"5.88";"1.43";"51.35";"34.95";"23.77";"17.36";"20.12";"12.65";"0.77";"3466.94";"";"750";"1.2";"1.76";"0.11";"6.93";"0.82";"0.0";"869.08";"0.79";"3.99";"4.2";"62.69";"41.25";"28.13";"18.96";"23.01";"3.53"
"Strategy 1.1.364";"PASSED";"0.58";"NDXm_TICK_UTCPlus02";"M15";"1537.36";"";"979";"1.11";"0.58";"0.05";"0.77";"0.74";"0.0";"1174.96";"1.2";"1.31";"0.34";"29.7";"32.05";"14.07";"13.96";"14.02";"4.29";"0.71";"1214.35";"";"253";"1.29";"1.51";"0.13";"2.43";"0.82";"0.0";"424.49";"1.3";"2.86";"2.93";"38.01";"38.37";"23.28";"20.63";"22.13";"0.76"
"Strategy 1.1.368";"PASSED";"0.62";"NDXm_TICK_UTCPlus02";"M15";"2143.76";"";"1241";"1.1";"0.63";"0.05";"1.07";"0.79";"0.0";"1262.45";"1.11";"1.7";"0.44";"35.61";"36.02";"14.6";"14.0";"14.32";"6.34";"0.53";"823.99";"";"442";"1.09";"0.64";"0.04";"1.65";"0.71";"0.0";"862.77";"1.05";"0.96";"0.96";"45.69";"43.99";"17.12";"14.11";"15.64";"1.64"
"Strategy 1.1.398";"PASSED";"0.82";"NDXm_TICK_UTCPlus02";"M15";"3312.77";"";"863";"1.26";"1.29";"0.11";"1.66";"0.7";"0.0";"561.23";"1.45";"5.9";"1.51";"31.18";"35.85";"13.42";"14.55";"13.88";"2.02";"0.58";"1219.13";"";"287";"1.24";"1.34";"0.1";"2.44";"0.65";"0.0";"938.26";"1.31";"1.3";"1.32";"39.13";"41.6";"16.2";"10.85";"13.89";"0.46"
"Strategy 1.1.407";"PASSED";"0.79";"NDXm_TICK_UTCPlus02";"M15";"3725.55";"";"1120";"1.17";"1.0";"0.1";"1.86";"0.79";"0.0";"777.44";"0.66";"4.79";"1.24";"57.42";"32.2";"26.47";"17.14";"20.84";"4.96";"0.54";"717.73";"";"379";"1.08";"0.52";"0.05";"1.44";"0.76";"0.0";"675.32";"0.61";"1.06";"1.07";"66.69";"37.37";"32.6";"20.0";"24.75";"2.06"
"Strategy 1.1.422";"PASSED";"0.8";"NDXm_TICK_UTCPlus02";"M15";"2930.66";"";"951";"1.18";"0.98";"0.11";"1.47";"0.87";"0.0";"604.39";"0.66";"4.85";"1.27";"50.24";"27.89";"14.45";"9.19";"11.27";"2.27";"0.63";"1119.1";"";"302";"1.2";"1.06";"0.12";"2.24";"0.7";"0.0";"637.26";"0.62";"1.76";"1.82";"58.49";"30.46";"15.55";"10.01";"12.14";"0.63"
"Strategy 1.1.441";"PASSED";"0.67";"NDXm_TICK_UTCPlus02";"M15";"2143.62";"";"1267";"1.09";"0.55";"0.05";"1.07";"0.82";"0.0";"952.26";"0.66";"2.25";"0.58";"51.82";"31.64";"19.92";"14.22";"16.49";"5.29";"0.74";"2014.92";"";"463";"1.2";"1.41";"0.12";"4.03";"0.75";"0.0";"597.03";"0.67";"3.37";"3.44";"65.86";"36.95";"18.02";"12.23";"14.55";"1.05"
"Strategy 1.1.454";"PASSED";"0.82";"NDXm_TICK_UTCPlus02";"M15";"4342.08";"";"883";"1.24";"1.21";"0.15";"2.17";"0.87";"0.0";"778.26";"0.62";"5.58";"1.47";"66.01";"32.97";"28.25";"17.27";"21.47";"4.29";"0.56";"1011.41";"";"272";"1.15";"0.77";"0.09";"2.02";"0.66";"0.0";"873.7";"0.6";"1.16";"1.2";"75.98";"39.64";"31.08";"16.78";"22.14";"1.26"
"Strategy 1.1.456";"PASSED";"0.63";"NDXm_TICK_UTCPlus02";"M15";"2311.71";"";"991";"1.11";"0.62";"0.06";"1.16";"0.72";"0.0";"1327.71";"0.8";"1.74";"0.46";"53.65";"38.48";"38.97";"30.09";"34.02";"10.46";"0.58";"1339.23";"";"287";"1.19";"1.02";"0.1";"2.68";"0.67";"0.0";"1022.03";"0.81";"1.31";"1.33";"65.89";"44.62";"35.32";"34.31";"34.76";"0.5"
"Strategy 1.1.484";"PASSED";"0.7";"NDXm_TICK_UTCPlus02";"M15";"4687.51";"";"2685";"1.09";"0.82";"0.05";"2.34";"0.71";"0.0";"1715.19";"0.67";"2.73";"0.71";"53.67";"33.09";"22.4";"15.92";"18.52";"10.8";"0.81";"3576.16";"";"888";"1.18";"1.66";"0.1";"7.15";"0.91";"0.0";"685.97";"0.68";"5.21";"5.59";"66.53";"38.59";"26.13";"15.81";"20.0";"3.45"
"Strategy 1.1.490";"PASSED";"0.79";"NDXm_TICK_UTCPlus02";"M15";"2356.78";"";"490";"1.27";"0.97";"0.15";"1.18";"0.75";"0.0";"496.95";"0.82";"4.74";"1.22";"49.96";"32.28";"21.55";"15.32";"18.13";"1.13";"0.67";"721.66";"";"150";"1.22";"0.86";"0.13";"1.44";"0.83";"0.0";"315.8";"0.74";"2.29";"2.29";"61.86";"37.65";"27.47";"11.01";"18.03";"0.38"
"Strategy 1.1.515";"PASSED";"0.57";"NDXm_TICK_UTCPlus02";"M15";"647.71";"";"880";"1.06";"0.27";"0.03";"0.32";"0.82";"0.0";"507.58";"0.94";"1.28";"0.32";"26.33";"23.39";"12.89";"13.08";"12.99";"5.29";"0.74";"1029.14";"";"197";"1.42";"1.64";"0.19";"2.06";"0.84";"0.0";"303.81";"1.19";"3.39";"3.43";"32.64";"27.37";"14.96";"12.29";"13.74";"0.34"
"Strategy 1.1.530";"PASSED";"0.54";"NDXm_TICK_UTCPlus02";"M15";"1541.76";"";"1691";"1.07";"0.49";"0.03";"0.77";"0.71";"0.0";"1447.85";"1.0";"1.06";"0.27";"27.83";"26.11";"10.66";"10.89";"10.77";"6.51";"0.74";"2249.02";"";"485";"1.31";"1.97";"0.15";"4.5";"0.83";"0.0";"675.26";"1.12";"3.33";"3.38";"37.33";"31.91";"14.57";"12.2";"13.45";"0.5"
"Strategy 1.1.533";"PASSED";"0.68";"NDXm_TICK_UTCPlus02";"M15";"5701.49";"";"3256";"1.09";"0.91";"0.05";"2.85";"0.83";"0.0";"2444.43";"0.68";"2.33";"0.62";"54.24";"33.81";"18.85";"12.07";"14.81";"11.43";"0.73";"2892.63";"";"1116";"1.11";"1.26";"0.07";"5.79";"0.81";"0.0";"928.44";"0.67";"3.12";"3.23";"63.06";"37.66";"17.7";"10.29";"13.25";"2.65"
"Strategy 1.1.547";"PASSED";"0.71";"NDXm_TICK_UTCPlus02";"M15";"2911.66";"";"752";"1.2";"1.01";"0.09";"1.46";"0.85";"0.0";"1046.65";"1.16";"2.78";"0.73";"42.84";"41.36";"34.27";"33.88";"34.09";"7.14";"0.73";"1444.35";"";"256";"1.24";"1.34";"0.11";"2.89";"0.76";"0.0";"447.47";"1.15";"3.23";"3.25";"54.39";"50.48";"43.98";"40.92";"42.56";"2.82"
"Strategy 1.2.307";"PASSED";"0.64";"NDXm_TICK_UTCPlus02";"M15";"2156.48";"";"934";"1.12";"0.61";"0.07";"1.08";"0.84";"0.0";"1110.35";"0.63";"1.94";"0.5";"57.6";"32.68";"27.08";"17.5";"21.22";"3.28";"0.7";"1611.97";"";"296";"1.23";"1.27";"0.14";"3.22";"0.8";"0.0";"588.75";"0.65";"2.74";"2.8";"72.49";"38.38";"30.36";"22.09";"25.36";"1.26"
"Strategy 1.2.341";"PASSED";"0.8";"NDXm_TICK_UTCPlus02";"M15";"3671.47";"";"1080";"1.17";"0.99";"0.1";"1.84";"0.78";"0.0";"744.25";"0.66";"4.93";"1.28";"58.05";"32.62";"26.47";"17.25";"20.91";"4.96";"0.55";"797.06";"";"363";"1.09";"0.59";"0.06";"1.59";"0.75";"0.0";"712.37";"0.61";"1.12";"1.13";"67.18";"37.66";"33.49";"20.55";"25.47";"2.06"
"Strategy 1.2.353";"PASSED";"0.83";"NDXm_TICK_UTCPlus02";"M15";"3402.46";"";"879";"1.29";"1.33";"0.14";"1.7";"0.71";"0.0";"539.87";"0.97";"6.3";"1.61";"35.36";"26.7";"10.76";"9.2";"9.97";"1.64";"0.67";"1367.24";"";"290";"1.28";"1.46";"0.15";"2.73";"0.71";"0.0";"610.25";"0.9";"2.24";"2.27";"45.26";"31.59";"13.6";"8.27";"10.79";"0.29"
"Strategy 1.2.386";"PASSED";"0.86";"NDXm_TICK_UTCPlus02";"M15";"4338.4";"";"1412";"1.21";"1.41";"0.08";"2.17";"0.9";"0.0";"558.78";"1.52";"7.76";"2.02";"29.66";"37.26";"19.14";"20.32";"19.61";"3.45";"0.58";"789.39";"";"409";"1.1";"0.71";"0.04";"1.58";"0.72";"0.0";"596.9";"1.31";"1.32";"1.33";"37.03";"44.08";"27.04";"27.15";"27.09";"0.34"
"Strategy 1.2.428";"PASSED";"0.75";"NDXm_TICK_UTCPlus02";"M15";"2603.21";"";"607";"1.22";"0.95";"0.13";"1.3";"0.82";"0.0";"724.58";"0.74";"3.59";"0.92";"55.96";"33.91";"20.49";"11.42";"15.28";"1.89";"0.66";"883.54";"";"217";"1.19";"0.86";"0.11";"1.77";"0.74";"0.0";"415.36";"0.67";"2.13";"2.16";"64.35";"36.27";"26.69";"13.15";"18.58";"0.97"
"Strategy 1.2.465";"PASSED";"0.87";"NDXm_TICK_UTCPlus02";"M15";"3389.19";"";"712";"1.34";"1.54";"0.13";"1.69";"0.9";"0.0";"403.97";"1.7";"8.39";"2.14";"29.49";"37.21";"17.85";"20.1";"18.69";"3.15";"0.7";"925.84";"";"210";"1.25";"1.17";"0.1";"1.85";"0.66";"0.0";"345.25";"1.41";"2.68";"2.68";"38.09";"43.22";"26.46";"27.54";"26.91";"0.25"
"Strategy 1.2.478";"PASSED";"0.57";"NDXm_TICK_UTCPlus02";"M15";"1521.23";"";"982";"1.11";"0.58";"0.05";"0.76";"0.74";"0.0";"1174.96";"1.19";"1.29";"0.33";"29.66";"31.96";"14.13";"13.93";"14.04";"4.29";"0.71";"1214.35";"";"253";"1.29";"1.51";"0.13";"2.43";"0.82";"0.0";"424.49";"1.3";"2.86";"2.93";"38.01";"38.37";"23.28";"20.63";"22.13";"0.76"
"Strategy 1.2.551";"PASSED";"0.83";"NDXm_TICK_UTCPlus02";"M15";"4295.57";"";"1025";"1.24";"1.4";"0.12";"2.15";"0.88";"0.0";"714.86";"1.01";"6.01";"1.54";"43.14";"34.98";"19.8";"16.76";"18.28";"1.85";"0.64";"1223.12";"";"328";"1.18";"1.16";"0.09";"2.45";"0.75";"0.0";"637.19";"0.98";"1.92";"1.99";"50.21";"41.63";"20.69";"20.17";"20.43";"1.13"
"Strategy 1.2.559";"PASSED";"0.75";"NDXm_TICK_UTCPlus02";"M15";"3661.03";"";"1295";"1.13";"0.86";"0.07";"1.83";"0.78";"0.0";"1023.95";"0.75";"3.58";"0.95";"58.94";"39.26";"30.08";"21.67";"25.27";"7.35";"0.62";"1478.15";"";"463";"1.13";"0.89";"0.07";"2.96";"0.83";"0.0";"884.67";"0.73";"1.67";"1.69";"67.89";"43.89";"31.59";"19.01";"24.31";"2.27"
"Strategy 1.2.567";"PASSED";"0.77";"NDXm_TICK_UTCPlus02";"M15";"4723.68";"";"2361";"1.1";"0.9";"0.06";"2.36";"0.71";"0.0";"1168.63";"0.79";"4.04";"1.05";"50.23";"35.97";"24.5";"18.64";"21.22";"12.69";"0.79";"3114.3";"";"703";"1.19";"1.65";"0.1";"6.23";"0.86";"0.0";"651.75";"0.83";"4.78";"5.11";"61.04";"42.59";"28.87";"21.16";"24.66";"3.95"
"Strategy 1.2.570";"PASSED";"0.72";"NDXm_TICK_UTCPlus02";"M15";"2998.16";"";"937";"1.14";"0.82";"0.08";"1.5";"0.77";"0.0";"1023.89";"0.8";"2.93";"0.77";"57.77";"40.19";"36.83";"29.4";"32.69";"3.99";"0.61";"1092.75";"";"255";"1.16";"0.89";"0.09";"2.19";"0.73";"0.0";"678.17";"0.8";"1.61";"1.66";"68.85";"47.09";"45.23";"37.25";"40.78";"0.71"
"Strategy 1.3.317";"PASSED";"0.6";"NDXm_TICK_UTCPlus02";"M15";"2699.35";"";"2014";"1.08";"0.64";"0.04";"1.35";"0.72";"0.0";"1765.2";"1.07";"1.53";"0.4";"37.01";"36.89";"22.55";"21.14";"21.87";"10.55";"0.78";"2891.22";"";"633";"1.22";"1.87";"0.11";"5.78";"0.63";"0.0";"659.41";"1.13";"4.38";"4.7";"46.87";"43.29";"23.53";"22.52";"23.06";"1.81"
"Strategy 1.3.351";"PASSED";"0.79";"NDXm_TICK_UTCPlus02";"M15";"2964.88";"";"1009";"1.18";"1.03";"0.1";"1.48";"0.73";"0.0";"641.35";"0.8";"4.62";"1.21";"42.49";"28.52";"15.03";"10.54";"12.53";"0.21";"0.56";"648.62";"";"325";"1.12";"0.68";"0.07";"1.3";"0.84";"0.0";"549.21";"0.76";"1.18";"1.19";"44.84";"30.43";"13.62";"9.76";"11.42";"0.0"
"Strategy 1.3.359";"PASSED";"0.84";"NDXm_TICK_UTCPlus02";"M15";"3506.85";"";"655";"1.27";"1.05";"0.16";"1.75";"0.75";"0.0";"506.44";"0.65";"6.92";"1.78";"65.01";"33.17";"23.86";"18.08";"20.34";"2.48";"0.84";"2590.8";"";"233";"1.49";"2.1";"0.29";"5.18";"0.76";"0.0";"397.56";"0.68";"6.52";"6.56";"84.22";"38.32";"24.94";"13.65";"18.2";"0.76"
"Strategy 1.3.368";"PASSED";"0.8";"NDXm_TICK_UTCPlus02";"M15";"5338.44";"";"1792";"1.13";"1.0";"0.07";"2.67";"0.75";"0.0";"1040.58";"0.82";"5.13";"1.25";"59.59";"43.19";"36.64";"26.29";"30.94";"17.65";"0.59";"1711.54";"";"615";"1.1";"0.85";"0.06";"3.42";"0.66";"0.0";"1237.04";"0.78";"1.38";"1.44";"69.34";"49.3";"39.4";"25.73";"31.73";"5.92"
"Strategy 1.3.375";"PASSED";"0.85";"NDXm_TICK_UTCPlus02";"M15";"3683.54";"";"679";"1.27";"1.1";"0.16";"1.84";"0.76";"0.0";"488.2";"0.65";"7.55";"1.85";"64.56";"33.14";"23.93";"18.22";"20.48";"2.56";"0.82";"2626.3";"";"251";"1.45";"2.02";"0.27";"5.25";"0.84";"0.0";"463.19";"0.66";"5.67";"5.71";"84.24";"38.39";"25.22";"13.91";"18.42";"0.84"
"Strategy 1.3.386";"PASSED";"0.68";"NDXm_TICK_UTCPlus02";"M15";"1709.74";"";"691";"1.16";"0.76";"0.06";"0.85";"0.71";"0.0";"729.2";"1.58";"2.34";"0.58";"29.03";"39.44";"17.54";"19.28";"18.21";"2.69";"0.54";"565.91";"";"215";"1.15";"0.69";"0.06";"1.13";"0.42";"0.0";"543.64";"1.59";"1.04";"1.04";"33.07";"45.77";"17.5";"23.92";"19.98";"0.8"
"Strategy 1.3.390";"PASSED";"0.84";"NDXm_TICK_UTCPlus02";"M15";"3073.96";"";"1505";"1.16";"1.12";"0.08";"1.54";"0.84";"0.0";"453.74";"1.01";"6.77";"1.74";"29.05";"25.21";"10.87";"9.63";"10.25";"2.18";"0.61";"822.66";"";"522";"1.11";"0.82";"0.06";"1.65";"0.72";"0.0";"528.47";"0.96";"1.56";"1.6";"32.84";"28.29";"14.02";"10.41";"12.17";"0.55"
"Strategy 1.3.399";"PASSED";"0.71";"NDXm_TICK_UTCPlus02";"M15";"3542.53";"";"2170";"1.09";"0.77";"0.05";"1.77";"0.88";"0.0";"1266.4";"0.81";"2.8";"0.73";"45.47";"34.07";"14.16";"10.54";"12.16";"7.73";"0.53";"1280.89";"";"789";"1.07";"0.68";"0.04";"2.56";"0.73";"0.0";"1297.36";"0.75";"0.99";"1.02";"55.69";"39.11";"15.41";"9.71";"12.16";"2.23"
"Strategy 1.3.419";"PASSED";"0.74";"NDXm_TICK_UTCPlus02";"M15";"3475.94";"";"1153";"1.15";"0.95";"0.08";"1.74";"0.9";"0.0";"1028.38";"0.81";"3.38";"0.89";"51.2";"36.02";"27.65";"20.3";"23.59";"4.41";"0.65";"1758.37";"";"373";"1.2";"1.22";"0.11";"3.52";"0.8";"0.0";"874.06";"0.81";"2.01";"2.08";"62.87";"42.43";"28.64";"23.71";"25.92";"1.64"
"Strategy 1.3.463";"PASSED";"0.79";"NDXm_TICK_UTCPlus02";"M15";"3863.26";"";"1804";"1.11";"0.85";"0.07";"1.93";"0.76";"0.0";"842.64";"0.65";"4.58";"1.13";"53.25";"31.03";"19.23";"13.01";"15.46";"5.97";"0.81";"3705.23";"";"631";"1.27";"1.94";"0.16";"7.41";"0.92";"0.0";"693.75";"0.71";"5.34";"5.45";"66.32";"36.77";"18.39";"11.26";"14.21";"1.3"
"Strategy 1.3.476";"PASSED";"0.54";"NDXm_TICK_UTCPlus02";"M15";"1382.44";"";"1001";"1.07";"0.38";"0.04";"0.69";"0.59";"0.0";"1343.86";"0.7";"1.03";"0.26";"51.61";"33.61";"29.57";"21.35";"24.73";"5.34";"0.54";"753.47";"";"276";"1.11";"0.64";"0.07";"1.51";"0.71";"0.0";"740.84";"0.67";"1.02";"1.03";"66.72";"40.32";"37.12";"30.69";"33.28";"1.3"
"Strategy 1.3.524";"PASSED";"0.74";"NDXm_TICK_UTCPlus02";"M15";"4455.63";"";"1377";"1.15";"0.99";"0.09";"2.23";"0.8";"0.0";"1333.25";"0.64";"3.34";"0.9";"64.15";"35.47";"27.66";"18.36";"21.97";"6.6";"0.58";"1382.73";"";"499";"1.11";"0.8";"0.07";"2.77";"0.83";"0.0";"1057.12";"0.59";"1.31";"1.33";"74.36";"39.41";"30.53";"15.33";"20.97";"1.97"
"Strategy 1.3.525";"PASSED";"0.74";"NDXm_TICK_UTCPlus02";"M15";"1588.59";"";"708";"1.12";"0.6";"0.06";"0.79";"0.7";"0.0";"469.55";"1.17";"3.38";"0.87";"37.67";"39.03";"16.08";"18.95";"17.41";"2.18";"0.78";"1852.45";"";"259";"1.37";"1.77";"0.16";"3.7";"0.85";"0.0";"420.77";"1.27";"4.4";"4.4";"46.9";"43.4";"18.57";"13.51";"16.34";"1.05"
"Strategy 1.3.528";"PASSED";"0.63";"NDXm_TICK_UTCPlus02";"M15";"2207.1";"";"2031";"1.08";"0.66";"0.04";"1.1";"0.79";"0.0";"1227.78";"0.95";"1.8";"0.47";"28.72";"25.29";"11.09";"9.75";"10.41";"2.52";"0.61";"1036.76";"";"616";"1.11";"0.92";"0.06";"2.07";"0.82";"0.0";"663.21";"0.95";"1.56";"1.58";"33.98";"28.98";"14.66";"11.46";"13.02";"0.38"
"Strategy 1.3.533";"PASSED";"0.79";"NDXm_TICK_UTCPlus02";"M15";"5026.89";"";"2608";"1.1";"0.97";"0.05";"2.51";"0.75";"0.0";"1099.93";"1.05";"4.57";"1.11";"42.37";"40.41";"23.95";"20.64";"22.33";"13.61";"0.72";"2193.57";"";"829";"1.12";"1.2";"0.06";"4.39";"0.84";"0.0";"724.02";"1.04";"3.03";"3.07";"49.39";"45.82";"27.01";"21.57";"24.34";"4.41"
"Strategy 1.3.536";"PASSED";"0.81";"NDXm_TICK_UTCPlus02";"M15";"2596.2";"";"887";"1.2";"1.02";"0.08";"1.3";"0.87";"0.0";"483.69";"1.53";"5.37";"1.35";"29.28";"37.32";"17.9";"19.58";"18.56";"3.61";"0.56";"681.29";"";"258";"1.14";"0.77";"0.06";"1.36";"0.7";"0.0";"565.37";"1.32";"1.21";"1.23";"37.66";"43.73";"28.03";"28.27";"28.14";"0.25"
"Strategy 1.3.558";"PASSED";"0.72";"NDXm_TICK_UTCPlus02";"M15";"3477.13";"";"1189";"1.16";"0.97";"0.09";"1.74";"0.76";"0.0";"1182.84";"0.69";"2.94";"0.76";"52.39";"31.03";"20.42";"14.6";"16.97";"4.5";"0.79";"2581.76";"";"438";"1.28";"1.76";"0.16";"5.16";"0.81";"0.0";"535.44";"0.7";"4.82";"4.87";"65.85";"36.33";"20.28";"13.62";"16.37";"1.26"
"Strategy 1.3.570";"PASSED";"0.72";"NDXm_TICK_UTCPlus02";"M15";"1687.07";"";"751";"1.16";"0.76";"0.08";"0.84";"0.81";"0.0";"569.68";"1.01";"2.96";"0.75";"32.05";"27.96";"18.75";"14.84";"16.81";"2.27";"0.53";"550.65";"";"246";"1.13";"0.68";"0.07";"1.1";"0.74";"0.0";"572.95";"1.03";"0.96";"0.97";"37.45";"34.13";"21.46";"23.36";"22.39";"0.29"
"Strategy 1.4.308";"PASSED";"0.87";"NDXm_TICK_UTCPlus02";"M15";"2749.8";"";"403";"1.37";"1.1";"0.22";"1.37";"0.72";"0.0";"317.66";"0.67";"8.66";"2.18";"63.83";"31.1";"25.13";"17.02";"20.26";"1.68";"0.52";"499.95";"";"120";"1.18";"0.59";"0.12";"1.0";"0.74";"0.0";"390.26";"0.56";"1.28";"1.3";"75.59";"35.72";"31.95";"14.78";"20.93";"0.71"
"Strategy 1.4.311";"PASSED";"0.73";"NDXm_TICK_UTCPlus02";"M15";"1887.21";"";"512";"1.23";"0.88";"0.11";"0.94";"0.8";"0.0";"608.86";"1.16";"3.1";"0.79";"36.89";"34.85";"24.51";"21.67";"23.2";"1.93";"0.52";"403.4";"";"151";"1.12";"0.49";"0.06";"0.81";"0.74";"0.0";"438.05";"1.04";"0.92";"0.93";"47.56";"44.04";"29.52";"30.36";"29.93";"0.25"
"Strategy 1.4.366";"PASSED";"0.64";"NDXm_TICK_UTCPlus02";"M15";"1682.58";"";"921";"1.1";"0.53";"0.05";"0.84";"0.66";"0.0";"876.7";"0.93";"1.92";"0.49";"43.0";"36.66";"22.8";"16.63";"19.61";"2.1";"0.53";"540.76";"";"304";"1.08";"0.49";"0.04";"1.08";"0.73";"0.0";"571.82";"0.88";"0.95";"0.95";"51.06";"41.42";"24.39";"17.41";"20.67";"0.67"
"Strategy 1.4.401";"PASSED";"0.69";"NDXm_TICK_UTCPlus02";"M15";"3709.96";"";"861";"1.17";"0.92";"0.1";"1.85";"0.87";"0.0";"1449.25";"0.73";"2.56";"0.68";"70.23";"43.51";"57.29";"42.78";"48.88";"7.86";"0.61";"1091.82";"";"269";"1.14";"0.77";"0.08";"2.18";"0.63";"0.0";"686.85";"0.67";"1.59";"1.59";"83.44";"49.19";"63.22";"47.71";"53.94";"2.94"
"Strategy 1.4.416";"PASSED";"0.69";"NDXm_TICK_UTCPlus02";"M15";"1689.0";"";"726";"1.16";"0.7";"0.08";"0.84";"0.71";"0.0";"659.72";"0.97";"2.56";"0.65";"34.01";"28.33";"13.67";"12.08";"12.86";"2.94";"0.56";"474.42";"";"215";"1.13";"0.63";"0.07";"0.95";"0.58";"0.0";"391.56";"0.87";"1.21";"1.22";"42.08";"32.47";"22.43";"17.85";"19.98";"0.17"
"Strategy 1.4.420";"PASSED";"0.72";"NDXm_TICK_UTCPlus02";"M15";"3694.05";"";"1198";"1.17";"1.03";"0.1";"1.85";"0.77";"0.0";"1231.85";"0.69";"3.0";"0.79";"52.14";"30.98";"20.3";"14.58";"16.92";"4.5";"0.79";"2578.06";"";"438";"1.28";"1.76";"0.16";"5.16";"0.8";"0.0";"538.19";"0.7";"4.79";"4.82";"65.85";"36.35";"20.28";"13.82";"16.49";"1.26"
"Strategy 1.4.459";"PASSED";"0.84";"NDXm_TICK_UTCPlus02";"M15";"3696.22";"";"662";"1.28";"1.1";"0.17";"1.85";"0.78";"0.0";"526.02";"0.66";"7.03";"1.82";"64.86";"33.49";"24.05";"18.1";"20.46";"2.56";"0.82";"2509.91";"";"239";"1.45";"2.01";"0.27";"5.02";"0.8";"0.0";"426.95";"0.67";"5.88";"5.91";"83.79";"38.7";"26.22";"13.99";"18.9";"0.88"
"Strategy 1.4.480";"PASSED";"0.82";"NDXm_TICK_UTCPlus02";"M15";"3582.75";"";"1110";"1.2";"1.12";"0.11";"1.79";"0.8";"0.0";"625.4";"0.76";"5.73";"1.5";"45.45";"28.94";"21.71";"16.68";"18.86";"5.84";"0.79";"2506.53";"";"349";"1.36";"1.89";"0.2";"5.01";"0.71";"0.0";"546.99";"0.84";"4.58";"4.86";"59.47";"36.57";"21.76";"18.58";"20.03";"0.59"
"Strategy 1.4.528";"PASSED";"0.77";"NDXm_TICK_UTCPlus02";"M15";"2246.8";"";"631";"1.16";"0.69";"0.09";"1.12";"0.74";"0.0";"532.03";"0.77";"4.22";"1.04";"59.5";"39.65";"28.48";"25.18";"26.61";"3.74";"0.81";"2696.87";"";"230";"1.5";"2.16";"0.26";"5.39";"0.81";"0.0";"491.91";"0.89";"5.48";"5.5";"74.96";"44.26";"37.66";"15.89";"26.11";"1.72"
"Strategy 1.4.536";"PASSED";"0.78";"NDXm_TICK_UTCPlus02";"M15";"5182.21";"";"2601";"1.11";"1.09";"0.05";"2.59";"0.78";"0.0";"1152.63";"1.11";"4.5";"1.18";"37.15";"37.01";"18.23";"16.41";"17.37";"9.79";"0.7";"2311.02";"";"820";"1.13";"1.27";"0.06";"4.62";"0.8";"0.0";"848.05";"1.09";"2.73";"2.82";"46.12";"44.23";"20.22";"17.11";"18.73";"2.73"
"Strategy 1.4.537";"PASSED";"0.71";"NDXm_TICK_UTCPlus02";"M15";"2248.75";"";"581";"1.2";"0.85";"0.11";"1.12";"0.8";"0.0";"780.38";"0.77";"2.88";"0.74";"53.13";"34.13";"18.32";"10.9";"14.13";"1.6";"0.67";"988.38";"";"206";"1.23";"1.04";"0.13";"1.98";"0.75";"0.0";"438.43";"0.73";"2.25";"2.3";"60.41";"35.86";"24.13";"12.08";"17.17";"0.88"
"Strategy 1.4.542";"PASSED";"0.69";"NDXm_TICK_UTCPlus02";"M15";"4854.87";"";"2066";"1.11";"0.87";"0.06";"2.43";"0.72";"0.0";"1931.75";"0.65";"2.51";"0.67";"62.23";"36.51";"30.0";"20.25";"24.08";"11.64";"0.72";"2938.69";"";"694";"1.16";"1.39";"0.1";"5.88";"0.81";"0.0";"977.05";"0.66";"3.01";"3.14";"76.41";"43.14";"30.34";"21.9";"25.25";"3.7"
"Strategy 1.4.569";"PASSED";"0.85";"NDXm_TICK_UTCPlus02";"M15";"4359.29";"";"1384";"1.21";"1.43";"0.08";"2.18";"0.91";"0.0";"590.89";"1.53";"7.38";"1.87";"29.66";"37.29";"19.39";"20.64";"19.88";"3.45";"0.58";"781.1";"";"409";"1.1";"0.7";"0.04";"1.56";"0.72";"0.0";"596.9";"1.31";"1.31";"1.31";"37.04";"44.13";"26.98";"27.13";"27.04";"0.34"
"Strategy 1.5.300";"PASSED";"0.8";"NDXm_TICK_UTCPlus02";"M15";"4695.52";"";"2320";"1.12";"1.05";"0.06";"2.35";"0.77";"0.0";"941.39";"0.87";"4.99";"1.31";"40.56";"31.36";"15.95";"11.99";"13.83";"7.1";"0.63";"1552.87";"";"784";"1.1";"0.92";"0.05";"3.11";"0.8";"0.0";"855.99";"0.83";"1.81";"1.88";"49.58";"37.41";"17.59";"11.87";"14.46";"1.93"
"Strategy 1.5.322";"PASSED";"0.64";"NDXm_TICK_UTCPlus02";"M15";"1681.5";"";"987";"1.1";"0.56";"0.06";"0.84";"0.74";"0.0";"877.4";"0.86";"1.92";"0.49";"39.38";"30.52";"20.7";"17.15";"18.78";"3.03";"0.52";"379.0";"";"292";"1.06";"0.36";"0.04";"0.76";"0.5";"0.0";"401.35";"0.74";"0.94";"0.95";"50.55";"35.06";"27.48";"24.4";"25.71";"0.34"
"Strategy 1.5.358";"PASSED";"0.55";"NDXm_TICK_UTCPlus02";"M15";"1487.2";"";"723";"1.09";"0.43";"0.05";"0.74";"0.74";"0.0";"1325.87";"0.83";"1.12";"0.29";"56.65";"43.02";"46.94";"37.31";"41.66";"5.46";"0.61";"652.98";"";"230";"1.1";"0.55";"0.06";"1.31";"0.77";"0.0";"422.18";"0.78";"1.55";"1.58";"68.55";"48.61";"53.44";"40.46";"46.16";"1.97"
"Strategy 1.5.387";"PASSED";"0.77";"NDXm_TICK_UTCPlus02";"M15";"3950.62";"";"2125";"1.1";"0.91";"0.06";"1.98";"0.84";"0.0";"941.65";"0.84";"4.2";"1.09";"43.07";"32.89";"13.15";"10.12";"11.5";"5.08";"0.54";"1093.72";"";"750";"1.07";"0.67";"0.04";"2.19";"0.81";"0.0";"1063.94";"0.78";"1.03";"1.06";"50.83";"36.92";"11.24";"8.65";"9.78";"0.88"
"Strategy 1.5.400";"PASSED";"0.81";"NDXm_TICK_UTCPlus02";"M15";"3377.84";"";"1129";"1.18";"1.04";"0.1";"1.69";"0.8";"0.0";"652.46";"0.76";"5.18";"1.28";"45.39";"29.17";"21.64";"16.68";"18.82";"5.84";"0.77";"2508.11";"";"357";"1.35";"1.86";"0.19";"5.02";"0.7";"0.0";"615.3";"0.83";"4.08";"4.33";"59.69";"36.73";"22.06";"18.35";"20.03";"0.71"
"Strategy 1.5.410";"PASSED";"0.73";"NDXm_TICK_UTCPlus02";"M15";"6351.1";"";"3683";"1.1";"1.12";"0.05";"3.18";"0.81";"0.0";"1958.07";"0.97";"3.24";"0.88";"39.32";"34.93";"16.28";"13.17";"14.71";"11.68";"0.52";"1135.17";"";"1160";"1.05";"0.54";"0.02";"2.27";"0.73";"0.0";"1250.49";"0.9";"0.91";"0.92";"47.39";"41.01";"18.06";"15.09";"16.5";"3.36"
"Strategy 1.5.413";"PASSED";"0.87";"NDXm_TICK_UTCPlus02";"M15";"4286.52";"";"680";"1.33";"1.28";"0.2";"2.14";"0.72";"0.0";"488.28";"0.63";"8.78";"2.26";"66.01";"31.35";"23.71";"16.25";"19.14";"2.52";"0.85";"2973.78";"";"249";"1.54";"2.28";"0.33";"5.95";"0.82";"0.0";"411.27";"0.66";"7.23";"7.26";"85.31";"36.48";"23.84";"12.06";"16.74";"0.71"
"Strategy 1.5.418";"PASSED";"0.87";"NDXm_TICK_UTCPlus02";"M15";"4246.92";"";"681";"1.32";"1.27";"0.2";"2.12";"0.72";"0.0";"488.28";"0.63";"8.7";"2.24";"66.01";"31.37";"23.71";"16.36";"19.2";"2.52";"0.85";"2902.53";"";"251";"1.52";"2.24";"0.32";"5.8";"0.82";"0.0";"411.27";"0.65";"7.06";"7.09";"85.31";"36.47";"23.84";"11.91";"16.61";"0.71"
"Strategy 1.5.423";"PASSED";"0.52";"NDXm_TICK_UTCPlus02";"M15";"1139.79";"";"833";"1.08";"0.39";"0.04";"0.57";"0.73";"0.0";"1208.29";"1.09";"0.94";"0.24";"36.44";"36.96";"16.14";"17.5";"16.79";"2.31";"0.73";"1489.12";"";"280";"1.28";"1.47";"0.13";"2.98";"0.76";"0.0";"479.23";"1.15";"3.11";"3.17";"45.82";"41.42";"16.17";"14.39";"15.34";"0.59"
"Strategy 1.5.463";"PASSED";"0.78";"NDXm_TICK_UTCPlus02";"M15";"4490.19";"";"1217";"1.21";"1.18";"0.12";"2.25";"0.76";"0.0";"1037.85";"0.69";"4.33";"1.12";"52.67";"30.24";"20.86";"14.23";"16.94";"4.45";"0.85";"3191.3";"";"437";"1.35";"2.09";"0.2";"6.38";"0.87";"0.0";"430.88";"0.73";"7.41";"7.6";"67.02";"36.54";"21.51";"13.75";"17.03";"1.22"
"Strategy 1.5.486";"PASSED";"0.75";"NDXm_TICK_UTCPlus02";"M15";"4825.46";"";"2893";"1.11";"1.05";"0.05";"2.41";"0.77";"0.0";"1331.18";"1.34";"3.62";"0.95";"30.4";"36.96";"14.28";"14.64";"14.43";"8.95";"0.67";"1919.75";"";"901";"1.11";"1.07";"0.05";"3.84";"0.71";"0.0";"859.89";"1.29";"2.23";"2.31";"37.92";"44.13";"16.18";"15.56";"15.91";"2.61"
"Strategy 1.5.507";"PASSED";"0.84";"NDXm_TICK_UTCPlus02";"M15";"6509.97";"";"3228";"1.12";"1.22";"0.06";"3.25";"0.81";"0.0";"985.47";"0.98";"6.61";"1.61";"39.57";"34.62";"16.14";"12.78";"14.44";"10.04";"0.59";"1599.75";"";"1035";"1.07";"0.8";"0.04";"3.2";"0.78";"0.0";"1146.69";"0.91";"1.4";"1.42";"47.92";"40.47";"17.36";"14.02";"15.61";"2.52"
"Strategy 1.5.508";"PASSED";"0.79";"NDXm_TICK_UTCPlus02";"M15";"2659.71";"";"1250";"1.15";"0.93";"0.09";"1.33";"0.73";"0.0";"561.47";"0.64";"4.74";"1.19";"41.03";"22.96";"11.03";"7.0";"8.58";"0.25";"0.61";"836.81";"";"401";"1.14";"0.9";"0.09";"1.67";"0.69";"0.0";"523.86";"0.64";"1.6";"1.64";"43.18";"24.35";"10.56";"7.32";"8.59";"0.0"
"Strategy 1.5.513";"PASSED";"0.81";"NDXm_TICK_UTCPlus02";"M15";"3453.01";"";"967";"1.18";"1.07";"0.1";"1.73";"0.8";"0.0";"643.68";"0.91";"5.36";"1.4";"48.17";"37.07";"32.1";"26.51";"29.17";"7.27";"0.59";"1121.68";"";"313";"1.15";"0.87";"0.08";"2.24";"0.54";"0.0";"813.22";"0.89";"1.38";"1.43";"58.7";"45.23";"30.27";"25.51";"27.74";"0.88"
"Strategy 1.5.515";"PASSED";"0.77";"NDXm_TICK_UTCPlus02";"M15";"5285.25";"";"2808";"1.1";"0.95";"0.05";"2.64";"0.71";"0.0";"1302.53";"0.86";"4.06";"1.08";"45.95";"36.0";"20.42";"15.49";"17.77";"10.92";"0.7";"2452.54";"";"942";"1.11";"1.18";"0.06";"4.91";"0.81";"0.0";"911.72";"0.85";"2.69";"2.73";"55.48";"42.18";"21.8";"15.89";"18.6";"3.4"
"Strategy 1.5.537";"PASSED";"0.56";"NDXm_TICK_UTCPlus02";"M15";"772.85";"";"706";"1.08";"0.34";"0.05";"0.39";"0.72";"0.0";"653.73";"0.67";"1.18";"0.3";"35.81";"22.26";"11.06";"7.02";"8.64";"0.0";"0.58";"428.04";"";"214";"1.14";"0.61";"0.09";"0.86";"0.69";"0.0";"320.58";"0.65";"1.34";"1.37";"40.96";"23.17";"13.25";"8.19";"10.18";"0.0"
"Strategy 1.6.308";"PASSED";"0.84";"NDXm_TICK_UTCPlus02";"M15";"3317.7";"";"2118";"1.12";"1.0";"0.06";"1.66";"0.83";"0.0";"474.34";"0.92";"6.99";"1.8";"30.18";"24.61";"10.44";"8.57";"9.46";"3.19";"0.55";"916.15";"";"712";"1.09";"0.79";"0.05";"1.83";"0.7";"0.0";"818.44";"0.89";"1.12";"1.15";"34.01";"27.79";"13.16";"10.13";"11.56";"1.05"
"Strategy 1.6.328";"PASSED";"0.61";"NDXm_TICK_UTCPlus02";"M15";"2499.33";"";"1528";"1.08";"0.59";"0.04";"1.25";"0.58";"0.0";"1559.21";"0.79";"1.6";"0.42";"50.47";"36.81";"31.18";"24.44";"27.41";"9.29";"0.55";"1143.53";"";"443";"1.1";"0.75";"0.06";"2.29";"0.76";"0.0";"1044.36";"0.78";"1.09";"1.11";"64.23";"45.45";"40.88";"32.24";"36.03";"2.9"
"Strategy 1.6.336";"PASSED";"0.8";"NDXm_TICK_UTCPlus02";"M15";"4679.75";"";"2319";"1.12";"1.05";"0.06";"2.34";"0.77";"0.0";"941.39";"0.87";"4.97";"1.31";"40.58";"31.36";"15.96";"11.99";"13.83";"7.1";"0.63";"1516.49";"";"783";"1.09";"0.89";"0.05";"3.03";"0.79";"0.0";"855.99";"0.83";"1.77";"1.84";"49.61";"37.41";"17.64";"11.87";"14.48";"1.93"
"Strategy 1.6.337";"PASSED";"0.79";"NDXm_TICK_UTCPlus02";"M15";"5146.43";"";"1566";"1.16";"1.13";"0.09";"2.57";"0.89";"0.0";"1138.63";"0.66";"4.52";"1.18";"61.5";"35.18";"34.06";"24.6";"28.37";"5.21";"0.55";"964.27";"";"447";"1.08";"0.59";"0.05";"1.93";"0.76";"0.0";"856.09";"0.59";"1.13";"1.13";"76.7";"41.88";"41.95";"31.89";"35.62";"0.67"
"Strategy 1.6.345";"PASSED";"0.77";"NDXm_TICK_UTCPlus02";"M15";"3174.22";"";"977";"1.2";"1.05";"0.11";"1.59";"0.74";"0.0";"779.68";"0.87";"4.07";"1.05";"42.09";"30.47";"14.07";"11.3";"12.59";"2.23";"0.81";"1697.64";"";"326";"1.27";"1.49";"0.15";"3.4";"0.83";"0.0";"316.95";"0.87";"5.36";"5.4";"52.24";"35.88";"12.08";"9.93";"10.93";"0.34"
"Strategy 1.6.349";"PASSED";"0.59";"NDXm_TICK_UTCPlus02";"M15";"1779.32";"";"928";"1.09";"0.52";"0.05";"0.89";"0.69";"0.0";"1241.14";"0.78";"1.43";"0.37";"54.82";"39.23";"31.68";"25.21";"28.04";"1.3";"0.53";"652.14";"";"288";"1.09";"0.52";"0.05";"1.3";"0.66";"0.0";"652.99";"0.76";"1.0";"1.01";"63.63";"44.14";"34.42";"28.53";"31.07";"0.29"
"Strategy 1.6.362";"PASSED";"0.74";"NDXm_TICK_UTCPlus02";"M15";"2429.89";"";"944";"1.17";"0.85";"0.1";"1.21";"0.83";"0.0";"709.43";"0.69";"3.43";"0.88";"42.51";"24.81";"12.81";"7.38";"9.59";"0.17";"0.71";"874.07";"";"306";"1.19";"0.99";"0.12";"1.75";"0.76";"0.0";"307.57";"0.64";"2.84";"2.92";"46.21";"24.73";"11.18";"8.09";"9.29";"0.04"
"Strategy 1.6.402";"PASSED";"0.8";"NDXm_TICK_UTCPlus02";"M15";"2646.71";"";"666";"1.19";"0.9";"0.1";"1.32";"0.85";"0.0";"534.11";"0.87";"4.96";"1.29";"54.12";"39.43";"29.71";"22.59";"25.89";"0.76";"0.63";"781.68";"";"171";"1.19";"0.81";"0.1";"1.56";"0.59";"0.0";"449.9";"0.84";"1.74";"1.75";"64.14";"45.39";"35.76";"27.49";"31.26";"0.0"
"Strategy 1.6.410";"PASSED";"0.71";"NDXm_TICK_UTCPlus02";"M15";"1316.0";"";"514";"1.16";"0.63";"0.07";"0.66";"0.86";"0.0";"464.36";"1.46";"2.83";"0.71";"31.06";"39.04";"13.92";"16.27";"14.88";"1.68";"0.54";"406.22";"";"178";"1.13";"0.55";"0.05";"0.81";"0.64";"0.0";"398.18";"1.37";"1.02";"1.03";"35.48";"43.31";"16.53";"17.6";"16.98";"0.55"
"Strategy 1.6.419";"PASSED";"0.63";"NDXm_TICK_UTCPlus02";"M15";"2575.5";"";"1044";"1.15";"0.8";"0.07";"1.29";"0.75";"0.0";"1444.7";"1.0";"1.78";"0.46";"39.03";"33.96";"15.55";"13.33";"14.44";"2.82";"0.83";"2228.35";"";"327";"1.37";"2.01";"0.18";"4.46";"0.86";"0.0";"371.68";"1.07";"6.0";"6.11";"48.66";"37.94";"18.55";"11.78";"15.28";"1.05"
"Strategy 1.6.424";"PASSED";"0.62";"NDXm_TICK_UTCPlus02";"M15";"2097.45";"";"881";"1.14";"0.74";"0.06";"1.05";"0.75";"0.0";"1235.62";"1.24";"1.7";"0.44";"34.88";"37.97";"22.07";"22.89";"22.43";"3.7";"0.66";"1085.29";"";"249";"1.22";"1.19";"0.1";"2.17";"0.81";"0.0";"525.94";"1.26";"2.06";"2.11";"43.85";"45.55";"29.99";"32.65";"31.16";"0.34"
"Strategy 1.6.430";"PASSED";"0.64";"NDXm_TICK_UTCPlus02";"M15";"1870.74";"";"559";"1.15";"0.64";"0.08";"0.94";"0.86";"0.0";"981.52";"0.88";"1.91";"0.48";"55.62";"42.43";"48.78";"43.38";"45.9";"4.75";"0.52";"641.23";"";"195";"1.12";"0.58";"0.07";"1.28";"0.68";"0.0";"696.28";"0.82";"0.92";"0.94";"67.26";"49.32";"55.01";"51.01";"52.82";"1.64"
"Strategy 1.6.436";"PASSED";"0.84";"NDXm_TICK_UTCPlus02";"M15";"6444.83";"";"2485";"1.15";"1.36";"0.08";"3.22";"0.76";"0.0";"935.81";"1.0";"6.89";"1.81";"39.56";"34.41";"16.36";"13.97";"15.16";"7.77";"0.66";"1711.98";"";"834";"1.1";"0.99";"0.05";"3.42";"0.75";"0.0";"814.55";"0.94";"2.1";"2.18";"47.26";"40.22";"17.06";"14.43";"15.7";"2.14"
"Strategy 1.6.437";"PASSED";"0.78";"NDXm_TICK_UTCPlus02";"M15";"5873.96";"";"3220";"1.11";"1.1";"0.05";"2.94";"0.78";"0.0";"1321.16";"0.92";"4.45";"1.19";"39.96";"33.39";"15.44";"12.01";"13.65";"9.75";"0.6";"1652.94";"";"1030";"1.08";"0.84";"0.04";"3.31";"0.82";"0.0";"1098.47";"0.87";"1.5";"1.53";"48.31";"39.0";"16.8";"13.34";"14.95";"2.44"
"Strategy 1.6.457";"PASSED";"0.77";"NDXm_TICK_UTCPlus02";"M15";"2527.08";"";"662";"1.18";"0.78";"0.1";"1.26";"0.74";"0.0";"609.5";"0.75";"4.15";"1.02";"59.36";"37.91";"25.46";"21.83";"23.39";"3.15";"0.8";"2483.57";"";"240";"1.44";"1.97";"0.24";"4.97";"0.82";"0.0";"505.12";"0.83";"4.92";"4.97";"74.23";"42.8";"31.28";"14.3";"22.01";"1.3"
"Strategy 1.6.520";"PASSED";"0.74";"NDXm_TICK_UTCPlus02";"M15";"5363.09";"";"3217";"1.09";"0.91";"0.05";"2.68";"0.75";"0.0";"1578.01";"0.74";"3.4";"0.91";"47.86";"32.73";"19.03";"13.58";"15.91";"10.84";"0.58";"1409.14";"";"1048";"1.06";"0.65";"0.04";"2.82";"0.74";"0.0";"1060.92";"0.7";"1.33";"1.38";"58.03";"38.25";"21.49";"15.03";"17.69";"3.32"
"Strategy 1.6.529";"PASSED";"0.74";"NDXm_TICK_UTCPlus02";"M15";"3632.22";"";"1919";"1.11";"0.91";"0.05";"1.82";"0.72";"0.0";"1070.48";"1.24";"3.39";"0.9";"35.28";"39.57";"17.34";"15.76";"16.63";"6.22";"0.61";"1169.23";"";"593";"1.1";"0.8";"0.04";"2.34";"0.76";"0.0";"743.83";"1.18";"1.57";"1.6";"41.23";"44.35";"21.66";"19.07";"20.47";"2.39"
"Strategy 1.6.544";"PASSED";"0.66";"NDXm_TICK_UTCPlus02";"M15";"1645.02";"";"979";"1.1";"0.55";"0.06";"0.82";"0.76";"0.0";"794.94";"0.85";"2.07";"0.53";"39.37";"30.51";"20.71";"17.23";"18.83";"3.03";"0.52";"367.52";"";"292";"1.06";"0.35";"0.04";"0.74";"0.54";"0.0";"401.35";"0.74";"0.92";"0.92";"50.39";"35.01";"27.51";"24.29";"25.66";"0.34"
"Strategy 1.6.546";"PASSED";"0.75";"NDXm_TICK_UTCPlus02";"M15";"2383.13";"";"804";"1.17";"0.87";"0.08";"1.19";"0.78";"0.0";"654.16";"1.09";"3.64";"0.94";"39.43";"36.72";"24.86";"22.6";"23.78";"1.97";"0.67";"1059.4";"";"247";"1.2";"1.07";"0.1";"2.12";"0.65";"0.0";"467.9";"1.09";"2.26";"2.28";"48.48";"44.02";"29.33";"30.38";"29.83";"0.21"
"Strategy 1.6.574";"PASSED";"0.71";"NDXm_TICK_UTCPlus02";"M15";"6891.77";"";"3476";"1.1";"1.07";"0.06";"3.45";"0.81";"0.0";"2427.07";"0.78";"2.84";"0.76";"49.83";"35.37";"19.75";"14.52";"16.81";"13.28";"0.62";"1981.28";"";"1099";"1.08";"0.8";"0.04";"3.96";"0.8";"0.0";"1210.52";"0.71";"1.64";"1.66";"61.31";"40.55";"22.85";"15.85";"18.76";"3.99"
"Strategy 1.7.325";"PASSED";"0.69";"NDXm_TICK_UTCPlus02";"M15";"3714.52";"";"1745";"1.11";"0.87";"0.06";"1.86";"0.71";"0.0";"1476.86";"0.85";"2.52";"0.68";"46.3";"35.44";"18.97";"14.06";"16.31";"0.59";"0.53";"860.51";"";"589";"1.07";"0.58";"0.04";"1.72";"0.71";"0.0";"847.98";"0.81";"1.01";"1.02";"52.74";"40.19";"19.19";"14.51";"16.61";"0.08"
"Strategy 1.7.344";"PASSED";"0.65";"NDXm_TICK_UTCPlus02";"M15";"2366.92";"";"1191";"1.09";"0.62";"0.05";"1.18";"0.74";"0.0";"1216.19";"0.86";"1.95";"0.5";"50.09";"39.28";"33.32";"26.8";"29.81";"2.9";"0.58";"1108.63";"";"383";"1.12";"0.79";"0.06";"2.22";"0.77";"0.0";"829.27";"0.83";"1.34";"1.35";"61.43";"45.84";"42.87";"32.84";"37.4";"0.38"
"Strategy 1.7.347";"PASSED";"0.75";"NDXm_TICK_UTCPlus02";"M15";"2166.87";"";"681";"1.15";"0.73";"0.08";"1.08";"0.87";"0.0";"604.35";"0.85";"3.59";"0.91";"54.26";"40.01";"30.6";"22.51";"26.21";"1.05";"0.53";"574.05";"";"183";"1.12";"0.56";"0.07";"1.15";"0.51";"0.0";"574.23";"0.81";"1.0";"1.01";"64.07";"46.33";"36.11";"27.68";"31.46";"0.0"
"Strategy 1.7.362";"PASSED";"0.61";"NDXm_TICK_UTCPlus02";"M15";"3112.22";"";"1903";"1.08";"0.64";"0.05";"1.56";"0.82";"0.0";"2001.68";"0.65";"1.55";"0.41";"55.89";"33.58";"19.13";"12.68";"15.22";"7.27";"0.6";"2067.97";"";"728";"1.12";"1.08";"0.07";"4.14";"0.61";"0.0";"1378.06";"0.63";"1.5";"1.57";"68.27";"38.06";"18.16";"10.23";"13.28";"2.23"
"Strategy 1.7.369";"PASSED";"0.77";"NDXm_TICK_UTCPlus02";"M15";"2507.57";"";"1213";"1.15";"0.89";"0.09";"1.25";"0.73";"0.0";"622.82";"0.65";"4.03";"1.04";"40.8";"23.21";"10.99";"7.12";"8.65";"0.25";"0.69";"1094.24";"";"398";"1.19";"1.2";"0.11";"2.19";"0.8";"0.0";"444.62";"0.67";"2.46";"2.52";"43.63";"24.45";"10.28";"7.35";"8.52";"0.0"
"Strategy 1.7.383";"PASSED";"0.71";"NDXm_TICK_UTCPlus02";"M15";"2697.94";"";"796";"1.16";"0.83";"0.09";"1.35";"0.83";"0.0";"928.48";"0.75";"2.91";"0.75";"55.86";"36.14";"35.67";"28.94";"31.83";"3.49";"0.52";"588.38";"";"240";"1.09";"0.47";"0.06";"1.18";"0.76";"0.0";"636.32";"0.63";"0.92";"0.94";"74.49";"43.13";"45.66";"36.33";"39.95";"0.38"
"Strategy 1.7.488";"PASSED";"0.76";"NDXm_TICK_UTCPlus02";"M15";"5167.37";"";"3387";"1.09";"0.95";"0.04";"2.58";"0.81";"0.0";"1344.26";"1.01";"3.84";"1.02";"38.8";"36.04";"16.63";"14.5";"15.57";"12.02";"0.64";"2249.37";"";"1062";"1.1";"1.12";"0.05";"4.5";"0.83";"0.0";"1181.1";"1.0";"1.9";"1.99";"46.77";"42.53";"18.52";"16.4";"17.46";"2.94"
"Strategy 1.7.510";"PASSED";"0.64";"NDXm_TICK_UTCPlus02";"M15";"2403.28";"";"863";"1.14";"0.67";"0.08";"1.2";"0.76";"0.0";"1252.13";"0.7";"1.92";"0.5";"56.67";"35.05";"23.46";"18.25";"20.4";"3.36";"0.79";"2332.28";"";"297";"1.35";"1.7";"0.2";"4.66";"0.78";"0.0";"501.95";"0.73";"4.65";"4.76";"72.63";"39.23";"23.8";"15.03";"18.72";"0.8"
"Strategy 1.7.528";"PASSED";"0.78";"NDXm_TICK_UTCPlus02";"M15";"2612.47";"";"1667";"1.13";"0.86";"0.06";"1.31";"0.85";"0.0";"598.07";"1.04";"4.37";"1.08";"27.3";"25.08";"10.79";"10.5";"10.65";"5.84";"0.84";"2500.31";"";"488";"1.37";"2.33";"0.17";"5.0";"0.82";"0.0";"372.73";"1.23";"6.71";"6.85";"34.4";"30.84";"13.64";"11.99";"12.9";"0.59"
"Strategy 1.7.529";"PASSED";"0.78";"NDXm_TICK_UTCPlus02";"M15";"3969.12";"";"1038";"1.24";"1.24";"0.12";"1.98";"0.81";"0.0";"881.64";"0.92";"4.5";"1.18";"41.7";"30.84";"14.97";"12.65";"13.76";"2.27";"0.77";"2029.95";"";"339";"1.32";"1.79";"0.17";"4.06";"0.86";"0.0";"496.02";"0.9";"4.09";"4.23";"51.57";"35.24";"14.38";"11.11";"12.66";"0.38"
"Strategy 1.7.563";"PASSED";"0.59";"NDXm_TICK_UTCPlus02";"M15";"1314.24";"";"846";"1.07";"0.41";"0.04";"0.66";"0.72";"0.0";"924.45";"1.06";"1.42";"0.36";"43.37";"42.71";"35.9";"33.05";"34.52";"4.96";"0.77";"1769.76";"";"248";"1.32";"1.68";"0.15";"3.54";"0.78";"0.0";"423.46";"1.19";"4.18";"4.32";"53.66";"48.45";"45.92";"39.81";"43.13";"0.76"
"Strategy 1.7.570";"PASSED";"0.78";"NDXm_TICK_UTCPlus02";"M15";"5545.96";"";"2818";"1.1";"1.05";"0.05";"2.77";"0.82";"0.0";"1235.05";"1.09";"4.49";"1.18";"41.11";"40.84";"23.31";"20.09";"21.77";"14.03";"0.7";"2210.57";"";"889";"1.11";"1.13";"0.05";"4.42";"0.86";"0.0";"820.56";"1.07";"2.69";"2.73";"47.54";"45.82";"25.98";"21.28";"23.71";"4.41"
"Strategy 1.8.299";"PASSED";"0.65";"NDXm_TICK_UTCPlus02";"M15";"3819.5";"";"1681";"1.11";"0.83";"0.07";"1.91";"0.82";"0.0";"1893.87";"0.64";"2.02";"0.54";"58.63";"33.62";"18.22";"10.54";"13.53";"6.81";"0.54";"1352.23";"";"641";"1.09";"0.75";"0.06";"2.7";"0.73";"0.0";"1328.97";"0.59";"1.02";"1.05";"69.49";"37.68";"16.22";"9.19";"11.8";"1.76"
"Strategy 1.8.351";"PASSED";"0.82";"NDXm_TICK_UTCPlus02";"M15";"4173.0";"";"1795";"1.13";"1.08";"0.06";"2.09";"0.81";"0.0";"743.06";"1.31";"5.62";"1.46";"34.72";"40.02";"21.14";"21.07";"21.11";"8.7";"0.78";"2644.78";"";"578";"1.24";"1.92";"0.1";"5.29";"0.87";"0.0";"609.04";"1.4";"4.34";"4.6";"40.36";"45.47";"24.48";"21.8";"23.36";"3.03"
"Strategy 1.8.355";"PASSED";"0.7";"NDXm_TICK_UTCPlus02";"M15";"2329.24";"";"853";"1.15";"0.8";"0.07";"1.16";"0.78";"0.0";"893.79";"1.22";"2.61";"0.67";"39.05";"41.42";"31.13";"30.52";"30.86";"2.98";"0.53";"654.3";"";"264";"1.11";"0.63";"0.05";"1.31";"0.62";"0.0";"666.67";"1.15";"0.98";"1.01";"46.61";"48.11";"38.82";"36.1";"37.55";"0.55"
"Strategy 1.8.364";"PASSED";"0.8";"NDXm_TICK_UTCPlus02";"M15";"3872.71";"";"510";"1.4";"1.38";"0.23";"1.94";"0.72";"0.0";"776.71";"0.76";"4.99";"1.26";"62.04";"33.71";"22.85";"14.67";"18.2";"2.39";"0.71";"1258.82";"";"194";"1.27";"1.16";"0.17";"2.52";"0.81";"0.0";"448.04";"0.62";"2.81";"2.86";"80.41";"39.1";"21.69";"12.18";"15.8";"0.5"
"Strategy 1.8.365";"PASSED";"0.8";"NDXm_TICK_UTCPlus02";"M15";"4577.54";"";"1866";"1.13";"1.12";"0.06";"2.29";"0.77";"0.0";"923.07";"1.1";"4.96";"1.32";"39.95";"38.84";"18.76";"16.0";"17.45";"6.6";"0.61";"1469.39";"";"593";"1.12";"1.02";"0.06";"2.94";"0.64";"0.0";"910.46";"1.07";"1.61";"1.62";"45.89";"44.12";"21.01";"20.84";"20.93";"2.82"
"Strategy 1.8.368";"PASSED";"0.7";"NDXm_TICK_UTCPlus02";"M15";"3981.89";"";"2623";"1.08";"0.72";"0.05";"1.99";"0.77";"0.0";"1502.02";"0.72";"2.65";"0.69";"50.34";"33.47";"20.58";"14.1";"16.8";"8.99";"0.58";"1457.88";"";"879";"1.07";"0.72";"0.04";"2.92";"0.71";"0.0";"1124.38";"0.67";"1.3";"1.35";"60.97";"38.15";"21.47";"14.26";"17.16";"2.39"
"Strategy 1.8.383";"PASSED";"0.87";"NDXm_TICK_UTCPlus02";"M15";"4178.93";"";"687";"1.32";"1.23";"0.2";"2.09";"0.72";"0.0";"488.28";"0.62";"8.56";"2.21";"65.99";"31.08";"23.53";"16.55";"19.23";"2.52";"0.84";"2740.85";"";"252";"1.49";"2.17";"0.3";"5.48";"0.78";"0.0";"411.27";"0.64";"6.66";"6.68";"85.23";"36.44";"23.99";"12.05";"16.69";"0.71"
"Strategy 1.8.395";"PASSED";"0.82";"NDXm_TICK_UTCPlus02";"M15";"5499.31";"";"2660";"1.11";"1.05";"0.07";"2.75";"0.84";"0.0";"921.97";"0.62";"5.96";"1.48";"53.79";"30.05";"24.67";"16.5";"19.63";"6.64";"0.65";"1939.41";"";"717";"1.12";"1.06";"0.07";"3.88";"0.74";"0.0";"971.99";"0.63";"2.0";"2.09";"67.43";"37.8";"31.08";"22.57";"25.84";"1.97"
"Strategy 1.8.398";"PASSED";"0.79";"NDXm_TICK_UTCPlus02";"M15";"4380.02";"";"2782";"1.08";"0.9";"0.04";"2.19";"0.81";"0.0";"936.74";"1.05";"4.68";"1.18";"39.32";"38.0";"22.88";"20.86";"21.9";"5.25";"0.64";"1372.37";"";"803";"1.08";"0.78";"0.04";"2.74";"0.78";"0.0";"728.31";"0.97";"1.88";"1.89";"48.29";"43.61";"27.19";"22.92";"25.03";"1.13"
"Strategy 1.8.415";"PASSED";"0.61";"NDXm_TICK_UTCPlus02";"M15";"2019.6";"";"836";"1.11";"0.59";"0.06";"1.01";"0.81";"0.0";"1282.54";"0.86";"1.57";"0.4";"51.22";"39.44";"26.3";"22.36";"24.18";"4.37";"0.78";"2228.11";"";"284";"1.35";"1.72";"0.18";"4.46";"0.86";"0.0";"515.0";"0.95";"4.33";"4.46";"62.71";"44.01";"26.3";"20.54";"23.34";"1.34"
"Strategy 1.8.425";"PASSED";"0.87";"NDXm_TICK_UTCPlus02";"M15";"4225.03";"";"678";"1.33";"1.25";"0.2";"2.11";"0.69";"0.0";"488.28";"0.62";"8.65";"2.23";"66.11";"31.01";"23.28";"16.33";"19.0";"2.44";"0.84";"2863.22";"";"247";"1.53";"2.25";"0.32";"5.73";"0.76";"0.0";"411.27";"0.65";"6.96";"6.99";"85.55";"36.23";"24.07";"11.95";"16.71";"0.71"
"Strategy 1.8.479";"PASSED";"0.65";"NDXm_TICK_UTCPlus02";"M15";"3445.83";"";"2075";"1.08";"0.67";"0.04";"1.72";"0.77";"0.0";"1681.15";"0.94";"2.05";"0.54";"47.29";"41.12";"23.79";"18.49";"21.05";"12.23";"0.79";"3921.04";"";"719";"1.22";"1.98";"0.11";"7.84";"0.87";"0.0";"846.6";"0.99";"4.63";"4.75";"59.77";"48.41";"27.17";"19.84";"23.49";"4.58"
"Strategy 1.8.486";"PASSED";"0.85";"NDXm_TICK_UTCPlus02";"M15";"4451.56";"";"1230";"1.17";"1.17";"0.09";"2.23";"0.84";"0.0";"618.12";"0.99";"7.2";"1.88";"49.07";"41.54";"32.5";"23.26";"27.86";"8.24";"0.68";"1520.84";"";"406";"1.16";"1.12";"0.08";"3.04";"0.75";"0.0";"631.9";"0.98";"2.41";"2.43";"54.62";"46.13";"33.09";"24.54";"28.78";"2.73"
"Strategy 1.8.490";"PASSED";"0.71";"NDXm_TICK_UTCPlus02";"M15";"3432.72";"";"1557";"1.11";"0.76";"0.06";"1.72";"0.64";"0.0";"1222.89";"0.67";"2.81";"0.71";"57.04";"34.77";"20.79";"13.34";"16.34";"7.02";"0.57";"1640.94";"";"573";"1.12";"0.89";"0.07";"3.28";"0.73";"0.0";"1288.88";"0.63";"1.27";"1.32";"70.33";"39.81";"19.94";"14.74";"16.75";"2.02"
"Strategy 1.8.517";"PASSED";"0.87";"NDXm_TICK_UTCPlus02";"M15";"4128.94";"";"683";"1.31";"1.23";"0.19";"2.06";"0.72";"0.0";"488.28";"0.62";"8.46";"2.17";"65.95";"31.24";"23.76";"16.43";"19.24";"2.52";"0.84";"2840.64";"";"252";"1.51";"2.19";"0.31";"5.68";"0.8";"0.0";"411.27";"0.65";"6.91";"6.93";"85.31";"36.63";"23.84";"12.1";"16.71";"0.8"
"Strategy 1.8.530";"PASSED";"0.82";"NDXm_TICK_UTCPlus02";"M15";"5345.78";"";"1739";"1.18";"1.28";"0.1";"2.67";"0.64";"0.0";"909.85";"0.8";"5.88";"1.51";"46.23";"31.46";"19.9";"13.23";"16.19";"5.88";"0.72";"1762.3";"";"583";"1.14";"1.11";"0.08";"3.52";"0.79";"0.0";"601.09";"0.76";"2.93";"2.96";"56.02";"37.33";"20.73";"13.84";"16.82";"1.34"
"Strategy 1.8.531";"PASSED";"0.75";"NDXm_TICK_UTCPlus02";"M15";"4595.09";"";"1756";"1.13";"1.08";"0.07";"2.3";"0.79";"0.0";"1279.52";"0.88";"3.59";"0.9";"47.44";"36.65";"23.08";"17.44";"20.07";"1.18";"0.55";"998.9";"";"566";"1.08";"0.66";"0.04";"2.0";"0.63";"0.0";"872.97";"0.84";"1.14";"1.15";"53.47";"41.55";"23.97";"19.59";"21.58";"0.29"
"Strategy 1.8.541";"PASSED";"0.8";"NDXm_TICK_UTCPlus02";"M15";"3024.13";"";"509";"1.31";"1.09";"0.19";"1.51";"0.72";"0.0";"590.95";"0.62";"5.12";"1.31";"65.36";"30.65";"24.31";"16.26";"19.33";"2.02";"0.82";"2124.24";"";"190";"1.48";"1.81";"0.29";"4.25";"0.77";"0.0";"374.78";"0.67";"5.67";"5.74";"85.79";"38.56";"26.26";"16.21";"20.23";"0.8"
"Strategy 1.8.557";"PASSED";"0.74";"NDXm_TICK_UTCPlus02";"M15";"5104.71";"";"3089";"1.08";"0.88";"0.05";"2.55";"0.84";"0.0";"1528.38";"0.83";"3.34";"0.89";"47.38";"36.5";"21.08";"16.5";"18.58";"13.07";"0.71";"3096.63";"";"963";"1.14";"1.48";"0.08";"6.19";"0.83";"0.0";"1098.57";"0.84";"2.82";"2.93";"57.52";"42.47";"23.5";"17.88";"20.45";"3.32"
"Strategy 1.8.562";"PASSED";"0.76";"NDXm_TICK_UTCPlus02";"M15";"4886.06";"";"2216";"1.1";"0.85";"0.06";"2.44";"0.75";"0.0";"1294.29";"0.66";"3.78";"0.93";"63.06";"38.11";"28.16";"18.74";"22.5";"11.76";"0.59";"2001.82";"";"722";"1.1";"0.89";"0.06";"4.0";"0.81";"0.0";"1395.35";"0.64";"1.43";"1.47";"76.52";"44.22";"28.59";"17.05";"21.54";"4.41"
"Strategy 1.9.329";"PASSED";"0.84";"NDXm_TICK_UTCPlus02";"M15";"3373.28";"";"750";"1.27";"1.2";"0.14";"1.69";"0.77";"0.0";"516.79";"0.84";"6.53";"1.68";"46.92";"31.06";"15.37";"13.08";"14.12";"1.85";"0.81";"2071.0";"";"276";"1.38";"1.76";"0.2";"4.14";"0.86";"0.0";"392.22";"0.84";"5.28";"5.45";"60.0";"36.6";"13.68";"10.2";"11.79";"0.42"
"Strategy 1.9.356";"PASSED";"0.71";"NDXm_TICK_UTCPlus02";"M15";"4688.1";"";"1304";"1.15";"1.0";"0.08";"2.34";"0.81";"0.0";"1659.96";"0.81";"2.82";"0.75";"62.76";"44.1";"41.1";"31.31";"35.68";"15.17";"0.72";"2542.52";"";"434";"1.21";"1.48";"0.12";"5.09";"0.82";"0.0";"834.46";"0.82";"3.05";"3.07";"74.16";"49.87";"50.05";"33.34";"40.85";"5.63"
"Strategy 1.9.365";"PASSED";"0.7";"NDXm_TICK_UTCPlus02";"M15";"2930.35";"";"1218";"1.11";"0.72";"0.06";"1.47";"0.83";"0.0";"1094.29";"0.67";"2.68";"0.69";"60.94";"36.99";"27.9";"21.39";"24.01";"1.13";"0.6";"814.76";"";"383";"1.08";"0.56";"0.05";"1.63";"0.79";"0.0";"553.41";"0.64";"1.47";"1.48";"70.22";"41.71";"28.58";"20.95";"23.94";"0.13"
"Strategy 1.9.394";"PASSED";"0.8";"NDXm_TICK_UTCPlus02";"M15";"3081.79";"";"739";"1.21";"1.02";"0.1";"1.54";"0.88";"0.0";"596.28";"0.97";"5.17";"1.29";"49.6";"39.93";"31.13";"26.42";"28.74";"1.01";"0.53";"517.33";"";"202";"1.1";"0.49";"0.05";"1.03";"0.73";"0.0";"511.05";"0.85";"1.01";"1.02";"60.63";"46.98";"39.06";"34.65";"36.68";"0.46"
"Strategy 1.9.435";"PASSED";"0.7";"NDXm_TICK_UTCPlus02";"M15";"2719.35";"";"1004";"1.13";"0.79";"0.07";"1.36";"0.8";"0.0";"1010.19";"1.01";"2.69";"0.7";"46.39";"41.49";"36.71";"32.52";"34.63";"9.03";"0.64";"1430.46";"";"311";"1.18";"1.14";"0.09";"2.86";"0.77";"0.0";"737.5";"1.01";"1.94";"2.01";"58.78";"49.93";"46.26";"42.18";"44.23";"3.24"
"Strategy 1.9.476";"PASSED";"0.63";"NDXm_TICK_UTCPlus02";"M15";"1597.87";"";"1471";"1.09";"0.55";"0.04";"0.8";"0.78";"0.0";"890.74";"1.01";"1.79";"0.46";"26.98";"25.13";"11.1";"10.55";"10.83";"5.38";"0.8";"2190.91";"";"422";"1.37";"2.08";"0.17";"4.38";"0.8";"0.0";"436.72";"1.18";"5.02";"5.28";"35.79";"30.76";"14.64";"12.7";"13.75";"0.55"
"Strategy 1.9.491";"PASSED";"0.79";"NDXm_TICK_UTCPlus02";"M15";"2524.1";"";"1554";"1.13";"0.86";"0.06";"1.26";"0.79";"0.0";"553.58";"1.03";"4.56";"1.13";"27.48";"25.11";"10.71";"10.52";"10.62";"5.67";"0.85";"2557.44";"";"452";"1.42";"2.44";"0.18";"5.11";"0.81";"0.0";"355.85";"1.26";"7.19";"7.63";"34.57";"30.77";"13.63";"11.95";"12.88";"0.46"
"Strategy 1.9.508";"PASSED";"0.76";"NDXm_TICK_UTCPlus02";"M15";"4803.21";"";"2099";"1.1";"0.87";"0.06";"2.4";"0.75";"0.0";"1268.7";"0.66";"3.79";"1.01";"62.43";"37.68";"28.01";"18.28";"22.16";"10.84";"0.62";"2392.48";"";"681";"1.13";"1.1";"0.08";"4.78";"0.82";"0.0";"1395.79";"0.65";"1.71";"1.75";"76.47";"44.12";"28.77";"16.81";"21.53";"4.12"
"Strategy 1.9.513";"PASSED";"0.86";"NDXm_TICK_UTCPlus02";"M15";"4070.89";"";"700";"1.3";"1.2";"0.19";"2.04";"0.71";"0.0";"488.28";"0.61";"8.34";"2.15";"66.09";"30.9";"23.63";"16.56";"19.24";"2.52";"0.83";"2672.9";"";"257";"1.46";"2.06";"0.28";"5.35";"0.8";"0.0";"417.63";"0.63";"6.4";"6.52";"85.31";"36.54";"23.84";"13.01";"17.18";"0.8"
"Strategy 1.9.534";"PASSED";"0.88";"NDXm_TICK_UTCPlus02";"M15";"2796.44";"";"482";"1.33";"1.24";"0.15";"1.4";"0.91";"0.0";"303.51";"1.14";"9.21";"2.32";"43.69";"37.47";"26.92";"23.58";"25.36";"0.34";"0.56";"709.58";"";"144";"1.22";"0.87";"0.11";"1.42";"0.76";"0.0";"416.93";"1.0";"1.7";"1.73";"54.23";"44.38";"35.18";"31.6";"33.39";"0.13"
"Strategy 1.9.557";"PASSED";"0.62";"NDXm_TICK_UTCPlus02";"M15";"2526.64";"";"1851";"1.08";"0.65";"0.04";"1.26";"0.79";"0.0";"1544.89";"1.14";"1.64";"0.42";"34.05";"36.06";"10.29";"10.1";"10.2";"5.92";"0.62";"1485.15";"";"684";"1.11";"0.94";"0.05";"2.97";"0.74";"0.0";"903.35";"1.08";"1.64";"1.7";"41.52";"40.28";"10.66";"8.09";"9.43";"1.51"
"Strategy 1.9.569";"PASSED";"0.65";"NDXm_TICK_UTCPlus02";"M15";"3309.0";"";"1839";"1.1";"0.78";"0.05";"1.65";"0.82";"0.0";"1651.95";"1.04";"2.0";"0.52";"38.88";"36.64";"19.09";"16.44";"17.79";"6.76";"0.74";"2273.74";"";"591";"1.18";"1.44";"0.09";"4.55";"0.86";"0.0";"670.45";"1.09";"3.39";"3.58";"47.87";"44.06";"19.82";"17.4";"18.66";"2.1"
"Strategy 1.9.570";"PASSED";"0.86";"NDXm_TICK_UTCPlus02";"M15";"5674.4";"";"716";"1.43";"1.64";"0.26";"2.84";"0.79";"0.0";"682.46";"0.67";"8.31";"2.16";"66.47";"31.02";"28.09";"18.04";"22.05";"2.69";"0.7";"1991.48";"";"258";"1.33";"1.44";"0.21";"3.98";"0.74";"0.0";"728.12";"0.56";"2.74";"2.76";"86.46";"36.66";"26.38";"17.11";"20.45";"0.46"
"Strategy 2.1.304";"PASSED";"0.8";"NDXm_TICK_UTCPlus02";"M15";"4998.26";"";"2105";"1.13";"1.09";"0.08";"2.5";"0.88";"0.0";"1020.72";"0.74";"4.9";"1.28";"47.33";"31.01";"23.04";"15.88";"18.93";"5.08";"0.61";"1355.66";"";"630";"1.1";"0.81";"0.06";"2.71";"0.8";"0.0";"853.75";"0.69";"1.59";"1.65";"58.88";"36.94";"28.13";"19.16";"22.82";"1.22"
"Strategy 2.1.310";"PASSED";"0.75";"NDXm_TICK_UTCPlus02";"M15";"2972.94";"";"1464";"1.12";"0.79";"0.07";"1.49";"0.79";"0.0";"810.59";"0.77";"3.67";"0.92";"45.16";"31.19";"22.04";"16.67";"19.01";"3.91";"0.7";"1558.7";"";"472";"1.16";"1.11";"0.09";"3.12";"0.76";"0.0";"584.74";"0.75";"2.67";"2.74";"55.48";"36.08";"26.76";"20.28";"23.07";"0.84"
"Strategy 2.1.316";"PASSED";"0.78";"NDXm_TICK_UTCPlus02";"M15";"3073.5";"";"620";"1.24";"0.97";"0.13";"1.54";"0.82";"0.0";"716.04";"0.77";"4.29";"1.12";"59.74";"37.3";"35.2";"23.42";"28.55";"3.87";"0.86";"2481.76";"";"201";"1.54";"2.22";"0.29";"4.96";"0.66";"0.0";"310.05";"0.84";"8.0";"8.13";"76.62";"41.9";"35.22";"19.83";"26.87";"1.22"
"Strategy 2.1.335";"PASSED";"0.79";"NDXm_TICK_UTCPlus02";"M15";"3682.84";"";"1028";"1.19";"0.98";"0.11";"1.84";"0.61";"0.0";"765.46";"0.69";"4.81";"1.19";"54.93";"32.03";"23.95";"15.17";"18.77";"6.93";"0.52";"961.48";"";"373";"1.11";"0.66";"0.07";"1.92";"0.57";"0.0";"1033.51";"0.62";"0.93";"0.96";"69.43";"38.99";"26.5";"14.98";"19.39";"1.26"
"Strategy 2.1.347";"PASSED";"0.78";"NDXm_TICK_UTCPlus02";"M15";"3470.94";"";"666";"1.21";"0.99";"0.12";"1.74";"0.78";"0.0";"769.58";"0.74";"4.51";"1.17";"69.5";"42.29";"33.53";"19.07";"25.21";"5.42";"0.76";"1442.33";"";"234";"1.23";"1.16";"0.13";"2.88";"0.6";"0.0";"369.32";"0.72";"3.91";"4.0";"79.25";"46.5";"32.53";"12.4";"20.83";"1.51"
"Strategy 2.1.376";"PASSED";"0.72";"NDXm_TICK_UTCPlus02";"M15";"2348.45";"";"844";"1.21";"0.94";"0.1";"1.17";"0.77";"0.0";"767.37";"1.02";"3.06";"0.79";"32.01";"27.0";"13.49";"12.5";"13.0";"2.65";"0.52";"455.93";"";"250";"1.11";"0.56";"0.06";"0.91";"0.57";"0.0";"491.31";"0.87";"0.93";"0.93";"39.78";"31.04";"20.59";"18.3";"19.36";"0.17"
"Strategy 2.1.394";"PASSED";"0.52";"NDXm_TICK_UTCPlus02";"M15";"815.4";"";"543";"1.08";"0.3";"0.05";"0.41";"0.7";"0.0";"877.18";"0.7";"0.93";"0.24";"50.69";"32.77";"28.44";"19.59";"23.22";"2.77";"0.89";"2851.86";"";"175";"1.82";"2.49";"0.4";"5.7";"0.81";"0.0";"265.74";"1.03";"10.73";"10.75";"71.02";"40.34";"30.36";"19.78";"25.16";"0.46"
"Strategy 2.1.396";"PASSED";"0.69";"NDXm_TICK_UTCPlus02";"M15";"3109.62";"";"729";"1.17";"0.84";"0.1";"1.55";"0.52";"0.0";"1259.43";"0.74";"2.47";"0.61";"68.41";"42.93";"35.23";"18.43";"25.55";"6.22";"0.74";"1554.45";"";"285";"1.2";"1.13";"0.11";"3.11";"0.77";"0.0";"458.5";"0.74";"3.39";"3.49";"77.53";"47.73";"38.09";"17.55";"26.27";"2.48"
"Strategy 2.1.434";"PASSED";"0.82";"NDXm_TICK_UTCPlus02";"M15";"5149.27";"";"1992";"1.14";"1.15";"0.07";"2.57";"0.71";"0.0";"910.46";"1.02";"5.66";"1.37";"41.61";"37.31";"21.01";"19.09";"20.06";"8.19";"0.81";"3466.61";"";"631";"1.27";"2.13";"0.13";"6.93";"0.89";"0.0";"659.33";"1.15";"5.26";"5.46";"48.06";"43.29";"23.96";"23.49";"23.74";"3.28"
"Strategy 2.1.461";"PASSED";"0.75";"NDXm_TICK_UTCPlus02";"M15";"3833.2";"";"1465";"1.18";"1.21";"0.08";"1.92";"0.81";"0.0";"1094.2";"1.3";"3.5";"0.92";"30.56";"33.81";"15.77";"15.79";"15.78";"2.06";"0.59";"1010.21";"";"458";"1.12";"0.83";"0.05";"2.02";"0.8";"0.0";"705.47";"1.26";"1.43";"1.47";"36.64";"41.05";"20.68";"19.63";"20.21";"0.71"
"Strategy 2.1.488";"PASSED";"0.63";"NDXm_TICK_UTCPlus02";"M15";"1400.24";"";"777";"1.1";"0.49";"0.05";"0.7";"0.73";"0.0";"773.03";"0.84";"1.81";"0.47";"44.04";"33.55";"17.77";"13.15";"15.26";"2.39";"0.53";"599.38";"";"256";"1.11";"0.59";"0.06";"1.2";"0.66";"0.0";"632.18";"0.8";"0.95";"0.96";"51.93";"37.47";"20.43";"16.65";"18.33";"0.63"
"Strategy 2.1.498";"PASSED";"0.73";"NDXm_TICK_UTCPlus02";"M15";"3535.91";"";"1621";"1.12";"0.9";"0.06";"1.77";"0.63";"0.0";"1113.36";"1.04";"3.18";"0.81";"39.92";"37.22";"19.82";"17.18";"18.53";"6.13";"0.69";"1612.98";"";"548";"1.14";"1.08";"0.07";"3.23";"0.85";"0.0";"633.98";"1.04";"2.54";"2.65";"46.82";"42.56";"19.77";"20.13";"19.95";"1.93"
"Strategy 2.1.508";"PASSED";"0.88";"NDXm_TICK_UTCPlus02";"M15";"2873.94";"";"463";"1.37";"1.18";"0.22";"1.44";"0.77";"0.0";"290.98";"0.71";"9.88";"2.52";"55.03";"28.69";"18.76";"15.72";"16.99";"1.3";"0.82";"2208.7";"";"179";"1.63";"1.93";"0.36";"4.42";"0.83";"0.0";"380.46";"0.74";"5.81";"5.89";"75.51";"34.27";"23.63";"11.18";"16.47";"0.63"
"Strategy 2.1.523";"PASSED";"0.57";"NDXm_TICK_UTCPlus02";"M15";"1472.7";"";"773";"1.08";"0.44";"0.05";"0.74";"0.74";"0.0";"1204.99";"0.82";"1.22";"0.31";"54.85";"41.45";"27.51";"18.92";"22.79";"2.14";"0.54";"690.6";"";"241";"1.12";"0.63";"0.06";"1.38";"0.52";"0.0";"672.87";"0.81";"1.03";"1.03";"61.19";"44.49";"30.26";"19.58";"24.37";"0.71"
"Strategy 2.1.529";"PASSED";"0.81";"NDXm_TICK_UTCPlus02";"M15";"4275.0";"";"1029";"1.22";"1.13";"0.13";"2.14";"0.64";"0.0";"784.48";"0.72";"5.45";"1.35";"54.69";"32.12";"23.68";"14.65";"18.42";"6.93";"0.52";"919.67";"";"367";"1.1";"0.64";"0.06";"1.84";"0.55";"0.0";"987.89";"0.62";"0.93";"0.96";"69.51";"38.82";"26.18";"14.36";"18.87";"1.26"
"Strategy 2.1.562";"PASSED";"0.83";"NDXm_TICK_UTCPlus02";"M15";"3971.64";"";"1254";"1.17";"1.08";"0.09";"1.99";"0.81";"0.0";"640.67";"0.94";"6.2";"1.57";"44.72";"36.06";"19.0";"14.02";"16.44";"3.24";"0.58";"717.68";"";"422";"1.08";"0.54";"0.04";"1.44";"0.8";"0.0";"548.96";"0.88";"1.31";"1.32";"50.88";"41.77";"20.63";"15.36";"17.83";"1.18"
"Strategy 2.10.299";"PASSED";"0.77";"NDXm_TICK_UTCPlus02";"M15";"4674.74";"";"1629";"1.14";"1.05";"0.07";"2.34";"0.8";"0.0";"1181.15";"0.87";"3.96";"1.0";"50.48";"38.36";"22.89";"16.69";"19.57";"10.34";"0.52";"1227.96";"";"551";"1.09";"0.7";"0.05";"2.46";"0.6";"0.0";"1340.32";"0.78";"0.92";"0.93";"63.99";"45.78";"26.0";"18.69";"21.89";"2.48"
"Strategy 2.10.317";"PASSED";"0.72";"NDXm_TICK_UTCPlus02";"M15";"5653.67";"";"2671";"1.11";"1.05";"0.07";"2.83";"0.82";"0.0";"1834.93";"0.67";"3.08";"0.81";"52.05";"31.21";"19.82";"13.61";"16.1";"8.95";"0.63";"1847.27";"";"875";"1.09";"0.91";"0.06";"3.69";"0.81";"0.0";"1024.78";"0.63";"1.8";"1.84";"63.96";"37.0";"21.81";"15.23";"17.78";"2.35"
"Strategy 2.10.322";"PASSED";"0.74";"NDXm_TICK_UTCPlus02";"M15";"3884.44";"";"1229";"1.13";"0.83";"0.08";"1.94";"0.82";"0.0";"1169.15";"0.68";"3.32";"0.87";"67.85";"41.06";"36.71";"25.72";"30.18";"10.97";"0.66";"2395.01";"";"419";"1.2";"1.31";"0.12";"4.79";"0.76";"0.0";"1153.28";"0.69";"2.08";"2.1";"84.05";"48.3";"40.58";"24.71";"31.18";"3.61"
"Strategy 2.10.349";"PASSED";"0.65";"NDXm_TICK_UTCPlus02";"M15";"2783.44";"";"1441";"1.1";"0.69";"0.04";"1.39";"0.79";"0.0";"1367.24";"1.18";"2.04";"0.51";"41.1";"44.29";"26.79";"24.95";"25.95";"10.34";"0.61";"1229.29";"";"496";"1.11";"0.79";"0.05";"2.46";"0.71";"0.0";"776.74";"1.15";"1.58";"1.63";"48.02";"49.76";"30.0";"26.01";"28.14";"3.82"
"Strategy 2.10.351";"PASSED";"0.81";"NDXm_TICK_UTCPlus02";"M15";"5426.3";"";"1255";"1.21";"1.38";"0.1";"2.71";"0.72";"0.0";"991.65";"1.07";"5.47";"1.32";"47.6";"42.17";"26.56";"23.2";"24.94";"9.58";"0.62";"1430.81";"";"444";"1.13";"0.93";"0.07";"2.86";"0.81";"0.0";"857.72";"0.94";"1.67";"1.72";"58.79";"48.95";"30.18";"24.02";"27.0";"2.77"
"Strategy 2.10.357";"PASSED";"0.54";"NDXm_TICK_UTCPlus02";"M15";"1538.94";"";"1925";"1.05";"0.35";"0.03";"0.77";"0.64";"0.0";"1474.63";"0.62";"1.04";"0.27";"43.93";"25.9";"16.46";"10.89";"13.02";"4.71";"0.68";"1485.07";"";"603";"1.13";"1.11";"0.08";"2.97";"0.73";"0.0";"612.14";"0.63";"2.43";"2.5";"54.34";"29.98";"21.26";"12.76";"16.03";"1.43"
"Strategy 2.10.361";"PASSED";"0.87";"NDXm_TICK_UTCPlus02";"M15";"6663.23";"";"2521";"1.14";"1.26";"0.08";"3.33";"0.81";"0.0";"755.58";"0.79";"8.82";"2.32";"48.68";"33.63";"20.77";"16.16";"18.19";"9.12";"0.78";"3185.93";"";"850";"1.17";"1.58";"0.1";"6.37";"0.9";"0.0";"745.93";"0.76";"4.27";"4.45";"60.21";"39.36";"23.19";"16.14";"19.19";"2.77"
"Strategy 2.10.375";"PASSED";"0.82";"NDXm_TICK_UTCPlus02";"M15";"4247.63";"";"1632";"1.17";"1.2";"0.08";"2.12";"0.87";"0.0";"755.55";"0.95";"5.62";"1.49";"37.62";"30.74";"15.55";"13.16";"14.32";"1.01";"0.56";"844.78";"";"553";"1.08";"0.64";"0.05";"1.69";"0.57";"0.0";"724.7";"0.84";"1.17";"1.2";"42.91";"33.12";"17.01";"13.73";"15.23";"0.17"
"Strategy 2.10.380";"PASSED";"0.82";"NDXm_TICK_UTCPlus02";"M15";"4096.19";"";"1141";"1.19";"1.23";"0.08";"2.05";"0.77";"0.0";"735.42";"1.39";"5.57";"1.36";"38.96";"45.47";"29.84";"27.96";"29.05";"10.8";"0.68";"1574.18";"";"383";"1.19";"1.21";"0.08";"3.15";"0.77";"0.0";"651.45";"1.31";"2.42";"2.5";"46.05";"50.72";"32.97";"32.58";"32.8";"3.49"
"Strategy 2.10.393";"PASSED";"0.73";"NDXm_TICK_UTCPlus02";"M15";"4832.29";"";"2792";"1.09";"0.85";"0.06";"2.42";"0.79";"0.0";"1482.83";"0.65";"3.26";"0.87";"52.42";"31.32";"20.06";"13.17";"15.89";"9.54";"0.68";"2655.89";"";"915";"1.13";"1.3";"0.08";"5.31";"0.8";"0.0";"1137.18";"0.65";"2.34";"2.48";"62.8";"36.31";"22.84";"13.84";"17.4";"2.82"
"Strategy 2.10.396";"PASSED";"0.67";"NDXm_TICK_UTCPlus02";"M15";"2958.68";"";"1635";"1.11";"0.82";"0.05";"1.48";"0.77";"0.0";"1330.5";"1.07";"2.22";"0.59";"35.67";"34.4";"19.35";"17.07";"18.25";"3.91";"0.69";"1520.36";"";"476";"1.17";"1.25";"0.08";"3.04";"0.82";"0.0";"619.66";"1.09";"2.45";"2.49";"42.39";"39.44";"23.7";"23.34";"23.53";"1.72"
"Strategy 2.10.400";"PASSED";"0.81";"NDXm_TICK_UTCPlus02";"M15";"5655.29";"";"2298";"1.13";"1.13";"0.06";"2.83";"0.76";"0.0";"1024.5";"0.99";"5.52";"1.34";"44.18";"38.97";"26.03";"21.51";"23.76";"12.27";"0.63";"1572.8";"";"722";"1.09";"0.88";"0.05";"3.15";"0.79";"0.0";"882.33";"0.94";"1.78";"1.86";"52.28";"44.7";"30.94";"23.03";"26.85";"4.41"
"Strategy 2.10.404";"PASSED";"0.71";"NDXm_TICK_UTCPlus02";"M15";"4522.4";"";"2298";"1.12";"1.02";"0.06";"2.26";"0.81";"0.0";"1564.47";"0.92";"2.89";"0.77";"38.69";"31.69";"15.32";"12.5";"13.85";"6.93";"0.62";"1480.15";"";"791";"1.09";"0.87";"0.05";"2.96";"0.79";"0.0";"869.75";"0.89";"1.7";"1.75";"46.18";"37.67";"17.35";"12.59";"14.83";"2.23"
"Strategy 2.10.413";"PASSED";"0.73";"NDXm_TICK_UTCPlus02";"M15";"3956.08";"";"1609";"1.15";"1.06";"0.07";"1.98";"0.74";"0.0";"1266.01";"1.27";"3.12";"0.82";"33.94";"37.61";"13.19";"13.27";"13.22";"8.24";"0.61";"1053.73";"";"548";"1.09";"0.73";"0.04";"2.11";"0.73";"0.0";"676.09";"1.12";"1.56";"1.57";"43.58";"44.56";"15.99";"13.34";"14.74";"2.06"
"Strategy 2.10.415";"PASSED";"0.74";"NDXm_TICK_UTCPlus02";"M15";"4733.36";"";"2217";"1.11";"0.98";"0.06";"2.37";"0.74";"0.0";"1376.98";"0.78";"3.44";"0.9";"47.51";"33.42";"20.12";"14.48";"16.96";"7.77";"0.66";"1859.38";"";"744";"1.11";"1.03";"0.06";"3.72";"0.85";"0.0";"858.8";"0.76";"2.17";"2.27";"57.3";"39.09";"20.87";"14.0";"16.97";"2.14"
"Strategy 2.10.418";"PASSED";"0.87";"NDXm_TICK_UTCPlus02";"M15";"6433.49";"";"1286";"1.26";"1.65";"0.13";"3.22";"0.81";"0.0";"761.61";"0.97";"8.45";"2.24";"49.49";"38.26";"24.74";"18.17";"21.41";"8.91";"0.55";"1135.54";"";"461";"1.1";"0.69";"0.05";"2.27";"0.7";"0.0";"1047.04";"0.78";"1.08";"1.1";"64.55";"45.96";"26.99";"20.28";"23.22";"2.69"
"Strategy 2.10.424";"PASSED";"0.83";"NDXm_TICK_UTCPlus02";"M15";"4984.7";"";"1030";"1.26";"1.41";"0.14";"2.49";"0.78";"0.0";"783.07";"0.85";"6.37";"1.66";"51.46";"34.75";"23.0";"13.56";"17.89";"5.88";"0.56";"1086.88";"";"372";"1.12";"0.74";"0.07";"2.17";"0.8";"0.0";"945.32";"0.68";"1.15";"1.19";"68.26";"41.23";"22.94";"15.4";"18.44";"1.55"
"Strategy 2.10.426";"PASSED";"0.76";"NDXm_TICK_UTCPlus02";"M15";"3611.43";"";"1864";"1.1";"0.81";"0.06";"1.81";"0.77";"0.0";"913.15";"0.76";"3.95";"0.97";"48.47";"33.2";"20.97";"15.37";"17.78";"6.97";"0.59";"1120.09";"";"646";"1.08";"0.66";"0.04";"2.24";"0.79";"0.0";"809.17";"0.72";"1.38";"1.4";"58.27";"38.86";"20.63";"13.85";"16.68";"1.85"
"Strategy 2.10.427";"PASSED";"0.67";"NDXm_TICK_UTCPlus02";"M15";"3787.2";"";"2410";"1.08";"0.77";"0.04";"1.89";"0.75";"0.0";"1651.34";"0.95";"2.29";"0.61";"42.98";"37.63";"24.66";"21.61";"23.09";"8.49";"0.56";"1111.18";"";"683";"1.07";"0.61";"0.04";"2.22";"0.69";"0.0";"940.76";"0.91";"1.18";"1.19";"53.2";"45.2";"30.33";"26.03";"28.08";"3.15"
"Strategy 2.10.434";"PASSED";"0.77";"NDXm_TICK_UTCPlus02";"M15";"3686.43";"";"1258";"1.15";"0.92";"0.09";"1.84";"0.69";"0.0";"904.57";"0.67";"4.08";"1.06";"56.04";"32.81";"20.0";"12.54";"15.54";"5.84";"0.53";"988.75";"";"476";"1.09";"0.62";"0.05";"1.98";"0.7";"0.0";"1038.78";"0.6";"0.95";"0.99";"69.36";"38.47";"20.45";"12.06";"15.21";"1.43"
"Strategy 2.10.436";"PASSED";"0.79";"NDXm_TICK_UTCPlus02";"M15";"5754.43";"";"2826";"1.1";"1.05";"0.05";"2.88";"0.8";"0.0";"1202.32";"0.9";"4.79";"1.26";"46.83";"38.35";"22.27";"17.74";"19.89";"12.69";"0.61";"1924.82";"";"902";"1.09";"0.91";"0.05";"3.85";"0.7";"0.0";"1197.56";"0.86";"1.61";"1.7";"56.64";"44.94";"24.34";"18.87";"21.41";"3.36"
"Strategy 2.10.440";"PASSED";"0.87";"NDXm_TICK_UTCPlus02";"M15";"6487.68";"";"1183";"1.26";"1.53";"0.16";"3.24";"0.75";"0.0";"770.42";"0.65";"8.42";"2.14";"67.21";"34.78";"30.75";"18.97";"23.62";"8.91";"0.62";"1667.94";"";"427";"1.14";"0.96";"0.09";"3.34";"0.65";"0.0";"970.02";"0.55";"1.72";"1.73";"87.81";"42.0";"33.21";"19.43";"24.3";"2.44"
"Strategy 2.10.452";"PASSED";"0.76";"NDXm_TICK_UTCPlus02";"M15";"5202.02";"";"1036";"1.22";"1.18";"0.13";"2.6";"0.69";"0.0";"1376.89";"0.65";"3.78";"0.98";"70.4";"37.28";"30.71";"19.96";"24.19";"8.7";"0.67";"1528.58";"";"386";"1.14";"0.91";"0.09";"3.06";"0.82";"0.0";"696.98";"0.53";"2.19";"2.23";"91.36";"42.51";"33.76";"17.15";"22.91";"2.61"
"Strategy 2.10.453";"PASSED";"0.83";"NDXm_TICK_UTCPlus02";"M15";"5224.41";"";"987";"1.26";"1.37";"0.15";"2.61";"0.64";"0.0";"870.96";"0.78";"6.0";"1.5";"58.23";"36.25";"26.09";"18.05";"21.58";"7.73";"0.53";"808.28";"";"360";"1.08";"0.52";"0.05";"1.62";"0.56";"0.0";"838.55";"0.66";"0.96";"0.99";"72.88";"44.3";"26.68";"15.53";"19.96";"1.81"
"Strategy 2.10.474";"PASSED";"0.8";"NDXm_TICK_UTCPlus02";"M15";"4600.52";"";"1171";"1.21";"1.31";"0.09";"2.3";"0.69";"0.0";"918.82";"1.34";"5.01";"1.22";"40.36";"44.79";"29.38";"27.03";"28.37";"10.5";"0.6";"1544.22";"";"409";"1.17";"1.15";"0.07";"3.09";"0.83";"0.0";"1003.35";"1.21";"1.54";"1.6";"48.5";"50.38";"33.97";"29.99";"32.17";"3.4"
"Strategy 2.10.479";"PASSED";"0.71";"NDXm_TICK_UTCPlus02";"M15";"3624.19";"";"1914";"1.14";"1.02";"0.08";"1.81";"0.89";"0.0";"1288.45";"0.68";"2.81";"0.73";"38.56";"23.22";"15.61";"9.58";"12.03";"3.07";"0.62";"898.0";"";"632";"1.09";"0.65";"0.05";"1.8";"0.7";"0.0";"547.69";"0.65";"1.64";"1.68";"45.64";"27.14";"16.84";"11.54";"13.62";"0.71"
"Strategy 2.2.341";"PASSED";"0.87";"NDXm_TICK_UTCPlus02";"M15";"6020.39";"";"1319";"1.24";"1.5";"0.13";"3.01";"0.82";"0.0";"713.62";"0.82";"8.44";"2.23";"52.69";"34.74";"23.61";"14.81";"18.77";"8.24";"0.57";"1388.47";"";"476";"1.12";"0.83";"0.07";"2.78";"0.72";"0.0";"1085.79";"0.68";"1.28";"1.32";"69.02";"42.16";"26.53";"17.22";"21.0";"2.48"
"Strategy 2.2.355";"PASSED";"0.71";"NDXm_TICK_UTCPlus02";"M15";"3051.05";"";"1439";"1.12";"0.81";"0.07";"1.53";"0.77";"0.0";"1062.96";"0.78";"2.87";"0.73";"46.02";"31.97";"22.5";"17.17";"19.5";"4.2";"0.72";"1566.51";"";"465";"1.16";"1.08";"0.09";"3.13";"0.83";"0.0";"507.09";"0.77";"3.09";"3.19";"57.09";"37.89";"27.96";"19.91";"23.41";"1.01"
"Strategy 2.2.374";"PASSED";"0.7";"NDXm_TICK_UTCPlus02";"M15";"3436.23";"";"1803";"1.11";"0.87";"0.06";"1.72";"0.69";"0.0";"1314.89";"0.87";"2.61";"0.67";"40.4";"31.45";"16.01";"12.56";"14.16";"5.67";"0.74";"2323.07";"";"590";"1.21";"1.57";"0.11";"4.65";"0.75";"0.0";"691.08";"0.93";"3.36";"3.55";"47.91";"36.88";"17.55";"13.94";"15.68";"1.55"
"Strategy 2.2.377";"PASSED";"0.81";"NDXm_TICK_UTCPlus02";"M15";"4974.44";"";"1956";"1.14";"1.13";"0.07";"2.49";"0.76";"0.0";"938.33";"1.05";"5.3";"1.39";"40.74";"37.57";"19.38";"16.52";"17.98";"7.02";"0.59";"1123.23";"";"680";"1.08";"0.69";"0.04";"2.25";"0.75";"0.0";"813.45";"0.97";"1.38";"1.42";"47.36";"42.47";"20.85";"18.81";"19.81";"2.27"
"Strategy 2.2.389";"PASSED";"0.73";"NDXm_TICK_UTCPlus02";"M15";"2626.75";"";"649";"1.16";"0.75";"0.1";"1.31";"0.8";"0.0";"832.23";"0.7";"3.16";"0.82";"69.93";"42.3";"33.28";"19.15";"24.99";"5.0";"0.69";"1153.59";"";"236";"1.18";"0.93";"0.11";"2.31";"0.56";"0.0";"465.37";"0.69";"2.48";"2.54";"79.83";"46.5";"35.01";"13.56";"22.28";"1.76"
"Strategy 2.2.428";"PASSED";"0.83";"NDXm_TICK_UTCPlus02";"M15";"2637.98";"";"477";"1.32";"1.2";"0.14";"1.32";"0.87";"0.0";"423.48";"1.3";"6.23";"1.61";"40.06";"39.51";"19.73";"19.06";"19.44";"1.64";"0.58";"490.68";"";"172";"1.14";"0.59";"0.07";"0.98";"0.71";"0.0";"370.38";"1.1";"1.32";"1.34";"45.39";"43.84";"22.64";"17.91";"20.39";"0.63"
"Strategy 2.2.445";"PASSED";"0.88";"NDXm_TICK_UTCPlus02";"M15";"3967.81";"";"632";"1.33";"1.26";"0.2";"1.98";"0.72";"0.0";"396.58";"0.65";"10.01";"2.57";"63.85";"30.9";"23.8";"15.82";"18.95";"2.39";"0.85";"2888.86";"";"226";"1.6";"2.32";"0.35";"5.78";"0.83";"0.0";"380.78";"0.7";"7.59";"7.61";"82.85";"36.21";"22.47";"14.16";"17.58";"0.8"
"Strategy 2.2.449";"PASSED";"0.83";"NDXm_TICK_UTCPlus02";"M15";"2898.27";"";"576";"1.24";"0.95";"0.14";"1.45";"0.86";"0.0";"456.97";"0.77";"6.34";"1.63";"60.1";"37.2";"36.09";"23.55";"28.99";"3.87";"0.8";"2265.05";"";"188";"1.54";"2.15";"0.29";"4.53";"0.69";"0.0";"444.68";"0.84";"5.09";"5.21";"75.45";"41.41";"34.13";"20.03";"26.48";"1.13"
"Strategy 2.2.454";"PASSED";"0.85";"NDXm_TICK_UTCPlus02";"M15";"4558.98";"";"965";"1.24";"1.25";"0.13";"2.28";"0.67";"0.0";"634.73";"0.84";"7.18";"1.81";"53.0";"35.91";"26.13";"17.6";"21.5";"7.1";"0.55";"1040.69";"";"366";"1.11";"0.7";"0.07";"2.08";"0.67";"0.0";"943.73";"0.72";"1.1";"1.14";"67.02";"43.26";"26.59";"16.97";"20.99";"1.6"
"Strategy 2.2.460";"PASSED";"0.8";"NDXm_TICK_UTCPlus02";"M15";"4051.51";"";"1443";"1.19";"1.29";"0.08";"2.03";"0.87";"0.0";"834.0";"1.31";"4.86";"1.27";"30.8";"33.83";"16.49";"16.15";"16.34";"2.61";"0.56";"898.3";"";"452";"1.11";"0.73";"0.05";"1.8";"0.79";"0.0";"771.91";"1.25";"1.16";"1.2";"37.25";"42.05";"21.19";"20.06";"20.69";"0.88"
"Strategy 2.2.463";"PASSED";"0.78";"NDXm_TICK_UTCPlus02";"M15";"4314.71";"";"1438";"1.16";"1.07";"0.09";"2.16";"0.62";"0.0";"1020.79";"0.68";"4.23";"1.08";"54.2";"31.71";"22.31";"14.62";"17.73";"8.7";"0.59";"1190.98";"";"529";"1.09";"0.7";"0.06";"2.38";"0.72";"0.0";"854.11";"0.6";"1.39";"1.43";"71.05";"38.9";"26.45";"16.18";"20.03";"2.1"
"Strategy 2.2.492";"PASSED";"0.82";"NDXm_TICK_UTCPlus02";"M15";"4521.28";"";"1262";"1.17";"1.04";"0.11";"2.26";"0.82";"0.0";"798.65";"0.63";"5.66";"1.48";"63.59";"34.0";"26.17";"16.46";"20.2";"7.94";"0.67";"1860.42";"";"451";"1.16";"1.08";"0.1";"3.72";"0.74";"0.0";"824.6";"0.6";"2.26";"2.28";"79.61";"41.11";"28.99";"16.46";"21.16";"2.31"
"Strategy 2.2.497";"PASSED";"0.75";"NDXm_TICK_UTCPlus02";"M15";"5792.02";"";"2744";"1.11";"1.03";"0.07";"2.9";"0.76";"0.0";"1592.83";"0.64";"3.64";"0.98";"55.83";"32.33";"27.27";"18.04";"21.65";"10.25";"0.65";"1929.88";"";"803";"1.1";"0.94";"0.06";"3.86";"0.77";"0.0";"949.22";"0.64";"2.03";"2.13";"68.59";"39.65";"31.44";"22.29";"25.84";"2.56"
"Strategy 2.2.505";"PASSED";"0.71";"NDXm_TICK_UTCPlus02";"M15";"6206.3";"";"2298";"1.11";"1.04";"0.07";"3.1";"0.75";"0.0";"2230.18";"0.73";"2.78";"0.77";"63.33";"41.27";"37.62";"25.25";"30.45";"18.95";"0.68";"2933.31";"";"753";"1.14";"1.3";"0.08";"5.87";"0.7";"0.0";"1210.23";"0.7";"2.42";"2.45";"76.73";"47.08";"35.15";"26.53";"30.08";"5.38"
"Strategy 2.2.510";"PASSED";"0.84";"NDXm_TICK_UTCPlus02";"M15";"5256.51";"";"2335";"1.15";"1.31";"0.07";"2.63";"0.82";"0.0";"809.91";"1.26";"6.49";"1.66";"31.3";"34.49";"14.69";"14.07";"14.42";"5.63";"0.75";"2018.17";"";"720";"1.15";"1.35";"0.07";"4.04";"0.8";"0.0";"574.2";"1.29";"3.51";"3.67";"37.31";"41.82";"16.99";"17.1";"17.03";"1.89"
"Strategy 2.2.514";"PASSED";"0.77";"NDXm_TICK_UTCPlus02";"M15";"3409.73";"";"966";"1.17";"1.05";"0.09";"1.7";"0.69";"0.0";"830.21";"0.99";"4.11";"1.02";"48.58";"40.96";"23.24";"17.84";"20.52";"3.7";"0.7";"1500.81";"";"277";"1.24";"1.28";"0.12";"3.0";"0.79";"0.0";"561.07";"1.01";"2.67";"2.73";"55.23";"44.76";"24.65";"21.53";"23.1";"1.3"
"Strategy 2.2.539";"PASSED";"0.81";"NDXm_TICK_UTCPlus02";"M15";"5095.16";"";"2006";"1.14";"1.13";"0.08";"2.55";"0.88";"0.0";"965.38";"0.75";"5.28";"1.37";"47.96";"31.4";"23.02";"15.97";"18.99";"5.0";"0.64";"1491.59";"";"610";"1.11";"0.89";"0.07";"2.98";"0.81";"0.0";"812.57";"0.7";"1.84";"1.91";"59.0";"37.09";"27.94";"19.22";"22.81";"1.18"
"Strategy 2.3.299";"PASSED";"0.72";"NDXm_TICK_UTCPlus02";"M15";"1835.38";"";"510";"1.21";"0.75";"0.12";"0.92";"0.7";"0.0";"605.32";"0.66";"3.03";"0.79";"53.26";"28.97";"14.49";"8.96";"11.15";"0.88";"0.76";"1370.82";"";"174";"1.42";"1.54";"0.25";"2.74";"0.74";"0.0";"360.33";"0.69";"3.8";"3.91";"65.51";"31.85";"18.24";"11.13";"14.03";"0.29"
"Strategy 2.3.319";"PASSED";"0.71";"NDXm_TICK_UTCPlus02";"M15";"3274.59";"";"2001";"1.09";"0.74";"0.06";"1.64";"0.73";"0.0";"1125.11";"0.62";"2.91";"0.77";"51.35";"29.0";"20.75";"14.17";"16.68";"1.55";"0.53";"919.55";"";"656";"1.07";"0.56";"0.04";"1.84";"0.58";"0.0";"938.17";"0.6";"0.98";"1.01";"57.19";"32.29";"20.95";"14.48";"16.92";"0.21"
"Strategy 2.3.339";"PASSED";"0.74";"NDXm_TICK_UTCPlus02";"M15";"2887.1";"";"650";"1.2";"0.88";"0.12";"1.44";"0.78";"0.0";"863.42";"0.7";"3.34";"0.86";"65.39";"38.05";"24.36";"13.27";"17.82";"2.98";"0.54";"707.77";"";"257";"1.11";"0.6";"0.07";"1.42";"0.39";"0.0";"677.44";"0.65";"1.04";"1.08";"70.23";"40.93";"25.27";"10.65";"16.39";"0.88"
"Strategy 2.3.340";"PASSED";"0.69";"NDXm_TICK_UTCPlus02";"M15";"2708.52";"";"635";"1.19";"0.87";"0.11";"1.35";"0.77";"0.0";"1094.36";"0.82";"2.47";"0.65";"58.34";"40.33";"32.08";"22.97";"27.09";"3.61";"0.57";"674.49";"";"217";"1.12";"0.59";"0.07";"1.35";"0.73";"0.0";"536.72";"0.74";"1.26";"1.26";"68.55";"45.05";"41.01";"27.77";"33.38";"1.81"
"Strategy 2.3.368";"PASSED";"0.73";"NDXm_TICK_UTCPlus02";"M15";"4165.29";"";"1790";"1.15";"1.19";"0.07";"2.08";"0.83";"0.0";"1312.16";"1.28";"3.17";"0.83";"30.97";"34.27";"16.3";"15.21";"15.82";"3.53";"0.55";"957.71";"";"549";"1.09";"0.7";"0.04";"1.92";"0.79";"0.0";"864.05";"1.22";"1.11";"1.14";"37.39";"41.84";"19.66";"18.41";"19.1";"0.92"
"Strategy 2.3.402";"PASSED";"0.78";"NDXm_TICK_UTCPlus02";"M15";"2518.44";"";"1372";"1.12";"0.78";"0.06";"1.26";"0.59";"0.0";"566.96";"1.1";"4.44";"1.13";"32.43";"31.95";"14.38";"14.0";"14.2";"4.29";"0.57";"726.46";"";"453";"1.08";"0.59";"0.04";"1.45";"0.74";"0.0";"571.61";"1.04";"1.27";"1.27";"42.0";"40.43";"18.49";"17.05";"17.78";"2.1"
"Strategy 2.3.405";"PASSED";"0.71";"NDXm_TICK_UTCPlus02";"M15";"1559.55";"";"490";"1.19";"0.73";"0.09";"0.78";"0.74";"0.0";"549.7";"1.16";"2.84";"0.71";"36.38";"35.28";"13.96";"14.04";"14.0";"1.18";"0.73";"1132.77";"";"186";"1.32";"1.32";"0.14";"2.27";"0.87";"0.0";"363.3";"1.27";"3.12";"3.15";"45.18";"43.48";"12.67";"16.78";"14.48";"0.25"
"Strategy 2.3.409";"PASSED";"0.78";"NDXm_TICK_UTCPlus02";"M15";"5647.65";"";"2697";"1.11";"1.01";"0.06";"2.82";"0.77";"0.0";"1254.31";"0.67";"4.5";"1.18";"54.08";"32.79";"22.65";"15.83";"18.57";"12.23";"0.79";"3223.84";"";"845";"1.17";"1.57";"0.1";"6.45";"0.82";"0.0";"708.52";"0.67";"4.55";"4.64";"66.75";"38.35";"27.96";"15.18";"20.31";"3.28"
"Strategy 2.3.415";"PASSED";"0.64";"NDXm_TICK_UTCPlus02";"M15";"3129.22";"";"1405";"1.1";"0.66";"0.06";"1.56";"0.67";"0.0";"1666.59";"0.61";"1.88";"0.5";"64.52";"36.08";"33.78";"24.28";"27.9";"6.43";"0.61";"1175.74";"";"443";"1.1";"0.67";"0.06";"2.35";"0.8";"0.0";"759.94";"0.58";"1.55";"1.59";"80.32";"42.12";"39.27";"25.99";"30.84";"1.68"
"Strategy 2.3.430";"PASSED";"0.77";"NDXm_TICK_UTCPlus02";"M15";"1812.02";"";"740";"1.17";"0.74";"0.09";"0.91";"0.88";"0.0";"451.24";"0.96";"4.02";"1.02";"34.81";"28.71";"14.74";"12.87";"13.79";"1.93";"0.7";"983.06";"";"248";"1.22";"1.12";"0.11";"1.97";"0.8";"0.0";"367.98";"1.02";"2.67";"2.7";"43.6";"36.32";"19.78";"16.91";"18.35";"0.63"
"Strategy 2.3.433";"PASSED";"0.74";"NDXm_TICK_UTCPlus02";"M15";"3256.94";"";"1311";"1.15";"0.91";"0.09";"1.63";"0.78";"0.0";"978.49";"0.66";"3.33";"0.87";"48.22";"27.87";"19.44";"12.72";"15.4";"4.33";"0.68";"1726.64";"";"381";"1.22";"1.37";"0.13";"3.45";"0.83";"0.0";"723.15";"0.72";"2.39";"2.43";"59.58";"34.89";"21.52";"14.8";"17.6";"0.88"
"Strategy 2.3.443";"PASSED";"0.83";"NDXm_TICK_UTCPlus02";"M15";"5133.9";"";"1419";"1.17";"1.14";"0.1";"2.57";"0.84";"0.0";"817.94";"0.73";"6.28";"1.66";"59.54";"37.11";"27.11";"18.53";"22.15";"6.64";"0.64";"1232.81";"";"430";"1.11";"0.83";"0.07";"2.47";"0.81";"0.0";"659.06";"0.69";"1.87";"1.93";"68.65";"42.28";"32.18";"19.41";"24.61";"2.56"
"Strategy 2.3.451";"PASSED";"0.8";"NDXm_TICK_UTCPlus02";"M15";"4069.56";"";"1174";"1.17";"0.97";"0.1";"2.03";"0.78";"0.0";"816.63";"0.62";"4.98";"1.3";"63.48";"33.97";"26.01";"16.69";"20.27";"7.86";"0.66";"1609.49";"";"422";"1.15";"0.97";"0.09";"3.22";"0.81";"0.0";"768.03";"0.6";"2.1";"2.13";"78.88";"41.11";"29.15";"17.2";"21.67";"2.31"
"Strategy 2.3.471";"PASSED";"0.64";"NDXm_TICK_UTCPlus02";"M15";"1800.85";"";"666";"1.14";"0.63";"0.07";"0.9";"0.75";"0.0";"941.39";"0.88";"1.91";"0.5";"47.09";"36.18";"22.79";"20.65";"21.65";"2.56";"0.76";"1602.33";"";"216";"1.35";"1.58";"0.18";"3.2";"0.54";"0.0";"412.75";"0.96";"3.88";"3.9";"57.76";"41.09";"21.51";"17.73";"19.58";"0.59"
"Strategy 2.3.487";"PASSED";"0.62";"NDXm_TICK_UTCPlus02";"M15";"2373.04";"";"881";"1.15";"0.69";"0.09";"1.19";"0.73";"0.0";"1440.28";"0.62";"1.65";"0.43";"55.56";"29.9";"19.97";"13.28";"15.83";"2.39";"0.75";"2033.58";"";"310";"1.32";"1.51";"0.2";"4.07";"0.6";"0.0";"565.74";"0.62";"3.59";"3.6";"70.76";"33.44";"17.67";"12.62";"14.56";"0.63"
"Strategy 2.3.503";"PASSED";"0.88";"NDXm_TICK_UTCPlus02";"M15";"4662.84";"";"976";"1.28";"1.57";"0.12";"2.33";"0.85";"0.0";"474.37";"1.32";"9.83";"2.39";"38.77";"40.03";"24.05";"19.29";"21.99";"5.04";"0.52";"656.72";"";"293";"1.11";"0.63";"0.05";"1.31";"0.74";"0.0";"712.82";"1.11";"0.92";"0.93";"44.11";"44.15";"29.56";"24.59";"27.2";"1.76"
"Strategy 2.3.507";"PASSED";"0.84";"NDXm_TICK_UTCPlus02";"M15";"3708.69";"";"489";"1.39";"1.4";"0.22";"1.85";"0.86";"0.0";"540.35";"0.78";"6.86";"1.8";"61.54";"34.4";"27.31";"17.33";"21.7";"2.48";"0.65";"885.01";"";"171";"1.22";"0.95";"0.13";"1.77";"0.79";"0.0";"454.09";"0.68";"1.95";"1.97";"71.14";"39.45";"28.43";"17.25";"21.77";"0.59"
"Strategy 2.3.512";"PASSED";"0.76";"NDXm_TICK_UTCPlus02";"M15";"4218.84";"";"2202";"1.12";"1.0";"0.05";"2.11";"0.82";"0.0";"1104.49";"1.13";"3.82";"1.0";"34.99";"35.51";"16.98";"14.72";"15.92";"6.47";"0.52";"649.21";"";"695";"1.04";"0.39";"0.02";"1.3";"0.69";"0.0";"703.41";"1.06";"0.92";"0.94";"42.34";"43.06";"19.01";"17.99";"18.52";"2.06"
"Strategy 2.3.534";"PASSED";"0.81";"NDXm_TICK_UTCPlus02";"M15";"4470.5";"";"1444";"1.16";"1.07";"0.1";"2.24";"0.64";"0.0";"857.17";"0.65";"5.22";"1.33";"56.52";"31.85";"23.98";"15.19";"18.66";"9.08";"0.66";"1526.62";"";"527";"1.12";"0.9";"0.07";"3.05";"0.77";"0.0";"732.09";"0.59";"2.09";"2.12";"74.13";"38.94";"28.41";"16.03";"20.61";"2.1"
"Strategy 2.3.543";"PASSED";"0.78";"NDXm_TICK_UTCPlus02";"M15";"3844.66";"";"1065";"1.17";"1.02";"0.09";"1.92";"0.62";"0.0";"906.9";"0.91";"4.24";"1.05";"51.24";"39.67";"21.33";"16.39";"18.74";"4.12";"0.6";"991.44";"";"362";"1.12";"0.8";"0.06";"1.98";"0.59";"0.0";"671.0";"0.86";"1.48";"1.51";"57.23";"43.93";"20.81";"14.82";"17.58";"1.76"
"Strategy 2.3.584";"PASSED";"0.7";"NDXm_TICK_UTCPlus02";"M15";"4793.34";"";"2955";"1.09";"0.89";"0.05";"2.4";"0.79";"0.0";"1817.31";"0.77";"2.64";"0.71";"46.01";"32.58";"18.23";"13.16";"15.37";"9.96";"0.76";"2709.37";"";"954";"1.13";"1.38";"0.08";"5.42";"0.87";"0.0";"707.45";"0.76";"3.83";"3.93";"55.59";"37.26";"21.78";"13.46";"17.05";"2.69"
"Strategy 2.4.309";"PASSED";"0.67";"NDXm_TICK_UTCPlus02";"M15";"4848.4";"";"2046";"1.13";"1.11";"0.08";"2.42";"0.8";"0.0";"2119.41";"0.74";"2.29";"0.61";"47.07";"30.64";"22.21";"15.93";"18.59";"3.91";"0.73";"2092.96";"";"623";"1.16";"1.32";"0.09";"4.19";"0.82";"0.0";"653.86";"0.73";"3.2";"3.35";"57.9";"36.49";"26.74";"19.74";"22.69";"0.88"
"Strategy 2.4.311";"PASSED";"0.77";"NDXm_TICK_UTCPlus02";"M15";"4996.77";"";"1723";"1.13";"1.02";"0.08";"2.5";"0.81";"0.0";"1205.08";"0.65";"4.15";"1.11";"62.14";"35.63";"26.42";"17.04";"20.74";"7.69";"0.67";"2156.66";"";"627";"1.14";"1.08";"0.08";"4.31";"0.66";"0.0";"946.07";"0.62";"2.28";"2.32";"74.44";"40.89";"25.09";"16.02";"19.51";"1.97"
"Strategy 2.4.319";"PASSED";"0.74";"NDXm_TICK_UTCPlus02";"M15";"1802.18";"";"433";"1.19";"0.67";"0.11";"0.9";"0.83";"0.0";"538.42";"0.72";"3.35";"0.84";"61.39";"36.94";"21.27";"13.23";"16.59";"1.09";"0.53";"663.4";"";"185";"1.15";"0.62";"0.09";"1.33";"0.71";"0.0";"680.4";"0.65";"0.98";"1.0";"71.11";"40.42";"20.97";"8.26";"13.28";"0.71"
"Strategy 2.4.336";"PASSED";"0.89";"NDXm_TICK_UTCPlus02";"M15";"3090.48";"";"434";"1.42";"1.33";"0.23";"1.55";"0.77";"0.0";"290.02";"0.79";"10.66";"2.75";"54.75";"30.31";"20.03";"17.24";"18.47";"1.34";"0.77";"1706.02";"";"164";"1.49";"1.62";"0.28";"3.41";"0.88";"0.0";"406.8";"0.76";"4.19";"4.21";"72.75";"37.19";"20.93";"12.37";"16.07";"0.38"
"Strategy 2.4.351";"PASSED";"0.73";"NDXm_TICK_UTCPlus02";"M15";"4119.95";"";"1080";"1.16";"0.96";"0.09";"2.06";"0.83";"0.0";"1283.14";"0.8";"3.21";"0.84";"63.62";"44.21";"45.95";"32.86";"38.69";"13.28";"0.74";"3030.5";"";"362";"1.31";"1.87";"0.17";"6.06";"0.85";"0.0";"886.68";"0.9";"3.42";"3.46";"74.41";"50.75";"52.82";"35.08";"43.46";"4.79"
"Strategy 2.4.354";"PASSED";"0.77";"NDXm_TICK_UTCPlus02";"M15";"4822.88";"";"2284";"1.12";"1.1";"0.07";"2.41";"0.86";"0.0";"1211.28";"0.85";"3.98";"1.05";"41.31";"31.3";"20.04";"15.75";"17.72";"5.08";"0.64";"1219.64";"";"679";"1.09";"0.78";"0.05";"2.44";"0.79";"0.0";"628.29";"0.8";"1.94";"2.0";"50.09";"36.89";"23.48";"19.62";"21.34";"1.51"
"Strategy 2.4.377";"PASSED";"0.8";"NDXm_TICK_UTCPlus02";"M15";"3769.37";"";"1559";"1.14";"0.99";"0.08";"1.88";"0.83";"0.0";"740.3";"0.78";"5.09";"1.3";"44.75";"30.5";"16.48";"10.71";"13.24";"4.87";"0.57";"629.85";"";"430";"1.07";"0.45";"0.04";"1.26";"0.79";"0.0";"487.83";"0.67";"1.29";"1.31";"56.02";"35.26";"25.0";"16.79";"20.09";"1.51"
"Strategy 2.4.378";"PASSED";"0.72";"NDXm_TICK_UTCPlus02";"M15";"5106.67";"";"1857";"1.12";"0.98";"0.07";"2.55";"0.79";"0.0";"1749.24";"0.71";"2.92";"0.78";"59.94";"37.76";"27.89";"18.89";"22.62";"10.71";"0.65";"2258.73";"";"571";"1.15";"1.24";"0.09";"4.52";"0.83";"0.0";"1155.61";"0.7";"1.95";"2.06";"71.81";"43.5";"33.51";"21.23";"26.28";"3.87"
"Strategy 2.4.379";"PASSED";"0.87";"NDXm_TICK_UTCPlus02";"M15";"3023.12";"";"427";"1.46";"1.33";"0.28";"1.51";"0.76";"0.0";"329.62";"0.65";"9.17";"2.35";"57.43";"25.58";"18.47";"14.14";"15.85";"1.26";"0.77";"1504.37";"";"158";"1.49";"1.52";"0.3";"3.01";"0.79";"0.0";"380.05";"0.61";"3.96";"3.96";"76.67";"31.59";"21.02";"10.9";"14.74";"0.46"
"Strategy 2.4.380";"PASSED";"0.87";"NDXm_TICK_UTCPlus02";"M15";"2778.64";"";"433";"1.35";"1.2";"0.18";"1.39";"0.75";"0.0";"310.76";"0.93";"8.94";"2.23";"50.88";"35.07";"22.43";"21.6";"22.0";"1.43";"0.79";"1618.75";"";"170";"1.44";"1.58";"0.23";"3.24";"0.79";"0.0";"341.22";"0.89";"4.74";"4.76";"66.2";"40.86";"25.88";"14.19";"19.69";"0.59"
"Strategy 2.4.386";"PASSED";"0.66";"NDXm_TICK_UTCPlus02";"M15";"2438.71";"";"1471";"1.08";"0.56";"0.05";"1.22";"0.74";"0.0";"1178.61";"0.71";"2.07";"0.53";"53.57";"35.33";"22.49";"15.16";"18.21";"8.4";"0.68";"2119.07";"";"503";"1.17";"1.22";"0.1";"4.24";"0.73";"0.0";"898.02";"0.71";"2.36";"2.47";"69.17";"41.97";"24.44";"17.58";"20.43";"2.39"
"Strategy 2.4.397";"PASSED";"0.89";"NDXm_TICK_UTCPlus02";"M15";"4602.14";"";"598";"1.43";"1.59";"0.25";"2.3";"0.76";"0.0";"441.82";"0.73";"10.42";"2.75";"60.39";"30.95";"23.85";"16.1";"19.38";"2.14";"0.79";"2356.58";"";"226";"1.49";"1.94";"0.29";"4.71";"0.84";"0.0";"503.19";"0.7";"4.68";"4.71";"77.46";"36.45";"24.72";"13.44";"18.08";"0.76"
"Strategy 2.4.400";"PASSED";"0.84";"NDXm_TICK_UTCPlus02";"M15";"2469.38";"";"514";"1.38";"1.45";"0.15";"1.23";"0.8";"0.0";"378.6";"1.45";"6.52";"1.61";"29.57";"31.05";"10.11";"11.48";"10.67";"0.84";"0.59";"626.74";"";"203";"1.18";"0.75";"0.08";"1.25";"0.68";"0.0";"436.32";"1.21";"1.44";"1.44";"37.18";"38.04";"9.45";"8.78";"9.15";"0.25"
"Strategy 2.4.403";"PASSED";"0.75";"NDXm_TICK_UTCPlus02";"M15";"2058.78";"";"453";"1.26";"0.84";"0.15";"1.03";"0.76";"0.0";"575.95";"0.74";"3.57";"0.89";"52.31";"30.91";"22.27";"16.06";"18.71";"0.71";"0.51";"846.62";"";"139";"1.31";"1.06";"0.18";"1.69";"0.52";"0.0";"672.1";"0.74";"1.26";"1.27";"61.32";"34.64";"15.02";"12.58";"13.61";"0.0"
"Strategy 2.4.406";"PASSED";"0.67";"NDXm_TICK_UTCPlus02";"M15";"2327.13";"";"736";"1.17";"0.81";"0.09";"1.16";"0.74";"0.0";"1050.49";"0.88";"2.22";"0.58";"47.59";"36.04";"21.57";"17.71";"19.52";"2.61";"0.66";"1098.14";"";"261";"1.19";"0.96";"0.1";"2.2";"0.58";"0.0";"508.72";"0.81";"2.16";"2.18";"59.25";"40.51";"23.55";"11.6";"16.96";"0.84"
"Strategy 2.4.410";"PASSED";"0.71";"NDXm_TICK_UTCPlus02";"M15";"4087.11";"";"1952";"1.11";"0.88";"0.07";"2.04";"0.74";"0.0";"1450.23";"0.62";"2.82";"0.74";"55.92";"31.27";"28.64";"19.2";"22.81";"2.98";"0.53";"866.37";"";"571";"1.06";"0.51";"0.04";"1.73";"0.78";"0.0";"904.22";"0.57";"0.96";"0.98";"68.66";"36.95";"34.97";"23.3";"27.55";"0.59"
"Strategy 2.4.423";"PASSED";"0.75";"NDXm_TICK_UTCPlus02";"M15";"1693.7";"";"691";"1.17";"0.7";"0.08";"0.85";"0.82";"0.0";"472.34";"0.97";"3.59";"0.92";"34.93";"29.19";"14.57";"13.02";"13.78";"1.76";"0.69";"931.39";"";"235";"1.22";"1.11";"0.11";"1.86";"0.81";"0.0";"370.89";"1.01";"2.51";"2.58";"43.32";"35.73";"19.58";"16.3";"17.95";"0.63"
"Strategy 2.4.440";"PASSED";"0.85";"NDXm_TICK_UTCPlus02";"M15";"2777.76";"";"457";"1.36";"1.16";"0.21";"1.39";"0.77";"0.0";"379.71";"0.71";"7.32";"1.89";"54.84";"28.62";"19.03";"15.83";"17.16";"1.3";"0.82";"2280.48";"";"177";"1.66";"2.0";"0.38";"4.56";"0.84";"0.0";"380.46";"0.75";"5.99";"6.08";"75.51";"34.24";"23.63";"11.39";"16.64";"0.63"
"Strategy 2.4.444";"PASSED";"0.81";"NDXm_TICK_UTCPlus02";"M15";"4568.06";"";"1422";"1.17";"1.1";"0.1";"2.28";"0.62";"0.0";"857.17";"0.65";"5.33";"1.36";"56.99";"31.93";"24.04";"15.19";"18.69";"9.08";"0.67";"1594.81";"";"523";"1.12";"0.94";"0.08";"3.19";"0.78";"0.0";"721.62";"0.59";"2.21";"2.25";"74.21";"38.91";"28.35";"15.89";"20.51";"2.1"
"Strategy 2.4.454";"PASSED";"0.75";"NDXm_TICK_UTCPlus02";"M15";"2952.39";"";"1710";"1.12";"0.89";"0.05";"1.48";"0.88";"0.0";"834.61";"1.22";"3.54";"0.91";"29.56";"32.33";"13.18";"12.95";"13.08";"1.22";"0.67";"1176.2";"";"532";"1.13";"1.01";"0.06";"2.35";"0.81";"0.0";"515.09";"1.24";"2.28";"2.35";"34.02";"37.08";"15.92";"16.09";"16.0";"0.17"
"Strategy 2.4.460";"PASSED";"0.77";"NDXm_TICK_UTCPlus02";"M15";"3816.66";"";"1261";"1.14";"0.88";"0.09";"1.91";"0.81";"0.0";"942.57";"0.61";"4.05";"1.06";"63.5";"34.14";"25.76";"15.64";"19.49";"7.98";"0.61";"1296.68";"";"451";"1.11";"0.74";"0.07";"2.59";"0.66";"0.0";"822.31";"0.57";"1.58";"1.59";"79.89";"41.14";"29.73";"15.93";"20.95";"2.27"
"Strategy 2.4.476";"PASSED";"0.6";"NDXm_TICK_UTCPlus02";"M15";"3041.61";"";"2164";"1.08";"0.68";"0.05";"1.52";"0.73";"0.0";"2013.17";"0.7";"1.51";"0.4";"46.31";"30.15";"21.81";"15.76";"18.25";"4.45";"0.63";"1235.98";"";"642";"1.09";"0.73";"0.05";"2.47";"0.76";"0.0";"681.44";"0.69";"1.81";"1.82";"57.71";"36.79";"25.4";"21.09";"22.86";"1.34"
"Strategy 2.4.484";"PASSED";"0.85";"NDXm_TICK_UTCPlus02";"M15";"2820.23";"";"433";"1.36";"1.19";"0.18";"1.41";"0.71";"0.0";"398.2";"0.95";"7.08";"1.77";"50.62";"35.41";"21.65";"22.36";"22.02";"1.39";"0.81";"1898.09";"";"171";"1.52";"1.86";"0.27";"3.8";"0.84";"0.0";"344.87";"0.94";"5.5";"5.59";"66.44";"41.09";"26.05";"14.45";"20.08";"0.59"
"Strategy 2.4.485";"PASSED";"0.84";"NDXm_TICK_UTCPlus02";"M15";"4301.74";"";"1178";"1.2";"1.16";"0.11";"2.15";"0.68";"0.0";"616.31";"0.79";"6.98";"1.73";"48.91";"31.99";"16.93";"11.1";"13.67";"5.08";"0.64";"1287.71";"";"419";"1.14";"0.88";"0.08";"2.58";"0.73";"0.0";"698.24";"0.74";"1.84";"1.87";"60.2";"39.12";"17.21";"11.37";"13.85";"1.85"
"Strategy 2.4.496";"PASSED";"0.72";"NDXm_TICK_UTCPlus02";"M15";"1613.96";"";"485";"1.2";"0.77";"0.09";"0.81";"0.76";"0.0";"549.7";"1.17";"2.94";"0.73";"36.33";"35.44";"14.01";"14.22";"14.11";"1.18";"0.73";"1180.58";"";"185";"1.34";"1.4";"0.15";"2.36";"0.89";"0.0";"363.3";"1.28";"3.25";"3.28";"45.22";"43.48";"12.64";"16.99";"14.55";"0.25"
"Strategy 2.4.502";"PASSED";"0.73";"NDXm_TICK_UTCPlus02";"M15";"2862.19";"";"1774";"1.09";"0.73";"0.05";"1.43";"0.75";"0.0";"896.86";"0.95";"3.19";"0.83";"38.81";"33.86";"19.53";"17.19";"18.33";"4.92";"0.54";"817.01";"";"564";"1.07";"0.55";"0.04";"1.63";"0.75";"0.0";"762.43";"0.93";"1.07";"1.08";"46.89";"40.88";"21.69";"20.04";"20.84";"1.22"
"Strategy 2.4.543";"PASSED";"0.83";"NDXm_TICK_UTCPlus02";"M15";"2662.47";"";"511";"1.31";"1.19";"0.13";"1.33";"0.86";"0.0";"438.93";"1.28";"6.07";"1.58";"39.51";"38.74";"19.82";"18.89";"19.41";"1.64";"0.56";"421.35";"";"186";"1.11";"0.49";"0.05";"0.84";"0.76";"0.0";"362.87";"1.07";"1.16";"1.17";"45.02";"43.34";"21.55";"18.49";"20.07";"0.63"
"Strategy 2.5.298";"PASSED";"0.88";"NDXm_TICK_UTCPlus02";"M15";"2761.42";"";"469";"1.35";"1.15";"0.21";"1.38";"0.77";"0.0";"286.1";"0.71";"9.65";"2.41";"54.38";"28.32";"18.81";"15.69";"16.98";"1.39";"0.82";"2221.82";"";"178";"1.63";"1.95";"0.35";"4.44";"0.81";"0.0";"395.82";"0.78";"5.61";"5.69";"73.6";"35.19";"22.14";"11.39";"16.1";"0.55"
"Strategy 2.5.302";"PASSED";"0.75";"NDXm_TICK_UTCPlus02";"M15";"4814.56";"";"1744";"1.13";"0.97";"0.08";"2.41";"0.8";"0.0";"1349.52";"0.65";"3.57";"0.95";"61.97";"35.63";"26.64";"17.04";"20.81";"7.65";"0.62";"2041.68";"";"643";"1.13";"1.0";"0.08";"4.08";"0.65";"0.0";"1180.22";"0.62";"1.73";"1.77";"74.76";"40.89";"24.96";"15.47";"19.08";"1.97"
"Strategy 2.5.320";"PASSED";"0.72";"NDXm_TICK_UTCPlus02";"M15";"3914.54";"";"2367";"1.09";"0.77";"0.05";"1.96";"0.69";"0.0";"1333.93";"0.63";"2.93";"0.75";"53.68";"31.19";"21.78";"14.33";"17.21";"9.08";"0.6";"1427.28";"";"812";"1.08";"0.73";"0.05";"2.85";"0.75";"0.0";"933.77";"0.59";"1.53";"1.58";"66.16";"36.18";"23.8";"14.5";"17.95";"2.1"
"Strategy 2.5.326";"PASSED";"0.7";"NDXm_TICK_UTCPlus02";"M15";"4094.14";"";"1680";"1.11";"0.85";"0.07";"2.05";"0.8";"0.0";"1572.0";"0.64";"2.6";"0.7";"61.68";"35.33";"25.84";"16.72";"20.27";"7.02";"0.59";"1578.44";"";"615";"1.1";"0.82";"0.06";"3.16";"0.65";"0.0";"1096.28";"0.61";"1.44";"1.46";"74.1";"40.76";"24.04";"15.49";"18.71";"1.72"
"Strategy 2.5.327";"PASSED";"0.76";"NDXm_TICK_UTCPlus02";"M15";"6475.17";"";"2345";"1.16";"1.38";"0.09";"3.24";"0.87";"0.0";"1725.32";"0.75";"3.75";"1.0";"47.14";"30.41";"22.38";"15.9";"18.67";"4.62";"0.61";"1335.76";"";"708";"1.09";"0.8";"0.05";"2.67";"0.76";"0.0";"819.6";"0.7";"1.63";"1.67";"56.75";"36.4";"24.62";"20.46";"22.17";"1.01"
"Strategy 2.5.330";"PASSED";"0.86";"NDXm_TICK_UTCPlus02";"M15";"6024.51";"";"1350";"1.23";"1.45";"0.13";"3.01";"0.77";"0.0";"738.03";"0.82";"8.16";"1.97";"53.63";"35.71";"23.38";"14.58";"18.53";"8.7";"0.61";"1574.84";"";"481";"1.13";"0.93";"0.08";"3.15";"0.65";"0.0";"976.27";"0.69";"1.61";"1.62";"69.17";"42.04";"25.94";"16.53";"20.36";"2.48"
"Strategy 2.5.331";"PASSED";"0.79";"NDXm_TICK_UTCPlus02";"M15";"4290.62";"";"1775";"1.12";"0.93";"0.06";"2.15";"0.81";"0.0";"893.22";"0.92";"4.8";"1.27";"48.39";"39.92";"27.13";"20.45";"23.65";"9.08";"0.59";"1082.07";"";"537";"1.08";"0.68";"0.04";"2.16";"0.63";"0.0";"746.94";"0.88";"1.45";"1.49";"55.91";"45.28";"31.34";"23.78";"27.31";"2.77"
"Strategy 2.5.343";"PASSED";"0.75";"NDXm_TICK_UTCPlus02";"M15";"3833.87";"";"1859";"1.1";"0.77";"0.06";"1.92";"0.78";"0.0";"1050.15";"0.67";"3.65";"0.96";"58.7";"35.65";"19.76";"12.0";"15.1";"8.66";"0.64";"2188.84";"";"677";"1.13";"1.09";"0.08";"4.38";"0.82";"0.0";"1184.48";"0.61";"1.85";"1.96";"73.9";"40.01";"17.65";"11.89";"14.08";"2.48"
"Strategy 2.5.351";"PASSED";"0.71";"NDXm_TICK_UTCPlus02";"M15";"5270.84";"";"1844";"1.12";"0.99";"0.07";"2.64";"0.81";"0.0";"1876.43";"0.72";"2.81";"0.76";"62.34";"39.78";"36.98";"24.91";"29.95";"13.78";"0.78";"3582.51";"";"576";"1.24";"1.88";"0.14";"7.17";"0.89";"0.0";"805.0";"0.78";"4.45";"4.54";"72.34";"45.57";"41.38";"26.91";"33.26";"4.66"
"Strategy 2.5.358";"PASSED";"0.74";"NDXm_TICK_UTCPlus02";"M15";"3333.39";"";"1147";"1.14";"0.89";"0.07";"1.67";"0.71";"0.0";"1004.64";"0.92";"3.32";"0.86";"48.64";"39.23";"30.39";"23.74";"26.93";"7.1";"0.63";"1574.07";"";"391";"1.16";"1.07";"0.08";"3.15";"0.77";"0.0";"865.96";"0.92";"1.82";"1.84";"60.85";"48.06";"36.23";"30.24";"33.1";"2.61"
"Strategy 2.5.364";"PASSED";"0.54";"NDXm_TICK_UTCPlus02";"M15";"1016.0";"";"758";"1.08";"0.38";"0.04";"0.51";"0.7";"0.0";"962.39";"0.85";"1.06";"0.27";"38.42";"30.3";"12.2";"10.89";"11.49";"1.68";"0.67";"859.16";"";"234";"1.21";"1.02";"0.12";"1.72";"0.72";"0.0";"384.19";"0.83";"2.24";"2.29";"46.61";"31.89";"19.84";"15.71";"17.58";"0.5"
"Strategy 2.5.372";"PASSED";"0.88";"NDXm_TICK_UTCPlus02";"M15";"3046.17";"";"439";"1.45";"1.32";"0.27";"1.52";"0.73";"0.0";"320.9";"0.63";"9.49";"2.4";"58.02";"25.34";"18.72";"14.36";"16.05";"1.26";"0.81";"1859.12";"";"165";"1.59";"1.83";"0.36";"3.72";"0.86";"0.0";"358.42";"0.65";"5.19";"5.24";"76.77";"31.31";"22.22";"10.8";"15.3";"0.46"
"Strategy 2.5.377";"PASSED";"0.63";"NDXm_TICK_UTCPlus02";"M15";"1055.48";"";"623";"1.11";"0.44";"0.06";"0.53";"0.79";"0.0";"585.92";"0.94";"1.8";"0.46";"34.44";"29.11";"14.42";"12.68";"13.52";"1.68";"0.69";"861.5";"";"211";"1.23";"1.08";"0.11";"1.72";"0.83";"0.0";"347.16";"1.01";"2.48";"2.49";"43.61";"35.83";"19.05";"15.59";"17.33";"0.55"
"Strategy 2.5.389";"PASSED";"0.75";"NDXm_TICK_UTCPlus02";"M15";"4822.29";"";"1800";"1.14";"1.05";"0.08";"2.41";"0.75";"0.0";"1349.94";"0.8";"3.57";"0.94";"50.3";"35.33";"19.36";"12.29";"15.43";"9.58";"0.57";"1589.26";"";"630";"1.1";"0.92";"0.06";"3.18";"0.69";"0.0";"1260.47";"0.74";"1.26";"1.32";"63.15";"42.36";"20.17";"13.9";"16.57";"3.03"
"Strategy 2.5.398";"PASSED";"0.8";"NDXm_TICK_UTCPlus02";"M15";"2010.87";"";"470";"1.33";"1.23";"0.14";"1.01";"0.83";"0.0";"395.28";"1.41";"5.09";"1.27";"29.49";"31.28";"10.38";"11.68";"10.92";"0.84";"0.53";"468.31";"";"185";"1.14";"0.57";"0.06";"0.94";"0.66";"0.0";"461.43";"1.18";"1.01";"1.02";"37.8";"38.96";"9.58";"9.18";"9.39";"0.25"
"Strategy 2.5.406";"PASSED";"0.64";"NDXm_TICK_UTCPlus02";"M15";"2090.68";"";"751";"1.13";"0.64";"0.08";"1.05";"0.89";"0.0";"1101.55";"0.69";"1.9";"0.49";"59.51";"36.23";"22.88";"11.99";"16.43";"1.68";"0.71";"1524.03";"";"284";"1.23";"1.23";"0.14";"3.05";"0.85";"0.0";"540.14";"0.69";"2.82";"2.88";"70.25";"39.44";"25.22";"10.5";"16.51";"1.34"
"Strategy 2.5.448";"PASSED";"0.65";"NDXm_TICK_UTCPlus02";"M15";"3284.33";"";"2468";"1.06";"0.54";"0.04";"1.64";"0.72";"0.0";"1602.25";"0.65";"2.05";"0.51";"60.5";"37.05";"24.52";"15.62";"19.12";"13.82";"0.63";"2486.45";"";"865";"1.11";"1.04";"0.07";"4.97";"0.78";"0.0";"1369.83";"0.64";"1.82";"1.93";"76.24";"44.18";"27.75";"17.02";"21.22";"4.71"
"Strategy 2.5.528";"PASSED";"0.87";"NDXm_TICK_UTCPlus02";"M15";"3778.27";"";"1027";"1.25";"1.43";"0.1";"1.89";"0.83";"0.0";"416.99";"1.47";"9.06";"2.3";"30.44";"35.62";"17.41";"18.93";"18.02";"3.15";"0.52";"513.67";"";"347";"1.07";"0.46";"0.03";"1.03";"0.71";"0.0";"563.0";"1.25";"0.91";"0.91";"39.16";"45.74";"22.67";"23.89";"23.21";"1.64"
"Strategy 2.5.538";"PASSED";"0.64";"NDXm_TICK_UTCPlus02";"M15";"2655.53";"";"865";"1.17";"0.91";"0.08";"1.33";"0.77";"0.0";"1393.05";"1.2";"1.91";"0.5";"39.47";"40.65";"20.36";"17.74";"19.17";"3.11";"0.6";"700.24";"";"267";"1.12";"0.7";"0.06";"1.4";"0.74";"0.0";"477.76";"1.17";"1.47";"1.47";"44.2";"46.05";"29.22";"24.71";"27.14";"1.43"
"Strategy 2.5.540";"PASSED";"0.67";"NDXm_TICK_UTCPlus02";"M15";"3852.55";"";"2232";"1.09";"0.8";"0.05";"1.93";"0.74";"0.0";"1690.17";"0.78";"2.28";"0.6";"45.99";"32.67";"18.53";"13.91";"15.93";"7.69";"0.64";"1560.58";"";"774";"1.09";"0.86";"0.05";"3.12";"0.73";"0.0";"825.9";"0.74";"1.89";"1.96";"54.84";"37.04";"20.86";"14.07";"16.96";"2.56"
"Strategy 2.5.551";"PASSED";"0.63";"NDXm_TICK_UTCPlus02";"M15";"3080.01";"";"1341";"1.13";"0.85";"0.06";"1.54";"0.75";"0.0";"1748.93";"1.08";"1.76";"0.46";"37.89";"36.0";"17.11";"15.63";"16.39";"3.95";"0.54";"729.17";"";"443";"1.08";"0.56";"0.04";"1.46";"0.79";"0.0";"710.87";"0.98";"1.03";"1.05";"44.65";"40.4";"15.49";"12.81";"14.14";"0.71"
"Strategy 2.5.553";"PASSED";"0.7";"NDXm_TICK_UTCPlus02";"M15";"3294.61";"";"2236";"1.08";"0.67";"0.04";"1.65";"0.81";"0.0";"1254.7";"0.83";"2.63";"0.69";"45.1";"34.6";"20.57";"15.8";"17.96";"7.94";"0.77";"3138.57";"";"741";"1.19";"1.68";"0.1";"6.28";"0.88";"0.0";"748.21";"0.88";"4.19";"4.27";"55.78";"40.91";"20.84";"15.61";"18.05";"2.52"
"Strategy 2.5.559";"PASSED";"0.81";"NDXm_TICK_UTCPlus02";"M15";"4932.91";"";"1367";"1.18";"1.17";"0.1";"2.47";"0.79";"0.0";"907.28";"0.78";"5.44";"1.33";"53.82";"35.79";"23.72";"15.2";"18.95";"8.82";"0.64";"1886.9";"";"491";"1.15";"1.12";"0.09";"3.77";"0.64";"0.0";"976.27";"0.7";"1.93";"1.94";"69.4";"42.37";"26.29";"16.65";"20.64";"2.48"
"Strategy 2.6.305";"PASSED";"0.67";"NDXm_TICK_UTCPlus02";"M15";"3825.0";"";"2633";"1.08";"0.72";"0.04";"1.91";"0.77";"0.0";"1728.29";"0.78";"2.21";"0.55";"46.35";"33.58";"19.64";"14.48";"16.74";"9.96";"0.65";"1662.03";"";"916";"1.08";"0.84";"0.05";"3.32";"0.81";"0.0";"845.57";"0.73";"1.97";"2.04";"56.01";"37.84";"21.1";"13.86";"16.92";"3.4"
"Strategy 2.6.321";"PASSED";"0.76";"NDXm_TICK_UTCPlus02";"M15";"3628.83";"";"1698";"1.1";"0.81";"0.05";"1.81";"0.78";"0.0";"968.83";"0.91";"3.75";"0.99";"48.26";"39.93";"26.89";"20.3";"23.44";"8.61";"0.58";"1077.02";"";"521";"1.09";"0.7";"0.05";"2.15";"0.73";"0.0";"796.68";"0.87";"1.35";"1.38";"55.85";"44.95";"31.04";"23.04";"26.77";"2.61"
"Strategy 2.6.325";"PASSED";"0.89";"NDXm_TICK_UTCPlus02";"M15";"3036.84";"";"428";"1.42";"1.32";"0.24";"1.52";"0.75";"0.0";"282.5";"0.78";"10.75";"2.71";"54.76";"29.89";"20.61";"17.9";"19.09";"1.34";"0.8";"2084.79";"";"169";"1.61";"1.9";"0.34";"4.17";"0.84";"0.0";"406.8";"0.82";"5.12";"5.21";"72.18";"36.57";"21.49";"12.11";"16.33";"0.38"
"Strategy 2.6.329";"PASSED";"0.78";"NDXm_TICK_UTCPlus02";"M15";"5199.94";"";"2272";"1.11";"0.99";"0.05";"2.6";"0.79";"0.0";"1230.42";"0.97";"4.23";"1.13";"48.0";"41.84";"34.34";"26.1";"30.15";"18.19";"0.67";"1814.98";"";"731";"1.1";"0.96";"0.05";"3.63";"0.75";"0.0";"832.79";"0.93";"2.18";"2.21";"54.93";"46.23";"36.18";"25.98";"30.89";"5.8"
"Strategy 2.6.377";"PASSED";"0.84";"NDXm_TICK_UTCPlus02";"M15";"5330.49";"";"1268";"1.21";"1.39";"0.1";"2.67";"0.74";"0.0";"789.41";"1.13";"6.75";"1.64";"45.31";"42.43";"26.95";"22.51";"24.87";"9.96";"0.61";"1992.63";"";"430";"1.19";"1.35";"0.09";"3.99";"0.8";"0.0";"1272.13";"1.05";"1.57";"1.65";"56.05";"49.23";"31.5";"26.58";"29.1";"3.24"
"Strategy 2.6.389";"PASSED";"0.85";"NDXm_TICK_UTCPlus02";"M15";"3041.55";"";"417";"1.47";"1.34";"0.28";"1.52";"0.7";"0.0";"413.57";"0.64";"7.35";"1.86";"58.63";"25.65";"19.23";"15.04";"16.68";"1.26";"0.81";"1949.9";"";"161";"1.65";"1.94";"0.39";"3.9";"0.86";"0.0";"358.42";"0.68";"5.44";"5.49";"76.39";"31.41";"22.65";"10.86";"15.62";"0.46"
"Strategy 2.6.390";"PASSED";"0.76";"NDXm_TICK_UTCPlus02";"M15";"3583.63";"";"1245";"1.14";"0.92";"0.07";"1.79";"0.78";"0.0";"944.81";"0.92";"3.79";"1.0";"49.1";"39.84";"25.85";"19.08";"22.33";"5.84";"0.53";"854.4";"";"393";"1.09";"0.62";"0.05";"1.71";"0.72";"0.0";"896.1";"0.89";"0.95";"0.98";"55.84";"45.56";"31.26";"24.62";"27.75";"2.14"
"Strategy 2.6.391";"PASSED";"0.89";"NDXm_TICK_UTCPlus02";"M15";"3128.34";"";"449";"1.41";"1.31";"0.23";"1.56";"0.79";"0.0";"290.02";"0.77";"10.79";"2.78";"54.71";"30.02";"19.76";"17.28";"18.36";"1.34";"0.81";"2205.61";"";"171";"1.64";"1.97";"0.35";"4.41";"0.84";"0.0";"406.8";"0.84";"5.42";"5.44";"72.46";"37.06";"23.38";"12.1";"17.25";"0.55"
"Strategy 2.6.418";"PASSED";"0.83";"NDXm_TICK_UTCPlus02";"M15";"5483.26";"";"1693";"1.14";"1.08";"0.09";"2.74";"0.71";"0.0";"906.73";"0.64";"6.05";"1.55";"65.73";"36.99";"29.67";"19.19";"23.3";"13.03";"0.67";"1882.8";"";"617";"1.11";"0.9";"0.07";"3.77";"0.81";"0.0";"856.42";"0.58";"2.2";"2.31";"84.53";"44.04";"33.31";"19.24";"24.4";"3.66"
"Strategy 2.6.425";"PASSED";"0.7";"NDXm_TICK_UTCPlus02";"M15";"2737.08";"";"891";"1.15";"0.83";"0.08";"1.37";"0.78";"0.0";"1040.67";"0.95";"2.63";"0.69";"47.7";"39.31";"33.29";"27.82";"30.48";"5.38";"0.61";"864.84";"";"304";"1.11";"0.69";"0.06";"1.73";"0.69";"0.0";"540.47";"0.88";"1.6";"1.62";"60.38";"47.59";"37.71";"35.98";"36.79";"1.72"
"Strategy 2.6.446";"PASSED";"0.55";"NDXm_TICK_UTCPlus02";"M15";"1383.07";"";"699";"1.1";"0.43";"0.06";"0.69";"0.63";"0.0";"1250.89";"0.74";"1.11";"0.28";"52.61";"35.65";"20.76";"15.31";"17.63";"2.48";"0.8";"1549.21";"";"254";"1.27";"1.31";"0.16";"3.1";"0.8";"0.0";"314.0";"0.75";"4.93";"5.0";"66.41";"39.24";"18.83";"10.99";"14.35";"0.67"
"Strategy 2.6.448";"PASSED";"0.65";"NDXm_TICK_UTCPlus02";"M15";"3092.77";"";"1800";"1.08";"0.63";"0.05";"1.55";"0.83";"0.0";"1526.21";"0.71";"2.03";"0.53";"53.85";"35.52";"22.11";"14.41";"17.61";"10.0";"0.67";"2323.65";"";"637";"1.15";"1.25";"0.09";"4.65";"0.85";"0.0";"1044.83";"0.7";"2.22";"2.36";"68.68";"42.08";"25.2";"15.93";"19.76";"3.11"
"Strategy 2.6.451";"PASSED";"0.64";"NDXm_TICK_UTCPlus02";"M15";"1220.96";"";"821";"1.1";"0.47";"0.05";"0.61";"0.78";"0.0";"637.81";"0.92";"1.91";"0.48";"34.24";"28.74";"14.72";"13.16";"13.91";"2.27";"0.66";"696.6";"";"267";"1.14";"0.77";"0.08";"1.39";"0.77";"0.0";"338.96";"0.91";"2.06";"2.07";"43.45";"34.44";"19.87";"18.08";"18.93";"0.55"
"Strategy 2.6.467";"PASSED";"0.76";"NDXm_TICK_UTCPlus02";"M15";"3069.37";"";"1132";"1.13";"0.84";"0.06";"1.53";"0.73";"0.0";"807.55";"1.03";"3.8";"0.94";"45.75";"41.72";"26.36";"22.36";"24.39";"9.12";"0.65";"1392.8";"";"393";"1.14";"0.96";"0.07";"2.79";"0.7";"0.0";"694.61";"0.98";"2.01";"2.07";"57.09";"49.19";"30.14";"23.73";"26.91";"2.82"
"Strategy 2.6.481";"PASSED";"0.83";"NDXm_TICK_UTCPlus02";"M15";"4438.74";"";"1372";"1.16";"1.06";"0.1";"2.22";"0.68";"0.0";"685.1";"0.71";"6.48";"1.58";"55.39";"33.72";"21.99";"13.33";"16.92";"8.61";"0.6";"1372.47";"";"481";"1.12";"0.82";"0.07";"2.74";"0.71";"0.0";"898.09";"0.63";"1.53";"1.55";"70.43";"39.76";"25.74";"15.79";"19.63";"2.31"
"Strategy 2.6.492";"PASSED";"0.69";"NDXm_TICK_UTCPlus02";"M15";"2652.43";"";"1466";"1.08";"0.55";"0.05";"1.33";"0.74";"0.0";"1050.62";"0.63";"2.52";"0.64";"62.27";"36.22";"28.61";"19.41";"22.96";"7.44";"0.69";"1899.68";"";"479";"1.16";"1.08";"0.1";"3.8";"0.78";"0.0";"736.08";"0.63";"2.58";"2.62";"75.31";"41.33";"28.31";"18.06";"22.04";"1.34"
"Strategy 2.6.507";"PASSED";"0.8";"NDXm_TICK_UTCPlus02";"M15";"5093.36";"";"2921";"1.1";"1.09";"0.05";"2.55";"0.84";"0.0";"986.44";"0.88";"5.16";"1.28";"39.56";"31.7";"19.37";"15.9";"17.53";"4.58";"0.62";"1432.21";"";"835";"1.08";"0.84";"0.05";"2.86";"0.86";"0.0";"852.52";"0.84";"1.68";"1.69";"48.29";"37.56";"23.18";"18.7";"20.75";"0.92"
"Strategy 2.6.512";"PASSED";"0.76";"NDXm_TICK_UTCPlus02";"M15";"2005.42";"";"434";"1.24";"0.91";"0.12";"1.0";"0.76";"0.0";"516.17";"1.05";"3.89";"1.0";"46.19";"38.91";"23.38";"22.12";"22.76";"1.68";"0.89";"2052.69";"";"155";"1.69";"2.35";"0.3";"4.11";"0.89";"0.0";"192.27";"1.31";"10.68";"11.11";"57.32";"44.64";"27.82";"22.93";"25.7";"0.67"
"Strategy 2.6.518";"PASSED";"0.72";"NDXm_TICK_UTCPlus02";"M15";"2812.07";"";"1222";"1.15";"0.95";"0.06";"1.41";"0.79";"0.0";"935.18";"1.35";"3.01";"0.78";"30.91";"36.19";"18.62";"19.02";"18.79";"3.49";"0.57";"689.78";"";"391";"1.09";"0.61";"0.04";"1.38";"0.67";"0.0";"552.52";"1.21";"1.25";"1.25";"39.8";"44.22";"24.49";"24.66";"24.57";"1.18"
"Strategy 2.6.537";"PASSED";"0.77";"NDXm_TICK_UTCPlus02";"M15";"4225.44";"";"1636";"1.12";"0.86";"0.06";"2.11";"0.71";"0.0";"1028.82";"0.79";"4.11";"1.07";"56.73";"40.09";"28.56";"19.68";"23.59";"12.35";"0.58";"1312.03";"";"562";"1.09";"0.72";"0.05";"2.62";"0.73";"0.0";"980.18";"0.72";"1.34";"1.39";"70.82";"46.88";"32.41";"19.64";"24.98";"3.53"
"Strategy 2.6.544";"PASSED";"0.66";"NDXm_TICK_UTCPlus02";"M15";"3518.59";"";"1342";"1.12";"0.8";"0.08";"1.76";"0.73";"0.0";"1673.95";"0.63";"2.1";"0.54";"61.83";"34.72";"27.2";"17.93";"21.51";"9.79";"0.58";"983.3";"";"477";"1.08";"0.55";"0.05";"1.97";"0.72";"0.0";"751.8";"0.56";"1.31";"1.33";"80.39";"42.11";"33.69";"19.73";"24.76";"2.56"
"Strategy 2.6.558";"PASSED";"0.79";"NDXm_TICK_UTCPlus02";"M15";"4632.75";"";"1375";"1.17";"1.09";"0.09";"2.32";"0.76";"0.0";"1012.89";"0.77";"4.57";"1.12";"53.86";"35.49";"23.55";"15.06";"18.75";"8.61";"0.71";"2445.67";"";"484";"1.21";"1.45";"0.12";"4.89";"0.69";"0.0";"842.88";"0.74";"2.9";"2.93";"69.62";"42.79";"26.14";"17.38";"21.11";"2.48"
"Strategy 2.6.565";"PASSED";"0.62";"NDXm_TICK_UTCPlus02";"M15";"3676.62";"";"2156";"1.09";"0.82";"0.06";"1.84";"0.75";"0.0";"2209.0";"0.72";"1.66";"0.44";"47.3";"30.97";"21.84";"15.99";"18.43";"4.24";"0.62";"1315.0";"";"629";"1.1";"0.83";"0.06";"2.63";"0.81";"0.0";"774.44";"0.7";"1.7";"1.71";"58.02";"36.8";"27.87";"20.7";"23.64";"1.13"
"Strategy 2.6.570";"PASSED";"0.72";"NDXm_TICK_UTCPlus02";"M15";"3035.16";"";"1380";"1.12";"0.82";"0.06";"1.52";"0.77";"0.0";"996.31";"0.98";"3.05";"0.79";"42.06";"36.97";"24.47";"22.14";"23.29";"5.17";"0.67";"1446.95";"";"433";"1.16";"1.08";"0.08";"2.89";"0.81";"0.0";"635.0";"0.97";"2.28";"2.37";"50.6";"42.41";"31.31";"26.42";"28.83";"1.43"
"Strategy 2.7.300";"PASSED";"0.65";"NDXm_TICK_UTCPlus02";"M15";"2883.75";"";"1752";"1.09";"0.68";"0.05";"1.44";"0.77";"0.0";"1476.33";"0.85";"1.95";"0.51";"43.06";"33.72";"14.93";"11.76";"13.22";"7.9";"0.53";"949.21";"";"630";"1.07";"0.56";"0.04";"1.9";"0.73";"0.0";"992.67";"0.78";"0.96";"0.99";"54.73";"40.26";"17.04";"12.63";"14.57";"2.65"
"Strategy 2.7.301";"PASSED";"0.61";"NDXm_TICK_UTCPlus02";"M15";"1260.32";"";"652";"1.1";"0.46";"0.06";"0.63";"0.73";"0.0";"811.27";"0.7";"1.55";"0.38";"49.5";"31.27";"18.81";"12.82";"15.28";"2.18";"0.55";"761.3";"";"219";"1.16";"0.74";"0.09";"1.52";"0.79";"0.0";"706.2";"0.71";"1.08";"1.1";"60.63";"37.16";"25.95";"19.75";"22.32";"0.71"
"Strategy 2.7.311";"PASSED";"0.78";"NDXm_TICK_UTCPlus02";"M15";"4671.99";"";"1559";"1.14";"0.94";"0.08";"2.34";"0.8";"0.0";"1076.83";"0.62";"4.34";"1.14";"65.89";"35.82";"30.11";"17.09";"22.06";"10.29";"0.55";"1252.6";"";"539";"1.09";"0.63";"0.05";"2.51";"0.68";"0.0";"1151.98";"0.56";"1.09";"1.1";"81.9";"42.43";"31.7";"18.85";"23.47";"3.03"
"Strategy 2.7.317";"PASSED";"0.65";"NDXm_TICK_UTCPlus02";"M15";"3609.4";"";"2694";"1.07";"0.68";"0.04";"1.8";"0.77";"0.0";"1796.21";"0.78";"2.01";"0.5";"45.89";"33.28";"19.74";"14.26";"16.66";"10.21";"0.61";"1349.25";"";"926";"1.07";"0.68";"0.04";"2.7";"0.8";"0.0";"843.72";"0.72";"1.6";"1.65";"56.08";"37.76";"21.17";"14.06";"17.03";"3.45"
"Strategy 2.7.325";"PASSED";"0.72";"NDXm_TICK_UTCPlus02";"M15";"4466.76";"";"1835";"1.13";"1.01";"0.07";"2.23";"0.84";"0.0";"1508.15";"0.79";"2.96";"0.79";"49.21";"34.29";"27.82";"22.0";"24.56";"3.74";"0.54";"935.88";"";"522";"1.07";"0.57";"0.04";"1.87";"0.76";"0.0";"888.78";"0.72";"1.05";"1.08";"62.17";"41.5";"34.82";"26.91";"30.21";"0.8"
"Strategy 2.7.351";"PASSED";"0.84";"NDXm_TICK_UTCPlus02";"M15";"5161.53";"";"1228";"1.21";"1.37";"0.1";"2.58";"0.79";"0.0";"753.65";"1.11";"6.85";"1.8";"45.56";"41.56";"25.4";"21.15";"23.38";"9.58";"0.62";"1355.37";"";"412";"1.13";"0.91";"0.07";"2.71";"0.74";"0.0";"814.78";"0.99";"1.66";"1.72";"56.43";"49.34";"28.2";"22.48";"25.33";"2.86"
"Strategy 2.7.361";"PASSED";"0.77";"NDXm_TICK_UTCPlus02";"M15";"4164.43";"";"1510";"1.13";"0.97";"0.06";"2.08";"0.7";"0.0";"1047.95";"1.04";"3.97";"0.98";"46.24";"42.48";"26.53";"21.94";"24.28";"11.55";"0.54";"857.6";"";"522";"1.06";"0.51";"0.03";"1.72";"0.67";"0.0";"808.18";"0.92";"1.06";"1.08";"57.01";"49.24";"29.9";"24.77";"27.23";"3.91"
"Strategy 2.7.375";"PASSED";"0.67";"NDXm_TICK_UTCPlus02";"M15";"1656.5";"";"426";"1.18";"0.63";"0.1";"0.83";"0.57";"0.0";"736.49";"0.78";"2.25";"0.58";"58.29";"38.28";"34.59";"24.45";"28.87";"3.11";"0.56";"788.55";"";"138";"1.23";"0.83";"0.13";"1.58";"0.81";"0.0";"473.07";"0.75";"1.67";"1.7";"72.16";"43.91";"32.1";"23.56";"27.21";"0.55"
"Strategy 2.7.379";"PASSED";"0.82";"NDXm_TICK_UTCPlus02";"M15";"5806.15";"";"3273";"1.11";"1.18";"0.05";"2.9";"0.78";"0.0";"987.38";"1.05";"5.88";"1.44";"34.41";"32.43";"13.93";"11.94";"12.95";"7.73";"0.78";"3205.89";"";"1078";"1.16";"1.72";"0.08";"6.41";"0.86";"0.0";"724.38";"1.05";"4.43";"4.75";"42.47";"38.47";"14.81";"12.16";"13.51";"2.35"
"Strategy 2.7.381";"PASSED";"0.7";"NDXm_TICK_UTCPlus02";"M15";"2804.73";"";"1407";"1.09";"0.61";"0.06";"1.4";"0.75";"0.0";"1061.06";"0.63";"2.64";"0.67";"62.06";"36.1";"28.45";"20.31";"23.47";"7.48";"0.71";"2117.7";"";"461";"1.18";"1.23";"0.11";"4.24";"0.86";"0.0";"731.93";"0.66";"2.89";"2.92";"74.35";"41.32";"28.45";"18.65";"22.54";"1.3"
"Strategy 2.7.385";"PASSED";"0.77";"NDXm_TICK_UTCPlus02";"M15";"5325.04";"";"2174";"1.11";"0.99";"0.06";"2.66";"0.79";"0.0";"1316.12";"0.83";"4.05";"1.08";"54.54";"40.71";"33.72";"24.98";"28.94";"16.81";"0.75";"2877.47";"";"682";"1.17";"1.52";"0.09";"5.75";"0.81";"0.0";"811.93";"0.85";"3.54";"3.76";"63.91";"46.42";"38.01";"26.38";"31.72";"5.84"
"Strategy 2.7.386";"PASSED";"0.76";"NDXm_TICK_UTCPlus02";"M15";"6263.29";"";"3100";"1.11";"1.07";"0.06";"3.13";"0.86";"0.0";"1651.52";"0.66";"3.79";"1.0";"53.58";"31.8";"21.25";"13.18";"16.37";"11.6";"0.6";"1644.55";"";"997";"1.07";"0.75";"0.05";"3.29";"0.69";"0.0";"1081.06";"0.59";"1.52";"1.59";"66.54";"36.65";"23.92";"13.66";"17.47";"3.4"
"Strategy 2.7.393";"PASSED";"0.82";"NDXm_TICK_UTCPlus02";"M15";"2971.24";"";"1175";"1.15";"0.97";"0.06";"1.49";"0.78";"0.0";"531.6";"1.38";"5.59";"1.44";"32.99";"39.46";"19.12";"18.27";"18.76";"4.08";"0.58";"617.07";"";"369";"1.09";"0.57";"0.04";"1.23";"0.79";"0.0";"468.21";"1.29";"1.32";"1.34";"36.78";"43.69";"22.93";"19.7";"21.52";"1.6"
"Strategy 2.7.394";"PASSED";"0.86";"NDXm_TICK_UTCPlus02";"M15";"5588.32";"";"2358";"1.13";"1.13";"0.08";"2.79";"0.89";"0.0";"684.63";"0.62";"8.16";"2.0";"55.12";"30.13";"25.84";"17.26";"20.53";"3.15";"0.6";"1009.71";"";"666";"1.07";"0.59";"0.04";"2.02";"0.74";"0.0";"664.53";"0.59";"1.52";"1.55";"64.85";"36.06";"30.3";"21.65";"24.87";"0.71"
"Strategy 2.7.401";"PASSED";"0.75";"NDXm_TICK_UTCPlus02";"M15";"5998.7";"";"3019";"1.11";"1.15";"0.06";"3.0";"0.82";"0.0";"1630.75";"0.78";"3.68";"0.99";"44.48";"31.03";"17.19";"11.99";"14.26";"8.53";"0.77";"3759.91";"";"955";"1.19";"1.88";"0.11";"7.52";"0.88";"0.0";"937.95";"0.81";"4.01";"4.32";"54.15";"36.67";"18.82";"13.81";"16.05";"2.69"
"Strategy 2.7.406";"PASSED";"0.77";"NDXm_TICK_UTCPlus02";"M15";"3368.36";"";"1019";"1.18";"1.07";"0.07";"1.68";"0.74";"0.0";"804.52";"1.41";"4.19";"1.02";"37.2";"44.65";"26.9";"29.0";"27.77";"8.95";"0.56";"722.28";"";"361";"1.09";"0.58";"0.04";"1.44";"0.6";"0.0";"620.33";"1.28";"1.16";"1.16";"42.98";"50.65";"30.07";"31.06";"30.5";"3.11"
"Strategy 2.7.408";"PASSED";"0.69";"NDXm_TICK_UTCPlus02";"M15";"4149.07";"";"1754";"1.13";"0.99";"0.07";"2.07";"0.76";"0.0";"1617.28";"0.88";"2.57";"0.67";"43.97";"34.33";"15.31";"11.62";"13.35";"8.66";"0.6";"1131.91";"";"606";"1.08";"0.71";"0.05";"2.26";"0.84";"0.0";"764.18";"0.8";"1.48";"1.5";"54.7";"40.59";"18.67";"13.24";"15.66";"2.82"
"Strategy 2.7.417";"PASSED";"0.78";"NDXm_TICK_UTCPlus02";"M15";"6685.22";"";"3001";"1.11";"1.13";"0.06";"3.34";"0.72";"0.0";"1484.88";"0.9";"4.5";"1.21";"47.3";"38.42";"22.65";"18.74";"20.59";"13.99";"0.68";"2194.92";"";"975";"1.09";"0.94";"0.05";"4.39";"0.79";"0.0";"928.7";"0.86";"2.36";"2.4";"57.25";"45.28";"23.76";"19.09";"21.26";"3.91"
"Strategy 2.7.419";"PASSED";"0.67";"NDXm_TICK_UTCPlus02";"M15";"4050.42";"";"1651";"1.11";"0.83";"0.06";"2.03";"0.75";"0.0";"1815.59";"0.89";"2.23";"0.59";"54.72";"44.13";"37.92";"27.98";"32.66";"16.68";"0.72";"2383.21";"";"566";"1.16";"1.29";"0.08";"4.77";"0.84";"0.0";"779.07";"0.89";"3.06";"3.22";"64.93";"50.01";"42.33";"29.52";"35.56";"5.5"
"Strategy 2.7.428";"PASSED";"0.7";"NDXm_TICK_UTCPlus02";"M15";"4813.18";"";"2256";"1.11";"0.94";"0.06";"2.41";"0.75";"0.0";"1806.95";"0.66";"2.66";"0.71";"56.41";"33.49";"29.51";"21.19";"24.49";"5.92";"0.62";"1490.71";"";"646";"1.09";"0.81";"0.06";"2.98";"0.76";"0.0";"907.08";"0.61";"1.64";"1.66";"70.89";"39.6";"34.4";"24.83";"28.46";"1.18"
"Strategy 2.7.431";"PASSED";"0.9";"NDXm_TICK_UTCPlus02";"M15";"3414.04";"";"459";"1.49";"1.43";"0.29";"1.71";"0.71";"0.0";"276.55";"0.66";"12.35";"3.13";"57.25";"25.29";"17.95";"14.68";"15.97";"1.26";"0.83";"2232.86";"";"179";"1.68";"1.99";"0.41";"4.47";"0.86";"0.0";"358.42";"0.67";"6.23";"6.3";"76.76";"30.78";"21.36";"10.96";"15.15";"0.46"
"Strategy 2.7.437";"PASSED";"0.85";"NDXm_TICK_UTCPlus02";"M15";"4719.97";"";"1178";"1.21";"1.26";"0.12";"2.36";"0.75";"0.0";"621.76";"0.83";"7.59";"1.9";"50.05";"34.04";"19.56";"12.88";"15.9";"6.93";"0.6";"936.61";"";"414";"1.09";"0.64";"0.05";"1.87";"0.76";"0.0";"626.51";"0.73";"1.49";"1.52";"62.53";"41.44";"20.74";"12.5";"15.96";"1.97"
"Strategy 2.7.453";"PASSED";"0.78";"NDXm_TICK_UTCPlus02";"M15";"4992.58";"";"2021";"1.13";"1.06";"0.08";"2.5";"0.87";"0.0";"1178.43";"0.62";"4.24";"1.12";"56.17";"31.07";"29.29";"19.8";"23.45";"3.74";"0.52";"935.14";"";"578";"1.07";"0.54";"0.04";"1.87";"0.8";"0.0";"1031.23";"0.57";"0.91";"0.94";"69.36";"37.33";"35.33";"24.36";"28.36";"0.76"
"Strategy 2.7.462";"PASSED";"0.78";"NDXm_TICK_UTCPlus02";"M15";"5615.51";"";"1875";"1.15";"1.17";"0.09";"2.81";"0.68";"0.0";"1290.53";"0.76";"4.35";"1.13";"52.44";"34.69";"19.49";"13.72";"16.22";"9.75";"0.65";"2873.99";"";"649";"1.19";"1.51";"0.11";"5.75";"0.83";"0.0";"1401.54";"0.73";"2.05";"2.19";"66.8";"41.15";"22.03";"14.79";"17.85";"2.65"
"Strategy 2.7.468";"PASSED";"0.73";"NDXm_TICK_UTCPlus02";"M15";"4774.93";"";"1501";"1.14";"0.99";"0.09";"2.39";"0.74";"0.0";"1475.12";"0.64";"3.24";"0.8";"65.63";"36.81";"31.38";"18.49";"23.52";"10.38";"0.71";"2474.56";"";"530";"1.17";"1.26";"0.11";"4.95";"0.84";"0.0";"895.7";"0.61";"2.76";"2.93";"83.86";"43.71";"33.32";"19.71";"24.87";"2.94"
"Strategy 2.7.470";"PASSED";"0.84";"NDXm_TICK_UTCPlus02";"M15";"5258.61";"";"1347";"1.2";"1.33";"0.1";"2.63";"0.84";"0.0";"800.58";"0.97";"6.57";"1.66";"48.23";"39.19";"27.07";"19.98";"23.47";"6.81";"0.75";"1744.98";"";"399";"1.19";"1.27";"0.1";"3.49";"0.79";"0.0";"495.26";"0.97";"3.52";"3.67";"55.29";"44.78";"31.71";"23.76";"27.66";"2.1"
"Strategy 2.7.480";"PASSED";"0.84";"NDXm_TICK_UTCPlus02";"M15";"2271.03";"";"408";"1.32";"1.0";"0.19";"1.14";"0.77";"0.0";"330.87";"0.68";"6.86";"1.75";"57.23";"29.51";"20.22";"17.46";"18.57";"1.43";"0.69";"1062.48";"";"156";"1.31";"1.05";"0.19";"2.12";"0.78";"0.0";"415.76";"0.64";"2.56";"2.55";"73.97";"36.31";"19.05";"13.03";"15.38";"0.42"
"Strategy 2.7.485";"PASSED";"0.77";"NDXm_TICK_UTCPlus02";"M15";"4336.14";"";"2258";"1.11";"0.93";"0.06";"2.17";"0.88";"0.0";"1075.07";"0.72";"4.03";"1.04";"48.18";"31.43";"22.08";"15.67";"18.36";"5.88";"0.53";"1182.31";"";"708";"1.08";"0.66";"0.05";"2.36";"0.77";"0.0";"1198.45";"0.67";"0.99";"1.02";"58.45";"36.58";"26.07";"17.44";"20.92";"1.39"
"Strategy 2.7.492";"PASSED";"0.71";"NDXm_TICK_UTCPlus02";"M15";"2896.84";"";"774";"1.21";"0.99";"0.11";"1.45";"0.75";"0.0";"1014.86";"0.92";"2.85";"0.74";"45.48";"34.48";"16.76";"16.47";"16.61";"2.02";"0.9";"2674.69";"";"260";"1.55";"2.46";"0.26";"5.35";"0.85";"0.0";"230.84";"1.1";"11.59";"11.89";"55.58";"39.39";"17.9";"13.31";"15.71";"0.55"
"Strategy 2.7.497";"PASSED";"0.75";"NDXm_TICK_UTCPlus02";"M15";"3540.28";"";"2093";"1.1";"0.81";"0.04";"1.77";"0.66";"0.0";"1006.65";"1.47";"3.52";"0.86";"32.51";"43.46";"18.37";"19.57";"18.86";"11.51";"0.7";"2607.04";"";"714";"1.19";"1.75";"0.07";"5.21";"0.83";"0.0";"971.57";"1.52";"2.68";"2.85";"38.41";"49.29";"20.46";"20.8";"20.59";"3.53"
"Strategy 2.7.514";"PASSED";"0.77";"NDXm_TICK_UTCPlus02";"M15";"4916.61";"";"2108";"1.14";"1.2";"0.07";"2.46";"0.79";"0.0";"1229.5";"0.94";"4.0";"1.06";"40.11";"33.15";"20.79";"16.9";"18.78";"4.62";"0.68";"1807.14";"";"623";"1.14";"1.21";"0.08";"3.61";"0.78";"0.0";"770.35";"0.91";"2.35";"2.37";"48.57";"38.44";"24.67";"21.24";"22.87";"1.18"
"Strategy 2.7.519";"PASSED";"0.77";"NDXm_TICK_UTCPlus02";"M15";"4151.41";"";"1441";"1.14";"0.97";"0.07";"2.08";"0.72";"0.0";"1010.6";"0.95";"4.11";"1.01";"48.87";"40.8";"26.53";"21.8";"24.1";"11.13";"0.61";"1547.61";"";"500";"1.12";"0.97";"0.06";"3.1";"0.7";"0.0";"950.76";"0.89";"1.63";"1.65";"60.58";"48.3";"31.49";"22.46";"26.72";"3.32"
"Strategy 2.7.521";"PASSED";"0.48";"NDXm_TICK_UTCPlus02";"M15";"397.86";"";"466";"1.05";"0.14";"0.03";"0.2";"0.72";"0.0";"562.7";"0.69";"0.71";"0.18";"42.54";"27.84";"17.15";"10.56";"13.24";"1.09";"0.69";"1187.95";"";"140";"1.5";"1.63";"0.29";"2.38";"0.83";"0.0";"304.67";"0.75";"3.9";"3.97";"59.08";"29.46";"21.8";"16.55";"18.8";"0.46"
"Strategy 2.7.530";"PASSED";"0.87";"NDXm_TICK_UTCPlus02";"M15";"6311.54";"";"1413";"1.23";"1.5";"0.13";"3.16";"0.81";"0.0";"690.38";"0.82";"9.14";"2.32";"53.06";"35.3";"23.16";"14.28";"18.27";"8.82";"0.64";"1615.75";"";"491";"1.13";"0.96";"0.08";"3.23";"0.69";"0.0";"842.88";"0.69";"1.92";"1.92";"69.19";"42.0";"26.01";"16.43";"20.33";"2.48"
"Strategy 2.7.538";"PASSED";"0.83";"NDXm_TICK_UTCPlus02";"M15";"7145.92";"";"1790";"1.18";"1.35";"0.11";"3.57";"0.65";"0.0";"1144.7";"0.66";"6.24";"1.62";"65.72";"36.68";"29.75";"17.89";"22.6";"12.73";"0.57";"1629.62";"";"650";"1.09";"0.77";"0.06";"3.26";"0.74";"0.0";"1308.24";"0.57";"1.25";"1.31";"83.74";"43.8";"33.48";"18.07";"23.67";"3.45"
"Strategy 2.7.546";"PASSED";"0.6";"NDXm_TICK_UTCPlus02";"M15";"1896.57";"";"1077";"1.09";"0.58";"0.04";"0.95";"0.66";"0.0";"1287.0";"1.41";"1.47";"0.37";"35.5";"45.79";"27.09";"30.2";"28.38";"10.21";"0.64";"1173.01";"";"381";"1.15";"0.97";"0.06";"2.35";"0.79";"0.0";"634.45";"1.46";"1.85";"1.91";"40.01";"50.77";"30.79";"32.95";"31.67";"3.36"
"Strategy 2.7.548";"PASSED";"0.77";"NDXm_TICK_UTCPlus02";"M15";"5175.85";"";"2771";"1.11";"1.13";"0.06";"2.59";"0.85";"0.0";"1249.15";"0.89";"4.14";"1.09";"39.96";"31.9";"19.89";"16.44";"18.06";"4.79";"0.55";"857.5";"";"780";"1.05";"0.51";"0.03";"1.71";"0.81";"0.0";"750.75";"0.81";"1.14";"1.15";"49.37";"38.19";"24.57";"19.3";"21.66";"0.92"
"Strategy 2.7.554";"PASSED";"0.76";"NDXm_TICK_UTCPlus02";"M15";"3707.8";"";"1842";"1.09";"0.67";"0.05";"1.85";"0.76";"0.0";"939.63";"0.61";"3.95";"0.98";"66.42";"37.55";"30.78";"19.1";"23.54";"14.58";"0.72";"2799.26";"";"659";"1.15";"1.32";"0.1";"5.6";"0.79";"0.0";"927.51";"0.6";"3.02";"3.24";"84.88";"44.41";"34.79";"19.74";"25.4";"4.08"
"Strategy 2.7.566";"PASSED";"0.81";"NDXm_TICK_UTCPlus02";"M15";"5050.54";"";"2269";"1.12";"1.12";"0.06";"2.53";"0.81";"0.0";"965.4";"1.02";"5.23";"1.37";"39.94";"36.06";"22.61";"19.3";"20.97";"8.45";"0.64";"1394.05";"";"671";"1.1";"0.85";"0.05";"2.79";"0.77";"0.0";"727.6";"0.98";"1.92";"1.99";"47.7";"42.61";"26.38";"23.57";"24.96";"2.98"
"Strategy 2.7.574";"PASSED";"0.84";"NDXm_TICK_UTCPlus02";"M15";"5585.71";"";"2067";"1.15";"1.23";"0.09";"2.79";"0.9";"0.0";"845.09";"0.73";"6.61";"1.74";"48.39";"30.44";"22.76";"15.95";"18.82";"5.21";"0.57";"1141.82";"";"635";"1.08";"0.68";"0.05";"2.28";"0.76";"0.0";"933.84";"0.65";"1.22";"1.24";"60.11";"35.81";"28.6";"17.86";"22.07";"1.18"
"Strategy 2.8.300";"PASSED";"0.85";"NDXm_TICK_UTCPlus02";"M15";"3184.67";"";"439";"1.42";"1.34";"0.23";"1.59";"0.72";"0.0";"441.51";"0.84";"7.21";"1.79";"53.66";"31.94";"20.2";"18.77";"19.43";"1.34";"0.8";"2010.96";"";"172";"1.56";"1.82";"0.31";"4.02";"0.82";"0.0";"416.69";"0.83";"4.83";"4.84";"71.54";"37.97";"23.44";"12.5";"17.46";"0.55"
"Strategy 2.8.301";"PASSED";"0.66";"NDXm_TICK_UTCPlus02";"M15";"1154.05";"";"400";"1.18";"0.62";"0.08";"0.58";"0.74";"0.0";"556.36";"1.38";"2.07";"0.53";"32.29";"37.72";"16.55";"14.32";"15.62";"1.34";"0.6";"748.96";"";"148";"1.29";"1.11";"0.11";"1.5";"0.81";"0.0";"342.58";"1.6";"2.19";"2.21";"36.22";"44.69";"25.42";"21.39";"23.86";"0.71"
"Strategy 2.8.302";"PASSED";"0.79";"NDXm_TICK_UTCPlus02";"M15";"4447.75";"";"1266";"1.16";"1.02";"0.1";"2.22";"0.83";"0.0";"952.29";"0.7";"4.67";"1.19";"61.0";"36.95";"28.41";"18.38";"22.52";"8.49";"0.61";"1471.84";"";"454";"1.12";"0.84";"0.07";"2.94";"0.71";"0.0";"913.04";"0.65";"1.61";"1.63";"76.21";"44.25";"29.21";"17.64";"22.2";"2.39"
"Strategy 2.8.307";"PASSED";"0.84";"NDXm_TICK_UTCPlus02";"M15";"4083.0";"";"1069";"1.21";"1.28";"0.09";"2.04";"0.73";"0.0";"618.43";"1.46";"6.6";"1.61";"37.21";"44.85";"24.54";"26.36";"25.28";"9.12";"0.62";"990.42";"";"368";"1.13";"0.8";"0.05";"1.98";"0.79";"0.0";"603.26";"1.34";"1.64";"1.68";"42.21";"50.41";"28.01";"28.32";"28.14";"2.98"
"Strategy 2.8.309";"PASSED";"0.81";"NDXm_TICK_UTCPlus02";"M15";"4982.12";"";"2613";"1.1";"0.99";"0.06";"2.49";"0.82";"0.0";"959.29";"0.88";"5.19";"1.36";"43.31";"34.41";"17.83";"13.97";"15.78";"8.66";"0.53";"1304.8";"";"869";"1.07";"0.66";"0.04";"2.61";"0.76";"0.0";"1344.78";"0.85";"0.97";"1.01";"51.14";"40.64";"19.02";"14.94";"16.81";"2.35"
"Strategy 2.8.321";"PASSED";"0.84";"NDXm_TICK_UTCPlus02";"M15";"4943.47";"";"1822";"1.15";"1.17";"0.09";"2.47";"0.82";"0.0";"749.58";"0.73";"6.59";"1.73";"48.28";"30.34";"21.44";"14.67";"17.52";"6.39";"0.62";"1323.37";"";"556";"1.11";"0.83";"0.06";"2.65";"0.66";"0.0";"807.04";"0.68";"1.64";"1.71";"60.1";"37.15";"26.53";"18.93";"22.02";"1.89"
"Strategy 2.8.322";"PASSED";"0.64";"NDXm_TICK_UTCPlus02";"M15";"3761.3";"";"2116";"1.09";"0.78";"0.05";"1.88";"0.81";"0.0";"2014.48";"0.81";"1.87";"0.49";"49.57";"36.79";"29.62";"23.56";"26.26";"8.07";"0.54";"758.3";"";"589";"1.05";"0.43";"0.03";"1.52";"0.8";"0.0";"734.14";"0.74";"1.03";"1.06";"62.03";"43.51";"35.84";"28.54";"31.64";"2.61"
"Strategy 2.8.336";"PASSED";"0.81";"NDXm_TICK_UTCPlus02";"M15";"4803.33";"";"1848";"1.15";"1.14";"0.07";"2.4";"0.77";"0.0";"915.09";"0.95";"5.25";"1.34";"42.24";"34.87";"15.44";"13.22";"14.3";"8.28";"0.69";"2039.48";"";"663";"1.14";"1.23";"0.07";"4.08";"0.76";"0.0";"804.28";"0.9";"2.54";"2.63";"53.63";"42.41";"18.0";"14.17";"15.98";"2.52"
"Strategy 2.8.346";"PASSED";"0.72";"NDXm_TICK_UTCPlus02";"M15";"4650.43";"";"1586";"1.13";"0.9";"0.07";"2.33";"0.69";"0.0";"1527.2";"0.73";"3.05";"0.75";"61.93";"40.0";"33.03";"21.62";"26.42";"12.98";"0.71";"2756.69";"";"547";"1.18";"1.5";"0.11";"5.51";"0.81";"0.0";"953.34";"0.74";"2.89";"2.92";"76.49";"47.58";"36.15";"23.09";"28.63";"3.82"
"Strategy 2.8.357";"PASSED";"0.8";"NDXm_TICK_UTCPlus02";"M15";"6267.79";"";"2880";"1.11";"1.14";"0.07";"3.13";"0.81";"0.0";"1244.88";"0.65";"5.03";"1.35";"53.41";"31.34";"20.65";"13.67";"16.43";"9.87";"0.67";"2230.79";"";"907";"1.11";"1.07";"0.06";"4.46";"0.75";"0.0";"1017.26";"0.63";"2.19";"2.24";"66.29";"37.83";"24.44";"16.45";"19.55";"3.24"
"Strategy 2.8.370";"PASSED";"0.76";"NDXm_TICK_UTCPlus02";"M15";"3344.13";"";"1145";"1.14";"0.87";"0.08";"1.67";"0.71";"0.0";"883.92";"0.81";"3.78";"0.95";"53.6";"37.93";"27.3";"21.05";"23.84";"9.03";"0.66";"2025.61";"";"400";"1.2";"1.29";"0.11";"4.05";"0.76";"0.0";"964.04";"0.79";"2.1";"2.15";"70.48";"46.34";"31.83";"20.01";"25.21";"1.93"
"Strategy 2.8.375";"PASSED";"0.83";"NDXm_TICK_UTCPlus02";"M15";"5318.45";"";"1473";"1.16";"1.15";"0.09";"2.66";"0.76";"0.0";"847.85";"0.9";"6.27";"1.64";"54.55";"42.14";"32.35";"22.82";"27.33";"11.64";"0.58";"1343.49";"";"504";"1.1";"0.76";"0.05";"2.69";"0.67";"0.0";"1024.7";"0.77";"1.31";"1.37";"68.95";"48.68";"33.5";"24.29";"28.31";"4.24"
"Strategy 2.8.378";"PASSED";"0.86";"NDXm_TICK_UTCPlus02";"M15";"4248.1";"";"802";"1.34";"1.46";"0.19";"2.12";"0.82";"0.0";"552.94";"0.74";"7.68";"2.0";"49.36";"27.29";"14.9";"11.52";"12.96";"2.06";"0.82";"2127.49";"";"289";"1.41";"1.99";"0.23";"4.25";"0.78";"0.0";"361.34";"0.73";"5.89";"5.9";"60.32";"31.32";"14.38";"9.08";"11.32";"0.46"
"Strategy 2.8.387";"PASSED";"0.64";"NDXm_TICK_UTCPlus02";"M15";"3129.47";"";"2226";"1.08";"0.69";"0.05";"1.56";"0.73";"0.0";"1619.66";"0.66";"1.93";"0.51";"47.19";"28.92";"21.88";"15.14";"17.82";"5.38";"0.69";"1685.64";"";"646";"1.13";"1.0";"0.07";"3.37";"0.68";"0.0";"682.43";"0.67";"2.47";"2.59";"58.34";"34.93";"26.58";"19.3";"22.23";"1.01"
"Strategy 2.8.393";"PASSED";"0.65";"NDXm_TICK_UTCPlus02";"M15";"2797.54";"";"1868";"1.08";"0.63";"0.05";"1.4";"0.71";"0.0";"1386.93";"0.62";"2.02";"0.53";"50.47";"29.08";"22.56";"15.94";"18.49";"0.88";"0.55";"877.98";"";"584";"1.07";"0.55";"0.05";"1.76";"0.78";"0.0";"797.88";"0.6";"1.1";"1.11";"60.08";"33.39";"26.32";"18.55";"21.45";"0.29"
"Strategy 2.8.410";"PASSED";"0.78";"NDXm_TICK_UTCPlus02";"M15";"4586.31";"";"2024";"1.12";"0.97";"0.06";"2.29";"0.74";"0.0";"1023.53";"0.97";"4.48";"1.14";"43.39";"37.5";"21.69";"17.85";"19.74";"8.87";"0.53";"837.63";"";"664";"1.06";"0.48";"0.03";"1.68";"0.77";"0.0";"859.29";"0.89";"0.97";"1.0";"51.17";"43.24";"22.07";"18.45";"20.16";"2.65"
"Strategy 2.8.427";"PASSED";"0.77";"NDXm_TICK_UTCPlus02";"M15";"3299.49";"";"1560";"1.13";"0.9";"0.06";"1.65";"0.75";"0.0";"805.64";"1.27";"4.1";"1.05";"32.28";"36.32";"12.66";"12.73";"12.69";"7.48";"0.55";"778.12";"";"548";"1.07";"0.56";"0.03";"1.56";"0.72";"0.0";"688.56";"1.15";"1.13";"1.16";"41.22";"44.31";"14.41";"14.27";"14.34";"2.18"
"Strategy 2.8.428";"PASSED";"0.87";"NDXm_TICK_UTCPlus02";"M15";"6564.85";"";"1349";"1.26";"1.62";"0.14";"3.28";"0.83";"0.0";"721.79";"0.83";"9.1";"2.32";"52.86";"34.75";"23.93";"14.89";"18.98";"8.4";"0.6";"1502.31";"";"482";"1.12";"0.9";"0.07";"3.0";"0.74";"0.0";"1004.06";"0.69";"1.5";"1.54";"69.11";"42.11";"26.88";"17.49";"21.31";"2.48"
"Strategy 2.8.440";"PASSED";"0.68";"NDXm_TICK_UTCPlus02";"M15";"3848.22";"";"2452";"1.08";"0.72";"0.05";"1.92";"0.73";"0.0";"1590.7";"0.7";"2.42";"0.63";"51.96";"33.61";"22.52";"16.43";"18.93";"9.08";"0.72";"2574.8";"";"781";"1.14";"1.27";"0.08";"5.15";"0.76";"0.0";"856.47";"0.68";"3.01";"3.18";"66.12";"39.62";"26.65";"17.63";"21.29";"3.11"
"Strategy 2.8.452";"PASSED";"0.8";"NDXm_TICK_UTCPlus02";"M15";"5206.4";"";"1928";"1.16";"1.3";"0.08";"2.6";"0.82";"0.0";"1040.83";"0.96";"5.0";"1.33";"40.8";"33.77";"22.02";"18.02";"19.98";"5.13";"0.56";"922.84";"";"562";"1.08";"0.62";"0.04";"1.85";"0.75";"0.0";"771.38";"0.84";"1.2";"1.21";"50.75";"39.73";"27.25";"22.3";"24.56";"1.18"
"Strategy 2.8.461";"PASSED";"0.81";"NDXm_TICK_UTCPlus02";"M15";"5225.63";"";"2692";"1.12";"1.19";"0.05";"2.61";"0.79";"0.0";"973.81";"1.42";"5.37";"1.42";"30.55";"38.71";"15.5";"15.28";"15.41";"9.24";"0.62";"1354.04";"";"845";"1.09";"0.84";"0.04";"2.71";"0.72";"0.0";"787.73";"1.36";"1.72";"1.73";"35.18";"44.07";"18.76";"17.39";"18.18";"3.4"
"Strategy 2.8.467";"PASSED";"0.69";"NDXm_TICK_UTCPlus02";"M15";"3420.77";"";"1752";"1.09";"0.68";"0.05";"1.71";"0.6";"0.0";"1329.4";"0.63";"2.57";"0.64";"62.0";"35.68";"27.34";"16.54";"20.7";"10.29";"0.74";"3068.46";"";"614";"1.19";"1.48";"0.12";"6.14";"0.82";"0.0";"878.51";"0.64";"3.49";"3.72";"79.8";"42.68";"31.38";"18.98";"23.81";"3.28"
"Strategy 2.8.483";"PASSED";"0.71";"NDXm_TICK_UTCPlus02";"M15";"3436.29";"";"2270";"1.09";"0.85";"0.05";"1.72";"0.77";"0.0";"1249.87";"0.89";"2.75";"0.73";"37.17";"30.4";"16.72";"13.27";"14.9";"0.97";"0.75";"2311.58";"";"712";"1.18";"1.58";"0.1";"4.62";"0.85";"0.0";"648.95";"0.93";"3.56";"3.61";"43.25";"33.94";"18.65";"15.48";"17.01";"0.13"
"Strategy 2.8.485";"PASSED";"0.84";"NDXm_TICK_UTCPlus02";"M15";"5317.41";"";"2237";"1.14";"1.17";"0.08";"2.66";"0.78";"0.0";"783.66";"0.72";"6.79";"1.75";"45.79";"28.97";"17.98";"11.17";"14.02";"7.35";"0.56";"1109.45";"";"757";"1.07";"0.64";"0.04";"2.22";"0.72";"0.0";"932.1";"0.67";"1.19";"1.23";"54.2";"34.12";"18.62";"11.71";"14.49";"1.72"
"Strategy 2.8.490";"PASSED";"0.84";"NDXm_TICK_UTCPlus02";"M15";"6414.87";"";"2749";"1.12";"1.16";"0.07";"3.21";"0.81";"0.0";"951.68";"0.67";"6.74";"1.65";"53.27";"31.65";"21.72";"13.56";"16.82";"10.71";"0.58";"1723.33";"";"897";"1.08";"0.83";"0.05";"3.45";"0.71";"0.0";"1311.95";"0.6";"1.31";"1.37";"65.34";"36.24";"24.09";"13.73";"17.62";"2.69"
"Strategy 2.8.507";"PASSED";"0.7";"NDXm_TICK_UTCPlus02";"M15";"5158.36";"";"2761";"1.09";"0.82";"0.05";"2.58";"0.83";"0.0";"1897.48";"0.64";"2.72";"0.73";"60.34";"35.7";"27.03";"17.96";"21.51";"12.52";"0.64";"2219.42";"";"866";"1.1";"0.94";"0.06";"4.44";"0.7";"0.0";"1153.39";"0.63";"1.92";"1.96";"73.71";"42.32";"29.2";"20.09";"23.61";"3.87"
"Strategy 2.8.515";"PASSED";"0.66";"NDXm_TICK_UTCPlus02";"M15";"2643.12";"";"1439";"1.08";"0.62";"0.05";"1.32";"0.67";"0.0";"1285.46";"0.79";"2.06";"0.54";"53.75";"39.05";"35.54";"27.36";"30.97";"6.6";"0.58";"1187.4";"";"428";"1.11";"0.76";"0.06";"2.37";"0.8";"0.0";"900.21";"0.76";"1.32";"1.34";"67.5";"46.51";"44.32";"35.06";"39.07";"1.76"
"Strategy 2.8.523";"PASSED";"0.75";"NDXm_TICK_UTCPlus02";"M15";"4946.62";"";"2650";"1.1";"1.01";"0.06";"2.47";"0.86";"0.0";"1390.55";"0.7";"3.56";"0.95";"48.07";"30.27";"22.01";"15.25";"18.02";"6.3";"0.67";"1687.32";"";"747";"1.1";"0.91";"0.06";"3.37";"0.8";"0.0";"761.64";"0.66";"2.22";"2.29";"61.12";"36.81";"27.43";"18.92";"22.31";"2.02"
"Strategy 2.8.528";"PASSED";"0.7";"NDXm_TICK_UTCPlus02";"M15";"4864.46";"";"2491";"1.12";"1.11";"0.05";"2.43";"0.74";"0.0";"1796.61";"1.24";"2.71";"0.72";"33.18";"36.83";"15.33";"14.66";"15.03";"8.74";"0.69";"1638.32";"";"821";"1.1";"0.98";"0.05";"3.28";"0.76";"0.0";"636.77";"1.19";"2.57";"2.58";"39.45";"42.55";"16.43";"15.8";"16.14";"2.52"
"Strategy 2.8.536";"PASSED";"0.68";"NDXm_TICK_UTCPlus02";"M15";"4703.5";"";"1419";"1.14";"0.97";"0.09";"2.35";"0.82";"0.0";"1934.42";"0.64";"2.43";"0.64";"68.1";"37.94";"34.2";"20.19";"25.64";"10.71";"0.71";"2659.41";"";"482";"1.2";"1.41";"0.12";"5.32";"0.81";"0.0";"965.13";"0.64";"2.76";"2.8";"86.18";"46.07";"37.47";"23.56";"28.99";"3.32"
"Strategy 2.8.558";"PASSED";"0.8";"NDXm_TICK_UTCPlus02";"M15";"5428.67";"";"2509";"1.11";"1.05";"0.06";"2.71";"0.8";"0.0";"1068.05";"0.79";"5.08";"1.34";"47.41";"33.8";"19.96";"14.6";"16.97";"8.36";"0.61";"1493.03";"";"852";"1.08";"0.76";"0.04";"2.99";"0.8";"0.0";"948.89";"0.74";"1.57";"1.62";"57.18";"39.39";"20.83";"15.13";"17.56";"3.07"
"Strategy 2.8.566";"PASSED";"0.76";"NDXm_TICK_UTCPlus02";"M15";"3666.35";"";"2000";"1.12";"0.96";"0.07";"1.83";"0.82";"0.0";"971.81";"0.78";"3.77";"0.97";"39.0";"27.31";"16.37";"11.75";"13.78";"6.72";"0.65";"1109.54";"";"577";"1.1";"0.81";"0.06";"2.22";"0.76";"0.0";"563.71";"0.75";"1.97";"2.04";"49.12";"33.4";"20.91";"16.0";"18.1";"1.93"
"Strategy 2.9.301";"PASSED";"0.74";"NDXm_TICK_UTCPlus02";"M15";"2938.31";"";"1683";"1.1";"0.72";"0.06";"1.47";"0.74";"0.0";"842.75";"0.77";"3.49";"0.89";"45.29";"31.61";"20.98";"14.77";"17.46";"5.5";"0.58";"1243.0";"";"537";"1.11";"0.8";"0.06";"2.49";"0.68";"0.0";"951.29";"0.75";"1.31";"1.36";"56.69";"38.42";"26.16";"19.05";"22.09";"1.97"
"Strategy 2.9.307";"PASSED";"0.77";"NDXm_TICK_UTCPlus02";"M15";"2948.72";"";"1268";"1.13";"0.9";"0.06";"1.47";"0.75";"0.0";"733.32";"1.31";"4.02";"1.05";"34.7";"39.94";"22.7";"23.59";"23.09";"3.82";"0.57";"1010.07";"";"407";"1.12";"0.89";"0.05";"2.02";"0.71";"0.0";"821.46";"1.27";"1.23";"1.27";"39.96";"45.25";"28.32";"26.87";"27.68";"0.84"
"Strategy 2.9.316";"PASSED";"0.73";"NDXm_TICK_UTCPlus02";"M15";"4222.77";"";"1294";"1.15";"1.01";"0.09";"2.11";"0.78";"0.0";"1344.69";"0.77";"3.14";"0.83";"56.11";"37.31";"33.75";"26.81";"29.82";"7.06";"0.67";"1689.04";"";"418";"1.16";"1.09";"0.09";"3.38";"0.76";"0.0";"762.25";"0.75";"2.22";"2.33";"68.77";"44.44";"39.44";"27.75";"32.76";"1.81"
"Strategy 2.9.317";"PASSED";"0.77";"NDXm_TICK_UTCPlus02";"M15";"2619.24";"";"646";"1.21";"0.94";"0.11";"1.31";"0.89";"0.0";"635.66";"0.92";"4.12";"1.06";"49.06";"37.22";"23.3";"15.91";"19.44";"2.1";"0.55";"549.39";"";"233";"1.1";"0.47";"0.05";"1.1";"0.59";"0.0";"509.92";"0.86";"1.08";"1.1";"55.36";"43.43";"24.02";"21.9";"22.88";"0.71"
"Strategy 2.9.318";"PASSED";"0.84";"NDXm_TICK_UTCPlus02";"M15";"5023.8";"";"1393";"1.18";"1.21";"0.1";"2.51";"0.7";"0.0";"767.08";"0.78";"6.55";"1.58";"53.99";"35.76";"23.2";"14.28";"18.19";"8.32";"0.63";"1626.64";"";"510";"1.13";"0.93";"0.08";"3.25";"0.8";"0.0";"913.13";"0.68";"1.78";"1.86";"69.66";"41.86";"25.6";"16.03";"19.9";"2.65"
"Strategy 2.9.348";"PASSED";"0.64";"NDXm_TICK_UTCPlus02";"M15";"3781.12";"";"2356";"1.08";"0.74";"0.05";"1.89";"0.72";"0.0";"2009.19";"0.71";"1.88";"0.49";"52.14";"34.13";"23.99";"16.84";"19.8";"9.5";"0.75";"2849.69";"";"758";"1.16";"1.46";"0.09";"5.7";"0.81";"0.0";"788.3";"0.71";"3.61";"3.68";"65.13";"39.64";"26.1";"18.19";"21.47";"2.73"
"Strategy 2.9.362";"PASSED";"0.72";"NDXm_TICK_UTCPlus02";"M15";"3124.22";"";"2140";"1.08";"0.76";"0.04";"1.56";"0.67";"0.0";"1058.76";"1.11";"2.95";"0.78";"35.47";"36.31";"20.46";"18.68";"19.62";"3.32";"0.59";"1293.79";"";"651";"1.1";"0.86";"0.05";"2.59";"0.71";"0.0";"891.38";"1.09";"1.45";"1.46";"42.03";"41.52";"22.97";"22.89";"22.93";"0.34"
"Strategy 2.9.374";"PASSED";"0.87";"NDXm_TICK_UTCPlus02";"M15";"6055.4";"";"1318";"1.24";"1.51";"0.13";"3.03";"0.82";"0.0";"713.62";"0.82";"8.49";"2.25";"52.69";"34.74";"23.62";"14.82";"18.78";"8.24";"0.57";"1388.47";"";"476";"1.12";"0.83";"0.07";"2.78";"0.72";"0.0";"1085.79";"0.68";"1.28";"1.32";"69.02";"42.16";"26.53";"17.22";"21.0";"2.48"
"Strategy 2.9.382";"PASSED";"0.83";"NDXm_TICK_UTCPlus02";"M15";"5428.56";"";"3004";"1.1";"0.97";"0.06";"2.71";"0.87";"0.0";"893.86";"0.68";"6.07";"1.6";"49.92";"30.91";"19.66";"13.01";"15.7";"10.63";"0.62";"1771.08";"";"977";"1.08";"0.84";"0.05";"3.54";"0.83";"0.0";"1075.47";"0.65";"1.65";"1.72";"60.71";"36.49";"21.44";"13.22";"16.46";"2.44"
"Strategy 2.9.393";"PASSED";"0.81";"NDXm_TICK_UTCPlus02";"M15";"7372.32";"";"2309";"1.16";"1.33";"0.09";"3.69";"0.78";"0.0";"1414.53";"0.67";"5.21";"1.39";"59.08";"34.16";"25.01";"16.46";"19.88";"10.42";"0.67";"2158.73";"";"763";"1.12";"1.06";"0.07";"4.32";"0.86";"0.0";"963.55";"0.61";"2.24";"2.27";"71.83";"39.24";"27.76";"16.64";"20.85";"2.94"
"Strategy 2.9.396";"PASSED";"0.77";"NDXm_TICK_UTCPlus02";"M15";"2787.4";"";"1007";"1.16";"0.88";"0.08";"1.39";"0.84";"0.0";"686.66";"1.06";"4.06";"1.06";"39.15";"35.62";"21.19";"19.83";"20.53";"2.52";"0.63";"917.8";"";"346";"1.13";"0.78";"0.06";"1.84";"0.71";"0.0";"503.69";"1.01";"1.82";"1.88";"46.21";"41.41";"24.4";"23.87";"24.14";"0.67"
"Strategy 2.9.397";"PASSED";"0.84";"NDXm_TICK_UTCPlus02";"M15";"3594.49";"";"1607";"1.14";"1.03";"0.06";"1.8";"0.86";"0.0";"536.27";"1.28";"6.7";"1.73";"32.35";"36.19";"17.98";"17.88";"17.94";"4.62";"0.57";"860.94";"";"528";"1.08";"0.68";"0.04";"1.72";"0.63";"0.0";"673.96";"1.19";"1.28";"1.31";"38.94";"42.8";"22.04";"20.54";"21.36";"1.26"
"Strategy 2.9.408";"PASSED";"0.83";"NDXm_TICK_UTCPlus02";"M15";"6035.78";"";"2307";"1.13";"1.22";"0.07";"3.02";"0.74";"0.0";"964.62";"1.0";"6.26";"1.51";"44.37";"39.03";"25.7";"21.43";"23.56";"13.19";"0.55";"1198.79";"";"740";"1.07";"0.68";"0.04";"2.4";"0.73";"0.0";"1112.43";"0.92";"1.08";"1.12";"52.37";"44.93";"30.25";"21.42";"25.64";"4.62"
"Strategy 2.9.411";"PASSED";"0.8";"NDXm_TICK_UTCPlus02";"M15";"4277.17";"";"1587";"1.13";"0.98";"0.07";"2.14";"0.81";"0.0";"859.04";"0.92";"4.98";"1.25";"48.54";"39.33";"26.54";"19.69";"22.97";"8.07";"0.69";"1424.42";"";"460";"1.13";"0.95";"0.07";"2.85";"0.81";"0.0";"572.89";"0.93";"2.49";"2.54";"55.21";"45.52";"31.37";"24.44";"27.78";"2.56"
"Strategy 2.9.413";"PASSED";"0.83";"NDXm_TICK_UTCPlus02";"M15";"5184.91";"";"1189";"1.22";"1.35";"0.12";"2.59";"0.71";"0.0";"804.0";"0.85";"6.45";"1.69";"52.34";"36.52";"19.73";"14.53";"16.92";"6.68";"0.57";"946.91";"";"412";"1.09";"0.61";"0.05";"1.89";"0.83";"0.0";"740.7";"0.72";"1.28";"1.31";"65.46";"42.97";"21.47";"14.68";"17.51";"2.14"
"Strategy 2.9.425";"PASSED";"0.67";"NDXm_TICK_UTCPlus02";"M15";"2745.67";"";"1308";"1.12";"0.77";"0.05";"1.37";"0.59";"0.0";"1194.27";"1.41";"2.3";"0.57";"33.75";"42.49";"17.46";"17.7";"17.56";"8.28";"0.63";"1365.72";"";"454";"1.14";"1.04";"0.06";"2.73";"0.8";"0.0";"766.23";"1.34";"1.78";"1.84";"42.04";"49.3";"21.94";"18.71";"20.56";"2.44"
"Strategy 2.9.428";"PASSED";"0.77";"NDXm_TICK_UTCPlus02";"M15";"5602.55";"";"1720";"1.16";"1.22";"0.09";"2.8";"0.66";"0.0";"1330.05";"0.88";"4.21";"1.1";"50.35";"38.08";"23.7";"17.04";"20.15";"10.29";"0.7";"2269.43";"";"597";"1.15";"1.25";"0.08";"4.54";"0.8";"0.0";"867.0";"0.83";"2.62";"2.75";"63.8";"45.74";"26.96";"20.19";"23.25";"3.36"
"Strategy 2.9.433";"PASSED";"0.83";"NDXm_TICK_UTCPlus02";"M15";"5086.01";"";"2151";"1.12";"1.03";"0.07";"2.54";"0.91";"0.0";"822.44";"0.71";"6.18";"1.62";"53.96";"34.19";"27.29";"20.05";"23.05";"2.27";"0.52";"1139.04";"";"628";"1.07";"0.62";"0.05";"2.28";"0.71";"0.0";"1223.66";"0.65";"0.93";"0.94";"66.02";"40.09";"32.13";"23.5";"26.9";"0.38"
"Strategy 2.9.437";"PASSED";"0.79";"NDXm_TICK_UTCPlus02";"M15";"3484.63";"";"1180";"1.15";"1.02";"0.06";"1.74";"0.76";"0.0";"739.29";"1.35";"4.71";"1.16";"38.88";"45.57";"29.67";"28.09";"29.0";"11.22";"0.63";"1173.78";"";"402";"1.13";"0.88";"0.06";"2.35";"0.66";"0.0";"656.38";"1.25";"1.79";"1.81";"46.01";"50.76";"32.99";"30.91";"32.06";"3.57"
"Strategy 2.9.439";"PASSED";"0.58";"NDXm_TICK_UTCPlus02";"M15";"4062.68";"";"2909";"1.07";"0.66";"0.04";"2.03";"0.78";"0.0";"2969.96";"0.69";"1.37";"0.36";"54.47";"35.19";"24.35";"15.76";"19.26";"11.76";"0.54";"1127.84";"";"934";"1.05";"0.48";"0.03";"2.26";"0.77";"0.0";"1060.07";"0.62";"1.06";"1.08";"68.22";"40.63";"27.46";"17.5";"21.33";"3.32"
"Strategy 2.9.443";"PASSED";"0.7";"NDXm_TICK_UTCPlus02";"M15";"3267.2";"";"1344";"1.1";"0.7";"0.06";"1.63";"0.67";"0.0";"1229.64";"0.74";"2.66";"0.66";"63.67";"42.94";"38.35";"27.4";"32.06";"12.14";"0.68";"2272.97";"";"459";"1.18";"1.31";"0.1";"4.55";"0.79";"0.0";"962.62";"0.74";"2.36";"2.38";"77.94";"48.96";"41.46";"26.55";"32.88";"4.12"
"Strategy 2.9.468";"PASSED";"0.75";"NDXm_TICK_UTCPlus02";"M15";"3320.94";"";"2060";"1.11";"0.86";"0.06";"1.66";"0.81";"0.0";"909.37";"0.77";"3.65";"0.94";"38.65";"27.01";"16.44";"11.56";"13.69";"6.81";"0.68";"1286.42";"";"594";"1.11";"0.94";"0.07";"2.57";"0.8";"0.0";"551.49";"0.76";"2.33";"2.36";"48.76";"33.13";"20.82";"15.66";"17.89";"2.02"
"Strategy 2.9.481";"PASSED";"0.68";"NDXm_TICK_UTCPlus02";"M15";"2832.71";"";"1860";"1.09";"0.76";"0.04";"1.42";"0.77";"0.0";"1181.23";"1.18";"2.4";"0.63";"33.34";"35.88";"19.93";"19.24";"19.61";"4.92";"0.76";"1719.06";"";"559";"1.16";"1.22";"0.07";"3.44";"0.83";"0.0";"458.7";"1.23";"3.75";"3.78";"41.11";"43.6";"24.87";"23.82";"24.4";"1.72"
"Strategy 2.9.483";"PASSED";"0.63";"NDXm_TICK_UTCPlus02";"M15";"1891.96";"";"1718";"1.06";"0.49";"0.03";"0.95";"0.84";"0.0";"1062.98";"1.35";"1.78";"0.46";"31.87";"40.5";"19.45";"20.59";"19.93";"9.87";"0.53";"1105.82";"";"559";"1.09";"0.78";"0.04";"2.21";"0.72";"0.0";"1156.67";"1.34";"0.96";"0.96";"40.15";"49.12";"23.92";"23.81";"23.87";"3.66"
"Strategy 2.9.491";"PASSED";"0.85";"NDXm_TICK_UTCPlus02";"M15";"6681.55";"";"2757";"1.13";"1.2";"0.08";"3.34";"0.82";"0.0";"917.91";"0.67";"7.28";"1.81";"53.13";"31.65";"21.72";"13.63";"16.88";"10.71";"0.59";"1818.54";"";"898";"1.09";"0.88";"0.06";"3.64";"0.71";"0.0";"1308.89";"0.6";"1.39";"1.46";"65.42";"36.24";"24.22";"13.77";"17.7";"2.69"
"Strategy 2.9.492";"PASSED";"0.75";"NDXm_TICK_UTCPlus02";"M15";"4603.19";"";"2089";"1.13";"1.14";"0.06";"2.3";"0.72";"0.0";"1258.16";"1.0";"3.66";"0.98";"39.09";"34.86";"20.85";"18.08";"19.47";"4.66";"0.6";"1264.0";"";"615";"1.1";"0.83";"0.05";"2.53";"0.75";"0.0";"833.19";"0.95";"1.52";"1.53";"47.4";"40.85";"24.76";"23.02";"23.87";"1.18"
"Strategy 2.9.503";"PASSED";"0.67";"NDXm_TICK_UTCPlus02";"M15";"3653.04";"";"2496";"1.08";"0.75";"0.05";"1.83";"0.79";"0.0";"1597.82";"0.68";"2.29";"0.61";"48.02";"30.39";"21.74";"15.54";"18.06";"6.05";"0.62";"1244.86";"";"697";"1.08";"0.7";"0.05";"2.49";"0.75";"0.0";"757.51";"0.66";"1.64";"1.68";"59.78";"36.69";"27.17";"19.17";"22.36";"1.93"
"Strategy 2.9.510";"PASSED";"0.81";"NDXm_TICK_UTCPlus02";"M15";"3985.03";"";"953";"1.2";"1.09";"0.1";"1.99";"0.66";"0.0";"766.22";"0.99";"5.2";"1.34";"50.66";"41.81";"28.59";"23.52";"26.05";"8.24";"0.64";"1448.91";"";"336";"1.17";"1.0";"0.09";"2.9";"0.78";"0.0";"766.32";"0.94";"1.89";"1.96";"60.68";"48.8";"31.44";"23.79";"27.5";"2.9"
"Strategy 2.9.514";"PASSED";"0.72";"NDXm_TICK_UTCPlus02";"M15";"5595.15";"";"2699";"1.11";"1.03";"0.07";"2.8";"0.84";"0.0";"1867.01";"0.67";"3.0";"0.79";"51.96";"31.31";"19.66";"13.65";"16.06";"8.95";"0.66";"2066.05";"";"881";"1.1";"1.03";"0.06";"4.13";"0.83";"0.0";"980.47";"0.64";"2.11";"2.15";"63.67";"36.75";"22.16";"14.85";"17.7";"2.44"
"Strategy 2.9.525";"PASSED";"0.82";"NDXm_TICK_UTCPlus02";"M15";"5698.11";"";"1548";"1.19";"1.29";"0.1";"2.85";"0.81";"0.0";"969.87";"0.79";"5.88";"1.55";"53.2";"35.52";"22.95";"14.21";"18.07";"9.16";"0.55";"1304.14";"";"527";"1.1";"0.73";"0.06";"2.61";"0.69";"0.0";"1160.68";"0.67";"1.12";"1.13";"69.1";"42.37";"25.03";"17.34";"20.43";"2.69"
"Strategy 2.9.529";"PASSED";"0.64";"NDXm_TICK_UTCPlus02";"M15";"2778.06";"";"1948";"1.07";"0.56";"0.04";"1.39";"0.79";"0.0";"1503.47";"0.89";"1.85";"0.48";"47.86";"39.7";"23.4";"16.91";"19.96";"11.85";"0.57";"1326.66";"";"660";"1.08";"0.75";"0.04";"2.65";"0.76";"0.0";"1044.84";"0.82";"1.27";"1.31";"60.97";"46.53";"24.36";"19.6";"21.75";"3.36"
"Strategy 2.9.530";"PASSED";"0.87";"NDXm_TICK_UTCPlus02";"M15";"5652.56";"";"1582";"1.2";"1.45";"0.1";"2.83";"0.87";"0.0";"648.81";"1.05";"8.71";"2.15";"41.33";"36.14";"22.67";"20.48";"21.6";"4.58";"0.53";"731.05";"";"502";"1.07";"0.5";"0.03";"1.46";"0.67";"0.0";"761.73";"0.93";"0.96";"0.99";"48.62";"42.45";"25.47";"23.65";"24.53";"1.3"
"Strategy 2.9.537";"PASSED";"0.79";"NDXm_TICK_UTCPlus02";"M15";"4921.21";"";"2505";"1.11";"1.05";"0.06";"2.46";"0.85";"0.0";"1020.74";"0.75";"4.82";"1.27";"44.74";"30.3";"19.53";"13.94";"16.34";"7.06";"0.7";"1951.97";"";"752";"1.13";"1.12";"0.07";"3.9";"0.74";"0.0";"734.24";"0.77";"2.66";"2.79";"53.54";"36.82";"22.8";"16.92";"19.49";"2.02"
"Strategy 2.9.541";"PASSED";"0.83";"NDXm_TICK_UTCPlus02";"M15";"5420.97";"";"1850";"1.16";"1.21";"0.08";"2.71";"0.82";"0.0";"863.51";"1.0";"6.28";"1.6";"43.47";"37.78";"17.82";"14.45";"16.14";"10.04";"0.58";"1088.28";"";"673";"1.07";"0.62";"0.04";"2.18";"0.8";"0.0";"802.28";"0.86";"1.36";"1.4";"55.0";"44.24";"19.25";"15.8";"17.39";"2.61"
"Strategy 2.9.542";"PASSED";"0.74";"NDXm_TICK_UTCPlus02";"M15";"4660.53";"";"2144";"1.1";"0.86";"0.06";"2.33";"0.68";"0.0";"1404.48";"0.71";"3.32";"0.86";"58.13";"37.47";"25.54";"16.89";"20.48";"13.87";"0.59";"2584.61";"";"757";"1.13";"1.16";"0.08";"5.17";"0.66";"0.0";"1778.67";"0.67";"1.45";"1.56";"74.61";"44.36";"27.91";"18.73";"22.42";"4.12"
"Strategy 2.9.553";"PASSED";"0.74";"NDXm_TICK_UTCPlus02";"M15";"2958.83";"";"2056";"1.08";"0.64";"0.05";"1.48";"0.78";"0.0";"896.98";"0.62";"3.3";"0.86";"50.88";"29.04";"22.06";"15.63";"18.08";"1.26";"0.58";"1356.01";"";"642";"1.1";"0.83";"0.06";"2.71";"0.85";"0.0";"1008.92";"0.61";"1.34";"1.36";"60.14";"32.99";"24.68";"17.83";"20.41";"0.25"
"Strategy 2.9.574";"PASSED";"0.78";"NDXm_TICK_UTCPlus02";"M15";"5239.04";"";"2276";"1.11";"1.08";"0.06";"2.62";"0.86";"0.0";"1211.79";"0.96";"4.32";"1.15";"45.85";"39.52";"29.86";"25.71";"27.74";"6.55";"0.69";"2383.33";"";"624";"1.16";"1.39";"0.08";"4.77";"0.8";"0.0";"952.85";"0.98";"2.5";"2.54";"54.82";"46.21";"35.24";"31.69";"33.45";"1.43"
"Strategy 2.9.577";"PASSED";"0.84";"NDXm_TICK_UTCPlus02";"M15";"6085.56";"";"2608";"1.12";"1.17";"0.07";"3.04";"0.82";"0.0";"872.67";"0.8";"6.97";"1.71";"47.54";"33.88";"20.11";"14.64";"17.07";"8.91";"0.61";"1525.11";"";"881";"1.08";"0.76";"0.04";"3.05";"0.78";"0.0";"956.81";"0.74";"1.59";"1.66";"57.67";"39.54";"20.9";"15.05";"17.53";"2.98"
"Strategy 3.1.327";"PASSED";"0.75";"NDXm_TICK_UTCPlus02";"M15";"2097.39";"";"908";"1.14";"0.78";"0.06";"1.05";"0.83";"0.0";"578.65";"1.4";"3.62";"0.91";"31.48";"38.4";"19.28";"20.08";"19.62";"1.76";"0.69";"1022.46";"";"233";"1.24";"1.19";"0.1";"2.04";"0.72";"0.0";"414.17";"1.45";"2.47";"2.52";"38.52";"45.2";"26.3";"27.02";"26.6";"0.25"
"Strategy 3.1.388";"PASSED";"0.75";"NDXm_TICK_UTCPlus02";"M15";"3357.44";"";"896";"1.18";"0.98";"0.1";"1.68";"0.76";"0.0";"925.17";"0.84";"3.63";"0.96";"52.83";"37.47";"20.55";"14.64";"17.33";"3.07";"0.71";"1322.15";"";"281";"1.21";"1.17";"0.12";"2.64";"0.8";"0.0";"464.14";"0.81";"2.85";"2.9";"60.8";"40.9";"18.77";"16.16";"17.33";"0.38"
"Strategy 3.1.389";"PASSED";"0.7";"NDXm_TICK_UTCPlus02";"M15";"3792.12";"";"2077";"1.11";"0.9";"0.05";"1.9";"0.79";"0.0";"1431.38";"1.1";"2.65";"0.69";"35.49";"35.27";"13.17";"11.87";"12.55";"9.45";"0.64";"1804.6";"";"752";"1.12";"1.1";"0.06";"3.61";"0.73";"0.0";"939.2";"1.03";"1.92";"1.93";"45.51";"42.11";"15.08";"13.45";"14.27";"2.23"
"Strategy 3.1.411";"PASSED";"0.76";"NDXm_TICK_UTCPlus02";"M15";"2029.0";"";"393";"1.28";"0.88";"0.17";"1.01";"0.57";"0.0";"545.03";"0.66";"3.72";"0.93";"59.24";"30.44";"23.96";"14.95";"18.53";"1.76";"0.74";"1524.18";"";"140";"1.51";"1.76";"0.3";"3.05";"0.84";"0.0";"266.26";"0.69";"5.72";"5.87";"79.2";"36.03";"29.89";"14.98";"21.05";"0.59"
"Strategy 3.1.415";"PASSED";"0.71";"NDXm_TICK_UTCPlus02";"M15";"2931.95";"";"1328";"1.11";"0.73";"0.07";"1.47";"0.75";"0.0";"1041.53";"0.64";"2.82";"0.72";"56.4";"32.23";"23.44";"14.43";"17.93";"3.87";"0.67";"1590.04";"";"415";"1.17";"1.09";"0.1";"3.18";"0.84";"0.0";"722.17";"0.65";"2.2";"2.29";"67.6";"37.41";"32.46";"19.33";"24.49";"1.97"
"Strategy 3.1.428";"PASSED";"0.58";"NDXm_TICK_UTCPlus02";"M15";"1915.95";"";"719";"1.14";"0.62";"0.09";"0.96";"0.7";"0.0";"1430.5";"0.68";"1.34";"0.35";"52.61";"31.29";"19.32";"14.95";"16.71";"1.81";"0.85";"2363.29";"";"247";"1.49";"2.09";"0.28";"4.73";"0.78";"0.0";"324.42";"0.78";"7.28";"7.51";"66.43";"34.61";"18.77";"13.89";"16.02";"0.55"
"Strategy 3.1.512";"PASSED";"0.75";"NDXm_TICK_UTCPlus02";"M15";"2747.87";"";"941";"1.17";"0.93";"0.1";"1.37";"0.82";"0.0";"763.93";"0.69";"3.6";"0.94";"48.74";"28.81";"15.65";"10.73";"12.74";"0.42";"0.63";"807.13";"";"320";"1.14";"0.8";"0.08";"1.61";"0.78";"0.0";"444.68";"0.66";"1.82";"1.85";"52.56";"30.41";"16.14";"10.56";"12.78";"0.08"
"Strategy 3.10.299";"PASSED";"0.65";"NDXm_TICK_UTCPlus02";"M15";"2064.91";"";"1205";"1.1";"0.6";"0.05";"1.03";"0.73";"0.0";"1032.39";"1.04";"2.0";"0.52";"38.48";"36.61";"23.74";"23.0";"23.38";"4.2";"0.53";"530.6";"";"366";"1.07";"0.41";"0.03";"1.06";"0.63";"0.0";"557.68";"0.99";"0.95";"0.97";"47.37";"43.97";"29.65";"25.99";"27.81";"0.97"
"Strategy 3.10.301";"PASSED";"0.8";"NDXm_TICK_UTCPlus02";"M15";"5565.39";"";"3178";"1.11";"1.19";"0.05";"2.78";"0.88";"0.0";"1145.87";"1.08";"4.86";"1.2";"34.51";"33.76";"17.75";"16.48";"17.14";"6.18";"0.61";"1371.89";"";"846";"1.08";"0.83";"0.04";"2.74";"0.82";"0.0";"879.38";"1.04";"1.56";"1.57";"42.39";"40.92";"22.44";"20.47";"21.48";"1.89"
"Strategy 3.10.305";"PASSED";"0.84";"NDXm_TICK_UTCPlus02";"M15";"5832.63";"";"2520";"1.12";"1.2";"0.07";"2.92";"0.7";"0.0";"875.51";"0.91";"6.66";"1.62";"43.79";"35.51";"20.34";"15.98";"18.06";"10.5";"0.57";"1327.85";"";"812";"1.07";"0.7";"0.04";"2.66";"0.65";"0.0";"1049.39";"0.83";"1.27";"1.32";"54.37";"42.29";"24.75";"16.75";"20.39";"3.57"
"Strategy 3.10.306";"PASSED";"0.72";"NDXm_TICK_UTCPlus02";"M15";"1499.66";"";"732";"1.12";"0.57";"0.07";"0.75";"0.8";"0.0";"500.16";"0.75";"3.0";"0.74";"43.81";"29.15";"17.91";"11.6";"14.3";"0.63";"0.62";"715.25";"";"212";"1.19";"0.97";"0.11";"1.43";"0.64";"0.0";"421.77";"0.77";"1.7";"1.7";"47.87";"30.74";"18.2";"11.16";"14.21";"0.34"
"Strategy 3.10.313";"PASSED";"0.65";"NDXm_TICK_UTCPlus02";"M15";"2950.48";"";"1897";"1.09";"0.73";"0.04";"1.48";"0.72";"0.0";"1451.22";"1.32";"2.03";"0.53";"32.82";"39.86";"15.92";"16.03";"15.97";"10.42";"0.61";"1285.83";"";"687";"1.09";"0.78";"0.04";"2.57";"0.8";"0.0";"814.75";"1.26";"1.58";"1.63";"41.4";"47.93";"17.95";"16.69";"17.39";"2.9"
"Strategy 3.10.314";"PASSED";"0.8";"NDXm_TICK_UTCPlus02";"M15";"3637.24";"";"2275";"1.1";"0.86";"0.04";"1.82";"0.69";"0.0";"733.32";"1.4";"4.96";"1.21";"31.49";"40.16";"14.37";"15.56";"14.86";"11.81";"0.55";"1322.67";"";"804";"1.08";"0.77";"0.03";"2.65";"0.73";"0.0";"1177.93";"1.32";"1.12";"1.17";"39.03";"47.84";"17.22";"16.36";"16.85";"2.73"
"Strategy 3.10.330";"PASSED";"0.67";"NDXm_TICK_UTCPlus02";"M15";"4375.06";"";"2369";"1.09";"0.82";"0.05";"2.19";"0.68";"0.0";"1975.37";"0.81";"2.21";"0.58";"49.32";"36.47";"19.13";"12.74";"15.59";"12.56";"0.53";"1196.77";"";"839";"1.06";"0.57";"0.03";"2.39";"0.81";"0.0";"1262.71";"0.73";"0.95";"0.98";"61.98";"42.55";"20.95";"14.32";"17.11";"3.45"
"Strategy 3.10.342";"PASSED";"0.81";"NDXm_TICK_UTCPlus02";"M15";"5977.96";"";"2199";"1.13";"1.1";"0.07";"2.99";"0.81";"0.0";"1138.5";"0.79";"5.25";"1.39";"54.27";"38.05";"28.97";"21.13";"24.59";"11.43";"0.78";"3068.53";"";"731";"1.17";"1.5";"0.09";"6.14";"0.89";"0.0";"701.66";"0.8";"4.37";"4.42";"65.33";"44.74";"28.71";"23.49";"25.81";"3.91"
"Strategy 3.10.344";"PASSED";"0.81";"NDXm_TICK_UTCPlus02";"M15";"5657.56";"";"2823";"1.11";"1.02";"0.06";"2.83";"0.73";"0.0";"1017.78";"0.82";"5.56";"1.36";"46.44";"34.28";"20.22";"14.41";"17.02";"10.0";"0.59";"1346.62";"";"939";"1.06";"0.63";"0.04";"2.69";"0.75";"0.0";"966.57";"0.76";"1.39";"1.45";"57.14";"40.82";"22.28";"16.97";"19.26";"3.19"
"Strategy 3.10.345";"PASSED";"0.8";"NDXm_TICK_UTCPlus02";"M15";"5569.87";"";"2226";"1.14";"1.2";"0.08";"2.78";"0.8";"0.0";"1078.51";"0.89";"5.16";"1.36";"42.98";"33.38";"18.61";"14.28";"16.32";"8.53";"0.71";"2234.69";"";"724";"1.15";"1.31";"0.08";"4.47";"0.8";"0.0";"802.74";"0.87";"2.78";"2.92";"51.29";"38.89";"20.18";"16.21";"18.06";"2.73"
"Strategy 3.10.360";"PASSED";"0.79";"NDXm_TICK_UTCPlus02";"M15";"5569.07";"";"2311";"1.13";"1.16";"0.07";"2.78";"0.78";"0.0";"1160.04";"0.94";"4.8";"1.26";"43.87";"36.51";"21.16";"17.1";"19.07";"10.38";"0.53";"862.21";"";"770";"1.05";"0.47";"0.03";"1.72";"0.74";"0.0";"896.18";"0.82";"0.96";"0.99";"52.52";"41.27";"24.1";"18.66";"21.12";"3.24"
"Strategy 3.10.390";"PASSED";"0.67";"NDXm_TICK_UTCPlus02";"M15";"2447.52";"";"1431";"1.1";"0.69";"0.04";"1.22";"0.78";"0.0";"1084.9";"1.56";"2.26";"0.59";"31.13";"44.05";"19.31";"23.31";"20.87";"9.24";"0.63";"1308.99";"";"507";"1.13";"0.98";"0.05";"2.62";"0.77";"0.0";"743.21";"1.56";"1.76";"1.82";"36.67";"50.61";"22.85";"26.33";"24.21";"2.86"
"Strategy 3.10.431";"PASSED";"0.72";"NDXm_TICK_UTCPlus02";"M15";"2912.16";"";"2431";"1.08";"0.73";"0.04";"1.46";"0.86";"0.0";"995.33";"0.96";"2.93";"0.76";"33.02";"29.27";"15.36";"12.75";"14.03";"9.12";"0.66";"1453.95";"";"660";"1.12";"1.03";"0.06";"2.91";"0.78";"0.0";"702.58";"0.94";"2.07";"2.09";"41.88";"35.14";"21.19";"15.34";"18.17";"1.76"
"Strategy 3.10.446";"PASSED";"0.67";"NDXm_TICK_UTCPlus02";"M15";"3464.25";"";"1901";"1.07";"0.59";"0.04";"1.73";"0.75";"0.0";"1507.09";"0.66";"2.3";"0.59";"68.86";"42.44";"39.68";"24.69";"30.65";"18.28";"0.57";"1326.13";"";"666";"1.07";"0.63";"0.04";"2.65";"0.74";"0.0";"1081.65";"0.61";"1.23";"1.27";"84.61";"48.62";"42.52";"24.48";"31.33";"5.55"
"Strategy 3.10.452";"PASSED";"0.76";"NDXm_TICK_UTCPlus02";"M15";"6893.76";"";"3855";"1.11";"1.21";"0.05";"3.45";"0.79";"0.0";"1781.95";"0.97";"3.87";"1.04";"37.5";"32.85";"14.57";"11.78";"13.15";"10.88";"0.69";"2151.42";"";"1311";"1.08";"1.03";"0.04";"4.3";"0.79";"0.0";"845.31";"0.94";"2.55";"2.61";"44.04";"38.06";"14.15";"12.93";"13.52";"3.15"
"Strategy 3.10.456";"PASSED";"0.75";"NDXm_TICK_UTCPlus02";"M15";"5446.24";"";"2508";"1.11";"1.07";"0.06";"2.72";"0.75";"0.0";"1474.26";"0.92";"3.69";"0.98";"43.92";"36.38";"20.38";"16.69";"18.46";"9.66";"0.71";"2036.26";"";"843";"1.11";"1.13";"0.06";"4.07";"0.83";"0.0";"723.86";"0.88";"2.81";"2.85";"52.15";"41.23";"22.37";"16.66";"19.33";"3.07"
"Strategy 3.10.463";"PASSED";"0.59";"NDXm_TICK_UTCPlus02";"M15";"2024.03";"";"837";"1.11";"0.59";"0.06";"1.01";"0.78";"0.0";"1391.94";"0.92";"1.45";"0.38";"52.07";"43.03";"39.94";"32.76";"36.19";"8.03";"0.56";"1177.9";"";"274";"1.16";"0.92";"0.09";"2.36";"0.69";"0.0";"984.56";"0.9";"1.2";"1.25";"64.7";"50.23";"46.83";"41.8";"44.19";"2.06"
"Strategy 3.10.483";"PASSED";"0.82";"NDXm_TICK_UTCPlus02";"M15";"5711.21";"";"2968";"1.11";"1.11";"0.05";"2.86";"0.79";"0.0";"972.02";"0.98";"5.88";"1.57";"39.87";"35.41";"17.8";"15.31";"16.54";"11.34";"0.71";"2390.51";"";"957";"1.12";"1.22";"0.06";"4.78";"0.87";"0.0";"824.92";"0.96";"2.9";"2.99";"47.71";"40.95";"19.59";"15.91";"17.71";"3.32"
"Strategy 3.10.495";"PASSED";"0.71";"NDXm_TICK_UTCPlus02";"M15";"4638.03";"";"2008";"1.13";"1.03";"0.07";"2.32";"0.77";"0.0";"1655.72";"0.96";"2.8";"0.74";"41.04";"34.83";"18.93";"15.15";"17.0";"7.48";"0.79";"2762.98";"";"654";"1.2";"1.69";"0.1";"5.53";"0.82";"0.0";"592.88";"0.99";"4.66";"4.73";"50.03";"41.3";"19.63";"16.34";"17.98";"2.27"
"Strategy 3.10.504";"PASSED";"0.82";"NDXm_TICK_UTCPlus02";"M15";"6403.83";"";"3020";"1.12";"1.15";"0.06";"3.2";"0.73";"0.0";"1087.7";"0.83";"5.89";"1.55";"45.09";"33.56";"19.4";"14.24";"16.58";"10.84";"0.7";"2345.11";"";"1005";"1.11";"1.15";"0.06";"4.69";"0.72";"0.0";"868.46";"0.79";"2.7";"2.83";"55.18";"39.49";"21.18";"14.9";"17.68";"3.32"
"Strategy 3.10.507";"PASSED";"0.73";"NDXm_TICK_UTCPlus02";"M15";"4208.3";"";"1606";"1.12";"0.92";"0.07";"2.1";"0.75";"0.0";"1283.44";"0.86";"3.28";"0.86";"52.0";"40.0";"25.52";"18.89";"21.96";"11.72";"0.57";"1280.08";"";"560";"1.09";"0.71";"0.05";"2.56";"0.75";"0.0";"1049.59";"0.77";"1.22";"1.24";"65.81";"46.76";"29.61";"19.25";"23.77";"3.07"
"Strategy 3.10.516";"PASSED";"0.8";"NDXm_TICK_UTCPlus02";"M15";"4132.17";"";"1191";"1.16";"1.0";"0.09";"2.07";"0.84";"0.0";"829.13";"0.83";"4.98";"1.27";"56.44";"40.32";"33.56";"23.26";"27.93";"7.06";"0.59";"962.2";"";"441";"1.09";"0.67";"0.05";"1.92";"0.53";"0.0";"675.4";"0.76";"1.42";"1.47";"63.95";"44.58";"37.34";"23.14";"29.25";"2.86"
"Strategy 3.10.518";"PASSED";"0.71";"NDXm_TICK_UTCPlus02";"M15";"2118.04";"";"1215";"1.11";"0.67";"0.05";"1.06";"0.75";"0.0";"735.55";"1.17";"2.88";"0.74";"33.98";"35.84";"17.32";"17.29";"17.3";"0.76";"0.57";"846.26";"";"410";"1.11";"0.76";"0.05";"1.69";"0.63";"0.0";"686.24";"1.17";"1.23";"1.26";"38.04";"40.0";"18.56";"19.72";"19.1";"0.08"
"Strategy 3.10.528";"PASSED";"0.7";"NDXm_TICK_UTCPlus02";"M15";"5994.41";"";"3420";"1.09";"1.02";"0.05";"3.0";"0.78";"0.0";"2284.95";"0.89";"2.62";"0.71";"44.0";"35.74";"19.87";"15.18";"17.38";"13.03";"0.61";"1745.42";"";"1072";"1.07";"0.81";"0.04";"3.49";"0.79";"0.0";"1073.64";"0.84";"1.63";"1.69";"53.12";"41.73";"22.13";"17.12";"19.41";"4.08"
"Strategy 3.10.532";"PASSED";"0.75";"NDXm_TICK_UTCPlus02";"M15";"2931.31";"";"765";"1.15";"0.76";"0.09";"1.47";"0.65";"0.0";"814.96";"0.62";"3.6";"0.89";"75.78";"40.83";"49.33";"31.84";"38.54";"9.92";"0.55";"1255.19";"";"274";"1.15";"0.84";"0.1";"2.51";"0.7";"0.0";"1145.96";"0.55";"1.1";"1.14";"100.71";"48.1";"52.02";"33.59";"40.12";"3.19"
"Strategy 3.10.562";"PASSED";"0.75";"NDXm_TICK_UTCPlus02";"M15";"6628.78";"";"2577";"1.14";"1.32";"0.07";"3.31";"0.82";"0.0";"1847.95";"0.93";"3.59";"0.97";"43.68";"35.85";"19.75";"16.27";"17.95";"9.87";"0.66";"1658.45";"";"830";"1.09";"0.89";"0.05";"3.32";"0.7";"0.0";"772.62";"0.87";"2.15";"2.23";"52.77";"41.93";"21.42";"17.33";"19.23";"2.86"
"Strategy 3.10.569";"PASSED";"0.68";"NDXm_TICK_UTCPlus02";"M15";"2928.74";"";"1735";"1.15";"1.02";"0.07";"1.46";"0.76";"0.0";"1230.2";"1.1";"2.38";"0.62";"25.38";"24.45";"9.62";"9.11";"9.38";"5.46";"0.81";"1875.04";"";"521";"1.26";"1.83";"0.12";"3.75";"0.91";"0.0";"355.09";"1.14";"5.28";"5.43";"32.82";"29.83";"11.62";"11.02";"11.34";"0.88"
"Strategy 3.10.570";"PASSED";"0.77";"NDXm_TICK_UTCPlus02";"M15";"5809.66";"";"3388";"1.1";"1.06";"0.06";"2.9";"0.84";"0.0";"1437.99";"0.64";"4.04";"1.08";"49.62";"29.09";"21.97";"15.15";"17.82";"5.55";"0.63";"1459.68";"";"885";"1.08";"0.74";"0.05";"2.92";"0.83";"0.0";"838.19";"0.61";"1.74";"1.8";"62.14";"35.37";"27.75";"19.7";"22.76";"1.68"
"Strategy 3.10.578";"PASSED";"0.73";"NDXm_TICK_UTCPlus02";"M15";"3836.68";"";"2033";"1.1";"0.82";"0.06";"1.92";"0.84";"0.0";"1170.69";"0.67";"3.28";"0.85";"50.12";"30.45";"22.92";"16.1";"18.84";"4.66";"0.79";"2857.7";"";"609";"1.23";"1.69";"0.13";"5.72";"0.88";"0.0";"604.32";"0.71";"4.73";"4.89";"61.3";"35.26";"28.3";"19.64";"23.22";"1.01"
"Strategy 3.2.344";"PASSED";"0.82";"NDXm_TICK_UTCPlus02";"M15";"6798.2";"";"3560";"1.13";"1.45";"0.05";"3.4";"0.79";"0.0";"1142.96";"1.39";"5.95";"1.57";"28.81";"35.42";"12.27";"12.7";"12.45";"10.04";"0.59";"1524.81";"";"1169";"1.07";"0.82";"0.03";"3.05";"0.8";"0.0";"1061.35";"1.3";"1.44";"1.5";"34.44";"41.82";"14.03";"12.84";"13.51";"2.61"
"Strategy 3.2.347";"PASSED";"0.8";"NDXm_TICK_UTCPlus02";"M15";"6163.52";"";"2795";"1.1";"0.99";"0.06";"3.08";"0.82";"0.0";"1270.77";"0.62";"4.85";"1.29";"62.15";"35.09";"29.92";"18.26";"22.73";"16.09";"0.72";"3457.73";"";"876";"1.15";"1.44";"0.09";"6.92";"0.83";"0.0";"1171.94";"0.63";"2.95";"3.19";"77.24";"42.1";"31.86";"19.31";"24.16";"4.79"
"Strategy 3.2.400";"PASSED";"0.84";"NDXm_TICK_UTCPlus02";"M15";"3645.27";"";"756";"1.29";"1.31";"0.14";"1.82";"0.67";"0.0";"536.96";"1.0";"6.79";"1.67";"43.18";"33.53";"16.14";"14.15";"15.15";"2.94";"0.83";"1995.22";"";"298";"1.33";"1.9";"0.17";"3.99";"0.77";"0.0";"326.36";"0.96";"6.11";"6.33";"55.71";"40.38";"16.27";"10.59";"13.38";"0.67"
"Strategy 3.2.497";"PASSED";"0.79";"NDXm_TICK_UTCPlus02";"M15";"3113.68";"";"842";"1.21";"1.08";"0.11";"1.56";"0.78";"0.0";"668.81";"0.98";"4.66";"1.2";"42.64";"34.51";"18.02";"16.45";"17.23";"3.28";"0.83";"2207.24";"";"289";"1.37";"1.96";"0.19";"4.41";"0.75";"0.0";"354.91";"0.99";"6.22";"6.3";"56.41";"40.8";"18.66";"12.76";"15.7";"0.84"
"Strategy 3.2.500";"PASSED";"0.7";"NDXm_TICK_UTCPlus02";"M15";"2947.1";"";"1035";"1.14";"0.81";"0.08";"1.47";"0.81";"0.0";"1075.04";"0.78";"2.74";"0.71";"53.83";"36.68";"30.57";"19.57";"24.37";"5.67";"0.72";"1428.84";"";"331";"1.18";"1.09";"0.1";"2.86";"0.65";"0.0";"469.38";"0.81";"3.04";"3.14";"63.87";"43.85";"32.04";"19.95";"25.35";"1.89"
"Strategy 3.2.503";"PASSED";"0.66";"NDXm_TICK_UTCPlus02";"M15";"3102.5";"";"1962";"1.09";"0.76";"0.05";"1.55";"0.79";"0.0";"1455.71";"1.09";"2.13";"0.56";"35.11";"35.02";"12.88";"11.75";"12.34";"9.03";"0.64";"1746.78";"";"712";"1.12";"1.08";"0.06";"3.49";"0.77";"0.0";"927.82";"1.03";"1.88";"1.9";"45.4";"41.71";"15.1";"12.76";"13.95";"2.48"
"Strategy 3.2.515";"PASSED";"0.75";"NDXm_TICK_UTCPlus02";"M15";"4706.31";"";"2095";"1.14";"1.11";"0.06";"2.35";"0.8";"0.0";"1273.22";"1.11";"3.7";"0.98";"35.68";"34.72";"12.01";"10.93";"11.5";"9.37";"0.7";"2034.5";"";"752";"1.13";"1.23";"0.07";"4.07";"0.76";"0.0";"783.68";"1.05";"2.6";"2.61";"44.72";"41.36";"13.65";"12.31";"13.0";"2.23"
"Strategy 3.2.542";"PASSED";"0.58";"NDXm_TICK_UTCPlus02";"M15";"1531.84";"";"845";"1.08";"0.42";"0.05";"0.77";"0.58";"0.0";"1150.58";"0.73";"1.33";"0.35";"56.44";"38.15";"38.21";"31.02";"34.06";"4.33";"0.62";"1383.11";"";"264";"1.2";"1.08";"0.12";"2.77";"0.7";"0.0";"798.13";"0.73";"1.73";"1.8";"74.39";"44.93";"47.17";"35.14";"40.2";"0.59"
"Strategy 3.2.549";"PASSED";"0.71";"NDXm_TICK_UTCPlus02";"M15";"3594.54";"";"1461";"1.11";"0.83";"0.07";"1.8";"0.85";"0.0";"1259.0";"0.65";"2.86";"0.76";"61.21";"35.67";"30.02";"19.81";"23.82";"3.03";"0.56";"1080.13";"";"427";"1.1";"0.73";"0.07";"2.16";"0.58";"0.0";"920.74";"0.6";"1.17";"1.18";"71.12";"38.58";"32.19";"21.6";"25.57";"0.92"
"Strategy 3.3.342";"PASSED";"0.8";"NDXm_TICK_UTCPlus02";"M15";"3396.28";"";"1153";"1.17";"1.06";"0.09";"1.7";"0.74";"0.0";"656.89";"0.91";"5.17";"1.34";"42.83";"33.18";"16.72";"13.61";"15.09";"3.53";"0.85";"3141.55";"";"414";"1.38";"2.43";"0.19";"6.28";"0.8";"0.0";"444.72";"1.0";"7.06";"7.14";"55.21";"40.03";"15.79";"12.0";"13.9";"0.97"
"Strategy 3.3.352";"PASSED";"0.62";"NDXm_TICK_UTCPlus02";"M15";"2150.8";"";"860";"1.11";"0.6";"0.07";"1.08";"0.61";"0.0";"1239.86";"0.75";"1.73";"0.45";"56.74";"38.26";"38.15";"30.67";"33.88";"4.41";"0.67";"1459.49";"";"263";"1.21";"1.14";"0.12";"2.92";"0.71";"0.0";"653.81";"0.73";"2.23";"2.32";"74.74";"44.98";"46.14";"34.84";"39.6";"0.59"
"Strategy 3.3.364";"PASSED";"0.83";"NDXm_TICK_UTCPlus02";"M15";"2970.6";"";"622";"1.28";"1.19";"0.13";"1.49";"0.67";"0.0";"480.1";"1.09";"6.19";"1.53";"41.98";"35.94";"18.93";"16.7";"17.86";"2.77";"0.77";"1322.15";"";"243";"1.25";"1.31";"0.12";"2.64";"0.57";"0.0";"314.56";"1.03";"4.2";"4.19";"53.71";"44.03";"16.9";"13.73";"15.33";"0.63"
"Strategy 3.3.403";"PASSED";"0.82";"NDXm_TICK_UTCPlus02";"M15";"3715.74";"";"1151";"1.19";"1.16";"0.1";"1.86";"0.74";"0.0";"628.49";"0.92";"5.91";"1.45";"42.97";"33.14";"16.65";"13.35";"14.93";"3.45";"0.84";"3095.85";"";"409";"1.38";"2.43";"0.19";"6.19";"0.78";"0.0";"444.72";"1.0";"6.96";"7.03";"55.3";"39.93";"15.36";"12.22";"13.79";"0.97"
"Strategy 3.3.413";"PASSED";"0.69";"NDXm_TICK_UTCPlus02";"M15";"3322.11";"";"1482";"1.1";"0.76";"0.06";"1.66";"0.84";"0.0";"1354.22";"0.64";"2.45";"0.65";"61.16";"35.75";"29.87";"20.04";"23.9";"3.32";"0.55";"1041.35";"";"430";"1.1";"0.7";"0.06";"2.08";"0.58";"0.0";"943.8";"0.6";"1.1";"1.11";"71.2";"38.75";"31.72";"21.86";"25.55";"1.05"
"Strategy 3.3.426";"PASSED";"0.85";"NDXm_TICK_UTCPlus02";"M15";"4096.69";"";"1001";"1.24";"1.38";"0.12";"2.05";"0.84";"0.0";"564.43";"0.97";"7.26";"1.88";"42.7";"33.38";"17.98";"13.71";"15.81";"3.4";"0.82";"2407.91";"";"364";"1.32";"2.03";"0.16";"4.82";"0.67";"0.0";"413.86";"0.97";"5.82";"5.88";"55.2";"40.39";"15.97";"13.03";"14.48";"0.97"
"Strategy 3.3.446";"PASSED";"0.83";"NDXm_TICK_UTCPlus02";"M15";"4179.68";"";"1016";"1.25";"1.39";"0.12";"2.09";"0.75";"0.0";"679.08";"0.97";"6.15";"1.59";"42.51";"32.95";"17.54";"13.93";"15.7";"3.36";"0.77";"1939.38";"";"373";"1.25";"1.56";"0.13";"3.88";"0.67";"0.0";"486.78";"0.92";"3.98";"4.0";"54.34";"40.14";"16.59";"13.94";"15.21";"0.97"
"Strategy 3.3.454";"PASSED";"0.69";"NDXm_TICK_UTCPlus02";"M15";"1781.55";"";"515";"1.19";"0.73";"0.1";"0.89";"0.68";"0.0";"703.41";"0.85";"2.53";"0.63";"48.05";"34.55";"23.03";"17.22";"19.89";"1.93";"0.56";"565.83";"";"187";"1.14";"0.63";"0.08";"1.13";"0.63";"0.0";"485.93";"0.76";"1.16";"1.18";"56.12";"37.55";"25.58";"16.94";"20.68";"0.55"
"Strategy 3.3.458";"PASSED";"0.57";"NDXm_TICK_UTCPlus02";"M15";"1324.62";"";"784";"1.08";"0.38";"0.04";"0.66";"0.7";"0.0";"1084.13";"0.77";"1.22";"0.32";"55.82";"39.76";"31.27";"22.58";"26.35";"2.77";"0.6";"892.47";"";"252";"1.14";"0.79";"0.08";"1.78";"0.71";"0.0";"595.83";"0.81";"1.5";"1.51";"62.42";"44.32";"31.08";"23.49";"26.89";"0.71"
"Strategy 3.3.472";"PASSED";"0.73";"NDXm_TICK_UTCPlus02";"M15";"2003.43";"";"492";"1.2";"0.77";"0.12";"1.0";"0.47";"0.0";"615.88";"0.69";"3.25";"0.81";"59.47";"34.19";"25.7";"19.32";"21.92";"2.9";"0.74";"1434.47";"";"192";"1.3";"1.44";"0.17";"2.87";"0.62";"0.0";"433.34";"0.73";"3.31";"3.3";"76.35";"42.79";"30.47";"17.74";"23.11";"0.88"
"Strategy 3.3.490";"PASSED";"0.79";"NDXm_TICK_UTCPlus02";"M15";"3803.79";"";"1472";"1.17";"1.14";"0.07";"1.9";"0.68";"0.0";"836.97";"1.44";"4.54";"1.11";"30.67";"37.89";"11.26";"11.88";"11.51";"6.26";"0.71";"1387.39";"";"506";"1.15";"1.08";"0.06";"2.77";"0.75";"0.0";"505.31";"1.4";"2.75";"2.74";"36.53";"44.49";"11.8";"11.4";"11.63";"1.68"
"Strategy 3.3.555";"PASSED";"0.76";"NDXm_TICK_UTCPlus02";"M15";"2459.94";"";"1109";"1.15";"0.88";"0.09";"1.23";"0.74";"0.0";"648.95";"0.72";"3.79";"0.99";"40.29";"25.38";"15.11";"9.68";"11.96";"0.55";"0.58";"667.48";"";"335";"1.12";"0.7";"0.07";"1.33";"0.66";"0.0";"514.52";"0.67";"1.3";"1.29";"46.47";"27.66";"16.1";"12.4";"13.88";"0.25"
"Strategy 3.3.571";"PASSED";"0.66";"NDXm_TICK_UTCPlus02";"M15";"3113.96";"";"2029";"1.08";"0.67";"0.05";"1.56";"0.79";"0.0";"1490.41";"0.65";"2.09";"0.54";"49.93";"29.77";"22.87";"15.31";"18.28";"4.96";"0.71";"2011.25";"";"625";"1.15";"1.17";"0.09";"4.02";"0.83";"0.0";"719.59";"0.65";"2.79";"2.87";"61.34";"34.76";"28.01";"17.88";"21.88";"0.97"
"Strategy 3.3.572";"PASSED";"0.69";"NDXm_TICK_UTCPlus02";"M15";"3869.92";"";"1719";"1.11";"0.83";"0.06";"1.94";"0.77";"0.0";"1501.66";"0.75";"2.58";"0.67";"52.25";"35.1";"19.96";"14.74";"16.97";"9.83";"0.68";"1860.55";"";"601";"1.13";"1.01";"0.07";"3.72";"0.83";"0.0";"778.35";"0.69";"2.39";"2.43";"67.24";"41.35";"24.36";"16.81";"19.9";"3.15"
"Strategy 3.4.316";"PASSED";"0.81";"NDXm_TICK_UTCPlus02";"M15";"3092.49";"";"888";"1.22";"1.06";"0.13";"1.55";"0.71";"0.0";"570.07";"0.69";"5.42";"1.34";"46.87";"26.66";"15.93";"11.55";"13.34";"3.03";"0.86";"2413.46";"";"299";"1.44";"2.2";"0.25";"4.83";"0.9";"0.0";"298.13";"0.76";"8.1";"8.47";"61.03";"32.11";"17.66";"9.24";"12.87";"0.76"
"Strategy 3.4.332";"PASSED";"0.73";"NDXm_TICK_UTCPlus02";"M15";"4367.26";"";"1677";"1.13";"0.93";"0.07";"2.18";"0.71";"0.0";"1363.41";"0.82";"3.2";"0.83";"50.77";"36.84";"21.19";"16.0";"18.34";"10.17";"0.65";"1594.0";"";"586";"1.11";"0.87";"0.06";"3.19";"0.8";"0.0";"795.98";"0.75";"2.0";"2.03";"65.0";"43.94";"25.46";"17.88";"21.13";"3.19"
"Strategy 3.4.355";"PASSED";"0.84";"NDXm_TICK_UTCPlus02";"M15";"4378.86";"";"763";"1.3";"1.46";"0.17";"2.19";"0.78";"0.0";"630.49";"0.82";"6.95";"1.8";"54.97";"34.68";"25.52";"18.6";"21.72";"3.61";"0.87";"2798.67";"";"261";"1.48";"2.26";"0.26";"5.6";"0.7";"0.0";"312.47";"0.84";"8.96";"9.18";"72.74";"41.25";"27.65";"16.38";"21.52";"1.18"
"Strategy 3.4.356";"PASSED";"0.82";"NDXm_TICK_UTCPlus02";"M15";"5141.96";"";"1415";"1.23";"1.53";"0.09";"2.57";"0.73";"0.0";"915.04";"1.55";"5.62";"1.36";"31.54";"39.62";"13.66";"14.23";"13.89";"8.24";"0.72";"1428.72";"";"496";"1.15";"1.07";"0.06";"2.86";"0.79";"0.0";"470.3";"1.41";"3.04";"3.04";"38.36";"47.07";"15.22";"14.02";"14.72";"2.1"
"Strategy 3.4.379";"PASSED";"0.71";"NDXm_TICK_UTCPlus02";"M15";"2027.87";"";"513";"1.2";"0.78";"0.12";"1.01";"0.68";"0.0";"733.83";"0.76";"2.76";"0.71";"54.18";"34.37";"25.89";"18.44";"21.66";"2.06";"0.58";"615.73";"";"185";"1.15";"0.65";"0.09";"1.23";"0.68";"0.0";"457.59";"0.71";"1.35";"1.37";"61.35";"38.04";"29.9";"17.96";"22.93";"0.63"
"Strategy 3.4.390";"PASSED";"0.75";"NDXm_TICK_UTCPlus02";"M15";"8075.91";"";"4187";"1.1";"1.26";"0.05";"4.04";"0.82";"0.0";"2230.71";"0.86";"3.62";"0.99";"46.27";"36.17";"20.28";"14.65";"17.25";"15.8";"0.62";"2245.98";"";"1308";"1.07";"0.93";"0.04";"4.49";"0.82";"0.0";"1361.31";"0.81";"1.65";"1.68";"56.06";"42.26";"22.5";"15.71";"18.75";"5.08"
"Strategy 3.4.419";"PASSED";"0.82";"NDXm_TICK_UTCPlus02";"M15";"3440.06";"";"1260";"1.16";"1.01";"0.08";"1.72";"0.79";"0.0";"610.75";"0.89";"5.63";"1.45";"42.68";"33.01";"16.43";"12.78";"14.5";"3.66";"0.84";"2946.79";"";"432";"1.34";"2.25";"0.17";"5.89";"0.81";"0.0";"422.37";"0.97";"6.98";"7.01";"55.09";"40.12";"15.34";"12.28";"13.79";"1.01"
"Strategy 3.4.437";"PASSED";"0.78";"NDXm_TICK_UTCPlus02";"M15";"3571.48";"";"985";"1.2";"1.14";"0.11";"1.79";"0.66";"0.0";"812.85";"0.87";"4.39";"1.13";"45.88";"33.1";"19.41";"14.87";"16.98";"3.61";"0.78";"1796.55";"";"359";"1.23";"1.46";"0.12";"3.59";"0.64";"0.0";"422.99";"0.85";"4.25";"4.27";"58.4";"40.41";"19.22";"13.43";"16.09";"1.09"
"Strategy 3.4.483";"PASSED";"0.63";"NDXm_TICK_UTCPlus02";"M15";"2162.08";"";"869";"1.14";"0.73";"0.07";"1.08";"0.7";"0.0";"1179.78";"0.92";"1.83";"0.48";"42.75";"34.49";"19.42";"15.56";"17.41";"3.03";"0.53";"587.12";"";"267";"1.1";"0.5";"0.05";"1.17";"0.77";"0.0";"611.33";"0.89";"0.96";"0.97";"52.13";"42.42";"23.83";"21.88";"22.8";"1.51"
"Strategy 3.4.489";"PASSED";"0.81";"NDXm_TICK_UTCPlus02";"M15";"3225.95";"";"856";"1.22";"1.12";"0.11";"1.61";"0.78";"0.0";"586.84";"0.99";"5.5";"1.42";"42.28";"34.39";"17.94";"16.47";"17.2";"3.19";"0.82";"2096.34";"";"296";"1.34";"1.85";"0.17";"4.19";"0.73";"0.0";"354.91";"0.97";"5.91";"5.99";"56.27";"40.79";"18.42";"12.47";"15.41";"0.84"
"Strategy 3.4.515";"PASSED";"0.82";"NDXm_TICK_UTCPlus02";"M15";"2838.89";"";"616";"1.27";"1.14";"0.14";"1.42";"0.64";"0.0";"484.58";"0.93";"5.86";"1.45";"45.36";"33.08";"19.18";"15.14";"17.08";"2.86";"0.79";"1430.59";"";"237";"1.28";"1.42";"0.15";"2.86";"0.58";"0.0";"301.68";"0.91";"4.74";"4.77";"57.98";"41.3";"16.35";"14.79";"15.54";"0.59"
"Strategy 3.4.528";"PASSED";"0.71";"NDXm_TICK_UTCPlus02";"M15";"4432.74";"";"1661";"1.13";"1.01";"0.06";"2.22";"0.77";"0.0";"1534.06";"1.14";"2.89";"0.76";"42.91";"43.22";"26.31";"21.9";"24.25";"13.11";"0.6";"1183.63";"";"574";"1.08";"0.69";"0.04";"2.37";"0.76";"0.0";"795.81";"1.05";"1.49";"1.51";"51.58";"49.93";"29.35";"25.43";"27.44";"3.95"
"Strategy 3.4.550";"PASSED";"0.84";"NDXm_TICK_UTCPlus02";"M15";"3129.02";"";"634";"1.29";"1.12";"0.18";"1.56";"0.66";"0.0";"471.2";"0.65";"6.64";"1.68";"56.11";"28.16";"23.14";"14.56";"17.93";"2.69";"0.79";"1959.69";"";"231";"1.42";"1.86";"0.25";"3.92";"0.78";"0.0";"413.88";"0.69";"4.73";"4.96";"70.94";"34.37";"24.02";"14.58";"18.42";"0.76"
"Strategy 3.4.557";"PASSED";"0.75";"NDXm_TICK_UTCPlus02";"M15";"3013.6";"";"1195";"1.13";"0.87";"0.07";"1.51";"0.73";"0.0";"831.93";"0.98";"3.62";"0.94";"42.98";"36.93";"20.7";"16.24";"18.44";"3.87";"0.71";"1681.35";"";"355";"1.24";"1.49";"0.12";"3.36";"0.77";"0.0";"606.45";"0.94";"2.77";"2.82";"51.19";"38.93";"23.26";"17.94";"20.52";"1.01"
"Strategy 3.4.563";"PASSED";"0.83";"NDXm_TICK_UTCPlus02";"M15";"4112.61";"";"995";"1.22";"1.23";"0.12";"2.06";"0.93";"0.0";"644.33";"0.79";"6.38";"1.63";"52.31";"33.9";"21.58";"14.39";"17.56";"4.41";"0.71";"1363.11";"";"329";"1.19";"1.12";"0.11";"2.73";"0.81";"0.0";"487.44";"0.77";"2.8";"2.84";"60.08";"38.86";"29.52";"15.54";"21.61";"1.51"
"Strategy 3.5.318";"PASSED";"0.78";"NDXm_TICK_UTCPlus02";"M15";"2505.14";"";"592";"1.24";"1.0";"0.12";"1.25";"0.66";"0.0";"575.93";"0.95";"4.35";"1.11";"44.39";"34.07";"17.42";"14.93";"16.14";"2.65";"0.75";"1430.75";"";"230";"1.29";"1.39";"0.15";"2.86";"0.68";"0.0";"387.88";"0.97";"3.69";"3.71";"56.31";"42.16";"19.22";"13.48";"16.3";"0.84"
"Strategy 3.5.343";"PASSED";"0.69";"NDXm_TICK_UTCPlus02";"M15";"4136.81";"";"2822";"1.09";"0.86";"0.05";"2.07";"0.75";"0.0";"1630.85";"0.63";"2.54";"0.68";"47.2";"27.49";"20.1";"13.31";"15.94";"7.27";"0.7";"1799.66";"";"782";"1.11";"0.98";"0.07";"3.6";"0.83";"0.0";"678.33";"0.63";"2.65";"2.77";"58.61";"32.94";"24.29";"17.23";"19.95";"2.35"
"Strategy 3.5.352";"PASSED";"0.87";"NDXm_TICK_UTCPlus02";"M15";"3920.95";"";"1122";"1.23";"1.39";"0.12";"1.96";"0.85";"0.0";"434.78";"0.9";"9.02";"2.36";"39.35";"28.83";"17.74";"13.46";"15.49";"0.8";"0.63";"1041.88";"";"384";"1.15";"0.98";"0.08";"2.08";"0.6";"0.0";"598.07";"0.83";"1.74";"1.75";"46.2";"33.32";"20.41";"17.65";"18.9";"0.34"
"Strategy 3.5.416";"PASSED";"0.74";"NDXm_TICK_UTCPlus02";"M15";"2948.53";"";"742";"1.25";"1.11";"0.13";"1.47";"0.87";"0.0";"844.81";"0.82";"3.49";"0.91";"44.84";"29.48";"15.54";"10.11";"12.56";"1.68";"0.89";"2253.2";"";"254";"1.51";"2.25";"0.27";"4.51";"0.9";"0.0";"219.13";"0.92";"10.28";"10.49";"54.48";"33.28";"12.68";"8.43";"10.47";"0.46"
"Strategy 3.5.425";"PASSED";"0.72";"NDXm_TICK_UTCPlus02";"M15";"1828.82";"";"627";"1.18";"0.79";"0.09";"0.91";"0.83";"0.0";"599.34";"0.99";"3.05";"0.78";"38.68";"32.51";"19.92";"17.05";"18.48";"0.84";"0.66";"954.93";"";"230";"1.23";"1.1";"0.12";"1.91";"0.79";"0.0";"463.11";"0.97";"2.06";"2.08";"45.78";"36.05";"22.27";"18.46";"20.33";"0.17"
"Strategy 3.5.430";"PASSED";"0.81";"NDXm_TICK_UTCPlus02";"M15";"3619.51";"";"676";"1.26";"1.11";"0.16";"1.81";"0.73";"0.0";"657.0";"0.64";"5.51";"1.42";"65.78";"33.12";"29.23";"17.77";"22.23";"3.78";"0.77";"1813.89";"";"265";"1.27";"1.52";"0.17";"3.63";"0.74";"0.0";"431.47";"0.61";"4.2";"4.27";"84.2";"40.04";"33.1";"14.32";"21.41";"1.18"
"Strategy 3.5.441";"PASSED";"0.81";"NDXm_TICK_UTCPlus02";"M15";"5102.93";"";"1408";"1.23";"1.52";"0.09";"2.55";"0.73";"0.0";"933.67";"1.55";"5.47";"1.32";"31.56";"39.57";"13.68";"14.15";"13.87";"8.15";"0.7";"1319.03";"";"493";"1.14";"0.99";"0.06";"2.64";"0.8";"0.0";"480.77";"1.39";"2.74";"2.81";"38.38";"47.07";"15.19";"14.02";"14.7";"1.93"
"Strategy 3.5.449";"PASSED";"0.78";"NDXm_TICK_UTCPlus02";"M15";"2817.02";"";"1579";"1.09";"0.71";"0.05";"1.41";"0.78";"0.0";"656.98";"0.77";"4.29";"1.11";"48.08";"33.96";"19.25";"12.89";"15.66";"4.54";"0.69";"1744.99";"";"510";"1.15";"1.15";"0.08";"3.49";"0.7";"0.0";"693.95";"0.81";"2.51";"2.51";"57.85";"40.58";"24.96";"17.47";"20.82";"2.18"
"Strategy 3.5.452";"PASSED";"0.8";"NDXm_TICK_UTCPlus02";"M15";"3608.38";"";"808";"1.23";"1.14";"0.13";"1.8";"0.79";"0.0";"707.19";"0.78";"5.1";"1.31";"54.81";"34.6";"25.52";"18.47";"21.55";"3.49";"0.86";"2949.46";"";"270";"1.49";"2.33";"0.26";"5.9";"0.79";"0.0";"382.53";"0.85";"7.71";"7.76";"72.65";"41.5";"28.52";"15.55";"21.51";"1.05"
"Strategy 3.5.453";"PASSED";"0.67";"NDXm_TICK_UTCPlus02";"M15";"2083.71";"";"463";"1.26";"0.92";"0.14";"1.04";"0.79";"0.0";"956.05";"0.84";"2.18";"0.57";"48.12";"32.34";"21.63";"15.77";"18.45";"0.46";"0.59";"851.3";"";"142";"1.29";"1.07";"0.16";"1.7";"0.82";"0.0";"407.49";"0.8";"2.09";"2.1";"59.79";"36.9";"24.98";"22.05";"23.35";"0.17"
"Strategy 3.5.476";"PASSED";"0.84";"NDXm_TICK_UTCPlus02";"M15";"4004.74";"";"1006";"1.2";"1.19";"0.11";"2.0";"0.92";"0.0";"606.13";"0.86";"6.61";"1.72";"50.89";"36.18";"21.31";"15.69";"18.28";"4.24";"0.63";"1074.83";"";"334";"1.14";"0.84";"0.08";"2.15";"0.76";"0.0";"616.53";"0.81";"1.74";"1.78";"59.64";"42.22";"29.45";"15.74";"21.85";"1.47"
"Strategy 3.5.478";"PASSED";"0.73";"NDXm_TICK_UTCPlus02";"M15";"3359.11";"";"1437";"1.14";"0.91";"0.07";"1.68";"0.81";"0.0";"1030.68";"1.16";"3.26";"0.85";"34.84";"35.29";"12.35";"11.32";"11.87";"6.22";"0.53";"643.45";"";"507";"1.06";"0.47";"0.03";"1.29";"0.66";"0.0";"665.85";"1.0";"0.97";"0.99";"44.29";"41.59";"14.01";"12.19";"13.1";"2.06"
"Strategy 3.5.493";"PASSED";"0.8";"NDXm_TICK_UTCPlus02";"M15";"5472.95";"";"3007";"1.1";"1.01";"0.06";"2.74";"0.8";"0.0";"1113.89";"0.66";"4.91";"1.2";"49.44";"29.41";"18.77";"11.58";"14.43";"9.83";"0.58";"1320.94";"";"1010";"1.06";"0.64";"0.04";"2.64";"0.68";"0.0";"1005.63";"0.61";"1.31";"1.37";"60.47";"34.53";"20.09";"11.53";"14.76";"2.39"
"Strategy 3.5.512";"PASSED";"0.67";"NDXm_TICK_UTCPlus02";"M15";"1938.86";"";"663";"1.19";"0.89";"0.08";"0.97";"0.69";"0.0";"883.05";"1.28";"2.2";"0.57";"32.51";"34.9";"15.78";"13.64";"14.84";"0.29";"0.68";"812.93";"";"214";"1.22";"1.04";"0.1";"1.63";"0.75";"0.0";"343.13";"1.28";"2.37";"2.43";"37.98";"39.84";"12.7";"14.96";"13.69";"0.04"
"Strategy 3.5.557";"PASSED";"0.79";"NDXm_TICK_UTCPlus02";"M15";"2308.4";"";"512";"1.26";"0.95";"0.13";"1.15";"0.76";"0.0";"484.21";"0.93";"4.77";"1.18";"45.7";"33.89";"19.86";"17.12";"18.44";"2.65";"0.7";"892.45";"";"179";"1.23";"0.97";"0.12";"1.78";"0.76";"0.0";"329.14";"0.86";"2.71";"2.74";"58.22";"41.04";"20.93";"15.26";"17.89";"0.55"
"Strategy 3.6.312";"PASSED";"0.8";"NDXm_TICK_UTCPlus02";"M15";"5867.58";"";"2942";"1.1";"1.06";"0.06";"2.93";"0.75";"0.0";"1134.86";"0.86";"5.17";"1.34";"45.63";"35.52";"20.21";"15.75";"17.81";"11.81";"0.67";"2394.91";"";"934";"1.11";"1.15";"0.06";"4.79";"0.71";"0.0";"1051.67";"0.84";"2.28";"2.41";"56.16";"42.57";"22.65";"17.55";"19.88";"3.82"
"Strategy 3.6.319";"PASSED";"0.8";"NDXm_TICK_UTCPlus02";"M15";"6901.79";"";"2358";"1.13";"1.17";"0.08";"3.45";"0.84";"0.0";"1407.22";"0.7";"4.9";"1.33";"61.73";"38.09";"31.36";"22.0";"25.84";"15.08";"0.71";"3618.63";"";"786";"1.17";"1.57";"0.1";"7.24";"0.76";"0.0";"1317.86";"0.7";"2.75";"2.97";"76.1";"45.54";"32.59";"21.87";"26.29";"5.0"
"Strategy 3.6.326";"PASSED";"0.64";"NDXm_TICK_UTCPlus02";"M15";"1865.69";"";"454";"1.23";"0.83";"0.12";"0.93";"0.78";"0.0";"975.11";"0.93";"1.91";"0.49";"45.86";"34.8";"22.04";"17.97";"19.93";"0.46";"0.6";"785.04";"";"142";"1.26";"1.01";"0.14";"1.57";"0.82";"0.0";"347.97";"0.89";"2.26";"2.28";"55.99";"39.55";"26.7";"23.56";"25.04";"0.17"
"Strategy 3.6.327";"PASSED";"0.6";"NDXm_TICK_UTCPlus02";"M15";"2546.07";"";"1539";"1.08";"0.58";"0.04";"1.27";"0.76";"0.0";"1659.16";"0.9";"1.53";"0.4";"47.54";"39.64";"22.84";"18.83";"20.73";"10.0";"0.54";"1238.09";"";"546";"1.09";"0.71";"0.05";"2.48";"0.75";"0.0";"1190.33";"0.85";"1.04";"1.08";"60.01";"46.86";"24.83";"20.43";"22.45";"3.15"
"Strategy 3.6.346";"PASSED";"0.77";"NDXm_TICK_UTCPlus02";"M15";"5107.8";"";"2450";"1.1";"0.96";"0.05";"2.55";"0.78";"0.0";"1238.76";"0.78";"4.12";"1.1";"53.59";"38.05";"31.8";"24.31";"27.59";"12.65";"0.69";"2963.04";"";"646";"1.18";"1.69";"0.1";"5.93";"0.81";"0.0";"1172.88";"0.8";"2.53";"2.57";"66.31";"45.07";"40.08";"32.03";"35.62";"3.82"
"Strategy 3.6.352";"PASSED";"0.66";"NDXm_TICK_UTCPlus02";"M15";"2837.68";"";"2654";"1.06";"0.6";"0.04";"1.42";"0.84";"0.0";"1314.17";"0.62";"2.16";"0.56";"46.7";"27.06";"20.13";"13.16";"15.82";"6.76";"0.74";"2121.09";"";"743";"1.14";"1.22";"0.09";"4.24";"0.82";"0.0";"640.61";"0.64";"3.31";"3.48";"58.04";"32.47";"24.18";"16.71";"19.62";"2.44"
"Strategy 3.6.354";"PASSED";"0.63";"NDXm_TICK_UTCPlus02";"M15";"2106.18";"";"784";"1.13";"0.64";"0.08";"1.05";"0.64";"0.0";"1152.53";"0.63";"1.83";"0.48";"58.64";"32.56";"30.07";"18.98";"23.26";"2.65";"0.62";"1250.25";"";"297";"1.18";"0.99";"0.11";"2.5";"0.51";"0.0";"729.3";"0.62";"1.71";"1.72";"72.86";"38.55";"39.71";"24.99";"30.64";"1.64"
"Strategy 3.6.369";"PASSED";"0.81";"NDXm_TICK_UTCPlus02";"M15";"4298.77";"";"1151";"1.18";"1.01";"0.1";"2.15";"0.65";"0.0";"779.63";"0.7";"5.51";"1.41";"59.71";"35.59";"25.39";"18.47";"21.33";"8.07";"0.71";"2497.82";"";"426";"1.24";"1.45";"0.14";"5.0";"0.83";"0.0";"858.09";"0.69";"2.91";"2.96";"75.3";"42.08";"31.52";"19.32";"24.3";"2.48"
"Strategy 3.6.374";"PASSED";"0.7";"NDXm_TICK_UTCPlus02";"M15";"1257.14";"";"448";"1.16";"0.59";"0.09";"0.63";"0.55";"0.0";"462.75";"0.77";"2.72";"0.67";"45.73";"30.28";"16.43";"12.51";"14.21";"2.06";"0.84";"1392.59";"";"170";"1.4";"1.63";"0.21";"2.79";"0.86";"0.0";"210.85";"0.89";"6.6";"6.64";"60.42";"38.23";"19.86";"14.08";"16.8";"0.59"
"Strategy 3.6.394";"PASSED";"0.77";"NDXm_TICK_UTCPlus02";"M15";"3370.94";"";"1011";"1.17";"0.93";"0.09";"1.69";"0.85";"0.0";"808.99";"0.77";"4.17";"1.09";"54.04";"35.74";"27.72";"19.96";"23.34";"3.74";"0.54";"460.16";"";"287";"1.06";"0.34";"0.04";"0.92";"0.76";"0.0";"452.34";"0.72";"1.02";"1.02";"63.59";"42.94";"31.7";"25.78";"28.25";"1.43"
"Strategy 3.6.410";"PASSED";"0.87";"NDXm_TICK_UTCPlus02";"M15";"4237.57";"";"1305";"1.2";"1.3";"0.08";"2.12";"0.69";"0.0";"465.94";"1.54";"9.09";"2.2";"31.65";"40.6";"16.2";"17.96";"16.89";"7.82";"0.64";"1265.72";"";"477";"1.13";"0.94";"0.05";"2.53";"0.71";"0.0";"664.49";"1.4";"1.9";"1.96";"39.39";"48.67";"18.7";"17.45";"18.18";"2.1"
"Strategy 3.6.431";"PASSED";"0.66";"NDXm_TICK_UTCPlus02";"M15";"2820.39";"";"1731";"1.1";"0.73";"0.05";"1.41";"0.83";"0.0";"1345.83";"1.1";"2.1";"0.55";"34.29";"34.41";"11.66";"10.43";"11.07";"7.56";"0.52";"764.18";"";"592";"1.06";"0.52";"0.03";"1.53";"0.71";"0.0";"815.34";"1.0";"0.94";"0.97";"43.61";"41.03";"13.54";"10.74";"12.14";"2.1"
"Strategy 3.6.436";"PASSED";"0.84";"NDXm_TICK_UTCPlus02";"M15";"3239.58";"";"627";"1.31";"1.32";"0.16";"1.62";"0.67";"0.0";"491.59";"1.0";"6.59";"1.63";"43.35";"33.14";"18.64";"14.6";"16.62";"2.77";"0.81";"1430.44";"";"243";"1.28";"1.42";"0.14";"2.86";"0.63";"0.0";"259.15";"0.94";"5.52";"5.5";"55.87";"41.3";"16.59";"13.25";"14.87";"0.55"
"Strategy 3.6.474";"PASSED";"0.81";"NDXm_TICK_UTCPlus02";"M15";"4392.33";"";"1374";"1.2";"1.24";"0.09";"2.2";"0.78";"0.0";"847.71";"1.19";"5.18";"1.35";"34.95";"34.75";"11.91";"10.75";"11.38";"6.13";"0.57";"741.96";"";"478";"1.08";"0.55";"0.04";"1.48";"0.77";"0.0";"593.95";"1.0";"1.25";"1.26";"44.3";"41.19";"13.76";"11.08";"12.42";"1.64"
"Strategy 3.6.497";"PASSED";"0.83";"NDXm_TICK_UTCPlus02";"M15";"5966.18";"";"3348";"1.11";"1.13";"0.06";"2.98";"0.8";"0.0";"937.35";"0.92";"6.36";"1.7";"38.65";"31.97";"14.81";"11.6";"13.13";"9.62";"0.76";"3553.99";"";"1103";"1.16";"1.67";"0.08";"7.11";"0.82";"0.0";"915.53";"0.95";"3.88";"4.21";"47.31";"38.61";"15.85";"13.13";"14.45";"3.07"
"Strategy 3.6.498";"PASSED";"0.77";"NDXm_TICK_UTCPlus02";"M15";"3662.88";"";"1700";"1.14";"0.95";"0.09";"1.83";"0.78";"0.0";"923.05";"0.62";"3.97";"0.98";"46.8";"25.34";"15.2";"9.22";"11.5";"4.16";"0.67";"1640.84";"";"586";"1.15";"1.16";"0.09";"3.28";"0.69";"0.0";"745.7";"0.58";"2.2";"2.22";"58.48";"29.7";"13.98";"7.9";"10.14";"0.84"
"Strategy 3.6.508";"PASSED";"0.6";"NDXm_TICK_UTCPlus02";"M15";"2204.0";"";"1911";"1.07";"0.56";"0.04";"1.1";"0.75";"0.0";"1466.26";"0.9";"1.5";"0.39";"38.74";"32.52";"17.95";"15.95";"16.89";"2.65";"0.6";"948.67";"";"608";"1.08";"0.63";"0.04";"1.9";"0.81";"0.0";"637.08";"0.88";"1.49";"1.53";"44.62";"36.44";"21.19";"17.11";"19.02";"0.34"
"Strategy 3.6.538";"PASSED";"0.79";"NDXm_TICK_UTCPlus02";"M15";"3427.68";"";"1530";"1.12";"0.87";"0.07";"1.71";"0.81";"0.0";"756.93";"0.82";"4.53";"1.15";"45.63";"33.31";"18.82";"14.06";"16.2";"5.0";"0.73";"2137.09";"";"530";"1.19";"1.4";"0.1";"4.27";"0.64";"0.0";"671.96";"0.83";"3.18";"3.21";"55.94";"38.92";"16.75";"12.46";"14.4";"1.09"
"Strategy 3.6.566";"PASSED";"0.75";"NDXm_TICK_UTCPlus02";"M15";"2098.39";"";"928";"1.14";"0.74";"0.07";"1.05";"0.87";"0.0";"597.0";"0.93";"3.51";"0.88";"39.08";"31.96";"19.7";"15.13";"17.33";"1.18";"0.56";"661.13";"";"309";"1.11";"0.65";"0.06";"1.32";"0.71";"0.0";"547.01";"0.85";"1.21";"1.21";"46.74";"35.79";"23.3";"18.39";"20.64";"0.17"
"Strategy 3.6.570";"PASSED";"0.87";"NDXm_TICK_UTCPlus02";"M15";"6962.58";"";"2577";"1.14";"1.38";"0.07";"3.48";"0.73";"0.0";"798.04";"0.94";"8.72";"2.14";"44.11";"36.18";"21.25";"16.66";"18.88";"11.05";"0.55";"1211.82";"";"860";"1.06";"0.62";"0.03";"2.42";"0.76";"0.0";"1093.79";"0.85";"1.11";"1.15";"52.69";"42.15";"24.5";"18.29";"21.14";"3.53"
"Strategy 3.7.313";"PASSED";"0.67";"NDXm_TICK_UTCPlus02";"M15";"3339.8";"";"1290";"1.1";"0.68";"0.06";"1.67";"0.74";"0.0";"1534.25";"0.62";"2.18";"0.57";"73.99";"41.87";"43.93";"29.04";"34.75";"14.5";"0.58";"1259.43";"";"436";"1.09";"0.68";"0.06";"2.52";"0.8";"0.0";"944.01";"0.58";"1.33";"1.38";"92.09";"48.83";"48.58";"30.0";"36.82";"4.33"
"Strategy 3.7.343";"PASSED";"0.79";"NDXm_TICK_UTCPlus02";"M15";"3539.61";"";"1643";"1.13";"0.9";"0.07";"1.77";"0.69";"0.0";"752.52";"0.74";"4.7";"1.16";"45.55";"29.82";"16.48";"11.21";"13.45";"4.41";"0.7";"1958.82";"";"570";"1.17";"1.35";"0.1";"3.92";"0.73";"0.0";"714.07";"0.71";"2.74";"2.76";"56.56";"34.37";"15.26";"9.11";"11.66";"0.88"
"Strategy 3.7.346";"PASSED";"0.75";"NDXm_TICK_UTCPlus02";"M15";"4062.76";"";"2109";"1.11";"0.96";"0.05";"2.03";"0.79";"0.0";"1147.75";"1.31";"3.54";"0.93";"33.57";"39.52";"15.3";"15.05";"15.19";"11.22";"0.53";"991.96";"";"760";"1.06";"0.57";"0.03";"1.98";"0.73";"0.0";"1049.22";"1.18";"0.95";"0.97";"42.15";"47.05";"16.81";"15.89";"16.39";"2.61"
"Strategy 3.7.377";"PASSED";"0.69";"NDXm_TICK_UTCPlus02";"M15";"3435.8";"";"1628";"1.1";"0.77";"0.05";"1.72";"0.77";"0.0";"1355.99";"0.91";"2.53";"0.66";"47.54";"39.37";"23.05";"18.84";"20.84";"10.34";"0.57";"1676.52";"";"600";"1.11";"0.91";"0.06";"3.35";"0.7";"0.0";"1328.79";"0.86";"1.26";"1.32";"60.07";"46.32";"25.61";"19.32";"22.22";"3.45"
"Strategy 3.7.385";"PASSED";"0.84";"NDXm_TICK_UTCPlus02";"M15";"5415.3";"";"2410";"1.12";"1.19";"0.05";"2.71";"0.8";"0.0";"812.01";"1.31";"6.67";"1.74";"35.8";"41.59";"23.95";"23.27";"23.65";"12.73";"0.61";"1444.17";"";"788";"1.09";"0.83";"0.04";"2.89";"0.78";"0.0";"900.71";"1.26";"1.6";"1.65";"40.49";"46.79";"26.14";"28.0";"26.96";"4.54"
"Strategy 3.7.455";"PASSED";"0.8";"NDXm_TICK_UTCPlus02";"M15";"5119.78";"";"1743";"1.14";"1.05";"0.07";"2.56";"0.63";"0.0";"1040.54";"0.83";"4.92";"1.25";"54.03";"39.41";"26.74";"19.37";"22.71";"12.52";"0.52";"1138.21";"";"612";"1.07";"0.63";"0.04";"2.28";"0.72";"0.0";"1226.79";"0.73";"0.93";"0.96";"68.68";"46.84";"30.44";"21.42";"25.22";"3.4"
"Strategy 3.7.456";"PASSED";"0.74";"NDXm_TICK_UTCPlus02";"M15";"3488.62";"";"1453";"1.15";"0.96";"0.07";"1.74";"0.82";"0.0";"1005.9";"1.15";"3.47";"0.9";"35.31";"35.53";"14.2";"12.95";"13.62";"6.85";"0.58";"1042.47";"";"537";"1.09";"0.73";"0.05";"2.09";"0.64";"0.0";"798.7";"1.03";"1.31";"1.31";"44.91";"42.49";"16.59";"13.33";"14.99";"1.93"
"Strategy 3.7.483";"PASSED";"0.82";"NDXm_TICK_UTCPlus02";"M15";"3468.96";"";"1041";"1.2";"1.12";"0.11";"1.73";"0.75";"0.0";"604.65";"0.74";"5.74";"1.43";"47.15";"29.0";"16.4";"11.26";"13.44";"3.4";"0.69";"1408.27";"";"397";"1.18";"1.13";"0.11";"2.82";"0.85";"0.0";"554.12";"0.68";"2.54";"2.56";"58.75";"33.72";"14.21";"8.63";"10.88";"0.8"
"Strategy 3.7.498";"PASSED";"0.76";"NDXm_TICK_UTCPlus02";"M15";"1860.83";"";"474";"1.25";"0.88";"0.11";"0.93";"0.74";"0.0";"476.13";"1.3";"3.91";"1.0";"34.83";"36.27";"14.04";"15.52";"14.68";"2.27";"0.72";"928.22";"";"186";"1.25";"1.18";"0.11";"1.86";"0.79";"0.0";"310.64";"1.3";"2.99";"3.05";"43.79";"45.3";"15.59";"15.28";"15.46";"0.59"
"Strategy 3.7.502";"PASSED";"0.59";"NDXm_TICK_UTCPlus02";"M15";"3232.81";"";"1575";"1.1";"0.73";"0.05";"1.62";"0.77";"0.0";"2307.5";"0.96";"1.4";"0.37";"47.5";"41.75";"26.57";"21.75";"24.11";"11.85";"0.57";"1375.07";"";"547";"1.1";"0.8";"0.05";"2.75";"0.74";"0.0";"1129.61";"0.91";"1.22";"1.23";"58.32";"48.41";"27.17";"25.27";"26.17";"3.45"
"Strategy 3.7.507";"PASSED";"0.8";"NDXm_TICK_UTCPlus02";"M15";"3038.17";"";"519";"1.28";"1.11";"0.14";"1.52";"0.82";"0.0";"629.51";"1.0";"4.83";"1.2";"53.35";"41.82";"27.92";"22.81";"25.37";"3.28";"0.56";"504.21";"";"169";"1.12";"0.51";"0.06";"1.01";"0.75";"0.0";"428.29";"0.88";"1.18";"1.19";"60.58";"47.57";"37.54";"24.64";"30.67";"1.47"
"Strategy 3.7.518";"PASSED";"0.68";"NDXm_TICK_UTCPlus02";"M15";"5983.94";"";"2559";"1.11";"0.99";"0.07";"2.99";"0.78";"0.0";"2468.65";"0.64";"2.42";"0.66";"61.81";"35.87";"27.98";"19.0";"22.51";"13.15";"0.64";"1882.22";"";"829";"1.09";"0.81";"0.05";"3.76";"0.71";"0.0";"972.06";"0.6";"1.94";"1.96";"76.18";"42.33";"28.46";"20.18";"23.3";"3.61"
"Strategy 3.7.532";"PASSED";"0.71";"NDXm_TICK_UTCPlus02";"M15";"5218.32";"";"2359";"1.1";"0.93";"0.06";"2.61";"0.75";"0.0";"1814.39";"0.78";"2.88";"0.77";"54.32";"38.25";"28.85";"19.93";"23.83";"12.69";"0.74";"2805.96";"";"800";"1.14";"1.3";"0.08";"5.61";"0.82";"0.0";"828.53";"0.78";"3.39";"3.6";"65.2";"44.47";"28.17";"21.79";"24.58";"4.08"
"Strategy 3.7.540";"PASSED";"0.61";"NDXm_TICK_UTCPlus02";"M15";"2280.69";"";"1900";"1.07";"0.59";"0.04";"1.14";"0.77";"0.0";"1401.36";"0.9";"1.63";"0.43";"38.7";"32.48";"17.88";"15.99";"16.88";"2.65";"0.61";"957.3";"";"606";"1.08";"0.64";"0.04";"1.91";"0.81";"0.0";"613.47";"0.89";"1.56";"1.57";"44.45";"36.48";"21.05";"17.16";"18.99";"0.34"
"Strategy 3.7.565";"PASSED";"0.78";"NDXm_TICK_UTCPlus02";"M15";"2277.63";"";"572";"1.25";"1.0";"0.14";"1.14";"0.63";"0.0";"527.42";"0.8";"4.32";"1.08";"45.35";"29.3";"16.95";"12.36";"14.41";"2.06";"0.82";"1777.3";"";"218";"1.41";"1.92";"0.22";"3.55";"0.86";"0.0";"311.23";"0.85";"5.71";"5.73";"60.94";"36.58";"20.11";"11.79";"15.61";"0.8"
"Strategy 3.8.300";"PASSED";"0.77";"NDXm_TICK_UTCPlus02";"M15";"2832.17";"";"1284";"1.13";"0.83";"0.06";"1.42";"0.72";"0.0";"676.35";"1.13";"4.19";"1.08";"35.46";"35.47";"14.16";"13.2";"13.71";"6.47";"0.75";"1680.56";"";"467";"1.18";"1.29";"0.09";"3.36";"0.83";"0.0";"477.67";"1.08";"3.52";"3.54";"45.55";"41.91";"16.91";"13.22";"15.14";"1.76"
"Strategy 3.8.306";"PASSED";"0.77";"NDXm_TICK_UTCPlus02";"M15";"3579.49";"";"1686";"1.13";"0.98";"0.05";"1.79";"0.71";"0.0";"849.71";"1.44";"4.21";"1.08";"31.56";"40.27";"14.57";"16.81";"15.49";"9.33";"0.59";"1087.55";"";"580";"1.09";"0.76";"0.04";"2.18";"0.8";"0.0";"776.16";"1.35";"1.4";"1.44";"39.35";"48.65";"18.39";"17.09";"17.84";"2.65"
"Strategy 3.8.307";"PASSED";"0.79";"NDXm_TICK_UTCPlus02";"M15";"3841.24";"";"1426";"1.16";"1.0";"0.08";"1.92";"0.73";"0.0";"797.4";"1.08";"4.82";"1.18";"37.5";"34.86";"12.56";"11.42";"12.01";"6.55";"0.69";"1430.81";"";"499";"1.14";"1.02";"0.07";"2.86";"0.79";"0.0";"560.61";"0.97";"2.55";"2.58";"48.16";"41.17";"14.72";"10.6";"12.64";"1.64"
"Strategy 3.8.334";"PASSED";"0.65";"NDXm_TICK_UTCPlus02";"M15";"4302.71";"";"1923";"1.09";"0.74";"0.06";"2.15";"0.77";"0.0";"2182.32";"0.61";"1.97";"0.52";"70.75";"39.78";"38.38";"21.88";"28.16";"17.44";"0.59";"2332.11";"";"673";"1.12";"1.0";"0.07";"4.66";"0.76";"0.0";"1645.15";"0.59";"1.42";"1.51";"89.62";"47.13";"40.05";"23.16";"29.41";"5.55"
"Strategy 3.8.369";"PASSED";"0.86";"NDXm_TICK_UTCPlus02";"M15";"6791.02";"";"2608";"1.14";"1.37";"0.07";"3.4";"0.74";"0.0";"855.92";"0.93";"7.93";"1.94";"43.75";"35.51";"21.07";"16.06";"18.47";"10.8";"0.63";"2045.77";"";"829";"1.11";"1.1";"0.06";"4.09";"0.66";"0.0";"1129.43";"0.87";"1.81";"1.92";"53.81";"42.26";"25.04";"17.89";"21.22";"3.74"
"Strategy 3.8.371";"PASSED";"0.86";"NDXm_TICK_UTCPlus02";"M15";"7127.2";"";"3302";"1.13";"1.36";"0.07";"3.56";"0.82";"0.0";"884.0";"0.93";"8.06";"2.17";"38.71";"31.99";"14.87";"11.77";"13.27";"9.71";"0.74";"3480.62";"";"1089";"1.16";"1.66";"0.08";"6.96";"0.8";"0.0";"1052.52";"0.94";"3.31";"3.59";"47.28";"38.45";"16.11";"13.26";"14.65";"3.07"
"Strategy 3.8.383";"PASSED";"0.8";"NDXm_TICK_UTCPlus02";"M15";"3734.49";"";"1380";"1.12";"0.88";"0.06";"1.87";"0.7";"0.0";"773.17";"0.99";"4.83";"1.19";"49.39";"43.31";"30.42";"26.15";"28.27";"11.89";"0.66";"1377.94";"";"454";"1.12";"0.87";"0.06";"2.76";"0.75";"0.0";"668.06";"0.95";"2.06";"2.12";"58.3";"49.38";"39.48";"27.96";"33.57";"4.71"
"Strategy 3.8.388";"PASSED";"0.82";"NDXm_TICK_UTCPlus02";"M15";"5192.91";"";"1475";"1.17";"1.17";"0.09";"2.6";"0.78";"0.0";"917.93";"0.94";"5.66";"1.49";"51.34";"41.34";"26.64";"21.14";"23.81";"11.51";"0.65";"1486.84";"";"516";"1.11";"0.89";"0.06";"2.97";"0.71";"0.0";"749.56";"0.82";"1.98";"1.99";"64.34";"47.72";"33.23";"21.29";"26.68";"3.15"
"Strategy 3.8.409";"PASSED";"0.85";"NDXm_TICK_UTCPlus02";"M15";"6598.8";"";"2813";"1.13";"1.26";"0.07";"3.3";"0.79";"0.0";"926.74";"0.91";"7.12";"1.72";"43.92";"35.58";"20.64";"16.25";"18.34";"11.72";"0.6";"1518.55";"";"907";"1.07";"0.77";"0.04";"3.04";"0.8";"0.0";"1034.19";"0.84";"1.47";"1.54";"53.28";"41.86";"22.96";"17.2";"19.84";"3.7"
"Strategy 3.8.412";"PASSED";"0.8";"NDXm_TICK_UTCPlus02";"M15";"3182.2";"";"1218";"1.16";"1.0";"0.06";"1.59";"0.59";"0.0";"657.82";"1.55";"4.84";"1.18";"30.97";"41.28";"16.38";"18.63";"17.26";"7.65";"0.64";"1295.78";"";"450";"1.14";"1.01";"0.06";"2.59";"0.74";"0.0";"683.71";"1.46";"1.9";"1.95";"38.46";"49.04";"18.21";"18.4";"18.29";"2.1"
"Strategy 3.8.414";"PASSED";"0.68";"NDXm_TICK_UTCPlus02";"M15";"2910.34";"";"1233";"1.11";"0.72";"0.06";"1.46";"0.76";"0.0";"1255.62";"0.92";"2.32";"0.61";"49.25";"40.67";"29.53";"25.54";"27.45";"8.66";"0.57";"1406.81";"";"381";"1.14";"0.96";"0.08";"2.81";"0.65";"0.0";"1095.2";"0.92";"1.28";"1.34";"60.91";"49.19";"39.28";"31.85";"35.42";"2.65"
"Strategy 3.8.424";"PASSED";"0.67";"NDXm_TICK_UTCPlus02";"M15";"3262.87";"";"2192";"1.09";"0.74";"0.04";"1.63";"0.78";"0.0";"1458.44";"1.29";"2.24";"0.59";"33.65";"40.02";"15.51";"15.33";"15.43";"11.39";"0.69";"2371.35";"";"770";"1.15";"1.41";"0.07";"4.74";"0.81";"0.0";"946.33";"1.28";"2.51";"2.63";"42.21";"47.2";"17.11";"16.4";"16.8";"3.15"
"Strategy 3.8.439";"PASSED";"0.74";"NDXm_TICK_UTCPlus02";"M15";"3347.92";"";"1694";"1.12";"0.89";"0.05";"1.67";"0.76";"0.0";"984.82";"1.49";"3.4";"0.88";"30.75";"41.04";"16.24";"17.57";"16.77";"9.79";"0.63";"1345.63";"";"617";"1.11";"0.89";"0.04";"2.69";"0.69";"0.0";"739.66";"1.41";"1.82";"1.87";"38.38";"48.87";"18.53";"18.64";"18.58";"2.77"
"Strategy 3.8.451";"PASSED";"0.81";"NDXm_TICK_UTCPlus02";"M15";"3564.81";"";"1322";"1.16";"0.97";"0.08";"1.78";"0.69";"0.0";"684.24";"0.98";"5.21";"1.28";"40.52";"34.22";"15.07";"13.77";"14.41";"6.3";"0.62";"1099.19";"";"469";"1.11";"0.78";"0.06";"2.2";"0.78";"0.0";"655.44";"0.91";"1.68";"1.69";"51.17";"42.3";"17.17";"14.63";"15.85";"1.64"
"Strategy 3.8.506";"PASSED";"0.63";"NDXm_TICK_UTCPlus02";"M15";"3362.94";"";"1158";"1.12";"0.76";"0.07";"1.68";"0.79";"0.0";"1875.4";"0.65";"1.79";"0.47";"69.58";"40.56";"38.02";"26.81";"31.23";"11.76";"0.52";"931.16";"";"406";"1.08";"0.51";"0.05";"1.86";"0.68";"0.0";"990.91";"0.57";"0.94";"0.94";"89.57";"47.24";"43.33";"27.05";"32.95";"3.7"
"Strategy 3.8.511";"PASSED";"0.63";"NDXm_TICK_UTCPlus02";"M15";"1761.37";"";"649";"1.13";"0.59";"0.07";"0.88";"0.8";"0.0";"960.61";"0.87";"1.83";"0.47";"51.45";"39.7";"31.42";"25.04";"28.01";"3.61";"0.63";"845.0";"";"213";"1.16";"0.79";"0.08";"1.69";"0.75";"0.0";"480.18";"0.87";"1.76";"1.8";"62.7";"47.04";"39.3";"31.26";"35.0";"0.92"
"Strategy 3.8.515";"PASSED";"0.71";"NDXm_TICK_UTCPlus02";"M15";"4852.61";"";"2354";"1.1";"0.87";"0.05";"2.43";"0.73";"0.0";"1705.17";"0.77";"2.85";"0.75";"54.25";"38.33";"28.45";"19.94";"23.65";"12.48";"0.72";"2410.16";"";"798";"1.12";"1.13";"0.07";"4.82";"0.82";"0.0";"802.78";"0.77";"3.0";"3.17";"65.17";"44.55";"28.26";"21.65";"24.52";"3.99"
"Strategy 3.8.517";"PASSED";"0.79";"NDXm_TICK_UTCPlus02";"M15";"6478.98";"";"3264";"1.11";"1.13";"0.06";"3.24";"0.8";"0.0";"1379.39";"0.81";"4.7";"1.26";"46.01";"33.6";"19.74";"13.55";"16.32";"11.85";"0.63";"1912.44";"";"1056";"1.08";"0.87";"0.05";"3.82";"0.81";"0.0";"1060.3";"0.77";"1.8";"1.83";"56.74";"40.26";"21.05";"15.4";"17.85";"3.07"
"Strategy 3.8.523";"PASSED";"0.67";"NDXm_TICK_UTCPlus02";"M15";"2969.69";"";"1476";"1.11";"0.76";"0.06";"1.48";"0.68";"0.0";"1320.8";"0.95";"2.25";"0.58";"41.52";"35.51";"18.96";"15.88";"17.38";"5.76";"0.63";"1445.03";"";"509";"1.13";"0.99";"0.07";"2.89";"0.77";"0.0";"794.52";"0.95";"1.82";"1.84";"49.59";"41.59";"17.68";"17.03";"17.34";"1.51"
"Strategy 3.8.540";"PASSED";"0.72";"NDXm_TICK_UTCPlus02";"M15";"4325.17";"";"1701";"1.13";"0.99";"0.07";"2.16";"0.75";"0.0";"1470.65";"0.89";"2.94";"0.76";"45.67";"35.66";"20.93";"17.23";"18.97";"7.39";"0.68";"2374.02";"";"590";"1.18";"1.45";"0.1";"4.75";"0.74";"0.0";"1005.54";"0.87";"2.36";"2.5";"56.84";"41.77";"20.91";"16.47";"18.53";"2.27"
"Strategy 3.8.550";"PASSED";"0.59";"NDXm_TICK_UTCPlus02";"M15";"1646.5";"";"1696";"1.09";"0.6";"0.04";"0.82";"0.76";"0.0";"1139.28";"1.01";"1.45";"0.37";"23.87";"22.26";"8.48";"7.61";"8.05";"0.92";"0.53";"607.95";"";"538";"1.09";"0.75";"0.05";"1.22";"0.43";"0.0";"642.68";"1.07";"0.95";"0.98";"25.63";"25.07";"10.58";"9.18";"9.91";"0.21"
"Strategy 3.9.326";"PASSED";"0.82";"NDXm_TICK_UTCPlus02";"M15";"5683.43";"";"3127";"1.1";"1.08";"0.05";"2.84";"0.77";"0.0";"1020.43";"1.16";"5.57";"1.34";"36.68";"38.5";"18.5";"16.73";"17.68";"11.39";"0.65";"1981.02";"";"1042";"1.09";"1.01";"0.04";"3.96";"0.72";"0.0";"973.42";"1.14";"2.04";"2.08";"42.38";"44.05";"19.59";"18.2";"18.94";"4.03"
"Strategy 3.9.353";"PASSED";"0.75";"NDXm_TICK_UTCPlus02";"M15";"2636.44";"";"1871";"1.09";"0.74";"0.05";"1.32";"0.78";"0.0";"719.25";"0.96";"3.67";"0.91";"33.92";"29.9";"17.13";"14.07";"15.57";"6.81";"0.71";"1572.95";"";"536";"1.16";"1.2";"0.08";"3.15";"0.8";"0.0";"572.84";"1.0";"2.75";"2.79";"43.2";"37.33";"22.22";"18.04";"20.13";"1.72"
"Strategy 3.9.360";"PASSED";"0.79";"NDXm_TICK_UTCPlus02";"M15";"5247.07";"";"3375";"1.1";"1.11";"0.05";"2.62";"0.87";"0.0";"1137.69";"0.94";"4.61";"1.15";"35.71";"30.65";"16.66";"14.14";"15.36";"6.18";"0.63";"1459.89";"";"905";"1.08";"0.89";"0.04";"2.92";"0.81";"0.0";"829.02";"0.91";"1.76";"1.77";"43.56";"36.52";"20.83";"17.77";"19.23";"1.85"
"Strategy 3.9.363";"PASSED";"0.83";"NDXm_TICK_UTCPlus02";"M15";"6280.17";"";"2795";"1.12";"1.18";"0.06";"3.14";"0.77";"0.0";"976.54";"0.92";"6.43";"1.71";"43.81";"35.92";"20.51";"17.07";"18.72";"12.31";"0.73";"2807.69";"";"898";"1.14";"1.42";"0.08";"5.62";"0.86";"0.0";"898.18";"0.89";"3.13";"3.33";"52.94";"41.23";"23.26";"17.27";"20.09";"3.74"
"Strategy 3.9.364";"PASSED";"0.74";"NDXm_TICK_UTCPlus02";"M15";"4953.71";"";"1989";"1.12";"0.97";"0.06";"2.48";"0.73";"0.0";"1444.12";"0.87";"3.43";"0.9";"51.34";"40.14";"29.65";"24.47";"26.88";"11.51";"0.69";"2438.82";"";"672";"1.15";"1.28";"0.08";"4.88";"0.85";"0.0";"976.8";"0.87";"2.5";"2.6";"61.21";"46.58";"30.26";"24.21";"27.03";"4.16"
"Strategy 3.9.375";"PASSED";"0.86";"NDXm_TICK_UTCPlus02";"M15";"6668.78";"";"2561";"1.14";"1.35";"0.07";"3.33";"0.72";"0.0";"855.96";"0.92";"7.79";"1.89";"44.05";"35.64";"21.14";"16.03";"18.48";"10.59";"0.66";"2272.21";"";"820";"1.12";"1.23";"0.07";"4.54";"0.71";"0.0";"1073.04";"0.89";"2.12";"2.25";"53.73";"42.33";"25.19";"17.99";"21.37";"3.74"
"Strategy 3.9.397";"PASSED";"0.49";"NDXm_TICK_UTCPlus02";"M15";"1321.72";"";"1060";"1.06";"0.33";"0.03";"0.66";"0.53";"0.0";"1732.86";"0.72";"0.76";"0.2";"57.1";"38.7";"36.46";"28.61";"31.88";"3.45";"0.58";"1153.23";"";"349";"1.13";"0.8";"0.07";"2.31";"0.78";"0.0";"878.25";"0.7";"1.31";"1.32";"71.81";"44.82";"45.32";"36.47";"40.12";"0.63"
"Strategy 3.9.399";"PASSED";"0.54";"NDXm_TICK_UTCPlus02";"M15";"1965.2";"";"823";"1.12";"0.61";"0.07";"0.98";"0.72";"0.0";"1934.16";"0.67";"1.02";"0.26";"53.94";"32.3";"30.05";"19.23";"23.58";"4.24";"0.54";"846.73";"";"285";"1.13";"0.71";"0.08";"1.69";"0.78";"0.0";"809.33";"0.62";"1.05";"1.05";"69.14";"38.01";"35.89";"24.44";"28.82";"0.59"
"Strategy 3.9.403";"PASSED";"0.77";"NDXm_TICK_UTCPlus02";"M15";"4464.18";"";"1598";"1.14";"1.04";"0.06";"2.23";"0.7";"0.0";"1115.49";"1.13";"4.0";"0.98";"43.53";"43.38";"26.5";"23.39";"25.04";"12.14";"0.53";"961.87";"";"546";"1.07";"0.58";"0.04";"1.92";"0.74";"0.0";"968.91";"1.02";"0.99";"1.0";"51.37";"48.95";"29.86";"24.21";"27.07";"4.33"
"Strategy 3.9.417";"PASSED";"0.78";"NDXm_TICK_UTCPlus02";"M15";"3598.21";"";"1911";"1.11";"0.92";"0.05";"1.8";"0.77";"0.0";"819.47";"1.43";"4.39";"1.14";"31.47";"40.37";"14.57";"16.27";"15.27";"10.42";"0.54";"1039.24";"";"646";"1.08";"0.67";"0.03";"2.08";"0.8";"0.0";"977.78";"1.33";"1.06";"1.1";"39.09";"48.32";"18.27";"17.39";"17.89";"2.61"
"Strategy 3.9.427";"PASSED";"0.71";"NDXm_TICK_UTCPlus02";"M15";"3569.27";"";"1667";"1.1";"0.76";"0.05";"1.78";"0.74";"0.0";"1238.01";"0.85";"2.88";"0.75";"52.22";"40.33";"25.56";"18.8";"21.9";"12.31";"0.58";"1186.82";"";"570";"1.08";"0.66";"0.04";"2.37";"0.8";"0.0";"863.65";"0.77";"1.37";"1.39";"65.76";"46.96";"29.54";"19.35";"23.79";"3.4"
"Strategy 3.9.430";"PASSED";"0.73";"NDXm_TICK_UTCPlus02";"M15";"7395.14";"";"3414";"1.11";"1.26";"0.06";"3.7";"0.81";"0.0";"2317.82";"0.86";"3.19";"0.88";"45.91";"35.3";"20.27";"14.63";"17.23";"12.48";"0.62";"2191.58";"";"1082";"1.09";"0.96";"0.05";"4.38";"0.78";"0.0";"1277.14";"0.8";"1.72";"1.81";"56.57";"41.79";"23.13";"16.56";"19.49";"3.7"
"Strategy 3.9.442";"PASSED";"0.74";"NDXm_TICK_UTCPlus02";"M15";"3799.77";"";"2048";"1.1";"0.81";"0.06";"1.9";"0.82";"0.0";"1141.6";"0.66";"3.33";"0.87";"50.14";"29.8";"22.89";"15.64";"18.51";"4.66";"0.79";"2921.74";"";"615";"1.23";"1.74";"0.14";"5.84";"0.9";"0.0";"619.91";"0.69";"4.71";"4.91";"61.2";"34.17";"28.43";"18.85";"22.76";"1.05"
"Strategy 3.9.446";"PASSED";"0.71";"NDXm_TICK_UTCPlus02";"M15";"5420.6";"";"3546";"1.08";"0.88";"0.05";"2.71";"0.82";"0.0";"1906.88";"0.65";"2.84";"0.76";"50.49";"30.53";"18.72";"12.08";"14.71";"11.64";"0.72";"3258.62";"";"1129";"1.13";"1.39";"0.08";"6.52";"0.86";"0.0";"1057.63";"0.64";"3.08";"3.15";"62.74";"35.19";"21.05";"13.82";"16.63";"3.03"
"Strategy 3.9.467";"PASSED";"0.77";"NDXm_TICK_UTCPlus02";"M15";"4173.52";"";"2054";"1.12";"1.0";"0.05";"2.09";"0.79";"0.0";"1017.01";"1.32";"4.1";"1.07";"33.4";"39.32";"14.97";"14.94";"14.96";"10.8";"0.68";"1922.86";"";"735";"1.13";"1.15";"0.06";"3.85";"0.81";"0.0";"801.04";"1.25";"2.4";"2.5";"42.12";"46.94";"16.83";"15.67";"16.31";"3.03"
"Strategy 3.9.478";"PASSED";"0.65";"NDXm_TICK_UTCPlus02";"M15";"2024.46";"";"1400";"1.07";"0.51";"0.05";"1.01";"0.75";"0.0";"1035.47";"0.65";"1.96";"0.5";"52.92";"32.16";"26.07";"19.35";"22.01";"1.93";"0.57";"769.6";"";"434";"1.08";"0.55";"0.05";"1.54";"0.64";"0.0";"617.19";"0.61";"1.25";"1.25";"63.57";"36.13";"34.48";"25.01";"28.62";"0.34"
"Strategy 3.9.481";"PASSED";"0.62";"NDXm_TICK_UTCPlus02";"M15";"2112.38";"";"1545";"1.07";"0.48";"0.04";"1.06";"0.8";"0.0";"1253.26";"0.72";"1.69";"0.44";"52.23";"35.18";"25.76";"18.12";"21.31";"10.25";"0.67";"2227.27";"";"465";"1.19";"1.35";"0.11";"4.45";"0.79";"0.0";"989.0";"0.77";"2.25";"2.38";"68.93";"44.48";"37.34";"24.03";"29.82";"3.45"
"Strategy 3.9.490";"PASSED";"0.7";"NDXm_TICK_UTCPlus02";"M15";"5293.17";"";"2499";"1.11";"1.07";"0.06";"2.65";"0.76";"0.0";"1959.82";"0.93";"2.7";"0.72";"43.32";"36.06";"20.65";"16.66";"18.58";"10.8";"0.64";"1980.31";"";"804";"1.11";"1.09";"0.06";"3.96";"0.79";"0.0";"1032.87";"0.87";"1.92";"1.94";"52.6";"41.15";"23.37";"18.06";"20.53";"3.15"
"Strategy 3.9.506";"PASSED";"0.8";"NDXm_TICK_UTCPlus02";"M15";"5296.14";"";"2774";"1.11";"1.06";"0.06";"2.65";"0.78";"0.0";"1065.73";"0.85";"4.97";"1.31";"41.68";"31.82";"16.28";"12.66";"14.32";"8.87";"0.76";"3135.09";"";"909";"1.17";"1.61";"0.09";"6.27";"0.86";"0.0";"835.27";"0.89";"3.75";"3.99";"50.15";"38.1";"17.07";"14.11";"15.51";"2.56"
"Strategy 3.9.514";"PASSED";"0.71";"NDXm_TICK_UTCPlus02";"M15";"4685.88";"";"2604";"1.09";"0.84";"0.05";"2.34";"0.82";"0.0";"1649.99";"0.64";"2.84";"0.76";"57.16";"33.73";"28.02";"20.52";"23.45";"5.97";"0.61";"1633.23";"";"752";"1.09";"0.8";"0.05";"3.27";"0.64";"0.0";"1041.86";"0.62";"1.57";"1.57";"69.18";"39.65";"31.99";"23.08";"26.5";"1.18"
"Strategy 3.9.516";"PASSED";"0.68";"NDXm_TICK_UTCPlus02";"M15";"2509.11";"";"1582";"1.09";"0.67";"0.04";"1.25";"0.8";"0.0";"1037.98";"1.55";"2.42";"0.63";"31.0";"44.05";"19.43";"22.92";"20.8";"10.42";"0.6";"1082.13";"";"559";"1.1";"0.77";"0.04";"2.16";"0.7";"0.0";"727.53";"1.52";"1.49";"1.53";"36.46";"50.47";"22.4";"25.12";"23.48";"3.19"
"Strategy 3.9.522";"PASSED";"0.83";"NDXm_TICK_UTCPlus02";"M15";"6678.38";"";"2133";"1.18";"1.46";"0.1";"3.34";"0.8";"0.0";"1074.67";"0.9";"6.21";"1.65";"43.34";"32.89";"19.06";"14.22";"16.51";"7.48";"0.66";"1703.47";"";"669";"1.12";"1.08";"0.07";"3.41";"0.85";"0.0";"821.7";"0.84";"2.07";"2.12";"51.47";"38.45";"21.19";"16.8";"18.8";"2.52"
"Strategy 3.9.531";"PASSED";"0.72";"NDXm_TICK_UTCPlus02";"M15";"4028.78";"";"1182";"1.14";"0.87";"0.08";"2.01";"0.73";"0.0";"1339.61";"0.65";"3.01";"0.79";"71.99";"40.91";"40.35";"26.59";"31.99";"13.24";"0.65";"1756.64";"";"404";"1.14";"0.98";"0.09";"3.51";"0.81";"0.0";"892.22";"0.59";"1.97";"1.99";"93.03";"48.02";"45.5";"25.6";"32.99";"3.66"
"Strategy 3.9.537";"PASSED";"0.79";"NDXm_TICK_UTCPlus02";"M15";"3854.4";"";"1136";"1.15";"0.95";"0.08";"1.93";"0.85";"0.0";"823.86";"0.81";"4.68";"1.19";"57.44";"40.64";"34.03";"23.22";"28.07";"6.81";"0.57";"836.62";"";"432";"1.08";"0.59";"0.04";"1.67";"0.46";"0.0";"664.52";"0.75";"1.26";"1.29";"64.02";"44.57";"37.3";"22.6";"28.89";"2.86"
"Strategy 3.9.552";"PASSED";"0.68";"NDXm_TICK_UTCPlus02";"M15";"2908.39";"";"1233";"1.11";"0.72";"0.06";"1.45";"0.76";"0.0";"1255.62";"0.92";"2.32";"0.61";"49.25";"40.67";"29.53";"25.54";"27.45";"8.66";"0.57";"1406.81";"";"381";"1.14";"0.96";"0.08";"2.81";"0.65";"0.0";"1095.2";"0.92";"1.28";"1.34";"60.91";"49.19";"39.28";"31.85";"35.42";"2.65"
"Strategy 3.9.555";"PASSED";"0.8";"NDXm_TICK_UTCPlus02";"M15";"3073.33";"";"805";"1.19";"1.0";"0.09";"1.54";"0.86";"0.0";"597.63";"1.03";"5.14";"1.29";"47.05";"40.61";"35.83";"31.61";"33.75";"4.41";"0.54";"775.04";"";"224";"1.14";"0.71";"0.07";"1.55";"0.59";"0.0";"757.32";"0.91";"1.02";"1.05";"59.23";"47.55";"44.55";"43.63";"44.07";"0.67"
"Strategy 4.1.304";"PASSED";"0.79";"NDXm_TICK_UTCPlus02";"M15";"2918.11";"";"956";"1.17";"0.96";"0.08";"1.46";"0.77";"0.0";"608.42";"1.11";"4.8";"1.23";"40.84";"38.91";"25.8";"23.19";"24.56";"1.72";"0.68";"1093.01";"";"290";"1.18";"1.0";"0.08";"2.19";"0.72";"0.0";"447.69";"1.1";"2.44";"2.52";"47.9";"44.84";"30.61";"23.86";"27.4";"0.63"
"Strategy 4.1.336";"PASSED";"0.71";"NDXm_TICK_UTCPlus02";"M15";"3506.84";"";"1975";"1.09";"0.72";"0.05";"1.75";"0.69";"0.0";"1253.05";"0.86";"2.8";"0.72";"47.25";"37.56";"16.76";"12.53";"14.49";"8.78";"0.54";"717.18";"";"687";"1.04";"0.37";"0.02";"1.43";"0.62";"0.0";"705.85";"0.78";"1.02";"1.03";"56.85";"42.73";"17.73";"11.61";"14.3";"2.56"
"Strategy 4.1.345";"PASSED";"0.71";"NDXm_TICK_UTCPlus02";"M15";"1531.19";"";"864";"1.12";"0.62";"0.07";"0.77";"0.84";"0.0";"539.84";"0.75";"2.84";"0.73";"38.56";"25.78";"16.26";"11.1";"13.31";"1.3";"0.53";"469.92";"";"267";"1.1";"0.5";"0.06";"0.94";"0.74";"0.0";"474.78";"0.76";"0.99";"1.01";"44.95";"30.92";"21.55";"17.46";"19.22";"0.67"
"Strategy 4.1.350";"PASSED";"0.67";"NDXm_TICK_UTCPlus02";"M15";"3313.53";"";"1416";"1.11";"0.78";"0.06";"1.66";"0.8";"0.0";"1486.55";"0.8";"2.23";"0.58";"52.24";"37.66";"31.88";"25.59";"28.39";"9.96";"0.81";"2831.4";"";"452";"1.26";"1.75";"0.14";"5.66";"0.65";"0.0";"516.88";"0.84";"5.48";"5.84";"67.04";"45.08";"32.32";"27.25";"29.57";"1.3"
"Strategy 4.1.417";"PASSED";"0.73";"NDXm_TICK_UTCPlus02";"M15";"5453.39";"";"1791";"1.13";"1.06";"0.08";"2.73";"0.83";"0.0";"1691.01";"0.66";"3.22";"0.87";"64.78";"37.5";"33.54";"20.13";"25.45";"10.34";"0.54";"979.62";"";"596";"1.06";"0.49";"0.04";"1.96";"0.66";"0.0";"944.86";"0.62";"1.04";"1.07";"75.19";"43.6";"34.24";"20.92";"26.0";"3.57"
"Strategy 4.1.419";"PASSED";"0.76";"NDXm_TICK_UTCPlus02";"M15";"2463.52";"";"974";"1.13";"0.77";"0.06";"1.23";"0.79";"0.0";"641.81";"1.14";"3.84";"1.0";"40.63";"40.76";"20.97";"17.67";"19.43";"3.19";"0.71";"1330.38";"";"323";"1.2";"1.23";"0.09";"2.66";"0.87";"0.0";"480.01";"1.18";"2.77";"2.8";"46.53";"46.03";"22.21";"18.89";"20.69";"1.51"
"Strategy 4.1.450";"PASSED";"0.73";"NDXm_TICK_UTCPlus02";"M15";"1683.55";"";"842";"1.14";"0.73";"0.07";"0.84";"0.84";"0.0";"542.18";"1.0";"3.11";"0.79";"31.89";"28.03";"8.44";"6.8";"7.62";"0.0";"0.63";"546.46";"";"266";"1.14";"0.76";"0.07";"1.09";"0.81";"0.0";"308.79";"0.93";"1.77";"1.79";"34.78";"28.3";"8.3";"6.11";"7.17";"0.0"
"Strategy 4.1.493";"PASSED";"0.78";"NDXm_TICK_UTCPlus02";"M15";"4572.15";"";"2186";"1.12";"1.06";"0.05";"2.29";"0.77";"0.0";"1024.62";"1.34";"4.46";"1.08";"33.11";"39.49";"18.21";"19.2";"18.63";"9.29";"0.64";"1448.81";"";"730";"1.1";"0.95";"0.04";"2.9";"0.76";"0.0";"773.61";"1.3";"1.87";"1.95";"38.75";"45.92";"20.92";"20.77";"20.85";"3.28"
"Strategy 4.1.497";"PASSED";"0.76";"NDXm_TICK_UTCPlus02";"M15";"4437.28";"";"2217";"1.1";"0.86";"0.06";"2.22";"0.84";"0.0";"1147.37";"0.64";"3.87";"1.03";"57.12";"33.26";"24.93";"17.67";"20.5";"1.18";"0.55";"1277.08";"";"653";"1.08";"0.72";"0.05";"2.55";"0.7";"0.0";"1144.54";"0.6";"1.12";"1.12";"68.62";"38.34";"29.85";"19.42";"23.35";"0.42"
"Strategy 4.1.511";"PASSED";"0.84";"NDXm_TICK_UTCPlus02";"M15";"1532.13";"";"377";"1.35";"1.0";"0.16";"0.77";"0.86";"0.0";"229.81";"1.2";"6.67";"1.69";"28.99";"25.96";"11.27";"9.86";"10.63";"0.55";"0.49";"356.09";"";"143";"1.19";"0.69";"0.09";"0.71";"0.7";"0.0";"335.75";"1.04";"1.06";"1.08";"31.24";"27.49";"11.64";"11.06";"11.36";"0.0"
"Strategy 4.1.523";"PASSED";"0.77";"NDXm_TICK_UTCPlus02";"M15";"4458.62";"";"2758";"1.09";"0.85";"0.05";"2.23";"0.89";"0.0";"1103.08";"0.64";"4.04";"1.04";"51.67";"30.65";"23.76";"16.39";"19.27";"4.33";"0.65";"1550.63";"";"824";"1.09";"0.84";"0.05";"3.1";"0.81";"0.0";"785.69";"0.62";"1.97";"1.99";"60.26";"34.43";"25.97";"17.86";"20.97";"0.84"
"Strategy 4.1.558";"PASSED";"0.7";"NDXm_TICK_UTCPlus02";"M15";"2990.93";"";"1432";"1.11";"0.78";"0.05";"1.5";"0.8";"0.0";"1102.21";"1.11";"2.71";"0.71";"40.37";"40.24";"17.86";"16.14";"17.04";"6.6";"0.58";"979.6";"";"476";"1.09";"0.69";"0.04";"1.96";"0.74";"0.0";"731.77";"1.07";"1.34";"1.36";"47.61";"46.66";"20.11";"15.63";"17.95";"2.18"
"Strategy 4.10.300";"PASSED";"0.83";"NDXm_TICK_UTCPlus02";"M15";"6727.68";"";"2779";"1.12";"1.16";"0.06";"3.36";"0.82";"0.0";"1057.78";"0.94";"6.36";"1.55";"47.98";"40.31";"27.51";"21.66";"24.49";"16.3";"0.74";"2815.44";"";"901";"1.13";"1.33";"0.07";"5.63";"0.79";"0.0";"815.01";"0.94";"3.45";"3.63";"56.19";"46.85";"28.08";"22.07";"24.98";"5.46"
"Strategy 4.10.328";"PASSED";"0.72";"NDXm_TICK_UTCPlus02";"M15";"5685.84";"";"2830";"1.11";"1.02";"0.06";"2.84";"0.75";"0.0";"1866.25";"0.67";"3.05";"0.81";"51.51";"30.94";"20.48";"14.1";"16.65";"10.8";"0.68";"2603.33";"";"919";"1.12";"1.21";"0.08";"5.21";"0.67";"0.0";"1104.44";"0.66";"2.36";"2.5";"64.11";"37.73";"23.57";"15.31";"18.6";"3.45"
"Strategy 4.10.341";"PASSED";"0.61";"NDXm_TICK_UTCPlus02";"M15";"1897.09";"";"851";"1.1";"0.59";"0.05";"0.95";"0.79";"0.0";"1199.92";"1.01";"1.58";"0.41";"47.02";"42.87";"39.41";"36.83";"38.12";"5.29";"0.58";"990.07";"";"256";"1.16";"0.88";"0.08";"1.98";"0.58";"0.0";"720.3";"1.02";"1.37";"1.42";"56.05";"49.13";"49.64";"45.42";"47.55";"0.97"
"Strategy 4.10.343";"PASSED";"0.59";"NDXm_TICK_UTCPlus02";"M15";"1340.82";"";"817";"1.07";"0.37";"0.04";"0.67";"0.75";"0.0";"933.16";"0.82";"1.44";"0.36";"54.79";"41.7";"41.99";"36.15";"38.77";"5.71";"0.56";"874.07";"";"248";"1.13";"0.72";"0.07";"1.75";"0.68";"0.0";"727.62";"0.81";"1.2";"1.24";"67.71";"48.48";"51.97";"44.81";"48.02";"1.47"
"Strategy 4.10.356";"PASSED";"0.6";"NDXm_TICK_UTCPlus02";"M15";"2164.48";"";"1511";"1.09";"0.61";"0.05";"1.08";"0.77";"0.0";"1450.75";"0.66";"1.49";"0.39";"43.94";"26.8";"19.24";"14.42";"16.34";"6.93";"0.76";"2171.33";"";"436";"1.25";"1.51";"0.15";"4.34";"0.78";"0.0";"578.63";"0.7";"3.75";"3.81";"59.39";"33.28";"23.77";"17.04";"19.82";"0.8"
"Strategy 4.10.366";"PASSED";"0.65";"NDXm_TICK_UTCPlus02";"M15";"1213.42";"";"553";"1.13";"0.55";"0.05";"0.61";"0.82";"0.0";"591.15";"1.49";"2.05";"0.52";"31.09";"40.89";"23.45";"25.77";"24.38";"2.39";"0.48";"299.92";"";"141";"1.11";"0.41";"0.04";"0.6";"0.81";"0.0";"304.64";"1.39";"0.98";"1.0";"38.09";"47.85";"31.33";"31.24";"31.29";"0.21"
"Strategy 4.10.375";"PASSED";"0.72";"NDXm_TICK_UTCPlus02";"M15";"2685.25";"";"1039";"1.13";"0.75";"0.08";"1.34";"0.64";"0.0";"886.91";"0.62";"3.03";"0.8";"58.32";"32.02";"27.75";"19.59";"22.72";"3.61";"0.65";"1532.15";"";"295";"1.22";"1.25";"0.14";"3.06";"0.64";"0.0";"752.93";"0.66";"2.03";"2.03";"71.37";"38.3";"35.93";"28.11";"31.21";"0.34"
"Strategy 4.10.397";"PASSED";"0.78";"NDXm_TICK_UTCPlus02";"M15";"3830.65";"";"1838";"1.12";"0.93";"0.07";"1.92";"0.84";"0.0";"889.69";"0.78";"4.31";"1.08";"45.24";"31.55";"20.65";"15.87";"17.96";"4.24";"0.76";"2184.11";"";"520";"1.21";"1.58";"0.12";"4.37";"0.72";"0.0";"560.02";"0.79";"3.9";"3.94";"55.15";"35.89";"25.31";"19.98";"22.33";"1.26"
"Strategy 4.10.430";"PASSED";"0.73";"NDXm_TICK_UTCPlus02";"M15";"2419.99";"";"953";"1.14";"0.76";"0.08";"1.21";"0.82";"0.0";"755.74";"0.66";"3.2";"0.83";"51.71";"30.07";"22.21";"15.38";"18.1";"1.34";"0.76";"1510.48";"";"313";"1.24";"1.31";"0.15";"3.02";"0.8";"0.0";"384.44";"0.65";"3.93";"3.97";"63.36";"33.07";"26.94";"18.77";"21.98";"0.34"
"Strategy 4.10.440";"PASSED";"0.69";"NDXm_TICK_UTCPlus02";"M15";"1234.99";"";"604";"1.17";"0.66";"0.08";"0.62";"0.75";"0.0";"480.57";"1.13";"2.57";"0.65";"27.19";"26.29";"13.98";"13.84";"13.91";"4.79";"0.56";"454.18";"";"122";"1.24";"0.81";"0.12";"0.91";"0.79";"0.0";"260.68";"1.1";"1.74";"1.75";"36.43";"32.37";"17.7";"16.45";"17.11";"0.17"
"Strategy 4.10.450";"PASSED";"0.69";"NDXm_TICK_UTCPlus02";"M15";"3599.92";"";"1499";"1.13";"0.97";"0.07";"1.8";"0.72";"0.0";"1447.93";"1.01";"2.49";"0.66";"41.01";"36.68";"24.81";"22.59";"23.7";"8.87";"0.77";"2347.44";"";"479";"1.23";"1.62";"0.11";"4.69";"0.69";"0.0";"592.98";"1.03";"3.96";"4.19";"52.11";"43.71";"25.33";"24.85";"25.09";"0.97"
"Strategy 4.10.456";"PASSED";"0.76";"NDXm_TICK_UTCPlus02";"M15";"2613.62";"";"1159";"1.12";"0.78";"0.06";"1.31";"0.84";"0.0";"680.94";"1.04";"3.84";"0.95";"40.38";"37.55";"26.8";"24.34";"25.6";"7.98";"0.71";"1661.79";"";"355";"1.22";"1.31";"0.11";"3.32";"0.55";"0.0";"583.14";"1.06";"2.85";"2.96";"50.91";"44.51";"26.85";"25.83";"26.35";"0.92"
"Strategy 4.10.466";"PASSED";"0.68";"NDXm_TICK_UTCPlus02";"M15";"2283.75";"";"1273";"1.11";"0.69";"0.05";"1.14";"0.78";"0.0";"956.49";"1.09";"2.39";"0.62";"36.18";"35.58";"22.01";"19.9";"21.0";"7.18";"0.85";"2530.69";"";"397";"1.33";"2.09";"0.15";"5.06";"0.81";"0.0";"346.47";"1.24";"7.3";"7.67";"45.96";"42.82";"23.55";"22.94";"23.28";"0.8"
"Strategy 4.10.467";"PASSED";"0.59";"NDXm_TICK_UTCPlus02";"M15";"1922.84";"";"1288";"1.09";"0.58";"0.04";"0.96";"0.73";"0.0";"1323.03";"1.08";"1.45";"0.38";"36.19";"36.01";"22.57";"21.0";"21.81";"7.35";"0.81";"2638.48";"";"400";"1.34";"2.11";"0.15";"5.28";"0.73";"0.0";"482.72";"1.26";"5.47";"5.8";"46.4";"43.56";"24.59";"22.75";"23.78";"0.63"
"Strategy 4.10.473";"PASSED";"0.77";"NDXm_TICK_UTCPlus02";"M15";"4405.55";"";"1760";"1.12";"0.92";"0.07";"2.2";"0.86";"0.0";"1104.43";"0.66";"3.99";"1.04";"57.83";"34.12";"27.26";"19.4";"22.53";"1.34";"0.61";"1754.05";"";"548";"1.14";"1.08";"0.08";"3.51";"0.82";"0.0";"1104.02";"0.67";"1.59";"1.61";"65.85";"38.82";"28.21";"20.73";"23.74";"0.42"
"Strategy 4.10.494";"PASSED";"0.71";"NDXm_TICK_UTCPlus02";"M15";"2863.25";"";"1664";"1.09";"0.69";"0.06";"1.43";"0.81";"0.0";"1020.26";"0.66";"2.81";"0.73";"50.86";"30.74";"24.8";"16.5";"19.8";"6.76";"0.82";"2920.53";"";"509";"1.26";"1.8";"0.15";"5.84";"0.84";"0.0";"497.41";"0.73";"5.87";"6.28";"65.79";"38.17";"32.45";"20.26";"25.4";"2.1"
"Strategy 4.10.500";"PASSED";"0.79";"NDXm_TICK_UTCPlus02";"M15";"6366.15";"";"2256";"1.13";"1.14";"0.08";"3.18";"0.8";"0.0";"1400.96";"0.71";"4.54";"1.23";"58.75";"37.05";"28.32";"19.53";"23.19";"10.71";"0.53";"1197.15";"";"705";"1.07";"0.62";"0.04";"2.39";"0.79";"0.0";"1214.52";"0.65";"0.99";"1.0";"69.3";"42.32";"34.08";"21.02";"26.17";"3.95"
"Strategy 4.10.501";"PASSED";"0.78";"NDXm_TICK_UTCPlus02";"M15";"6424.32";"";"3164";"1.1";"1.07";"0.06";"3.21";"0.79";"0.0";"1446.79";"0.82";"4.44";"1.19";"49.11";"36.55";"22.07";"17.58";"19.61";"14.29";"0.73";"2574.38";"";"1003";"1.11";"1.14";"0.06";"5.15";"0.85";"0.0";"788.99";"0.8";"3.26";"3.39";"59.19";"42.77";"24.67";"18.37";"21.17";"3.95"
"Strategy 4.10.503";"PASSED";"0.86";"NDXm_TICK_UTCPlus02";"M15";"3746.9";"";"1038";"1.22";"1.3";"0.09";"1.87";"0.82";"0.0";"488.12";"1.43";"7.68";"1.98";"33.6";"39.14";"20.5";"20.38";"20.45";"6.51";"0.6";"736.69";"";"303";"1.12";"0.75";"0.05";"1.47";"0.78";"0.0";"481.72";"1.24";"1.53";"1.55";"40.41";"44.84";"23.79";"27.06";"25.24";"2.39"
"Strategy 4.10.513";"PASSED";"0.75";"NDXm_TICK_UTCPlus02";"M15";"3335.8";"";"1363";"1.13";"0.94";"0.07";"1.67";"0.76";"0.0";"899.87";"1.0";"3.71";"0.97";"41.27";"36.43";"26.2";"22.06";"24.13";"8.24";"0.68";"1627.75";"";"431";"1.17";"1.17";"0.09";"3.26";"0.56";"0.0";"670.69";"0.98";"2.43";"2.55";"51.65";"43.0";"25.57";"23.79";"24.67";"0.8"
"Strategy 4.10.514";"PASSED";"0.79";"NDXm_TICK_UTCPlus02";"M15";"5146.01";"";"2123";"1.11";"0.88";"0.06";"2.57";"0.78";"0.0";"1111.83";"0.62";"4.63";"1.23";"66.27";"37.36";"33.3";"21.33";"25.92";"13.95";"0.63";"2009.89";"";"652";"1.11";"1.0";"0.07";"4.02";"0.74";"0.0";"1123.72";"0.61";"1.79";"1.89";"79.23";"43.66";"40.48";"22.53";"29.36";"4.79"
"Strategy 4.10.515";"PASSED";"0.75";"NDXm_TICK_UTCPlus02";"M15";"3781.31";"";"2381";"1.1";"0.86";"0.06";"1.89";"0.83";"0.0";"1039.96";"0.75";"3.64";"0.95";"41.05";"27.99";"17.65";"12.72";"14.83";"6.51";"0.69";"2315.99";"";"728";"1.17";"1.48";"0.09";"4.63";"0.71";"0.0";"905.28";"0.81";"2.56";"2.72";"49.04";"33.8";"20.1";"16.61";"18.17";"1.51"
"Strategy 4.10.516";"PASSED";"0.64";"NDXm_TICK_UTCPlus02";"M15";"2174.86";"";"1974";"1.09";"0.7";"0.04";"1.09";"0.72";"0.0";"1183.3";"1.27";"1.84";"0.48";"23.5";"27.32";"9.14";"10.43";"9.71";"6.39";"0.83";"2455.44";"";"584";"1.31";"2.19";"0.12";"4.91";"0.81";"0.0";"393.29";"1.47";"6.24";"6.38";"29.89";"33.68";"11.94";"11.78";"11.87";"0.55"
"Strategy 4.10.519";"PASSED";"0.64";"NDXm_TICK_UTCPlus02";"M15";"1829.43";"";"1826";"1.08";"0.6";"0.04";"0.91";"0.77";"0.0";"960.78";"1.11";"1.9";"0.49";"25.04";"25.58";"9.48";"9.86";"9.66";"5.88";"0.78";"2107.84";"";"552";"1.27";"1.86";"0.12";"4.22";"0.69";"0.0";"470.05";"1.26";"4.48";"4.74";"32.25";"32.07";"12.33";"11.01";"11.75";"0.76"
"Strategy 4.10.522";"PASSED";"0.79";"NDXm_TICK_UTCPlus02";"M15";"4799.39";"";"1866";"1.13";"1.06";"0.07";"2.4";"0.77";"0.0";"1003.46";"0.9";"4.78";"1.27";"46.84";"37.19";"27.11";"22.53";"24.7";"7.73";"0.59";"1808.34";"";"532";"1.15";"1.12";"0.08";"3.62";"0.73";"0.0";"1248.36";"0.87";"1.45";"1.48";"57.53";"43.87";"35.74";"28.03";"31.62";"2.77"
"Strategy 4.10.536";"PASSED";"0.66";"NDXm_TICK_UTCPlus02";"M15";"1095.66";"";"526";"1.13";"0.54";"0.06";"0.55";"0.83";"0.0";"515.5";"1.23";"2.13";"0.53";"32.17";"34.89";"13.46";"13.42";"13.44";"0.34";"0.63";"663.9";"";"148";"1.3";"1.15";"0.13";"1.33";"0.74";"0.0";"246.53";"1.31";"2.69";"2.71";"34.4";"34.77";"18.82";"13.42";"16.49";"0.0"
"Strategy 4.10.542";"PASSED";"0.66";"NDXm_TICK_UTCPlus02";"M15";"4500.77";"";"2458";"1.11";"1.03";"0.05";"2.25";"0.84";"0.0";"2077.71";"1.45";"2.17";"0.57";"30.66";"39.85";"10.75";"10.91";"10.81";"5.21";"0.67";"1834.03";"";"914";"1.11";"1.12";"0.05";"3.67";"0.84";"0.0";"797.71";"1.38";"2.3";"2.34";"35.41";"44.1";"9.42";"8.74";"9.13";"1.47"
"Strategy 4.10.548";"PASSED";"0.6";"NDXm_TICK_UTCPlus02";"M15";"2750.52";"";"1637";"1.1";"0.77";"0.04";"1.38";"0.69";"0.0";"1843.25";"1.22";"1.49";"0.4";"33.63";"37.43";"21.58";"21.54";"21.56";"8.57";"0.76";"2346.65";"";"515";"1.24";"1.74";"0.1";"4.69";"0.66";"0.0";"596.55";"1.28";"3.93";"4.15";"42.08";"43.43";"23.58";"22.8";"23.24";"1.05"
"Strategy 4.10.568";"PASSED";"0.69";"NDXm_TICK_UTCPlus02";"M15";"3226.09";"";"1365";"1.13";"0.88";"0.07";"1.61";"0.75";"0.0";"1304.15";"0.85";"2.47";"0.65";"44.88";"33.97";"24.7";"20.24";"22.29";"7.61";"0.74";"1908.07";"";"428";"1.2";"1.29";"0.11";"3.82";"0.68";"0.0";"555.55";"0.87";"3.43";"3.6";"57.38";"41.53";"24.81";"20.55";"22.53";"0.84"
"Strategy 4.11.297";"PASSED";"0.74";"NDXm_TICK_UTCPlus02";"M15";"2821.77";"";"1227";"1.14";"0.9";"0.06";"1.41";"0.79";"0.0";"848.81";"1.29";"3.32";"0.86";"33.67";"38.28";"23.21";"23.99";"23.55";"7.27";"0.74";"1782.82";"";"379";"1.24";"1.53";"0.1";"3.57";"0.62";"0.0";"538.76";"1.35";"3.31";"3.47";"41.65";"45.33";"25.72";"24.93";"25.39";"0.76"
"Strategy 4.11.306";"PASSED";"0.54";"NDXm_TICK_UTCPlus02";"M15";"953.92";"";"906";"1.08";"0.42";"0.04";"0.48";"0.56";"0.0";"914.73";"1.35";"1.04";"0.27";"23.94";"29.77";"9.75";"11.34";"10.43";"0.63";"0.69";"738.66";"";"306";"1.18";"1.03";"0.08";"1.48";"0.54";"0.0";"295.58";"1.34";"2.5";"2.51";"27.66";"31.31";"11.53";"13.92";"12.55";"0.04"
"Strategy 4.11.321";"PASSED";"0.73";"NDXm_TICK_UTCPlus02";"M15";"3061.16";"";"1667";"1.1";"0.72";"0.06";"1.53";"0.8";"0.0";"955.81";"0.67";"3.2";"0.83";"51.72";"31.43";"24.91";"16.85";"20.07";"7.31";"0.75";"2579.37";"";"519";"1.22";"1.54";"0.13";"5.16";"0.79";"0.0";"715.45";"0.71";"3.61";"3.85";"66.84";"39.14";"32.89";"20.2";"25.49";"2.23"
"Strategy 4.11.328";"PASSED";"0.73";"NDXm_TICK_UTCPlus02";"M15";"2809.2";"";"1174";"1.12";"0.77";"0.06";"1.4";"0.79";"0.0";"904.96";"0.97";"3.1";"0.77";"44.75";"38.83";"30.19";"25.95";"28.04";"8.49";"0.78";"2010.12";"";"378";"1.23";"1.5";"0.12";"4.02";"0.67";"0.0";"451.95";"1.02";"4.45";"4.52";"55.78";"46.23";"29.92";"29.01";"29.47";"1.01"
"Strategy 4.11.347";"PASSED";"0.76";"NDXm_TICK_UTCPlus02";"M15";"3152.87";"";"1644";"1.1";"0.76";"0.06";"1.58";"0.83";"0.0";"806.18";"0.63";"3.91";"1.03";"52.94";"30.44";"24.87";"16.69";"19.86";"3.91";"0.76";"1933.67";"";"496";"1.19";"1.33";"0.11";"3.87";"0.82";"0.0";"509.64";"0.66";"3.79";"3.87";"61.09";"34.1";"26.67";"19.85";"22.57";"0.92"
"Strategy 4.11.374";"PASSED";"0.83";"NDXm_TICK_UTCPlus02";"M15";"3542.5";"";"604";"1.29";"1.26";"0.15";"1.77";"0.88";"0.0";"586.17";"0.88";"6.04";"1.59";"56.33";"38.63";"31.99";"26.54";"29.09";"0.76";"0.53";"445.91";"";"161";"1.11";"0.44";"0.06";"0.89";"0.68";"0.0";"466.81";"0.75";"0.96";"0.96";"67.2";"45.55";"41.46";"31.74";"35.91";"0.25"
"Strategy 4.11.392";"PASSED";"0.64";"NDXm_TICK_UTCPlus02";"M15";"2586.35";"";"1522";"1.11";"0.79";"0.05";"1.29";"0.75";"0.0";"1350.08";"1.19";"1.92";"0.5";"30.98";"33.15";"15.97";"15.82";"15.9";"6.3";"0.78";"1946.19";"";"460";"1.24";"1.57";"0.1";"3.89";"0.82";"0.0";"450.16";"1.25";"4.32";"4.52";"39.86";"40.49";"17.89";"16.85";"17.43";"0.59"
"Strategy 4.11.398";"PASSED";"0.64";"NDXm_TICK_UTCPlus02";"M15";"1692.33";"";"1186";"1.08";"0.49";"0.04";"0.85";"0.76";"0.0";"906.35";"0.93";"1.87";"0.48";"41.66";"36.06";"25.31";"22.76";"23.99";"7.65";"0.78";"2038.93";"";"360";"1.27";"1.6";"0.13";"4.08";"0.6";"0.0";"473.48";"1.01";"4.31";"4.53";"53.37";"42.58";"26.41";"24.06";"25.24";"0.84"
"Strategy 4.11.415";"PASSED";"0.71";"NDXm_TICK_UTCPlus02";"M15";"1350.82";"";"499";"1.15";"0.58";"0.08";"0.68";"0.8";"0.0";"463.44";"1.04";"2.91";"0.74";"40.03";"35.99";"15.64";"15.08";"15.37";"0.8";"0.61";"662.75";"";"164";"1.21";"0.85";"0.11";"1.33";"0.7";"0.0";"413.11";"1.0";"1.6";"1.62";"46.03";"37.95";"17.04";"14.29";"15.66";"0.5"
"Strategy 4.11.418";"PASSED";"0.58";"NDXm_TICK_UTCPlus02";"M15";"2343.93";"";"1508";"1.09";"0.68";"0.04";"1.17";"0.66";"0.0";"1784.42";"1.2";"1.31";"0.35";"33.45";"36.76";"21.41";"21.02";"21.24";"8.36";"0.75";"2224.36";"";"471";"1.25";"1.77";"0.11";"4.45";"0.6";"0.0";"634.12";"1.28";"3.51";"3.71";"42.08";"42.92";"23.88";"22.17";"23.13";"1.01"
"Strategy 4.11.437";"PASSED";"0.68";"NDXm_TICK_UTCPlus02";"M15";"2715.95";"";"1706";"1.07";"0.56";"0.04";"1.36";"0.83";"0.0";"1123.79";"0.65";"2.42";"0.62";"59.03";"36.01";"32.96";"24.12";"27.62";"2.31";"0.62";"1094.26";"";"476";"1.09";"0.69";"0.06";"2.19";"0.54";"0.0";"655.08";"0.63";"1.67";"1.72";"72.06";"41.66";"39.48";"28.92";"33.0";"0.71"
"Strategy 4.11.445";"PASSED";"0.64";"NDXm_TICK_UTCPlus02";"M15";"1371.68";"";"511";"1.15";"0.57";"0.07";"0.69";"0.63";"0.0";"744.62";"1.17";"1.84";"0.47";"39.23";"40.23";"27.73";"27.0";"27.39";"2.48";"0.47";"463.86";"";"139";"1.15";"0.57";"0.07";"0.93";"0.68";"0.0";"509.18";"1.07";"0.91";"0.92";"50.01";"46.82";"34.86";"33.06";"33.99";"0.21"
"Strategy 4.11.449";"PASSED";"0.69";"NDXm_TICK_UTCPlus02";"M15";"3377.52";"";"1618";"1.1";"0.75";"0.06";"1.69";"0.59";"0.0";"1339.27";"0.71";"2.52";"0.62";"53.99";"34.78";"22.01";"15.39";"18.14";"6.93";"0.62";"1232.26";"";"554";"1.09";"0.73";"0.06";"2.46";"0.75";"0.0";"732.22";"0.68";"1.68";"1.72";"64.15";"40.13";"25.05";"14.42";"18.74";"2.06"
"Strategy 4.11.488";"PASSED";"0.74";"NDXm_TICK_UTCPlus02";"M15";"1321.87";"";"823";"1.14";"0.65";"0.07";"0.66";"0.86";"0.0";"388.93";"1.09";"3.4";"0.84";"24.73";"23.58";"12.34";"10.29";"11.36";"5.04";"0.67";"728.31";"";"168";"1.32";"1.31";"0.15";"1.46";"0.82";"0.0";"321.68";"1.21";"2.26";"2.32";"32.6";"29.88";"15.1";"13.13";"14.21";"0.34"
"Strategy 4.11.503";"PASSED";"0.69";"NDXm_TICK_UTCPlus02";"M15";"2252.04";"";"831";"1.13";"0.72";"0.07";"1.13";"0.86";"0.0";"885.72";"0.97";"2.54";"0.65";"47.78";"40.98";"35.31";"31.9";"33.58";"4.71";"0.67";"1647.81";"";"247";"1.28";"1.49";"0.14";"3.3";"0.75";"0.0";"745.93";"1.02";"2.21";"2.31";"59.88";"47.84";"47.58";"42.83";"45.23";"1.18"
"Strategy 4.11.510";"PASSED";"0.76";"NDXm_TICK_UTCPlus02";"M15";"3235.93";"";"1386";"1.13";"0.91";"0.07";"1.62";"0.8";"0.0";"870.4";"0.91";"3.72";"0.97";"42.44";"34.34";"25.53";"20.03";"22.66";"8.15";"0.74";"2038.96";"";"436";"1.22";"1.44";"0.12";"4.08";"0.62";"0.0";"606.35";"0.91";"3.36";"3.55";"53.96";"40.28";"25.34";"21.48";"23.32";"0.8"
"Strategy 4.11.514";"PASSED";"0.67";"NDXm_TICK_UTCPlus02";"M15";"1473.14";"";"391";"1.19";"0.68";"0.11";"0.74";"0.76";"0.0";"672.43";"0.75";"2.19";"0.55";"54.64";"34.56";"30.51";"23.66";"26.6";"1.81";"0.72";"1199.02";"";"133";"1.43";"1.45";"0.23";"2.4";"0.82";"0.0";"240.87";"0.87";"4.98";"5.11";"64.02";"39.02";"31.85";"20.08";"25.57";"0.8"
"Strategy 4.11.517";"PASSED";"0.57";"NDXm_TICK_UTCPlus02";"M15";"2453.16";"";"1787";"1.07";"0.55";"0.04";"1.23";"0.58";"0.0";"1901.14";"0.75";"1.29";"0.34";"50.42";"35.34";"28.78";"21.04";"24.35";"8.24";"0.59";"1601.42";"";"499";"1.13";"1.06";"0.08";"3.2";"0.59";"0.0";"1133.06";"0.76";"1.41";"1.42";"63.28";"42.27";"36.49";"29.75";"32.66";"2.73"
"Strategy 4.11.518";"PASSED";"0.69";"NDXm_TICK_UTCPlus02";"M15";"2354.59";"";"1884";"1.1";"0.78";"0.05";"1.18";"0.75";"0.0";"962.36";"1.12";"2.45";"0.63";"25.24";"25.61";"9.63";"10.09";"9.85";"6.34";"0.82";"2529.31";"";"565";"1.33";"2.27";"0.14";"5.06";"0.78";"0.0";"430.14";"1.32";"5.88";"6.17";"32.09";"31.85";"12.73";"11.2";"12.07";"0.76"
"Strategy 4.11.538";"PASSED";"0.51";"NDXm_TICK_UTCPlus02";"M15";"1671.05";"";"1290";"1.07";"0.43";"0.04";"0.84";"0.72";"0.0";"1901.26";"0.66";"0.88";"0.23";"49.2";"30.43";"25.75";"18.04";"21.11";"5.76";"0.79";"2577.04";"";"425";"1.29";"1.74";"0.17";"5.15";"0.71";"0.0";"561.3";"0.71";"4.59";"4.86";"64.72";"35.8";"26.91";"20.4";"23.11";"1.05"
"Strategy 4.11.541";"PASSED";"0.74";"NDXm_TICK_UTCPlus02";"M15";"2245.64";"";"608";"1.2";"0.95";"0.09";"1.12";"0.84";"0.0";"678.26";"1.29";"3.31";"0.84";"40.2";"43.24";"32.96";"31.68";"32.4";"1.51";"0.62";"802.32";"";"180";"1.21";"0.95";"0.09";"1.6";"0.71";"0.0";"470.02";"1.25";"1.71";"1.7";"46.87";"48.56";"41.82";"40.48";"41.22";"0.17"
"Strategy 4.11.574";"PASSED";"0.75";"NDXm_TICK_UTCPlus02";"M15";"3435.04";"";"1725";"1.1";"0.74";"0.06";"1.72";"0.77";"0.0";"925.77";"0.61";"3.71";"0.94";"57.33";"31.97";"27.33";"18.3";"21.73";"4.71";"0.68";"1748.89";"";"482";"1.16";"1.13";"0.1";"3.5";"0.73";"0.0";"719.97";"0.6";"2.43";"2.45";"70.03";"36.3";"34.66";"22.75";"27.22";"1.43"
"Strategy 4.11.580";"PASSED";"0.8";"NDXm_TICK_UTCPlus02";"M15";"6937.9";"";"2925";"1.12";"1.22";"0.07";"3.47";"0.79";"0.0";"1359.96";"0.83";"5.1";"1.37";"48.79";"36.33";"22.69";"18.05";"20.16";"12.52";"0.63";"1831.96";"";"927";"1.08";"0.83";"0.05";"3.66";"0.72";"0.0";"1012.68";"0.78";"1.81";"1.88";"59.34";"42.72";"26.33";"18.52";"21.94";"3.74"
"Strategy 4.2.325";"PASSED";"0.69";"NDXm_TICK_UTCPlus02";"M15";"1871.88";"";"680";"1.15";"0.69";"0.07";"0.94";"0.77";"0.0";"724.37";"1.18";"2.58";"0.66";"38.33";"39.21";"16.18";"16.08";"16.13";"2.18";"0.59";"692.5";"";"279";"1.11";"0.61";"0.05";"1.39";"0.5";"0.0";"501.86";"1.11";"1.38";"1.38";"46.34";"46.36";"15.3";"12.46";"13.96";"0.92"
"Strategy 4.2.335";"PASSED";"0.77";"NDXm_TICK_UTCPlus02";"M15";"3389.96";"";"1300";"1.12";"0.83";"0.07";"1.69";"0.77";"0.0";"808.85";"0.85";"4.19";"1.07";"52.39";"39.67";"37.19";"29.51";"33.04";"6.64";"0.58";"1249.34";"";"410";"1.12";"0.84";"0.06";"2.5";"0.79";"0.0";"945.15";"0.81";"1.32";"1.34";"65.41";"47.23";"44.87";"38.84";"41.53";"1.68"
"Strategy 4.2.348";"PASSED";"0.74";"NDXm_TICK_UTCPlus02";"M15";"1514.41";"";"546";"1.23";"0.85";"0.11";"0.76";"0.84";"0.0";"453.3";"1.08";"3.34";"0.85";"28.74";"25.37";"9.58";"8.44";"9.03";"0.42";"0.59";"598.28";"";"197";"1.22";"1.01";"0.11";"1.2";"0.67";"0.0";"413.26";"1.12";"1.45";"1.48";"31.49";"28.78";"10.4";"9.34";"9.9";"0.0"
"Strategy 4.2.369";"PASSED";"0.69";"NDXm_TICK_UTCPlus02";"M15";"2635.65";"";"1296";"1.1";"0.66";"0.06";"1.32";"0.77";"0.0";"1066.53";"0.79";"2.47";"0.64";"51.51";"36.81";"31.37";"24.62";"27.59";"9.5";"0.79";"2769.98";"";"403";"1.29";"1.83";"0.15";"5.54";"0.66";"0.0";"578.59";"0.86";"4.79";"5.13";"67.14";"44.78";"32.71";"27.17";"29.72";"1.43"
"Strategy 4.2.379";"PASSED";"0.77";"NDXm_TICK_UTCPlus02";"M15";"2491.35";"";"907";"1.18";"0.97";"0.08";"1.25";"0.83";"0.0";"612.9";"1.36";"4.06";"1.03";"31.5";"36.42";"17.69";"18.52";"18.04";"2.18";"0.6";"921.08";"";"301";"1.17";"1.06";"0.08";"1.84";"0.71";"0.0";"617.24";"1.3";"1.49";"1.52";"36.87";"40.82";"21.22";"21.65";"21.41";"0.71"
"Strategy 4.2.393";"PASSED";"0.81";"NDXm_TICK_UTCPlus02";"M15";"6104.43";"";"1599";"1.17";"1.29";"0.09";"3.05";"0.89";"0.0";"1117.96";"0.83";"5.46";"1.45";"57.57";"40.55";"37.43";"25.05";"30.65";"11.64";"0.52";"748.37";"";"542";"1.05";"0.42";"0.03";"1.5";"0.73";"0.0";"797.37";"0.74";"0.94";"0.96";"66.41";"46.56";"37.57";"25.94";"30.87";"4.16"
"Strategy 4.2.410";"PASSED";"0.56";"NDXm_TICK_UTCPlus02";"M15";"589.31";"";"495";"1.06";"0.22";"0.03";"0.29";"0.69";"0.0";"502.95";"0.9";"1.17";"0.29";"41.19";"34.96";"25.61";"20.71";"23.04";"3.7";"0.63";"685.69";"";"161";"1.2";"0.78";"0.1";"1.37";"0.81";"0.0";"391.18";"0.92";"1.75";"1.78";"54.28";"41.59";"22.79";"23.12";"22.96";"0.38"
"Strategy 4.2.419";"PASSED";"0.81";"NDXm_TICK_UTCPlus02";"M15";"2134.11";"";"478";"1.29";"0.99";"0.17";"1.07";"0.77";"0.0";"402.06";"0.73";"5.31";"1.35";"47.66";"26.88";"19.1";"12.49";"15.27";"0.71";"0.71";"1321.78";"";"177";"1.44";"1.65";"0.24";"2.64";"0.77";"0.0";"471.49";"0.86";"2.8";"2.9";"52.78";"31.64";"21.49";"14.92";"17.96";"0.13"
"Strategy 4.2.454";"PASSED";"0.75";"NDXm_TICK_UTCPlus02";"M15";"2663.98";"";"981";"1.22";"1.13";"0.09";"1.33";"0.81";"0.0";"734.84";"1.42";"3.63";"0.93";"25.79";"29.96";"12.77";"11.93";"12.42";"3.61";"0.75";"1393.9";"";"311";"1.29";"1.64";"0.12";"2.79";"0.64";"0.0";"383.42";"1.49";"3.64";"3.77";"32.96";"37.9";"13.2";"16.21";"14.41";"0.38"
"Strategy 4.2.509";"PASSED";"0.72";"NDXm_TICK_UTCPlus02";"M15";"2807.39";"";"676";"1.22";"0.91";"0.13";"1.4";"0.59";"0.0";"959.05";"0.64";"2.93";"0.73";"58.6";"30.95";"25.13";"14.45";"18.63";"2.82";"0.69";"1004.37";"";"244";"1.18";"0.91";"0.12";"2.01";"0.82";"0.0";"395.3";"0.55";"2.54";"2.61";"76.15";"35.8";"24.29";"10.34";"15.32";"0.59"
"Strategy 4.2.535";"PASSED";"0.74";"NDXm_TICK_UTCPlus02";"M15";"3832.05";"";"1473";"1.13";"0.97";"0.06";"1.92";"0.84";"0.0";"1158.5";"1.06";"3.31";"0.87";"45.26";"42.75";"36.46";"32.58";"34.58";"7.86";"0.62";"1234.58";"";"435";"1.12";"0.87";"0.06";"2.47";"0.71";"0.0";"719.83";"1.0";"1.72";"1.74";"54.13";"48.22";"46.73";"40.99";"43.86";"2.44"
"Strategy 4.2.540";"PASSED";"0.73";"NDXm_TICK_UTCPlus02";"M15";"2406.12";"";"694";"1.17";"0.78";"0.09";"1.2";"0.84";"0.0";"741.84";"0.81";"3.24";"0.81";"53.64";"37.04";"41.57";"33.28";"36.99";"7.61";"0.55";"819.86";"";"167";"1.21";"0.9";"0.12";"1.64";"0.68";"0.0";"728.99";"0.78";"1.12";"1.15";"65.47";"42.12";"37.56";"31.87";"34.36";"0.76"
"Strategy 4.2.552";"PASSED";"0.79";"NDXm_TICK_UTCPlus02";"M15";"4230.84";"";"2255";"1.12";"0.97";"0.07";"2.12";"0.83";"0.0";"909.81";"0.66";"4.65";"1.22";"45.52";"26.84";"19.38";"13.27";"15.69";"3.91";"0.71";"1784.84";"";"690";"1.13";"1.12";"0.08";"3.57";"0.82";"0.0";"617.39";"0.67";"2.89";"3.0";"54.28";"32.08";"22.54";"17.73";"19.66";"0.71"
"Strategy 4.3.300";"PASSED";"0.78";"NDXm_TICK_UTCPlus02";"M15";"4159.5";"";"2229";"1.12";"1.0";"0.07";"2.08";"0.8";"0.0";"966.04";"0.7";"4.31";"1.15";"43.24";"27.26";"17.86";"12.15";"14.51";"2.02";"0.62";"953.37";"";"658";"1.08";"0.69";"0.05";"1.91";"0.8";"0.0";"551.18";"0.65";"1.73";"1.74";"51.3";"30.7";"20.65";"15.35";"17.42";"0.76"
"Strategy 4.3.313";"PASSED";"0.76";"NDXm_TICK_UTCPlus02";"M15";"1768.67";"";"625";"1.14";"0.66";"0.08";"0.88";"0.8";"0.0";"449.39";"0.79";"3.94";"0.97";"51.51";"35.67";"27.08";"19.87";"23.05";"0.84";"0.55";"521.39";"";"161";"1.13";"0.56";"0.07";"1.04";"0.65";"0.0";"465.34";"0.79";"1.12";"1.13";"62.24";"43.31";"30.2";"25.58";"27.61";"0.13"
"Strategy 4.3.336";"PASSED";"0.68";"NDXm_TICK_UTCPlus02";"M15";"2928.78";"";"1300";"1.1";"0.68";"0.06";"1.46";"0.81";"0.0";"1205.35";"0.66";"2.43";"0.63";"61.95";"37.04";"33.59";"20.65";"25.79";"5.63";"0.61";"1431.84";"";"390";"1.14";"0.98";"0.09";"2.86";"0.72";"0.0";"903.28";"0.65";"1.59";"1.61";"75.29";"43.06";"39.16";"24.92";"30.54";"2.69"
"Strategy 4.3.394";"PASSED";"0.84";"NDXm_TICK_UTCPlus02";"M15";"2360.98";"";"576";"1.36";"1.43";"0.17";"1.18";"0.85";"0.0";"358.02";"1.16";"6.59";"1.68";"29.01";"24.73";"7.81";"6.91";"7.39";"0.34";"0.67";"723.46";"";"204";"1.27";"1.23";"0.13";"1.45";"0.66";"0.0";"318.27";"1.15";"2.27";"2.3";"31.16";"28.13";"9.23";"6.35";"7.89";"0.0"
"Strategy 4.3.429";"PASSED";"0.65";"NDXm_TICK_UTCPlus02";"M15";"1422.65";"";"561";"1.12";"0.51";"0.07";"0.71";"0.72";"0.0";"707.6";"0.73";"2.01";"0.5";"55.01";"35.57";"24.46";"16.62";"19.92";"2.98";"0.59";"769.77";"";"211";"1.15";"0.75";"0.09";"1.54";"0.53";"0.0";"536.05";"0.66";"1.44";"1.45";"70.32";"40.45";"19.76";"12.87";"15.61";"0.21"
"Strategy 4.3.438";"PASSED";"0.72";"NDXm_TICK_UTCPlus02";"M15";"3367.83";"";"1324";"1.12";"0.84";"0.07";"1.68";"0.8";"0.0";"1152.96";"0.8";"2.92";"0.76";"51.92";"36.78";"31.58";"24.25";"27.5";"8.99";"0.8";"2708.48";"";"430";"1.26";"1.76";"0.14";"5.42";"0.65";"0.0";"536.09";"0.83";"5.05";"5.37";"66.99";"44.07";"33.38";"25.65";"29.16";"1.34"
"Strategy 4.3.443";"PASSED";"0.68";"NDXm_TICK_UTCPlus02";"M15";"3515.34";"";"1649";"1.1";"0.84";"0.05";"1.76";"0.84";"0.0";"1472.09";"1.04";"2.39";"0.62";"44.98";"42.25";"35.44";"30.77";"33.14";"8.32";"0.61";"1308.02";"";"471";"1.12";"0.88";"0.06";"2.62";"0.77";"0.0";"842.73";"0.99";"1.55";"1.57";"53.95";"47.75";"44.7";"39.31";"41.99";"2.52"
"Strategy 4.3.453";"PASSED";"0.63";"NDXm_TICK_UTCPlus02";"M15";"2783.85";"";"2123";"1.08";"0.72";"0.04";"1.39";"0.65";"0.0";"1557.88";"1.05";"1.79";"0.47";"34.03";"33.02";"15.36";"13.87";"14.63";"0.97";"0.55";"934.41";"";"658";"1.08";"0.73";"0.04";"1.87";"0.78";"0.0";"816.42";"1.01";"1.14";"1.15";"38.83";"36.22";"16.87";"15.88";"16.38";"0.17"
"Strategy 4.3.455";"PASSED";"0.84";"NDXm_TICK_UTCPlus02";"M15";"3928.8";"";"1239";"1.23";"1.36";"0.12";"1.96";"0.78";"0.0";"589.07";"0.9";"6.67";"1.75";"36.37";"26.71";"11.09";"9.01";"9.99";"2.1";"0.54";"739.04";"";"442";"1.09";"0.63";"0.05";"1.48";"0.62";"0.0";"719.94";"0.78";"1.03";"1.03";"44.73";"32.01";"15.29";"10.54";"12.62";"0.55"
"Strategy 4.3.490";"PASSED";"0.83";"NDXm_TICK_UTCPlus02";"M15";"3273.89";"";"723";"1.23";"1.1";"0.13";"1.64";"0.89";"0.0";"509.77";"0.75";"6.42";"1.58";"56.85";"34.75";"29.33";"19.81";"23.89";"0.92";"0.58";"775.01";"";"172";"1.19";"0.79";"0.11";"1.55";"0.55";"0.0";"565.22";"0.76";"1.37";"1.37";"66.43";"42.26";"33.65";"28.06";"30.47";"0.08"
"Strategy 4.3.491";"PASSED";"0.65";"NDXm_TICK_UTCPlus02";"M15";"4308.89";"";"1077";"1.2";"1.1";"0.13";"2.15";"0.76";"0.0";"2131.71";"0.62";"2.02";"0.54";"62.35";"32.01";"28.19";"16.92";"21.22";"3.87";"0.69";"1566.24";"";"384";"1.17";"1.01";"0.11";"3.13";"0.77";"0.0";"622.82";"0.57";"2.51";"2.61";"78.21";"38.45";"33.59";"18.36";"23.91";"1.39"
"Strategy 4.3.500";"PASSED";"0.79";"NDXm_TICK_UTCPlus02";"M15";"2554.73";"";"762";"1.22";"1.01";"0.12";"1.28";"0.69";"0.0";"561.89";"0.83";"4.55";"1.18";"41.73";"28.4";"16.91";"12.11";"14.29";"1.55";"0.65";"969.52";"";"235";"1.22";"1.08";"0.12";"1.94";"0.67";"0.0";"495.87";"0.79";"1.96";"1.96";"51.99";"33.87";"21.08";"17.08";"18.85";"0.5"
"Strategy 4.3.503";"PASSED";"0.78";"NDXm_TICK_UTCPlus02";"M15";"1905.84";"";"898";"1.17";"0.83";"0.1";"0.95";"0.84";"0.0";"446.72";"0.68";"4.27";"1.09";"36.4";"21.14";"10.19";"6.89";"8.23";"0.08";"0.56";"541.85";"";"279";"1.15";"0.74";"0.09";"1.08";"0.56";"0.0";"451.39";"0.65";"1.2";"1.2";"38.74";"22.01";"9.9";"6.57";"7.88";"0.0"
"Strategy 4.3.520";"PASSED";"0.73";"NDXm_TICK_UTCPlus02";"M15";"2106.59";"";"804";"1.17";"0.86";"0.07";"1.05";"0.84";"0.0";"649.61";"1.35";"3.24";"0.83";"31.54";"36.44";"18.23";"18.28";"18.25";"1.85";"0.67";"1020.63";"";"272";"1.21";"1.2";"0.09";"2.04";"0.83";"0.0";"455.51";"1.32";"2.24";"2.29";"37.31";"40.7";"20.63";"22.35";"21.37";"0.59"
"Strategy 4.3.533";"PASSED";"0.59";"NDXm_TICK_UTCPlus02";"M15";"1953.46";"";"989";"1.1";"0.57";"0.05";"0.98";"0.8";"0.0";"1363.08";"0.94";"1.43";"0.37";"45.74";"38.96";"30.19";"26.13";"28.09";"7.69";"0.65";"1101.07";"";"268";"1.17";"0.98";"0.09";"2.2";"0.78";"0.0";"539.02";"0.94";"2.04";"2.12";"57.84";"46.5";"40.1";"33.17";"36.53";"2.61"
"Strategy 4.3.552";"PASSED";"0.7";"NDXm_TICK_UTCPlus02";"M15";"2201.25";"";"915";"1.12";"0.64";"0.07";"1.1";"0.77";"0.0";"803.75";"0.75";"2.74";"0.7";"52.58";"35.04";"31.71";"24.49";"27.58";"4.2";"0.52";"545.98";"";"276";"1.08";"0.44";"0.05";"1.09";"0.67";"0.0";"599.34";"0.65";"0.91";"0.92";"68.31";"41.32";"40.03";"32.29";"35.35";"0.34"
"Strategy 4.3.573";"PASSED";"0.65";"NDXm_TICK_UTCPlus02";"M15";"4479.62";"";"1812";"1.11";"0.88";"0.06";"2.24";"0.74";"0.0";"2197.12";"0.71";"2.04";"0.55";"60.17";"38.37";"34.58";"23.03";"27.82";"12.56";"0.58";"1293.39";"";"605";"1.08";"0.75";"0.05";"2.59";"0.61";"0.0";"964.46";"0.66";"1.34";"1.39";"69.14";"42.22";"36.73";"22.1";"27.93";"4.12"
"Strategy 4.4.347";"PASSED";"0.73";"NDXm_TICK_UTCPlus02";"M15";"2607.44";"";"700";"1.19";"0.87";"0.1";"1.3";"0.87";"0.0";"826.77";"0.84";"3.15";"0.8";"51.55";"36.55";"39.81";"30.76";"34.9";"7.02";"0.58";"977.55";"";"169";"1.25";"1.12";"0.14";"1.96";"0.69";"0.0";"719.34";"0.86";"1.36";"1.4";"62.54";"42.86";"35.41";"30.8";"32.93";"0.76"
"Strategy 4.4.348";"PASSED";"0.74";"NDXm_TICK_UTCPlus02";"M15";"2092.1";"";"1028";"1.12";"0.69";"0.05";"1.05";"0.76";"0.0";"636.11";"1.19";"3.29";"0.84";"35.87";"38.14";"23.41";"24.12";"23.73";"1.64";"0.52";"553.25";"";"352";"1.07";"0.48";"0.04";"1.11";"0.77";"0.0";"588.93";"1.1";"0.94";"0.95";"43.56";"44.42";"31.08";"30.35";"30.73";"0.08"
"Strategy 4.4.352";"PASSED";"0.46";"NDXm_TICK_UTCPlus02";"M15";"354.95";"";"378";"1.06";"0.14";"0.03";"0.18";"0.65";"0.0";"603.03";"0.74";"0.59";"0.15";"40.68";"28.55";"17.36";"12.92";"14.81";"0.71";"0.57";"557.49";"";"164";"1.18";"0.7";"0.11";"1.11";"0.57";"0.0";"454.09";"0.73";"1.23";"1.22";"52.1";"31.97";"21.01";"15.35";"17.73";"0.63"
"Strategy 4.4.372";"PASSED";"0.7";"NDXm_TICK_UTCPlus02";"M15";"2579.29";"";"947";"1.12";"0.66";"0.07";"1.29";"0.8";"0.0";"977.09";"0.71";"2.64";"0.69";"62.66";"39.61";"48.31";"34.9";"40.45";"11.72";"0.65";"1715.86";"";"275";"1.25";"1.28";"0.14";"3.43";"0.74";"0.0";"876.18";"0.73";"1.96";"1.98";"74.82";"43.8";"45.01";"34.89";"39.16";"1.18"
"Strategy 4.4.416";"PASSED";"0.6";"NDXm_TICK_UTCPlus02";"M15";"2042.63";"";"1467";"1.07";"0.49";"0.04";"1.02";"0.71";"0.0";"1349.81";"0.67";"1.51";"0.39";"54.02";"33.61";"29.61";"21.17";"24.54";"9.33";"0.78";"3031.79";"";"452";"1.29";"1.84";"0.16";"6.06";"0.73";"0.0";"685.54";"0.75";"4.42";"4.73";"70.17";"41.01";"31.35";"23.19";"26.69";"1.47"
"Strategy 4.4.419";"PASSED";"0.7";"NDXm_TICK_UTCPlus02";"M15";"3619.51";"";"1611";"1.13";"0.97";"0.07";"1.81";"0.73";"0.0";"1355.29";"0.9";"2.67";"0.71";"41.55";"33.12";"16.64";"13.3";"14.88";"0.88";"0.54";"838.4";"";"520";"1.08";"0.64";"0.04";"1.68";"0.83";"0.0";"818.13";"0.86";"1.02";"1.03";"47.11";"37.39";"18.08";"14.16";"15.97";"0.08"
"Strategy 4.4.426";"PASSED";"0.69";"NDXm_TICK_UTCPlus02";"M15";"3488.7";"";"1386";"1.12";"0.85";"0.07";"1.74";"0.79";"0.0";"1346.17";"0.8";"2.59";"0.68";"51.82";"37.04";"31.89";"25.0";"28.06";"10.5";"0.78";"3075.49";"";"440";"1.29";"1.94";"0.16";"6.15";"0.65";"0.0";"720.98";"0.86";"4.27";"4.59";"67.27";"44.64";"32.16";"26.26";"28.98";"1.26"
"Strategy 4.4.458";"PASSED";"0.67";"NDXm_TICK_UTCPlus02";"M15";"2639.35";"";"1221";"1.1";"0.68";"0.06";"1.32";"0.77";"0.0";"1162.46";"0.82";"2.27";"0.59";"50.47";"37.56";"31.46";"27.24";"29.15";"9.96";"0.71";"2024.43";"";"380";"1.22";"1.38";"0.12";"4.05";"0.54";"0.0";"713.46";"0.84";"2.84";"3.0";"64.72";"44.84";"34.97";"27.76";"31.06";"1.22"
"Strategy 4.4.466";"PASSED";"0.83";"NDXm_TICK_UTCPlus02";"M15";"6481.35";"";"1858";"1.19";"1.53";"0.09";"3.24";"0.83";"0.0";"1044.4";"1.07";"6.21";"1.67";"42.68";"38.59";"23.2";"18.64";"21.0";"7.73";"0.62";"1084.83";"";"597";"1.08";"0.69";"0.04";"2.17";"0.6";"0.0";"663.34";"0.98";"1.64";"1.68";"48.53";"44.12";"27.08";"21.12";"24.08";"3.32"
"Strategy 4.4.481";"PASSED";"0.69";"NDXm_TICK_UTCPlus02";"M15";"2207.05";"";"955";"1.11";"0.61";"0.07";"1.1";"0.84";"0.0";"883.15";"0.62";"2.5";"0.64";"59.55";"33.41";"33.31";"19.93";"25.07";"3.19";"0.75";"1436.12";"";"259";"1.23";"1.17";"0.14";"2.87";"0.78";"0.0";"404.08";"0.65";"3.55";"3.63";"75.03";"39.6";"41.85";"26.92";"32.8";"1.85"
"Strategy 4.4.506";"PASSED";"0.61";"NDXm_TICK_UTCPlus02";"M15";"2139.44";"";"962";"1.11";"0.64";"0.06";"1.07";"0.8";"0.0";"1347.39";"0.94";"1.59";"0.41";"45.8";"38.89";"30.29";"25.96";"28.07";"8.28";"0.6";"966.61";"";"275";"1.15";"0.85";"0.08";"1.93";"0.66";"0.0";"648.02";"0.92";"1.49";"1.53";"57.63";"46.43";"39.98";"33.01";"36.36";"2.69"
"Strategy 4.4.523";"PASSED";"0.73";"NDXm_TICK_UTCPlus02";"M15";"4026.35";"";"1417";"1.14";"0.96";"0.07";"2.01";"0.79";"0.0";"1296.41";"0.95";"3.11";"0.83";"48.48";"40.35";"34.14";"29.27";"31.64";"10.8";"0.79";"2402.47";"";"452";"1.22";"1.56";"0.11";"4.8";"0.56";"0.0";"501.24";"0.96";"4.79";"5.05";"59.71";"46.72";"33.62";"30.41";"31.98";"1.51"
"Strategy 4.5.325";"PASSED";"0.82";"NDXm_TICK_UTCPlus02";"M15";"6735.02";"";"3284";"1.1";"1.11";"0.06";"3.37";"0.78";"0.0";"1155.68";"0.8";"5.83";"1.49";"49.5";"35.93";"21.09";"14.99";"17.7";"13.36";"0.67";"2515.53";"";"1094";"1.1";"1.09";"0.05";"5.03";"0.8";"0.0";"1145.83";"0.77";"2.2";"2.33";"60.68";"42.5";"21.93";"15.45";"18.26";"4.24"
"Strategy 4.5.336";"PASSED";"0.67";"NDXm_TICK_UTCPlus02";"M15";"2798.46";"";"1290";"1.1";"0.7";"0.05";"1.4";"0.77";"0.0";"1266.14";"0.91";"2.21";"0.58";"48.09";"39.67";"33.13";"28.87";"30.9";"10.29";"0.76";"2412.81";"";"415";"1.25";"1.63";"0.12";"4.83";"0.54";"0.0";"641.01";"0.98";"3.76";"3.99";"59.54";"46.64";"33.87";"29.42";"31.62";"1.72"
"Strategy 4.5.339";"PASSED";"0.81";"NDXm_TICK_UTCPlus02";"M15";"6414.49";"";"1911";"1.18";"1.48";"0.09";"3.21";"0.79";"0.0";"1171.78";"1.07";"5.47";"1.48";"42.88";"38.77";"23.05";"18.76";"20.97";"8.03";"0.63";"1506.04";"";"612";"1.11";"0.96";"0.06";"3.01";"0.72";"0.0";"853.57";"1.01";"1.76";"1.82";"48.44";"43.82";"26.74";"21.49";"24.12";"3.32"
"Strategy 4.5.360";"PASSED";"0.57";"NDXm_TICK_UTCPlus02";"M15";"2020.57";"";"1771";"1.08";"0.59";"0.04";"1.01";"0.71";"0.0";"1628.7";"1.16";"1.24";"0.32";"29.63";"31.82";"13.74";"14.35";"14.02";"7.31";"0.74";"1826.19";"";"528";"1.2";"1.42";"0.09";"3.65";"0.78";"0.0";"553.25";"1.21";"3.3";"3.44";"38.23";"38.59";"16.64";"15.9";"16.31";"0.63"
"Strategy 4.5.361";"PASSED";"0.71";"NDXm_TICK_UTCPlus02";"M15";"2886.84";"";"1010";"1.12";"0.74";"0.07";"1.44";"0.85";"0.0";"1011.87";"0.77";"2.85";"0.73";"60.23";"41.08";"42.34";"36.23";"38.88";"3.57";"0.62";"1322.89";"";"348";"1.14";"0.89";"0.08";"2.65";"0.82";"0.0";"805.77";"0.76";"1.64";"1.67";"72.29";"48.08";"48.65";"40.86";"44.22";"0.46"
"Strategy 4.5.401";"PASSED";"0.71";"NDXm_TICK_UTCPlus02";"M15";"3529.79";"";"1187";"1.15";"0.93";"0.07";"1.76";"0.78";"0.0";"1222.79";"0.95";"2.89";"0.76";"47.97";"39.87";"32.94";"30.48";"31.68";"10.29";"0.57";"1177.19";"";"372";"1.13";"0.82";"0.07";"2.35";"0.44";"0.0";"939.67";"0.89";"1.25";"1.31";"60.24";"47.54";"35.81";"30.37";"32.93";"1.34"
"Strategy 4.5.403";"PASSED";"0.76";"NDXm_TICK_UTCPlus02";"M15";"6585.29";"";"2524";"1.11";"1.06";"0.07";"3.29";"0.82";"0.0";"1682.56";"0.66";"3.91";"1.05";"64.98";"38.38";"33.97";"20.8";"26.02";"15.5";"0.55";"1507.01";"";"845";"1.06";"0.65";"0.04";"3.01";"0.71";"0.0";"1324.88";"0.61";"1.14";"1.19";"79.49";"45.34";"34.71";"21.03";"26.19";"4.58"
"Strategy 4.5.406";"PASSED";"0.42";"NDXm_TICK_UTCPlus02";"M15";"369.71";"";"1009";"1.03";"0.11";"0.01";"0.18";"0.68";"0.0";"856.9";"1.02";"0.43";"0.11";"27.0";"26.74";"14.5";"13.69";"14.1";"6.55";"0.67";"752.67";"";"235";"1.22";"1.03";"0.1";"1.51";"0.75";"0.0";"337.44";"1.16";"2.23";"2.29";"33.19";"31.46";"15.2";"15.81";"15.48";"0.42"
"Strategy 4.5.412";"PASSED";"0.83";"NDXm_TICK_UTCPlus02";"M15";"4082.88";"";"1400";"1.14";"0.92";"0.08";"2.04";"0.89";"0.0";"665.9";"0.74";"6.13";"1.56";"57.4";"37.48";"29.79";"21.46";"25.01";"8.87";"0.54";"907.52";"";"441";"1.08";"0.6";"0.05";"1.81";"0.79";"0.0";"892.33";"0.7";"1.02";"1.03";"65.68";"42.23";"31.34";"21.34";"25.44";"2.56"
"Strategy 4.5.434";"PASSED";"0.67";"NDXm_TICK_UTCPlus02";"M15";"2465.51";"";"1053";"1.14";"0.84";"0.05";"1.23";"0.83";"0.0";"1108.84";"1.55";"2.22";"0.57";"31.61";"43.02";"26.11";"30.26";"27.74";"1.72";"0.55";"704.24";"";"361";"1.1";"0.65";"0.04";"1.41";"0.76";"0.0";"650.91";"1.44";"1.08";"1.09";"37.15";"48.7";"34.34";"33.87";"34.15";"0.13"
"Strategy 4.5.438";"PASSED";"0.75";"NDXm_TICK_UTCPlus02";"M15";"4768.7";"";"1777";"1.13";"0.95";"0.07";"2.38";"0.81";"0.0";"1295.85";"0.7";"3.68";"0.97";"58.19";"36.02";"27.67";"19.22";"22.69";"8.7";"0.58";"1440.43";"";"555";"1.1";"0.82";"0.06";"2.88";"0.74";"0.0";"1054.79";"0.67";"1.37";"1.43";"68.55";"41.38";"34.46";"21.26";"26.54";"2.86"
"Strategy 4.5.452";"PASSED";"0.68";"NDXm_TICK_UTCPlus02";"M15";"3390.21";"";"1497";"1.11";"0.79";"0.06";"1.7";"0.78";"0.0";"1405.19";"0.93";"2.41";"0.64";"48.44";"40.75";"34.0";"29.74";"31.79";"11.34";"0.74";"2165.15";"";"486";"1.18";"1.36";"0.1";"4.33";"0.61";"0.0";"625.77";"0.92";"3.46";"3.64";"59.94";"46.64";"34.5";"28.91";"31.59";"1.76"
"Strategy 4.5.481";"PASSED";"0.67";"NDXm_TICK_UTCPlus02";"M15";"2534.53";"";"704";"1.19";"0.83";"0.12";"1.27";"0.74";"0.0";"1120.03";"0.64";"2.26";"0.59";"57.93";"31.23";"26.38";"15.41";"19.7";"2.77";"0.72";"1644.83";"";"239";"1.32";"1.5";"0.19";"3.29";"0.84";"0.0";"562.04";"0.7";"2.93";"3.05";"69.96";"36.96";"30.09";"15.73";"21.62";"0.88"
"Strategy 4.5.525";"PASSED";"0.54";"NDXm_TICK_UTCPlus02";"M15";"1437.75";"";"1639";"1.06";"0.43";"0.03";"0.72";"0.74";"0.0";"1363.65";"0.99";"1.05";"0.27";"32.02";"29.93";"15.27";"13.89";"14.57";"6.81";"0.69";"1807.92";"";"471";"1.21";"1.43";"0.1";"3.62";"0.64";"0.0";"714.36";"1.07";"2.53";"2.66";"42.44";"37.3";"18.57";"17.32";"17.96";"0.92"
"Strategy 4.5.548";"PASSED";"0.82";"NDXm_TICK_UTCPlus02";"M15";"2731.15";"";"984";"1.21";"1.1";"0.12";"1.37";"0.92";"0.0";"487.78";"0.78";"5.6";"1.44";"36.45";"23.47";"12.32";"8.52";"10.18";"1.6";"0.57";"582.12";"";"304";"1.12";"0.65";"0.07";"1.16";"0.71";"0.0";"459.62";"0.78";"1.27";"1.27";"39.53";"27.34";"16.26";"11.05";"13.33";"0.29"
"Strategy 4.5.573";"PASSED";"0.67";"NDXm_TICK_UTCPlus02";"M15";"2409.39";"";"1205";"1.1";"0.63";"0.05";"1.2";"0.74";"0.0";"1085.22";"0.81";"2.22";"0.58";"50.36";"37.4";"31.74";"26.2";"28.69";"9.5";"0.74";"2434.63";"";"369";"1.28";"1.68";"0.15";"4.87";"0.55";"0.0";"700.43";"0.88";"3.48";"3.69";"65.1";"45.04";"34.74";"28.64";"31.5";"1.22"
"Strategy 4.6.309";"PASSED";"0.62";"NDXm_TICK_UTCPlus02";"M15";"3503.93";"";"2341";"1.08";"0.68";"0.05";"1.75";"0.74";"0.0";"2021.92";"0.65";"1.73";"0.46";"53.29";"32.34";"26.34";"18.4";"21.54";"7.52";"0.64";"1668.18";"";"686";"1.1";"0.88";"0.06";"3.34";"0.81";"0.0";"869.95";"0.66";"1.92";"1.93";"66.51";"39.66";"30.94";"22.69";"25.96";"2.61"
"Strategy 4.6.317";"PASSED";"0.58";"NDXm_TICK_UTCPlus02";"M15";"1660.8";"";"1659";"1.07";"0.5";"0.03";"0.83";"0.75";"0.0";"1255.68";"0.99";"1.32";"0.34";"32.17";"29.91";"15.16";"13.86";"14.51";"6.81";"0.71";"1855.9";"";"478";"1.22";"1.47";"0.1";"3.71";"0.63";"0.0";"670.34";"1.07";"2.77";"2.9";"42.36";"37.26";"18.51";"17.18";"17.87";"0.92"
"Strategy 4.6.330";"PASSED";"0.76";"NDXm_TICK_UTCPlus02";"M15";"1575.04";"";"862";"1.16";"0.79";"0.07";"0.79";"0.83";"0.0";"409.31";"1.29";"3.85";"0.97";"23.2";"25.8";"12.53";"12.74";"12.62";"5.21";"0.55";"488.83";"";"192";"1.19";"0.79";"0.08";"0.98";"0.7";"0.0";"435.38";"1.26";"1.12";"1.14";"29.17";"30.97";"14.68";"14.75";"14.71";"0.34"
"Strategy 4.6.376";"PASSED";"0.7";"NDXm_TICK_UTCPlus02";"M15";"2769.54";"";"1017";"1.12";"0.7";"0.07";"1.38";"0.86";"0.0";"1011.87";"0.76";"2.74";"0.71";"60.21";"41.11";"42.58";"36.11";"38.91";"3.61";"0.61";"1273.75";"";"349";"1.13";"0.86";"0.08";"2.55";"0.81";"0.0";"805.77";"0.75";"1.58";"1.6";"72.29";"48.09";"48.65";"40.89";"44.23";"0.46"
"Strategy 4.6.390";"PASSED";"0.73";"NDXm_TICK_UTCPlus02";"M15";"3215.6";"";"1243";"1.12";"0.77";"0.07";"1.61";"0.81";"0.0";"984.8";"0.78";"3.27";"0.84";"56.28";"39.06";"37.31";"27.85";"31.98";"7.14";"0.55";"850.61";"";"386";"1.09";"0.58";"0.05";"1.7";"0.47";"0.0";"774.91";"0.74";"1.1";"1.13";"66.2";"45.08";"48.14";"33.77";"39.88";"2.98"
"Strategy 4.6.403";"PASSED";"0.54";"NDXm_TICK_UTCPlus02";"M15";"2233.3";"";"1674";"1.08";"0.63";"0.04";"1.12";"0.7";"0.0";"2123.4";"0.99";"1.05";"0.28";"35.35";"32.28";"17.13";"16.11";"16.62";"7.65";"0.78";"2400.74";"";"514";"1.25";"1.73";"0.12";"4.8";"0.8";"0.0";"550.46";"1.06";"4.36";"4.62";"45.95";"38.92";"19.62";"17.44";"18.56";"0.76"
"Strategy 4.6.419";"PASSED";"0.78";"NDXm_TICK_UTCPlus02";"M15";"4656.66";"";"1346";"1.17";"1.17";"0.09";"2.33";"0.81";"0.0";"1060.34";"0.96";"4.39";"1.17";"48.77";"40.0";"35.54";"30.23";"32.83";"11.47";"0.72";"1956.07";"";"435";"1.18";"1.3";"0.1";"3.91";"0.48";"0.0";"660.04";"0.92";"2.96";"3.13";"60.0";"46.83";"35.33";"30.59";"32.87";"1.43"
"Strategy 4.6.425";"PASSED";"0.64";"NDXm_TICK_UTCPlus02";"M15";"1152.57";"";"713";"1.09";"0.43";"0.04";"0.58";"0.79";"0.0";"601.49";"1.05";"1.92";"0.48";"37.9";"36.65";"21.9";"19.63";"20.8";"0.34";"0.55";"561.1";"";"216";"1.13";"0.62";"0.06";"1.12";"0.74";"0.0";"518.34";"1.06";"1.08";"1.1";"45.24";"42.48";"25.86";"25.09";"25.48";"0.42"
"Strategy 4.6.458";"PASSED";"0.75";"NDXm_TICK_UTCPlus02";"M15";"3204.81";"";"1311";"1.12";"0.8";"0.07";"1.6";"0.8";"0.0";"876.37";"0.7";"3.66";"0.91";"54.77";"34.2";"31.47";"22.89";"26.43";"7.1";"0.7";"2023.02";"";"440";"1.19";"1.24";"0.11";"4.05";"0.56";"0.0";"747.88";"0.69";"2.71";"2.85";"69.83";"40.56";"32.01";"23.32";"26.88";"1.18"
"Strategy 4.6.471";"PASSED";"0.62";"NDXm_TICK_UTCPlus02";"M15";"943.46";"";"510";"1.11";"0.43";"0.05";"0.47";"0.74";"0.0";"559.62";"1.16";"1.69";"0.43";"34.47";"36.03";"17.23";"15.41";"16.39";"0.63";"0.51";"509.06";"";"144";"1.19";"0.74";"0.09";"1.02";"0.72";"0.0";"413.84";"1.29";"1.23";"1.26";"38.54";"41.48";"23.07";"20.14";"21.79";"0.08"
"Strategy 4.6.474";"PASSED";"0.76";"NDXm_TICK_UTCPlus02";"M15";"2262.8";"";"550";"1.21";"0.84";"0.13";"1.13";"0.8";"0.0";"599.63";"0.67";"3.77";"0.97";"58.33";"32.03";"25.04";"16.48";"19.9";"2.44";"0.55";"607.14";"";"204";"1.13";"0.6";"0.08";"1.21";"0.7";"0.0";"532.29";"0.58";"1.14";"1.15";"70.27";"36.15";"24.76";"13.46";"17.61";"0.59"
"Strategy 4.6.542";"PASSED";"0.8";"NDXm_TICK_UTCPlus02";"M15";"4173.02";"";"1492";"1.13";"0.96";"0.07";"2.09";"0.9";"0.0";"846.57";"0.85";"4.93";"1.26";"51.65";"38.9";"27.21";"20.94";"23.82";"9.66";"0.64";"1382.53";"";"484";"1.12";"0.92";"0.06";"2.77";"0.78";"0.0";"740.03";"0.82";"1.87";"1.88";"60.18";"44.12";"31.48";"20.77";"25.6";"3.07"
"Strategy 4.6.545";"PASSED";"0.73";"NDXm_TICK_UTCPlus02";"M15";"3039.8";"";"1267";"1.12";"0.77";"0.07";"1.52";"0.76";"0.0";"958.22";"0.8";"3.17";"0.78";"51.38";"36.65";"32.21";"24.51";"27.92";"9.41";"0.7";"2245.9";"";"394";"1.23";"1.5";"0.13";"4.49";"0.58";"0.0";"835.15";"0.82";"2.69";"2.86";"66.94";"44.76";"32.4";"27.52";"29.73";"1.39"
"Strategy 4.6.557";"PASSED";"0.62";"NDXm_TICK_UTCPlus02";"M15";"2222.03";"";"1421";"1.08";"0.58";"0.04";"1.11";"0.72";"0.0";"1312.38";"0.86";"1.69";"0.44";"44.62";"35.36";"25.79";"21.3";"23.37";"8.74";"0.76";"2121.33";"";"431";"1.22";"1.5";"0.12";"4.24";"0.74";"0.0";"548.75";"0.92";"3.87";"4.04";"56.78";"42.56";"25.87";"19.36";"22.47";"0.67"
"Strategy 4.6.574";"PASSED";"0.81";"NDXm_TICK_UTCPlus02";"M15";"5771.01";"";"1775";"1.15";"1.15";"0.09";"2.89";"0.81";"0.0";"1110.54";"0.72";"5.2";"1.37";"58.06";"36.21";"28.02";"19.55";"23.1";"9.2";"0.66";"2274.56";"";"557";"1.17";"1.31";"0.1";"4.55";"0.7";"0.0";"1047.21";"0.72";"2.17";"2.31";"67.77";"41.72";"32.36";"21.45";"26.01";"2.9"
"Strategy 4.7.307";"PASSED";"0.77";"NDXm_TICK_UTCPlus02";"M15";"6587.23";"";"3264";"1.1";"1.09";"0.06";"3.29";"0.83";"0.0";"1638.18";"0.7";"4.02";"1.08";"51.95";"32.71";"20.77";"14.09";"16.83";"12.52";"0.72";"2958.21";"";"1002";"1.13";"1.3";"0.08";"5.92";"0.75";"0.0";"978.48";"0.7";"3.02";"3.1";"63.43";"39.28";"23.91";"16.38";"19.47";"4.03"
"Strategy 4.7.339";"PASSED";"0.66";"NDXm_TICK_UTCPlus02";"M15";"2824.71";"";"1257";"1.12";"0.77";"0.06";"1.41";"0.77";"0.0";"1327.04";"1.03";"2.13";"0.55";"42.34";"39.07";"29.9";"27.16";"28.55";"9.33";"0.7";"1424.77";"";"401";"1.16";"1.06";"0.08";"2.85";"0.49";"0.0";"531.3";"1.02";"2.68";"2.79";"52.22";"45.85";"29.45";"27.57";"28.52";"1.13"
"Strategy 4.7.341";"PASSED";"0.72";"NDXm_TICK_UTCPlus02";"M15";"4011.61";"";"1442";"1.14";"0.96";"0.07";"2.01";"0.82";"0.0";"1304.61";"0.82";"3.07";"0.81";"51.94";"37.34";"32.04";"25.02";"28.17";"10.55";"0.79";"3169.69";"";"461";"1.29";"1.94";"0.15";"6.34";"0.66";"0.0";"700.28";"0.86";"4.53";"4.88";"66.72";"44.52";"31.75";"26.49";"28.92";"1.55"
"Strategy 4.7.366";"PASSED";"0.83";"NDXm_TICK_UTCPlus02";"M15";"4697.22";"";"1655";"1.18";"1.26";"0.1";"2.35";"0.82";"0.0";"776.94";"0.81";"6.05";"1.59";"40.94";"27.9";"19.0";"13.39";"15.9";"3.66";"0.62";"1063.14";"";"526";"1.11";"0.8";"0.06";"2.13";"0.78";"0.0";"618.82";"0.72";"1.72";"1.78";"49.24";"31.93";"21.61";"17.07";"18.97";"0.76"
"Strategy 4.7.478";"PASSED";"0.77";"NDXm_TICK_UTCPlus02";"M15";"3499.31";"";"1687";"1.11";"0.85";"0.05";"1.75";"0.75";"0.0";"849.52";"1.18";"4.12";"1.08";"39.51";"41.98";"28.47";"28.45";"28.46";"6.18";"0.71";"1779.68";"";"515";"1.16";"1.2";"0.07";"3.56";"0.76";"0.0";"613.92";"1.2";"2.9";"3.04";"46.7";"48.47";"33.16";"34.88";"33.94";"2.52"
"Strategy 4.7.489";"PASSED";"0.7";"NDXm_TICK_UTCPlus02";"M15";"3383.58";"";"1451";"1.11";"0.83";"0.06";"1.69";"0.72";"0.0";"1237.51";"0.99";"2.73";"0.72";"46.13";"40.92";"35.12";"30.67";"32.88";"12.31";"0.73";"1915.73";"";"472";"1.17";"1.27";"0.09";"3.83";"0.55";"0.0";"593.92";"0.99";"3.23";"3.39";"55.31";"46.76";"32.94";"27.76";"30.34";"1.43"
"Strategy 4.7.495";"PASSED";"0.74";"NDXm_TICK_UTCPlus02";"M15";"2693.59";"";"1453";"1.12";"0.84";"0.05";"1.35";"0.77";"0.0";"802.95";"1.46";"3.35";"0.87";"28.61";"37.28";"19.4";"20.67";"19.91";"7.39";"0.75";"1905.94";"";"437";"1.25";"1.66";"0.1";"3.81";"0.61";"0.0";"513.55";"1.56";"3.71";"3.89";"35.69";"44.37";"21.35";"23.79";"22.3";"1.22"
"Strategy 4.7.499";"PASSED";"0.53";"NDXm_TICK_UTCPlus02";"M15";"1158.82";"";"382";"1.17";"0.52";"0.1";"0.58";"0.63";"0.0";"1196.91";"0.64";"0.97";"0.25";"54.73";"30.03";"25.13";"17.59";"20.53";"1.22";"0.64";"1024.14";"";"132";"1.37";"1.22";"0.22";"2.05";"0.78";"0.0";"349.7";"0.71";"2.93";"2.97";"68.63";"35.72";"19.29";"16.48";"17.65";"0.29"
"Strategy 4.7.507";"PASSED";"0.69";"NDXm_TICK_UTCPlus02";"M15";"1802.99";"";"830";"1.13";"0.69";"0.05";"0.9";"0.69";"0.0";"730.22";"1.39";"2.47";"0.64";"32.53";"40.09";"18.85";"20.37";"19.49";"2.1";"0.54";"564.07";"";"289";"1.1";"0.58";"0.04";"1.13";"0.72";"0.0";"547.74";"1.33";"1.03";"1.04";"38.5";"46.68";"18.52";"19.27";"18.84";"0.92"
"Strategy 4.8.321";"PASSED";"0.74";"NDXm_TICK_UTCPlus02";"M15";"2630.39";"";"1054";"1.12";"0.69";"0.08";"1.32";"0.81";"0.0";"773.33";"0.62";"3.4";"0.85";"59.52";"32.66";"22.37";"13.93";"17.15";"3.32";"0.6";"1186.91";"";"342";"1.15";"0.87";"0.09";"2.37";"0.68";"0.0";"791.44";"0.63";"1.5";"1.54";"70.5";"38.66";"24.99";"16.41";"19.72";"1.89"
"Strategy 4.8.326";"PASSED";"0.65";"NDXm_TICK_UTCPlus02";"M15";"2190.42";"";"1852";"1.08";"0.63";"0.04";"1.1";"0.69";"0.0";"1082.66";"1.13";"2.02";"0.52";"30.68";"32.19";"14.79";"13.63";"14.25";"6.09";"0.63";"1391.3";"";"505";"1.15";"1.2";"0.07";"2.78";"0.78";"0.0";"793.82";"1.18";"1.75";"1.77";"38.31";"39.08";"21.47";"20.19";"20.88";"1.6"
"Strategy 4.8.329";"PASSED";"0.66";"NDXm_TICK_UTCPlus02";"M15";"2187.69";"";"1198";"1.09";"0.58";"0.05";"1.09";"0.72";"0.0";"1042.89";"0.91";"2.1";"0.55";"47.49";"39.62";"34.96";"29.69";"32.2";"9.79";"0.62";"1333.57";"";"387";"1.14";"0.95";"0.07";"2.67";"0.43";"0.0";"770.23";"0.91";"1.73";"1.8";"58.14";"46.13";"33.96";"29.16";"31.44";"1.39"
"Strategy 4.8.342";"PASSED";"0.82";"NDXm_TICK_UTCPlus02";"M15";"5285.89";"";"1521";"1.16";"1.16";"0.09";"2.64";"0.91";"0.0";"912.94";"0.71";"5.79";"1.44";"61.03";"37.44";"36.58";"27.43";"31.23";"5.34";"0.59";"1243.96";"";"441";"1.1";"0.76";"0.06";"2.49";"0.79";"0.0";"860.91";"0.65";"1.44";"1.46";"76.15";"44.51";"43.98";"34.57";"38.26";"0.8"
"Strategy 4.8.362";"PASSED";"0.68";"NDXm_TICK_UTCPlus02";"M15";"2869.68";"";"1360";"1.11";"0.72";"0.06";"1.43";"0.87";"0.0";"1230.21";"0.87";"2.33";"0.61";"47.18";"37.13";"19.54";"15.62";"17.45";"5.34";"0.6";"866.89";"";"472";"1.08";"0.57";"0.04";"1.73";"0.76";"0.0";"593.97";"0.86";"1.46";"1.48";"53.82";"42.78";"21.98";"16.13";"18.83";"1.81"
"Strategy 4.8.368";"PASSED";"0.68";"NDXm_TICK_UTCPlus02";"M15";"3606.01";"";"1842";"1.12";"0.93";"0.07";"1.8";"0.81";"0.0";"1551.95";"0.72";"2.32";"0.62";"42.81";"27.39";"19.49";"14.28";"16.46";"4.45";"0.78";"2144.04";"";"572";"1.2";"1.5";"0.11";"4.29";"0.85";"0.0";"483.72";"0.78";"4.43";"4.56";"50.82";"32.8";"21.72";"17.73";"19.47";"1.01"
"Strategy 4.8.380";"PASSED";"0.76";"NDXm_TICK_UTCPlus02";"M15";"6367.97";"";"2843";"1.11";"1.07";"0.05";"3.18";"0.77";"0.0";"1640.88";"0.93";"3.88";"1.04";"48.62";"40.9";"28.69";"23.42";"25.96";"16.51";"0.74";"2491.9";"";"896";"1.11";"1.14";"0.06";"4.98";"0.85";"0.0";"747.05";"0.92";"3.34";"3.39";"56.71";"46.98";"30.98";"24.1";"27.4";"5.55"
"Strategy 4.8.410";"PASSED";"0.72";"NDXm_TICK_UTCPlus02";"M15";"3351.33";"";"2174";"1.1";"0.84";"0.05";"1.68";"0.75";"0.0";"1126.17";"1.1";"2.98";"0.79";"32.56";"32.72";"11.94";"11.69";"11.82";"1.22";"0.6";"1096.44";"";"669";"1.09";"0.81";"0.04";"2.19";"0.72";"0.0";"731.61";"1.08";"1.5";"1.54";"37.5";"37.01";"13.85";"12.94";"13.42";"0.17"
"Strategy 4.8.418";"PASSED";"0.84";"NDXm_TICK_UTCPlus02";"M15";"4900.28";"";"2986";"1.11";"1.12";"0.05";"2.45";"0.8";"0.0";"749.85";"1.11";"6.54";"1.71";"30.54";"30.48";"13.51";"11.85";"12.72";"6.89";"0.63";"1417.62";"";"907";"1.09";"0.92";"0.04";"2.84";"0.75";"0.0";"804.68";"1.06";"1.76";"1.79";"37.04";"36.09";"16.0";"14.05";"15.05";"2.31"
"Strategy 4.8.420";"PASSED";"0.52";"NDXm_TICK_UTCPlus02";"M15";"1731.51";"";"1583";"1.06";"0.45";"0.04";"0.87";"0.75";"0.0";"1955.88";"0.72";"0.89";"0.23";"42.91";"29.2";"21.86";"16.63";"18.83";"5.5";"0.71";"1603.78";"";"474";"1.17";"1.12";"0.09";"3.21";"0.81";"0.0";"557.24";"0.77";"2.88";"2.89";"54.73";"36.08";"25.92";"21.03";"23.15";"1.47"
"Strategy 4.8.424";"PASSED";"0.57";"NDXm_TICK_UTCPlus02";"M15";"1190.81";"";"795";"1.08";"0.36";"0.05";"0.6";"0.6";"0.0";"923.4";"0.62";"1.29";"0.33";"55.47";"31.92";"24.64";"15.94";"19.27";"2.39";"0.55";"861.61";"";"279";"1.14";"0.76";"0.09";"1.72";"0.59";"0.0";"794.04";"0.58";"1.09";"1.12";"67.76";"34.18";"22.29";"15.4";"17.92";"0.42"
"Strategy 4.8.434";"PASSED";"0.8";"NDXm_TICK_UTCPlus02";"M15";"2583.5";"";"879";"1.16";"0.79";"0.1";"1.29";"0.87";"0.0";"521.57";"0.65";"4.95";"1.27";"55.08";"30.75";"24.25";"16.98";"19.84";"2.82";"0.56";"615.35";"";"295";"1.09";"0.51";"0.06";"1.23";"0.78";"0.0";"526.35";"0.59";"1.17";"1.18";"64.64";"35.11";"31.2";"19.01";"23.55";"0.84"
"Strategy 4.8.438";"PASSED";"0.86";"NDXm_TICK_UTCPlus02";"M15";"5358.8";"";"2030";"1.17";"1.32";"0.09";"2.68";"0.83";"0.0";"646.88";"0.79";"8.28";"2.22";"41.72";"28.17";"18.45";"13.03";"15.42";"5.38";"0.66";"1218.25";"";"632";"1.1";"0.83";"0.06";"2.44";"0.72";"0.0";"566.93";"0.75";"2.15";"2.2";"49.89";"34.08";"21.56";"15.86";"18.3";"1.34"
"Strategy 4.8.443";"PASSED";"0.77";"NDXm_TICK_UTCPlus02";"M15";"4606.54";"";"2099";"1.1";"0.85";"0.06";"2.3";"0.8";"0.0";"1140.07";"0.7";"4.04";"1.06";"58.09";"36.76";"27.98";"19.18";"22.79";"10.76";"0.61";"1675.73";"";"645";"1.1";"0.91";"0.06";"3.35";"0.63";"0.0";"1062.61";"0.68";"1.58";"1.65";"68.51";"42.2";"33.2";"21.38";"26.16";"3.45"
"Strategy 4.8.462";"PASSED";"0.53";"NDXm_TICK_UTCPlus02";"M15";"2691.77";"";"2213";"1.08";"0.67";"0.05";"1.35";"0.71";"0.0";"2721.86";"0.67";"0.99";"0.26";"41.13";"25.33";"17.42";"11.72";"14.0";"3.7";"0.63";"1157.7";"";"666";"1.1";"0.8";"0.06";"2.32";"0.8";"0.0";"657.55";"0.65";"1.76";"1.8";"50.17";"29.67";"20.32";"15.86";"17.62";"0.8"
"Strategy 4.8.468";"PASSED";"0.74";"NDXm_TICK_UTCPlus02";"M15";"5105.62";"";"2082";"1.11";"0.95";"0.07";"2.55";"0.81";"0.0";"1550.57";"0.7";"3.29";"0.87";"58.09";"36.47";"28.09";"18.77";"22.6";"10.04";"0.6";"1423.21";"";"653";"1.09";"0.76";"0.05";"2.85";"0.74";"0.0";"930.37";"0.66";"1.53";"1.56";"69.0";"42.03";"32.7";"21.09";"25.72";"3.66"
"Strategy 4.8.472";"PASSED";"0.57";"NDXm_TICK_UTCPlus02";"M15";"2053.98";"";"1612";"1.08";"0.57";"0.05";"1.03";"0.75";"0.0";"1642.9";"0.67";"1.25";"0.33";"43.04";"26.73";"18.3";"13.72";"15.56";"6.93";"0.8";"2820.93";"";"492";"1.3";"1.92";"0.17";"5.64";"0.82";"0.0";"568.99";"0.74";"4.96";"5.27";"57.88";"32.77";"21.33";"16.13";"18.34";"0.84"
"Strategy 4.8.481";"PASSED";"0.74";"NDXm_TICK_UTCPlus02";"M15";"4223.42";"";"1555";"1.14";"1.02";"0.08";"2.11";"0.83";"0.0";"1280.52";"0.79";"3.3";"0.88";"51.46";"35.76";"19.44";"13.79";"16.29";"4.2";"0.56";"849.31";"";"507";"1.07";"0.54";"0.04";"1.7";"0.67";"0.0";"728.73";"0.73";"1.17";"1.19";"59.8";"40.77";"20.36";"13.7";"16.51";"1.51"
"Strategy 4.8.489";"PASSED";"0.71";"NDXm_TICK_UTCPlus02";"M15";"1997.73";"";"627";"1.18";"0.78";"0.08";"1.0";"0.75";"0.0";"706.08";"1.27";"2.83";"0.71";"38.02";"41.11";"27.1";"27.65";"27.34";"0.92";"0.53";"484.67";"";"165";"1.13";"0.56";"0.06";"0.97";"0.74";"0.0";"499.15";"1.17";"0.97";"0.98";"46.48";"48.05";"37.13";"35.22";"36.25";"0.34"
"Strategy 4.8.496";"PASSED";"0.66";"NDXm_TICK_UTCPlus02";"M15";"3033.49";"";"1491";"1.09";"0.65";"0.06";"1.52";"0.86";"0.0";"1428.11";"0.64";"2.12";"0.54";"62.24";"36.73";"28.55";"18.3";"22.31";"7.39";"0.64";"1461.33";"";"470";"1.12";"0.85";"0.07";"2.92";"0.86";"0.0";"751.5";"0.62";"1.94";"1.99";"75.43";"41.78";"35.39";"19.83";"25.79";"2.18"
"Strategy 4.8.514";"PASSED";"0.74";"NDXm_TICK_UTCPlus02";"M15";"3228.66";"";"1332";"1.13";"0.87";"0.07";"1.61";"0.69";"0.0";"963.12";"0.96";"3.35";"0.82";"42.52";"36.14";"20.05";"16.28";"18.13";"4.29";"0.66";"1410.27";"";"411";"1.16";"1.16";"0.08";"2.82";"0.82";"0.0";"670.24";"0.94";"2.1";"2.17";"51.24";"41.45";"24.81";"18.85";"21.74";"1.81"
"Strategy 4.8.517";"PASSED";"0.84";"NDXm_TICK_UTCPlus02";"M15";"6848.2";"";"2751";"1.12";"1.2";"0.06";"3.42";"0.83";"0.0";"980.48";"0.94";"6.98";"1.73";"47.96";"40.26";"26.66";"21.3";"23.9";"15.46";"0.7";"2400.98";"";"888";"1.11";"1.12";"0.06";"4.8";"0.76";"0.0";"894.61";"0.93";"2.68";"2.81";"56.24";"46.89";"28.79";"22.22";"25.38";"5.5"
"Strategy 4.8.518";"PASSED";"0.73";"NDXm_TICK_UTCPlus02";"M15";"2929.1";"";"850";"1.25";"1.2";"0.11";"1.46";"0.75";"0.0";"915.45";"1.36";"3.2";"0.84";"30.05";"32.76";"15.66";"15.86";"15.75";"2.73";"0.58";"706.3";"";"237";"1.17";"0.86";"0.08";"1.41";"0.68";"0.0";"516.49";"1.15";"1.37";"1.38";"38.45";"37.97";"21.97";"22.7";"22.31";"0.17"
"Strategy 4.8.521";"PASSED";"0.65";"NDXm_TICK_UTCPlus02";"M15";"1791.74";"";"1846";"1.08";"0.61";"0.04";"0.9";"0.77";"0.0";"884.33";"1.27";"2.03";"0.52";"22.9";"26.77";"9.34";"10.62";"9.91";"6.43";"0.81";"2390.68";"";"524";"1.34";"2.29";"0.13";"4.78";"0.79";"0.0";"434.49";"1.54";"5.5";"5.76";"29.58";"34.06";"12.75";"12.51";"12.65";"0.76"
"Strategy 4.8.524";"PASSED";"0.83";"NDXm_TICK_UTCPlus02";"M15";"4817.65";"";"1467";"1.16";"1.22";"0.08";"2.41";"0.87";"0.0";"762.46";"1.06";"6.32";"1.61";"45.98";"41.87";"34.56";"31.63";"33.14";"4.75";"0.71";"1537.3";"";"428";"1.15";"1.1";"0.07";"3.07";"0.81";"0.0";"553.69";"1.02";"2.78";"2.79";"54.76";"48.54";"43.65";"39.03";"41.36";"0.88"
"Strategy 4.8.543";"PASSED";"0.69";"NDXm_TICK_UTCPlus02";"M15";"3317.01";"";"1383";"1.12";"0.88";"0.06";"1.66";"0.78";"0.0";"1324.92";"1.05";"2.5";"0.66";"42.4";"39.55";"29.96";"26.86";"28.45";"9.66";"0.77";"1877.38";"";"441";"1.19";"1.32";"0.09";"3.75";"0.59";"0.0";"456.7";"1.05";"4.11";"4.21";"51.77";"45.69";"28.85";"28.0";"28.44";"1.13"
"Strategy 4.8.572";"PASSED";"0.83";"NDXm_TICK_UTCPlus02";"M15";"3681.02";"";"832";"1.2";"1.05";"0.12";"1.84";"0.89";"0.0";"579.27";"0.72";"6.35";"1.61";"62.43";"37.07";"34.98";"24.62";"28.94";"1.51";"0.63";"894.39";"";"224";"1.15";"0.75";"0.09";"1.79";"0.74";"0.0";"492.0";"0.68";"1.82";"1.85";"75.37";"44.84";"38.74";"32.48";"35.02";"0.25"
"Strategy 4.8.573";"PASSED";"0.68";"NDXm_TICK_UTCPlus02";"M15";"3587.75";"";"1359";"1.12";"0.88";"0.06";"1.79";"0.73";"0.0";"1482.84";"0.91";"2.42";"0.64";"50.02";"40.67";"38.21";"31.74";"34.83";"12.39";"0.73";"1926.5";"";"442";"1.18";"1.25";"0.09";"3.85";"0.47";"0.0";"597.33";"0.91";"3.23";"3.38";"61.22";"47.11";"35.85";"31.58";"33.61";"1.6"
"Strategy 4.9.307";"PASSED";"0.83";"NDXm_TICK_UTCPlus02";"M15";"4772.5";"";"2941";"1.11";"1.09";"0.05";"2.39";"0.76";"0.0";"754.54";"1.17";"6.33";"1.65";"29.96";"31.59";"14.0";"12.48";"13.3";"7.1";"0.6";"1379.33";"";"895";"1.09";"0.9";"0.04";"2.76";"0.73";"0.0";"926.27";"1.12";"1.49";"1.5";"36.3";"37.24";"16.61";"14.62";"15.67";"2.61"
"Strategy 4.9.338";"PASSED";"0.64";"NDXm_TICK_UTCPlus02";"M15";"4251.11";"";"2322";"1.1";"0.96";"0.04";"2.13";"0.75";"0.0";"2191.07";"1.41";"1.94";"0.51";"33.53";"42.98";"14.57";"14.36";"14.48";"9.33";"0.58";"1570.15";"";"852";"1.09";"0.92";"0.04";"3.14";"0.84";"0.0";"1154.42";"1.33";"1.36";"1.42";"39.21";"48.02";"14.24";"12.85";"13.65";"3.19"
"Strategy 4.9.350";"PASSED";"0.61";"NDXm_TICK_UTCPlus02";"M15";"2027.22";"";"1277";"1.09";"0.61";"0.04";"1.01";"0.73";"0.0";"1279.43";"1.09";"1.58";"0.41";"36.14";"35.96";"22.49";"21.05";"21.8";"7.39";"0.81";"2680.79";"";"397";"1.35";"2.15";"0.15";"5.36";"0.73";"0.0";"482.72";"1.27";"5.55";"5.89";"46.48";"43.64";"24.65";"22.82";"23.85";"0.63"
"Strategy 4.9.359";"PASSED";"0.67";"NDXm_TICK_UTCPlus02";"M15";"1585.78";"";"554";"1.17";"0.68";"0.1";"0.79";"0.85";"0.0";"700.5";"0.64";"2.26";"0.58";"50.2";"27.39";"13.81";"9.55";"11.21";"0.42";"0.59";"746.91";"";"193";"1.21";"0.9";"0.13";"1.49";"0.75";"0.0";"531.6";"0.69";"1.41";"1.43";"53.65";"30.63";"14.46";"9.98";"11.81";"0.0"
"Strategy 4.9.377";"PASSED";"0.68";"NDXm_TICK_UTCPlus02";"M15";"2235.74";"";"897";"1.12";"0.67";"0.06";"1.12";"0.84";"0.0";"944.33";"0.98";"2.37";"0.61";"47.16";"41.48";"36.0";"33.01";"34.49";"4.79";"0.72";"1623.87";"";"249";"1.28";"1.45";"0.14";"3.25";"0.79";"0.0";"528.55";"1.04";"3.07";"3.19";"59.15";"48.27";"47.1";"41.26";"44.24";"0.67"
"Strategy 4.9.379";"PASSED";"0.71";"NDXm_TICK_UTCPlus02";"M15";"1957.65";"";"545";"1.23";"0.87";"0.13";"0.98";"0.79";"0.0";"683.45";"0.76";"2.86";"0.74";"44.39";"27.33";"19.6";"13.64";"16.21";"0.8";"0.71";"1116.47";"";"171";"1.39";"1.46";"0.21";"2.23";"0.79";"0.0";"387.97";"0.9";"2.88";"2.93";"48.95";"31.65";"24.01";"17.78";"20.73";"0.08"
"Strategy 4.9.392";"PASSED";"0.6";"NDXm_TICK_UTCPlus02";"M15";"2875.16";"";"1632";"1.1";"0.8";"0.05";"1.44";"0.68";"0.0";"1886.5";"1.24";"1.52";"0.41";"33.87";"37.92";"22.75";"22.57";"22.67";"9.66";"0.74";"1853.5";"";"508";"1.19";"1.38";"0.08";"3.71";"0.61";"0.0";"563.19";"1.22";"3.29";"3.47";"42.54";"43.73";"25.05";"23.2";"24.21";"1.13"
"Strategy 4.9.396";"PASSED";"0.77";"NDXm_TICK_UTCPlus02";"M15";"2514.16";"";"624";"1.22";"0.98";"0.11";"1.26";"0.69";"0.0";"605.13";"1.07";"4.15";"1.03";"42.84";"37.35";"25.67";"23.51";"24.63";"0.8";"0.6";"744.6";"";"163";"1.21";"0.87";"0.1";"1.49";"0.74";"0.0";"501.8";"1.01";"1.48";"1.51";"53.03";"44.49";"35.5";"32.14";"33.83";"0.29"
"Strategy 4.9.400";"PASSED";"0.55";"NDXm_TICK_UTCPlus02";"M15";"1675.76";"";"1568";"1.07";"0.46";"0.04";"0.84";"0.77";"0.0";"1489.02";"0.66";"1.13";"0.29";"43.02";"26.66";"18.5";"13.94";"15.76";"6.93";"0.82";"3111.1";"";"488";"1.34";"2.14";"0.2";"6.22";"0.8";"0.0";"553.73";"0.76";"5.62";"6.04";"57.56";"32.61";"21.56";"15.93";"18.36";"0.97"
"Strategy 4.9.416";"PASSED";"0.73";"NDXm_TICK_UTCPlus02";"M15";"3861.85";"";"1520";"1.14";"1.04";"0.06";"1.93";"0.73";"0.0";"1193.25";"1.24";"3.24";"0.86";"37.1";"40.16";"27.17";"26.88";"27.04";"10.59";"0.7";"1509.13";"";"484";"1.15";"1.09";"0.07";"3.02";"0.49";"0.0";"562.87";"1.18";"2.68";"2.8";"45.23";"46.58";"27.5";"27.37";"27.44";"1.3"
"Strategy 4.9.430";"PASSED";"0.57";"NDXm_TICK_UTCPlus02";"M15";"2416.58";"";"1508";"1.09";"0.7";"0.05";"1.21";"0.7";"0.0";"1975.97";"1.04";"1.22";"0.33";"36.57";"34.78";"21.8";"19.58";"20.71";"8.66";"0.78";"2003.99";"";"467";"1.22";"1.5";"0.1";"4.01";"0.72";"0.0";"469.27";"1.08";"4.27";"4.46";"46.68";"41.3";"23.64";"21.3";"22.51";"1.05"
"Strategy 4.9.499";"PASSED";"0.66";"NDXm_TICK_UTCPlus02";"M15";"2100.53";"";"1912";"1.09";"0.69";"0.04";"1.05";"0.75";"0.0";"984.22";"1.26";"2.13";"0.55";"23.5";"27.07";"9.17";"10.33";"9.69";"6.43";"0.85";"2779.81";"";"571";"1.37";"2.56";"0.14";"5.56";"0.83";"0.0";"384.86";"1.56";"7.22";"7.62";"29.57";"33.68";"12.06";"12.06";"12.06";"0.76"
"Strategy 4.9.512";"PASSED";"0.84";"NDXm_TICK_UTCPlus02";"M15";"3650.27";"";"715";"1.23";"1.11";"0.13";"1.83";"0.87";"0.0";"542.0";"0.74";"6.73";"1.7";"63.41";"38.02";"34.61";"24.09";"28.56";"1.26";"0.54";"606.13";"";"189";"1.12";"0.54";"0.07";"1.21";"0.63";"0.0";"573.5";"0.66";"1.06";"1.06";"76.2";"44.81";"37.08";"31.46";"33.69";"0.25"
"Strategy 4.9.521";"PASSED";"0.72";"NDXm_TICK_UTCPlus02";"M15";"1645.73";"";"538";"1.21";"0.8";"0.09";"0.82";"0.74";"0.0";"545.42";"1.28";"3.02";"0.77";"31.26";"33.02";"14.64";"13.87";"14.3";"1.85";"0.66";"662.61";"";"177";"1.21";"0.96";"0.1";"1.33";"0.69";"0.0";"310.25";"1.21";"2.14";"2.18";"38.64";"38.56";"21.68";"19.73";"20.8";"0.08"
"Strategy 4.9.531";"PASSED";"0.77";"NDXm_TICK_UTCPlus02";"M15";"3067.41";"";"2240";"1.09";"0.8";"0.04";"1.53";"0.76";"0.0";"745.57";"1.36";"4.11";"1.01";"28.31";"35.35";"15.71";"16.27";"15.94";"4.41";"0.61";"1312.52";"";"671";"1.11";"1.01";"0.05";"2.62";"0.69";"0.0";"831.73";"1.33";"1.58";"1.59";"34.42";"41.22";"20.07";"19.88";"19.99";"2.23"
"Strategy 4.9.534";"PASSED";"0.84";"NDXm_TICK_UTCPlus02";"M15";"4728.42";"";"1970";"1.15";"1.23";"0.09";"2.36";"0.84";"0.0";"700.13";"0.8";"6.75";"1.77";"40.65";"28.04";"18.45";"13.29";"15.58";"5.29";"0.52";"721.37";"";"584";"1.06";"0.49";"0.04";"1.44";"0.6";"0.0";"789.13";"0.73";"0.91";"0.94";"49.74";"34.32";"22.47";"17.04";"19.34";"1.43"
"Strategy 4.9.568";"PASSED";"0.73";"NDXm_TICK_UTCPlus02";"M15";"1524.53";"";"552";"1.17";"0.69";"0.07";"0.76";"0.79";"0.0";"470.89";"1.41";"3.24";"0.82";"33.06";"39.98";"22.03";"22.9";"22.39";"2.82";"0.59";"469.73";"";"156";"1.15";"0.61";"0.06";"0.94";"0.51";"0.0";"329.25";"1.33";"1.43";"1.45";"40.92";"47.34";"30.01";"30.33";"30.15";"0.21"
