"Strategy Name";"Filters result";"Fitness (IS)";"Symbol (IS)";"TimeFrame (IS)";"Net profit (IS)";"Mini equity chart (IS)";"# of trades (IS)";"Profit factor (IS)";"Sharpe Ratio (IS)";"R Expectancy (IS)";"Annual % Return (IS)";"Stability (IS)";"Symmetry (IS)";"Drawdown (IS)";"Win/Loss ratio (IS)";"Ret/DD Ratio (IS)";"CAGR/Max DD % (IS)";"Avg. Win (IS)";"Avg. Loss (IS)";"Avg. Bars Win (IS)";"Avg. Bars Loss (IS)";"Avg. Bars in Trade (IS)";"Exposure (IS)";"Fitness (OOS)";"Net profit (OOS)";"Mini equity chart (OOS)";"# of trades (OOS)";"Profit factor (OOS)";"Sharpe Ratio (OOS)";"R Expectancy (OOS)";"Annual % Return (OOS)";"Stability (OOS)";"Symmetry (OOS)";"Drawdown (OOS)";"Win/Loss ratio (OOS)";"Ret/DD Ratio (OOS)";"CAGR/Max DD % (OOS)";"Avg. Win (OOS)";"Avg. Loss (OOS)";"Avg. Bars Win (OOS)";"Avg. Bars Loss (OOS)";"Avg. Bars in Trade (OOS)";"Exposure (OOS)"
"Strategy 1.1.348";"PASSED";"0.87";"NDXm_TICK_UTCPlus02";"M15";"13871.13";"";"3240";"1.15";"1.43";"0.08";"46.24";"0.89";"0.0";"1635.24";"0.76";"8.48";"1.02";"76.83";"51.2";"24.81";"17.71";"20.79";"16.18";"0.0";"0.0";"";"0";"0.0";"0.0";"0.0";"0.0";"0.0";"0.0";"0.0";"0.0";"0.0";"0.0";"0.0";"0.0";"0.0";"0.0";"0.0";"0.0"
"Strategy 1.1.364";"PASSED";"0.76";"NDXm_TICK_UTCPlus02";"M15";"5252.39";"";"1232";"1.18";"1.11";"0.08";"17.51";"0.8";"0.0";"1369.52";"1.22";"3.84";"0.84";"49.89";"51.39";"16.0";"15.3";"15.68";"5.04";"0.0";"0.0";"";"0";"0.0";"0.0";"0.0";"0.0";"0.0";"0.0";"0.0";"0.0";"0.0";"0.0";"0.0";"0.0";"0.0";"0.0";"0.0";"0.0"
"Strategy 1.1.368";"PASSED";"0.75";"NDXm_TICK_UTCPlus02";"M15";"4706.23";"";"1683";"1.11";"0.81";"0.05";"15.69";"0.86";"0.0";"1300.2";"1.09";"3.62";"0.62";"52.58";"51.63";"15.27";"14.01";"14.67";"7.98";"0.0";"0.0";"";"0";"0.0";"0.0";"0.0";"0.0";"0.0";"0.0";"0.0";"0.0";"0.0";"0.0";"0.0";"0.0";"0.0";"0.0";"0.0";"0.0"
"Strategy 1.1.398";"PASSED";"0.78";"NDXm_TICK_UTCPlus02";"M15";"5473.44";"";"1150";"1.23";"1.28";"0.09";"18.25";"0.84";"0.0";"1289.55";"1.43";"4.24";"1.05";"43.69";"50.77";"14.08";"13.6";"13.88";"2.48";"0.0";"0.0";"";"0";"0.0";"0.0";"0.0";"0.0";"0.0";"0.0";"0.0";"0.0";"0.0";"0.0";"0.0";"0.0";"0.0";"0.0";"0.0";"0.0"
"Strategy 1.1.407";"PASSED";"0.77";"NDXm_TICK_UTCPlus02";"M15";"5457.39";"";"1499";"1.12";"0.78";"0.07";"18.19";"0.87";"0.0";"1315.66";"0.65";"4.15";"0.59";"88.29";"51.0";"27.92";"17.9";"21.83";"7.02";"0.0";"0.0";"";"0";"0.0";"0.0";"0.0";"0.0";"0.0";"0.0";"0.0";"0.0";"0.0";"0.0";"0.0";"0.0";"0.0";"0.0";"0.0";"0.0"
"Strategy 1.1.484";"PASSED";"0.83";"NDXm_TICK_UTCPlus02";"M15";"13813.09";"";"3573";"1.13";"1.31";"0.08";"46.04";"0.88";"0.0";"2156.62";"0.67";"6.4";"0.93";"85.98";"51.44";"23.34";"15.89";"18.89";"14.24";"0.0";"0.0";"";"0";"0.0";"0.0";"0.0";"0.0";"0.0";"0.0";"0.0";"0.0";"0.0";"0.0";"0.0";"0.0";"0.0";"0.0";"0.0";"0.0"
"Strategy 1.1.490";"PASSED";"0.84";"NDXm_TICK_UTCPlus02";"M15";"4790.11";"";"640";"1.27";"1.12";"0.15";"15.97";"0.79";"0.0";"719.68";"0.81";"6.66";"0.93";"79.52";"50.71";"22.84";"14.28";"18.11";"1.51";"0.0";"0.0";"";"0";"0.0";"0.0";"0.0";"0.0";"0.0";"0.0";"0.0";"0.0";"0.0";"0.0";"0.0";"0.0";"0.0";"0.0";"0.0";"0.0"
"Strategy 1.2.341";"PASSED";"0.76";"NDXm_TICK_UTCPlus02";"M15";"5353.25";"";"1443";"1.12";"0.78";"0.07";"17.84";"0.86";"0.0";"1372.37";"0.65";"3.9";"0.56";"88.06";"51.04";"28.14";"18.11";"22.06";"7.02";"0.0";"0.0";"";"0";"0.0";"0.0";"0.0";"0.0";"0.0";"0.0";"0.0";"0.0";"0.0";"0.0";"0.0";"0.0";"0.0";"0.0";"0.0";"0.0"
"Strategy 1.2.353";"PASSED";"0.83";"NDXm_TICK_UTCPlus02";"M15";"7015.4";"";"1169";"1.23";"1.33";"0.12";"23.39";"0.89";"0.0";"1142.79";"0.95";"6.14";"1.25";"65.66";"50.97";"11.44";"8.96";"10.17";"1.93";"0.0";"0.0";"";"0";"0.0";"0.0";"0.0";"0.0";"0.0";"0.0";"0.0";"0.0";"0.0";"0.0";"0.0";"0.0";"0.0";"0.0";"0.0";"0.0"
"Strategy 1.2.465";"PASSED";"0.9";"NDXm_TICK_UTCPlus02";"M15";"6342.61";"";"922";"1.35";"1.69";"0.13";"21.14";"0.89";"0.0";"511.83";"1.63";"12.39";"1.75";"42.71";"51.41";"19.71";"21.94";"20.56";"3.4";"0.0";"0.0";"";"0";"0.0";"0.0";"0.0";"0.0";"0.0";"0.0";"0.0";"0.0";"0.0";"0.0";"0.0";"0.0";"0.0";"0.0";"0.0";"0.0"
"Strategy 1.2.478";"PASSED";"0.76";"NDXm_TICK_UTCPlus02";"M15";"5202.56";"";"1235";"1.18";"1.1";"0.08";"17.34";"0.8";"0.0";"1369.52";"1.22";"3.8";"0.83";"49.89";"51.39";"16.04";"15.27";"15.69";"5.04";"0.0";"0.0";"";"0";"0.0";"0.0";"0.0";"0.0";"0.0";"0.0";"0.0";"0.0";"0.0";"0.0";"0.0";"0.0";"0.0";"0.0";"0.0";"0.0"
"Strategy 1.2.567";"PASSED";"0.85";"NDXm_TICK_UTCPlus02";"M15";"11553.39";"";"3064";"1.13";"1.28";"0.07";"38.51";"0.86";"0.0";"1595.78";"0.8";"7.24";"0.88";"72.91";"51.27";"25.54";"19.2";"22.01";"16.64";"0.0";"0.0";"";"0";"0.0";"0.0";"0.0";"0.0";"0.0";"0.0";"0.0";"0.0";"0.0";"0.0";"0.0";"0.0";"0.0";"0.0";"0.0";"0.0"
"Strategy 1.3.317";"PASSED";"0.8";"NDXm_TICK_UTCPlus02";"M15";"9004.05";"";"2647";"1.14";"1.26";"0.07";"30.01";"0.88";"0.0";"1778.07";"1.09";"5.06";"0.89";"53.58";"51.26";"22.76";"21.49";"22.15";"12.35";"0.0";"0.0";"";"0";"0.0";"0.0";"0.0";"0.0";"0.0";"0.0";"0.0";"0.0";"0.0";"0.0";"0.0";"0.0";"0.0";"0.0";"0.0";"0.0"
"Strategy 1.3.351";"PASSED";"0.8";"NDXm_TICK_UTCPlus02";"M15";"6350.56";"";"1334";"1.17";"1.12";"0.09";"21.17";"0.75";"0.0";"1311.95";"0.79";"4.84";"0.91";"74.57";"50.1";"14.7";"10.34";"12.26";"0.21";"0.0";"0.0";"";"0";"0.0";"0.0";"0.0";"0.0";"0.0";"0.0";"0.0";"0.0";"0.0";"0.0";"0.0";"0.0";"0.0";"0.0";"0.0";"0.0"
"Strategy 1.3.359";"PASSED";"0.89";"NDXm_TICK_UTCPlus02";"M15";"8630.65";"";"888";"1.31";"1.45";"0.19";"28.77";"0.86";"0.0";"768.94";"0.66";"11.22";"1.45";"102.66";"51.32";"24.11";"16.94";"19.78";"3.24";"0.0";"0.0";"";"0";"0.0";"0.0";"0.0";"0.0";"0.0";"0.0";"0.0";"0.0";"0.0";"0.0";"0.0";"0.0";"0.0";"0.0";"0.0";"0.0"
"Strategy 1.3.368";"PASSED";"0.8";"NDXm_TICK_UTCPlus02";"M15";"7572.89";"";"2407";"1.11";"0.95";"0.06";"25.24";"0.86";"0.0";"1485.18";"0.81";"5.1";"0.66";"71.16";"51.83";"37.37";"26.1";"31.14";"23.57";"0.0";"0.0";"";"0";"0.0";"0.0";"0.0";"0.0";"0.0";"0.0";"0.0";"0.0";"0.0";"0.0";"0.0";"0.0";"0.0";"0.0";"0.0";"0.0"
"Strategy 1.3.386";"PASSED";"0.73";"NDXm_TICK_UTCPlus02";"M15";"2764.82";"";"906";"1.15";"0.82";"0.06";"9.22";"0.79";"0.0";"847.8";"1.58";"3.26";"0.59";"37.28";"51.06";"17.53";"20.37";"18.63";"3.49";"0.0";"0.0";"";"0";"0.0";"0.0";"0.0";"0.0";"0.0";"0.0";"0.0";"0.0";"0.0";"0.0";"0.0";"0.0";"0.0";"0.0";"0.0";"0.0"
"Strategy 1.3.390";"PASSED";"0.84";"NDXm_TICK_UTCPlus02";"M15";"7504.8";"";"2027";"1.15";"1.18";"0.07";"25.02";"0.85";"0.0";"1137.99";"1.0";"6.59";"0.73";"58.27";"50.6";"11.66";"9.83";"10.75";"2.73";"0.0";"0.0";"";"0";"0.0";"0.0";"0.0";"0.0";"0.0";"0.0";"0.0";"0.0";"0.0";"0.0";"0.0";"0.0";"0.0";"0.0";"0.0";"0.0"
"Strategy 1.3.463";"PASSED";"0.86";"NDXm_TICK_UTCPlus02";"M15";"11134.84";"";"2435";"1.15";"1.2";"0.09";"37.12";"0.8";"0.0";"1450.3";"0.66";"7.68";"1.07";"88.91";"51.46";"18.98";"12.58";"15.13";"7.27";"0.0";"0.0";"";"0";"0.0";"0.0";"0.0";"0.0";"0.0";"0.0";"0.0";"0.0";"0.0";"0.0";"0.0";"0.0";"0.0";"0.0";"0.0";"0.0"
"Strategy 1.3.524";"PASSED";"0.72";"NDXm_TICK_UTCPlus02";"M15";"7981.56";"";"1876";"1.13";"1.0";"0.08";"26.61";"0.79";"0.0";"2585.32";"0.62";"3.09";"0.89";"93.12";"51.22";"28.37";"17.54";"21.71";"8.57";"0.0";"0.0";"";"0";"0.0";"0.0";"0.0";"0.0";"0.0";"0.0";"0.0";"0.0";"0.0";"0.0";"0.0";"0.0";"0.0";"0.0";"0.0";"0.0"
"Strategy 1.3.528";"PASSED";"0.79";"NDXm_TICK_UTCPlus02";"M15";"7077.94";"";"2647";"1.1";"0.97";"0.05";"23.59";"0.84";"0.0";"1543.47";"0.95";"4.59";"0.6";"58.58";"50.63";"11.91";"10.16";"11.01";"2.9";"0.0";"0.0";"";"0";"0.0";"0.0";"0.0";"0.0";"0.0";"0.0";"0.0";"0.0";"0.0";"0.0";"0.0";"0.0";"0.0";"0.0";"0.0";"0.0"
"Strategy 1.3.533";"PASSED";"0.83";"NDXm_TICK_UTCPlus02";"M15";"8897.43";"";"3437";"1.1";"1.09";"0.05";"29.66";"0.87";"0.0";"1478.45";"1.04";"6.02";"0.74";"54.08";"51.2";"24.68";"20.87";"22.82";"18.03";"0.0";"0.0";"";"0";"0.0";"0.0";"0.0";"0.0";"0.0";"0.0";"0.0";"0.0";"0.0";"0.0";"0.0";"0.0";"0.0";"0.0";"0.0";"0.0"
"Strategy 1.3.558";"PASSED";"0.84";"NDXm_TICK_UTCPlus02";"M15";"9575.11";"";"1627";"1.19";"1.31";"0.11";"31.92";"0.86";"0.0";"1409.93";"0.69";"6.79";"1.08";"88.77";"51.56";"20.44";"14.29";"16.81";"5.76";"0.0";"0.0";"";"0";"0.0";"0.0";"0.0";"0.0";"0.0";"0.0";"0.0";"0.0";"0.0";"0.0";"0.0";"0.0";"0.0";"0.0";"0.0";"0.0"
"Strategy 1.4.308";"PASSED";"0.83";"NDXm_TICK_UTCPlus02";"M15";"4446.23";"";"523";"1.28";"1.0";"0.17";"14.82";"0.82";"0.0";"734.22";"0.64";"6.06";"0.82";"100.35";"50.71";"26.75";"16.33";"20.41";"2.39";"0.0";"0.0";"";"0";"0.0";"0.0";"0.0";"0.0";"0.0";"0.0";"0.0";"0.0";"0.0";"0.0";"0.0";"0.0";"0.0";"0.0";"0.0";"0.0"
"Strategy 1.4.420";"PASSED";"0.84";"NDXm_TICK_UTCPlus02";"M15";"10094.32";"";"1636";"1.2";"1.38";"0.12";"33.65";"0.87";"0.0";"1458.82";"0.7";"6.92";"1.22";"88.77";"51.55";"20.36";"14.33";"16.81";"5.76";"0.0";"0.0";"";"0";"0.0";"0.0";"0.0";"0.0";"0.0";"0.0";"0.0";"0.0";"0.0";"0.0";"0.0";"0.0";"0.0";"0.0";"0.0";"0.0"
"Strategy 1.4.480";"PASSED";"0.87";"NDXm_TICK_UTCPlus02";"M15";"10768.24";"";"1459";"1.26";"1.57";"0.14";"35.89";"0.89";"0.0";"1187.46";"0.78";"9.07";"1.11";"82.99";"51.38";"21.75";"17.11";"19.14";"6.43";"0.0";"0.0";"";"0";"0.0";"0.0";"0.0";"0.0";"0.0";"0.0";"0.0";"0.0";"0.0";"0.0";"0.0";"0.0";"0.0";"0.0";"0.0";"0.0"
"Strategy 1.4.536";"PASSED";"0.85";"NDXm_TICK_UTCPlus02";"M15";"9974.32";"";"3421";"1.12";"1.23";"0.06";"33.25";"0.88";"0.0";"1315.77";"1.1";"7.58";"0.88";"51.84";"51.03";"18.72";"16.56";"17.69";"12.52";"0.0";"0.0";"";"0";"0.0";"0.0";"0.0";"0.0";"0.0";"0.0";"0.0";"0.0";"0.0";"0.0";"0.0";"0.0";"0.0";"0.0";"0.0";"0.0"
"Strategy 1.4.542";"PASSED";"0.8";"NDXm_TICK_UTCPlus02";"M15";"11607.09";"";"2760";"1.13";"1.17";"0.08";"38.69";"0.85";"0.0";"2256.85";"0.65";"5.14";"0.88";"89.83";"51.68";"30.04";"20.68";"24.38";"15.34";"0.0";"0.0";"";"0";"0.0";"0.0";"0.0";"0.0";"0.0";"0.0";"0.0";"0.0";"0.0";"0.0";"0.0";"0.0";"0.0";"0.0";"0.0";"0.0"
"Strategy 1.5.300";"PASSED";"0.85";"NDXm_TICK_UTCPlus02";"M15";"9050.46";"";"3104";"1.11";"1.05";"0.06";"30.17";"0.9";"0.0";"1235.85";"0.86";"7.32";"0.84";"66.08";"51.11";"16.37";"11.96";"13.99";"9.03";"0.0";"0.0";"";"0";"0.0";"0.0";"0.0";"0.0";"0.0";"0.0";"0.0";"0.0";"0.0";"0.0";"0.0";"0.0";"0.0";"0.0";"0.0";"0.0"
"Strategy 1.5.400";"PASSED";"0.85";"NDXm_TICK_UTCPlus02";"M15";"10670.44";"";"1486";"1.25";"1.55";"0.14";"35.57";"0.9";"0.0";"1398.81";"0.77";"7.63";"0.93";"82.92";"51.39";"21.77";"17.05";"19.11";"6.55";"0.0";"0.0";"";"0";"0.0";"0.0";"0.0";"0.0";"0.0";"0.0";"0.0";"0.0";"0.0";"0.0";"0.0";"0.0";"0.0";"0.0";"0.0";"0.0"
"Strategy 1.5.410";"PASSED";"0.83";"NDXm_TICK_UTCPlus02";"M15";"12678.88";"";"4843";"1.1";"1.25";"0.05";"42.26";"0.76";"0.0";"2111.6";"0.96";"6.0";"0.89";"58.58";"50.88";"16.71";"13.63";"15.14";"15.04";"0.0";"0.0";"";"0";"0.0";"0.0";"0.0";"0.0";"0.0";"0.0";"0.0";"0.0";"0.0";"0.0";"0.0";"0.0";"0.0";"0.0";"0.0";"0.0"
"Strategy 1.5.423";"PASSED";"0.73";"NDXm_TICK_UTCPlus02";"M15";"4018.43";"";"1113";"1.15";"0.87";"0.07";"13.4";"0.82";"0.0";"1224.81";"1.11";"3.28";"0.65";"53.18";"51.31";"16.15";"16.73";"16.43";"2.9";"0.0";"0.0";"";"0";"0.0";"0.0";"0.0";"0.0";"0.0";"0.0";"0.0";"0.0";"0.0";"0.0";"0.0";"0.0";"0.0";"0.0";"0.0";"0.0"
"Strategy 1.5.463";"PASSED";"0.87";"NDXm_TICK_UTCPlus02";"M15";"10525.66";"";"1654";"1.21";"1.41";"0.12";"35.09";"0.81";"0.0";"1189.47";"0.7";"8.85";"1.17";"88.74";"51.44";"21.06";"14.09";"16.97";"5.67";"0.0";"0.0";"";"0";"0.0";"0.0";"0.0";"0.0";"0.0";"0.0";"0.0";"0.0";"0.0";"0.0";"0.0";"0.0";"0.0";"0.0";"0.0";"0.0"
"Strategy 1.5.486";"PASSED";"0.84";"NDXm_TICK_UTCPlus02";"M15";"9710.75";"";"3794";"1.12";"1.24";"0.05";"32.37";"0.87";"0.0";"1412.93";"1.33";"6.87";"1.09";"42.76";"50.92";"14.73";"14.85";"14.78";"11.55";"0.0";"0.0";"";"0";"0.0";"0.0";"0.0";"0.0";"0.0";"0.0";"0.0";"0.0";"0.0";"0.0";"0.0";"0.0";"0.0";"0.0";"0.0";"0.0"
"Strategy 1.5.507";"PASSED";"0.87";"NDXm_TICK_UTCPlus02";"M15";"12424.43";"";"4263";"1.11";"1.29";"0.06";"41.41";"0.86";"0.0";"1388.74";"0.96";"8.95";"1.01";"59.09";"50.91";"16.44";"13.08";"14.72";"12.56";"0.0";"0.0";"";"0";"0.0";"0.0";"0.0";"0.0";"0.0";"0.0";"0.0";"0.0";"0.0";"0.0";"0.0";"0.0";"0.0";"0.0";"0.0";"0.0"
"Strategy 1.5.508";"PASSED";"0.81";"NDXm_TICK_UTCPlus02";"M15";"6612.21";"";"1651";"1.13";"0.95";"0.08";"22.04";"0.83";"0.0";"1227.11";"0.64";"5.39";"0.69";"88.75";"50.06";"10.92";"7.09";"8.58";"0.25";"0.0";"0.0";"";"0";"0.0";"0.0";"0.0";"0.0";"0.0";"0.0";"0.0";"0.0";"0.0";"0.0";"0.0";"0.0";"0.0";"0.0";"0.0";"0.0"
"Strategy 1.5.513";"PASSED";"0.84";"NDXm_TICK_UTCPlus02";"M15";"5800.57";"";"1280";"1.17";"1.06";"0.09";"19.34";"0.85";"0.0";"884.93";"0.9";"6.55";"0.87";"66.14";"51.21";"31.65";"26.26";"28.82";"8.15";"0.0";"0.0";"";"0";"0.0";"0.0";"0.0";"0.0";"0.0";"0.0";"0.0";"0.0";"0.0";"0.0";"0.0";"0.0";"0.0";"0.0";"0.0";"0.0"
"Strategy 1.5.515";"PASSED";"0.84";"NDXm_TICK_UTCPlus02";"M15";"11251.52";"";"3750";"1.11";"1.16";"0.06";"37.51";"0.85";"0.0";"1698.88";"0.86";"6.62";"0.83";"66.48";"51.31";"20.78";"15.58";"17.98";"14.33";"0.0";"0.0";"";"0";"0.0";"0.0";"0.0";"0.0";"0.0";"0.0";"0.0";"0.0";"0.0";"0.0";"0.0";"0.0";"0.0";"0.0";"0.0";"0.0"
"Strategy 1.6.308";"PASSED";"0.83";"NDXm_TICK_UTCPlus02";"M15";"8326.29";"";"2830";"1.11";"1.07";"0.06";"27.76";"0.88";"0.0";"1330.58";"0.9";"6.26";"0.78";"62.1";"50.56";"11.13";"8.96";"9.99";"4.24";"0.0";"0.0";"";"0";"0.0";"0.0";"0.0";"0.0";"0.0";"0.0";"0.0";"0.0";"0.0";"0.0";"0.0";"0.0";"0.0";"0.0";"0.0";"0.0"
"Strategy 1.6.336";"PASSED";"0.85";"NDXm_TICK_UTCPlus02";"M15";"8910.48";"";"3102";"1.1";"1.04";"0.06";"29.7";"0.89";"0.0";"1235.85";"0.85";"7.21";"0.83";"66.07";"51.11";"16.38";"11.96";"14.0";"9.03";"0.0";"0.0";"";"0";"0.0";"0.0";"0.0";"0.0";"0.0";"0.0";"0.0";"0.0";"0.0";"0.0";"0.0";"0.0";"0.0";"0.0";"0.0";"0.0"
"Strategy 1.6.345";"PASSED";"0.85";"NDXm_TICK_UTCPlus02";"M15";"6824.79";"";"1303";"1.19";"1.16";"0.1";"22.75";"0.87";"0.0";"940.71";"0.87";"7.25";"1.05";"69.31";"50.81";"13.57";"10.95";"12.18";"2.56";"0.0";"0.0";"";"0";"0.0";"0.0";"0.0";"0.0";"0.0";"0.0";"0.0";"0.0";"0.0";"0.0";"0.0";"0.0";"0.0";"0.0";"0.0";"0.0"
"Strategy 1.6.419";"PASSED";"0.75";"NDXm_TICK_UTCPlus02";"M15";"5606.72";"";"1371";"1.16";"1.03";"0.08";"18.69";"0.83";"0.0";"1540.27";"1.01";"3.64";"0.79";"58.56";"50.94";"16.31";"12.95";"14.64";"3.87";"0.0";"0.0";"";"0";"0.0";"0.0";"0.0";"0.0";"0.0";"0.0";"0.0";"0.0";"0.0";"0.0";"0.0";"0.0";"0.0";"0.0";"0.0";"0.0"
"Strategy 1.6.424";"PASSED";"0.78";"NDXm_TICK_UTCPlus02";"M15";"5495.75";"";"1130";"1.21";"1.21";"0.1";"18.32";"0.81";"0.0";"1263.37";"1.25";"4.35";"1.03";"49.72";"51.06";"23.82";"25.03";"24.36";"4.03";"0.0";"0.0";"";"0";"0.0";"0.0";"0.0";"0.0";"0.0";"0.0";"0.0";"0.0";"0.0";"0.0";"0.0";"0.0";"0.0";"0.0";"0.0";"0.0"
"Strategy 1.6.430";"PASSED";"0.72";"NDXm_TICK_UTCPlus02";"M15";"3012.79";"";"754";"1.15";"0.72";"0.08";"10.04";"0.88";"0.0";"1010.22";"0.87";"2.98";"0.55";"67.03";"50.61";"50.37";"45.36";"47.69";"6.39";"0.0";"0.0";"";"0";"0.0";"0.0";"0.0";"0.0";"0.0";"0.0";"0.0";"0.0";"0.0";"0.0";"0.0";"0.0";"0.0";"0.0";"0.0";"0.0"
"Strategy 1.6.436";"PASSED";"0.86";"NDXm_TICK_UTCPlus02";"M15";"11412.82";"";"3319";"1.13";"1.33";"0.07";"38.04";"0.87";"0.0";"1421.82";"0.98";"8.03";"0.87";"59.11";"51.21";"16.55";"14.07";"15.3";"9.92";"0.0";"0.0";"";"0";"0.0";"0.0";"0.0";"0.0";"0.0";"0.0";"0.0";"0.0";"0.0";"0.0";"0.0";"0.0";"0.0";"0.0";"0.0";"0.0"
"Strategy 1.6.437";"PASSED";"0.85";"NDXm_TICK_UTCPlus02";"M15";"12715.61";"";"4250";"1.11";"1.3";"0.06";"42.39";"0.86";"0.0";"1680.06";"0.91";"7.57";"0.88";"62.24";"50.93";"15.76";"12.33";"13.97";"12.18";"0.0";"0.0";"";"0";"0.0";"0.0";"0.0";"0.0";"0.0";"0.0";"0.0";"0.0";"0.0";"0.0";"0.0";"0.0";"0.0";"0.0";"0.0";"0.0"
"Strategy 1.6.520";"PASSED";"0.84";"NDXm_TICK_UTCPlus02";"M15";"12429.12";"";"4265";"1.1";"1.12";"0.06";"41.43";"0.83";"0.0";"1839.48";"0.73";"6.76";"0.91";"76.85";"51.18";"19.64";"13.94";"16.35";"14.16";"0.0";"0.0";"";"0";"0.0";"0.0";"0.0";"0.0";"0.0";"0.0";"0.0";"0.0";"0.0";"0.0";"0.0";"0.0";"0.0";"0.0";"0.0";"0.0"
"Strategy 1.6.546";"PASSED";"0.79";"NDXm_TICK_UTCPlus02";"M15";"4292.32";"";"1051";"1.17";"0.95";"0.08";"14.31";"0.84";"0.0";"927.28";"1.09";"4.63";"0.66";"54.6";"50.95";"25.92";"24.43";"25.2";"2.18";"0.0";"0.0";"";"0";"0.0";"0.0";"0.0";"0.0";"0.0";"0.0";"0.0";"0.0";"0.0";"0.0";"0.0";"0.0";"0.0";"0.0";"0.0";"0.0"
"Strategy 1.6.574";"PASSED";"0.82";"NDXm_TICK_UTCPlus02";"M15";"15990.82";"";"4575";"1.12";"1.38";"0.07";"53.3";"0.86";"0.0";"2679.38";"0.76";"5.97";"1.14";"75.19";"51.25";"20.47";"14.84";"17.28";"17.27";"0.0";"0.0";"";"0";"0.0";"0.0";"0.0";"0.0";"0.0";"0.0";"0.0";"0.0";"0.0";"0.0";"0.0";"0.0";"0.0";"0.0";"0.0";"0.0"
"Strategy 1.7.325";"PASSED";"0.65";"NDXm_TICK_UTCPlus02";"M15";"5531.98";"";"2334";"1.09";"0.77";"0.05";"18.44";"0.71";"0.0";"2712.98";"0.84";"2.04";"0.58";"64.72";"50.14";"19.01";"14.18";"16.39";"0.67";"0.0";"0.0";"";"0";"0.0";"0.0";"0.0";"0.0";"0.0";"0.0";"0.0";"0.0";"0.0";"0.0";"0.0";"0.0";"0.0";"0.0";"0.0";"0.0"
"Strategy 1.7.369";"PASSED";"0.84";"NDXm_TICK_UTCPlus02";"M15";"7551.8";"";"1611";"1.15";"1.1";"0.09";"25.17";"0.84";"0.0";"1108.81";"0.65";"6.81";"0.88";"88.81";"50.04";"10.81";"7.19";"8.62";"0.25";"0.0";"0.0";"";"0";"0.0";"0.0";"0.0";"0.0";"0.0";"0.0";"0.0";"0.0";"0.0";"0.0";"0.0";"0.0";"0.0";"0.0";"0.0";"0.0"
"Strategy 1.7.528";"PASSED";"0.87";"NDXm_TICK_UTCPlus02";"M15";"9581.05";"";"2155";"1.18";"1.39";"0.09";"31.94";"0.86";"0.0";"1055.58";"1.07";"9.08";"1.15";"56.37";"51.22";"11.49";"10.8";"11.16";"6.43";"0.0";"0.0";"";"0";"0.0";"0.0";"0.0";"0.0";"0.0";"0.0";"0.0";"0.0";"0.0";"0.0";"0.0";"0.0";"0.0";"0.0";"0.0";"0.0"
"Strategy 1.7.563";"PASSED";"0.77";"NDXm_TICK_UTCPlus02";"M15";"4331.36";"";"1094";"1.16";"0.95";"0.08";"14.44";"0.81";"0.0";"1042.33";"1.09";"4.16";"0.78";"54.59";"51.11";"38.28";"34.51";"36.47";"5.71";"0.0";"0.0";"";"0";"0.0";"0.0";"0.0";"0.0";"0.0";"0.0";"0.0";"0.0";"0.0";"0.0";"0.0";"0.0";"0.0";"0.0";"0.0";"0.0"
"Strategy 1.7.570";"PASSED";"0.86";"NDXm_TICK_UTCPlus02";"M15";"10302.29";"";"3707";"1.11";"1.22";"0.05";"34.34";"0.9";"0.0";"1328.75";"1.09";"7.75";"0.98";"52.14";"50.95";"23.95";"20.38";"22.24";"18.45";"0.0";"0.0";"";"0";"0.0";"0.0";"0.0";"0.0";"0.0";"0.0";"0.0";"0.0";"0.0";"0.0";"0.0";"0.0";"0.0";"0.0";"0.0";"0.0"
"Strategy 1.8.351";"PASSED";"0.88";"NDXm_TICK_UTCPlus02";"M15";"8756.77";"";"2373";"1.17";"1.44";"0.07";"29.19";"0.91";"0.0";"871.0";"1.33";"10.05";"1.31";"44.77";"50.89";"21.97";"21.24";"21.66";"11.72";"0.0";"0.0";"";"0";"0.0";"0.0";"0.0";"0.0";"0.0";"0.0";"0.0";"0.0";"0.0";"0.0";"0.0";"0.0";"0.0";"0.0";"0.0";"0.0"
"Strategy 1.8.415";"PASSED";"0.77";"NDXm_TICK_UTCPlus02";"M15";"5788.37";"";"1120";"1.19";"1.07";"0.1";"19.29";"0.86";"0.0";"1386.25";"0.89";"4.18";"0.83";"68.65";"51.04";"26.32";"21.88";"23.97";"5.71";"0.0";"0.0";"";"0";"0.0";"0.0";"0.0";"0.0";"0.0";"0.0";"0.0";"0.0";"0.0";"0.0";"0.0";"0.0";"0.0";"0.0";"0.0";"0.0"
"Strategy 1.8.425";"PASSED";"0.91";"NDXm_TICK_UTCPlus02";"M15";"10168.68";"";"925";"1.35";"1.58";"0.21";"33.9";"0.85";"0.0";"791.76";"0.63";"12.84";"1.55";"109.56";"51.24";"23.46";"15.18";"18.39";"3.15";"0.0";"0.0";"";"0";"0.0";"0.0";"0.0";"0.0";"0.0";"0.0";"0.0";"0.0";"0.0";"0.0";"0.0";"0.0";"0.0";"0.0";"0.0";"0.0"
"Strategy 1.8.479";"PASSED";"0.82";"NDXm_TICK_UTCPlus02";"M15";"9946.72";"";"2794";"1.13";"1.23";"0.07";"33.16";"0.88";"0.0";"1672.82";"0.95";"5.95";"0.9";"61.57";"51.53";"24.7";"18.82";"21.68";"16.81";"0.0";"0.0";"";"0";"0.0";"0.0";"0.0";"0.0";"0.0";"0.0";"0.0";"0.0";"0.0";"0.0";"0.0";"0.0";"0.0";"0.0";"0.0";"0.0"
"Strategy 1.8.486";"PASSED";"0.83";"NDXm_TICK_UTCPlus02";"M15";"6028.81";"";"1636";"1.14";"1.04";"0.07";"20.1";"0.88";"0.0";"1001.47";"0.99";"6.02";"0.79";"59.02";"51.11";"32.65";"23.58";"28.09";"10.97";"0.0";"0.0";"";"0";"0.0";"0.0";"0.0";"0.0";"0.0";"0.0";"0.0";"0.0";"0.0";"0.0";"0.0";"0.0";"0.0";"0.0";"0.0";"0.0"
"Strategy 1.8.530";"PASSED";"0.87";"NDXm_TICK_UTCPlus02";"M15";"10235.04";"";"2322";"1.15";"1.28";"0.09";"34.12";"0.83";"0.0";"1214.66";"0.79";"8.43";"0.98";"75.06";"51.43";"20.15";"13.35";"16.35";"7.23";"0.0";"0.0";"";"0";"0.0";"0.0";"0.0";"0.0";"0.0";"0.0";"0.0";"0.0";"0.0";"0.0";"0.0";"0.0";"0.0";"0.0";"0.0";"0.0"
"Strategy 1.8.541";"PASSED";"0.86";"NDXm_TICK_UTCPlus02";"M15";"7141.3";"";"699";"1.32";"1.29";"0.2";"23.8";"0.82";"0.0";"916.54";"0.63";"7.79";"1.14";"108.78";"51.82";"24.86";"16.25";"19.58";"2.82";"0.0";"0.0";"";"0";"0.0";"0.0";"0.0";"0.0";"0.0";"0.0";"0.0";"0.0";"0.0";"0.0";"0.0";"0.0";"0.0";"0.0";"0.0";"0.0"
"Strategy 1.9.476";"PASSED";"0.8";"NDXm_TICK_UTCPlus02";"M15";"6881.03";"";"1893";"1.14";"1.07";"0.07";"22.94";"0.85";"0.0";"1375.49";"1.05";"5.0";"0.75";"56.16";"51.33";"11.93";"11.0";"11.48";"5.92";"0.0";"0.0";"";"0";"0.0";"0.0";"0.0";"0.0";"0.0";"0.0";"0.0";"0.0";"0.0";"0.0";"0.0";"0.0";"0.0";"0.0";"0.0";"0.0"
"Strategy 1.9.491";"PASSED";"0.84";"NDXm_TICK_UTCPlus02";"M15";"9068.12";"";"2006";"1.18";"1.36";"0.09";"30.23";"0.8";"0.0";"1368.63";"1.08";"6.63";"0.81";"56.4";"51.34";"11.43";"10.8";"11.13";"6.13";"0.0";"0.0";"";"0";"0.0";"0.0";"0.0";"0.0";"0.0";"0.0";"0.0";"0.0";"0.0";"0.0";"0.0";"0.0";"0.0";"0.0";"0.0";"0.0"
"Strategy 1.9.570";"PASSED";"0.89";"NDXm_TICK_UTCPlus02";"M15";"11510.04";"";"974";"1.38";"1.68";"0.23";"38.37";"0.92";"0.0";"1032.22";"0.64";"11.15";"1.55";"110.01";"51.27";"27.56";"17.82";"21.63";"3.15";"0.0";"0.0";"";"0";"0.0";"0.0";"0.0";"0.0";"0.0";"0.0";"0.0";"0.0";"0.0";"0.0";"0.0";"0.0";"0.0";"0.0";"0.0";"0.0"
"Strategy 2.1.335";"PASSED";"0.85";"NDXm_TICK_UTCPlus02";"M15";"8450.07";"";"1401";"1.19";"1.13";"0.11";"28.17";"0.85";"0.0";"1197.5";"0.67";"7.06";"1.04";"92.89";"52.5";"24.6";"15.12";"18.93";"8.19";"0.0";"0.0";"";"0";"0.0";"0.0";"0.0";"0.0";"0.0";"0.0";"0.0";"0.0";"0.0";"0.0";"0.0";"0.0";"0.0";"0.0";"0.0";"0.0"
"Strategy 2.1.347";"PASSED";"0.83";"NDXm_TICK_UTCPlus02";"M15";"5514.75";"";"900";"1.21";"1.05";"0.12";"18.38";"0.83";"0.0";"867.09";"0.73";"6.36";"0.8";"84.33";"51.28";"33.27";"17.32";"24.08";"6.93";"0.0";"0.0";"";"0";"0.0";"0.0";"0.0";"0.0";"0.0";"0.0";"0.0";"0.0";"0.0";"0.0";"0.0";"0.0";"0.0";"0.0";"0.0";"0.0"
"Strategy 2.1.394";"PASSED";"0.82";"NDXm_TICK_UTCPlus02";"M15";"5628.3";"";"718";"1.27";"1.21";"0.15";"18.76";"0.75";"0.0";"988.19";"0.77";"5.7";"1.05";"83.81";"50.87";"29.15";"19.48";"23.69";"3.24";"0.0";"0.0";"";"0";"0.0";"0.0";"0.0";"0.0";"0.0";"0.0";"0.0";"0.0";"0.0";"0.0";"0.0";"0.0";"0.0";"0.0";"0.0";"0.0"
"Strategy 2.1.396";"PASSED";"0.75";"NDXm_TICK_UTCPlus02";"M15";"4698.22";"";"1014";"1.16";"0.85";"0.09";"15.66";"0.65";"0.0";"1288.95";"0.74";"3.64";"0.5";"80.81";"51.45";"36.03";"18.18";"25.75";"8.7";"0.0";"0.0";"";"0";"0.0";"0.0";"0.0";"0.0";"0.0";"0.0";"0.0";"0.0";"0.0";"0.0";"0.0";"0.0";"0.0";"0.0";"0.0";"0.0"
"Strategy 2.1.434";"PASSED";"0.87";"NDXm_TICK_UTCPlus02";"M15";"10664.79";"";"2623";"1.16";"1.41";"0.08";"35.55";"0.77";"0.0";"1217.44";"1.05";"8.76";"0.96";"56.49";"51.19";"21.73";"20.12";"20.95";"11.47";"0.0";"0.0";"";"0";"0.0";"0.0";"0.0";"0.0";"0.0";"0.0";"0.0";"0.0";"0.0";"0.0";"0.0";"0.0";"0.0";"0.0";"0.0";"0.0"
"Strategy 2.1.498";"PASSED";"0.81";"NDXm_TICK_UTCPlus02";"M15";"6854.85";"";"2169";"1.13";"1.03";"0.06";"22.85";"0.85";"0.0";"1252.51";"1.04";"5.47";"0.78";"55.37";"51.26";"19.82";"17.92";"18.89";"8.07";"0.0";"0.0";"";"0";"0.0";"0.0";"0.0";"0.0";"0.0";"0.0";"0.0";"0.0";"0.0";"0.0";"0.0";"0.0";"0.0";"0.0";"0.0";"0.0"
"Strategy 2.1.529";"PASSED";"0.86";"NDXm_TICK_UTCPlus02";"M15";"9521.84";"";"1396";"1.22";"1.27";"0.13";"31.74";"0.87";"0.0";"1147.78";"0.69";"8.3";"1.15";"92.84";"52.54";"24.29";"14.57";"18.54";"8.19";"0.0";"0.0";"";"0";"0.0";"0.0";"0.0";"0.0";"0.0";"0.0";"0.0";"0.0";"0.0";"0.0";"0.0";"0.0";"0.0";"0.0";"0.0";"0.0"
"Strategy 2.10.349";"PASSED";"0.75";"NDXm_TICK_UTCPlus02";"M15";"5402.88";"";"1937";"1.12";"0.92";"0.05";"18.01";"0.84";"0.0";"1496.86";"1.17";"3.61";"0.65";"49.21";"51.6";"27.6";"25.23";"26.51";"14.16";"0.0";"0.0";"";"0";"0.0";"0.0";"0.0";"0.0";"0.0";"0.0";"0.0";"0.0";"0.0";"0.0";"0.0";"0.0";"0.0";"0.0";"0.0";"0.0"
"Strategy 2.10.351";"PASSED";"0.83";"NDXm_TICK_UTCPlus02";"M15";"8918.57";"";"1699";"1.21";"1.42";"0.1";"29.73";"0.89";"0.0";"1411.76";"1.04";"6.32";"0.76";"60.45";"52.14";"27.44";"23.44";"25.48";"12.35";"0.0";"0.0";"";"0";"0.0";"0.0";"0.0";"0.0";"0.0";"0.0";"0.0";"0.0";"0.0";"0.0";"0.0";"0.0";"0.0";"0.0";"0.0";"0.0"
"Strategy 2.10.400";"PASSED";"0.85";"NDXm_TICK_UTCPlus02";"M15";"9271.12";"";"3020";"1.12";"1.17";"0.06";"30.9";"0.87";"0.0";"1279.81";"0.98";"7.24";"0.88";"58.48";"51.18";"27.18";"21.88";"24.5";"16.68";"0.0";"0.0";"";"0";"0.0";"0.0";"0.0";"0.0";"0.0";"0.0";"0.0";"0.0";"0.0";"0.0";"0.0";"0.0";"0.0";"0.0";"0.0";"0.0"
"Strategy 2.10.404";"PASSED";"0.82";"NDXm_TICK_UTCPlus02";"M15";"10443.9";"";"3089";"1.13";"1.22";"0.07";"34.81";"0.88";"0.0";"1875.01";"0.91";"5.57";"0.92";"63.15";"50.96";"15.85";"12.51";"14.1";"9.16";"0.0";"0.0";"";"0";"0.0";"0.0";"0.0";"0.0";"0.0";"0.0";"0.0";"0.0";"0.0";"0.0";"0.0";"0.0";"0.0";"0.0";"0.0";"0.0"
"Strategy 2.10.413";"PASSED";"0.82";"NDXm_TICK_UTCPlus02";"M15";"7423.94";"";"2157";"1.15";"1.16";"0.07";"24.75";"0.79";"0.0";"1273.87";"1.23";"5.83";"0.92";"48.49";"51.89";"13.88";"13.27";"13.61";"10.29";"0.0";"0.0";"";"0";"0.0";"0.0";"0.0";"0.0";"0.0";"0.0";"0.0";"0.0";"0.0";"0.0";"0.0";"0.0";"0.0";"0.0";"0.0";"0.0"
"Strategy 2.10.415";"PASSED";"0.84";"NDXm_TICK_UTCPlus02";"M15";"9805.37";"";"2961";"1.11";"1.1";"0.06";"32.68";"0.89";"0.0";"1495.09";"0.78";"6.56";"0.88";"73.32";"51.26";"20.33";"14.33";"16.96";"9.92";"0.0";"0.0";"";"0";"0.0";"0.0";"0.0";"0.0";"0.0";"0.0";"0.0";"0.0";"0.0";"0.0";"0.0";"0.0";"0.0";"0.0";"0.0";"0.0"
"Strategy 2.10.434";"PASSED";"0.83";"NDXm_TICK_UTCPlus02";"M15";"8754.73";"";"1734";"1.16";"1.15";"0.1";"29.18";"0.88";"0.0";"1424.17";"0.65";"6.15";"0.79";"91.71";"51.54";"20.2";"12.35";"15.45";"7.27";"0.0";"0.0";"";"0";"0.0";"0.0";"0.0";"0.0";"0.0";"0.0";"0.0";"0.0";"0.0";"0.0";"0.0";"0.0";"0.0";"0.0";"0.0";"0.0"
"Strategy 2.10.436";"PASSED";"0.85";"NDXm_TICK_UTCPlus02";"M15";"11347.57";"";"3728";"1.11";"1.21";"0.06";"37.82";"0.88";"0.0";"1514.32";"0.89";"7.49";"0.93";"63.99";"51.29";"22.78";"18.01";"20.26";"16.05";"0.0";"0.0";"";"0";"0.0";"0.0";"0.0";"0.0";"0.0";"0.0";"0.0";"0.0";"0.0";"0.0";"0.0";"0.0";"0.0";"0.0";"0.0";"0.0"
"Strategy 2.10.440";"PASSED";"0.87";"NDXm_TICK_UTCPlus02";"M15";"12619.84";"";"1610";"1.24";"1.54";"0.15";"42.07";"0.91";"0.0";"1435.24";"0.62";"8.79";"1.0";"105.0";"52.85";"31.4";"19.05";"23.8";"11.34";"0.0";"0.0";"";"0";"0.0";"0.0";"0.0";"0.0";"0.0";"0.0";"0.0";"0.0";"0.0";"0.0";"0.0";"0.0";"0.0";"0.0";"0.0";"0.0"
"Strategy 2.10.452";"PASSED";"0.85";"NDXm_TICK_UTCPlus02";"M15";"9953.35";"";"1422";"1.22";"1.32";"0.13";"33.18";"0.89";"0.0";"1346.91";"0.62";"7.39";"0.9";"103.05";"52.16";"31.52";"19.11";"23.84";"11.3";"0.0";"0.0";"";"0";"0.0";"0.0";"0.0";"0.0";"0.0";"0.0";"0.0";"0.0";"0.0";"0.0";"0.0";"0.0";"0.0";"0.0";"0.0";"0.0"
"Strategy 2.10.453";"PASSED";"0.83";"NDXm_TICK_UTCPlus02";"M15";"7625.54";"";"1347";"1.19";"1.15";"0.11";"25.42";"0.82";"0.0";"1191.68";"0.75";"6.4";"0.78";"83.14";"52.4";"26.24";"17.34";"21.15";"9.54";"0.0";"0.0";"";"0";"0.0";"0.0";"0.0";"0.0";"0.0";"0.0";"0.0";"0.0";"0.0";"0.0";"0.0";"0.0";"0.0";"0.0";"0.0";"0.0"
"Strategy 2.10.474";"PASSED";"0.85";"NDXm_TICK_UTCPlus02";"M15";"7481.08";"";"1580";"1.21";"1.43";"0.09";"24.94";"0.91";"0.0";"1003.35";"1.31";"7.46";"1.16";"48.05";"51.85";"30.51";"27.86";"29.36";"13.91";"0.0";"0.0";"";"0";"0.0";"0.0";"0.0";"0.0";"0.0";"0.0";"0.0";"0.0";"0.0";"0.0";"0.0";"0.0";"0.0";"0.0";"0.0";"0.0"
"Strategy 2.2.389";"PASSED";"0.77";"NDXm_TICK_UTCPlus02";"M15";"3941.65";"";"885";"1.15";"0.77";"0.09";"13.14";"0.83";"0.0";"990.32";"0.7";"3.98";"0.53";"84.4";"51.4";"33.74";"17.65";"24.27";"6.76";"0.0";"0.0";"";"0";"0.0";"0.0";"0.0";"0.0";"0.0";"0.0";"0.0";"0.0";"0.0";"0.0";"0.0";"0.0";"0.0";"0.0";"0.0";"0.0"
"Strategy 2.2.445";"PASSED";"0.91";"NDXm_TICK_UTCPlus02";"M15";"9818.98";"";"858";"1.37";"1.63";"0.22";"32.73";"0.83";"0.0";"728.95";"0.66";"13.47";"1.65";"106.26";"51.4";"23.4";"15.4";"18.59";"3.19";"0.0";"0.0";"";"0";"0.0";"0.0";"0.0";"0.0";"0.0";"0.0";"0.0";"0.0";"0.0";"0.0";"0.0";"0.0";"0.0";"0.0";"0.0";"0.0"
"Strategy 2.2.454";"PASSED";"0.87";"NDXm_TICK_UTCPlus02";"M15";"9074.8";"";"1331";"1.24";"1.39";"0.13";"30.25";"0.91";"0.0";"1011.27";"0.81";"8.97";"1.24";"79.84";"52.03";"26.25";"17.42";"21.36";"8.7";"0.0";"0.0";"";"0";"0.0";"0.0";"0.0";"0.0";"0.0";"0.0";"0.0";"0.0";"0.0";"0.0";"0.0";"0.0";"0.0";"0.0";"0.0";"0.0"
"Strategy 2.2.463";"PASSED";"0.82";"NDXm_TICK_UTCPlus02";"M15";"9988.55";"";"1967";"1.16";"1.21";"0.1";"33.3";"0.87";"0.0";"1724.86";"0.66";"5.79";"0.79";"92.68";"52.37";"23.38";"15.05";"18.35";"10.8";"0.0";"0.0";"";"0";"0.0";"0.0";"0.0";"0.0";"0.0";"0.0";"0.0";"0.0";"0.0";"0.0";"0.0";"0.0";"0.0";"0.0";"0.0";"0.0"
"Strategy 2.2.492";"PASSED";"0.88";"NDXm_TICK_UTCPlus02";"M15";"10109.36";"";"1713";"1.18";"1.25";"0.11";"33.7";"0.88";"0.0";"1052.44";"0.62";"9.61";"1.11";"100.24";"52.65";"26.95";"16.42";"20.45";"10.25";"0.0";"0.0";"";"0";"0.0";"0.0";"0.0";"0.0";"0.0";"0.0";"0.0";"0.0";"0.0";"0.0";"0.0";"0.0";"0.0";"0.0";"0.0";"0.0"
"Strategy 2.2.510";"PASSED";"0.89";"NDXm_TICK_UTCPlus02";"M15";"10631.14";"";"3055";"1.15";"1.47";"0.07";"35.44";"0.92";"0.0";"963.99";"1.27";"11.03";"1.44";"46.49";"51.13";"15.25";"14.77";"15.04";"7.52";"0.0";"0.0";"";"0";"0.0";"0.0";"0.0";"0.0";"0.0";"0.0";"0.0";"0.0";"0.0";"0.0";"0.0";"0.0";"0.0";"0.0";"0.0";"0.0"
"Strategy 2.2.514";"PASSED";"0.85";"NDXm_TICK_UTCPlus02";"M15";"6691.28";"";"1243";"1.21";"1.32";"0.11";"22.3";"0.91";"0.0";"909.37";"0.99";"7.36";"1.21";"62.4";"51.17";"23.56";"18.66";"21.1";"5.0";"0.0";"0.0";"";"0";"0.0";"0.0";"0.0";"0.0";"0.0";"0.0";"0.0";"0.0";"0.0";"0.0";"0.0";"0.0";"0.0";"0.0";"0.0";"0.0"
"Strategy 2.3.339";"PASSED";"0.74";"NDXm_TICK_UTCPlus02";"M15";"3673.36";"";"907";"1.13";"0.71";"0.08";"12.24";"0.8";"0.0";"1054.17";"0.68";"3.48";"0.46";"84.37";"50.79";"24.61";"12.51";"17.42";"3.87";"0.0";"0.0";"";"0";"0.0";"0.0";"0.0";"0.0";"0.0";"0.0";"0.0";"0.0";"0.0";"0.0";"0.0";"0.0";"0.0";"0.0";"0.0";"0.0"
"Strategy 2.3.340";"PASSED";"0.73";"NDXm_TICK_UTCPlus02";"M15";"4619.57";"";"852";"1.19";"0.96";"0.11";"15.4";"0.77";"0.0";"1433.32";"0.8";"3.22";"0.79";"75.4";"50.65";"34.25";"24.24";"28.69";"5.42";"0.0";"0.0";"";"0";"0.0";"0.0";"0.0";"0.0";"0.0";"0.0";"0.0";"0.0";"0.0";"0.0";"0.0";"0.0";"0.0";"0.0";"0.0";"0.0"
"Strategy 2.3.405";"PASSED";"0.82";"NDXm_TICK_UTCPlus02";"M15";"3540.27";"";"676";"1.23";"0.99";"0.1";"11.8";"0.83";"0.0";"633.47";"1.19";"5.59";"0.87";"52.27";"50.95";"13.56";"14.82";"14.13";"1.43";"0.0";"0.0";"";"0";"0.0";"0.0";"0.0";"0.0";"0.0";"0.0";"0.0";"0.0";"0.0";"0.0";"0.0";"0.0";"0.0";"0.0";"0.0";"0.0"
"Strategy 2.3.409";"PASSED";"0.88";"NDXm_TICK_UTCPlus02";"M15";"14654.08";"";"3542";"1.13";"1.38";"0.08";"48.85";"0.91";"0.0";"1589.2";"0.67";"9.22";"1.13";"86.97";"51.36";"23.94";"15.66";"18.98";"15.5";"0.0";"0.0";"";"0";"0.0";"0.0";"0.0";"0.0";"0.0";"0.0";"0.0";"0.0";"0.0";"0.0";"0.0";"0.0";"0.0";"0.0";"0.0";"0.0"
"Strategy 2.3.430";"PASSED";"0.84";"NDXm_TICK_UTCPlus02";"M15";"5037.19";"";"988";"1.19";"1.04";"0.1";"16.79";"0.92";"0.0";"751.89";"0.98";"6.7";"0.89";"63.54";"52.17";"16.0";"13.89";"14.93";"2.56";"0.0";"0.0";"";"0";"0.0";"0.0";"0.0";"0.0";"0.0";"0.0";"0.0";"0.0";"0.0";"0.0";"0.0";"0.0";"0.0";"0.0";"0.0";"0.0"
"Strategy 2.3.451";"PASSED";"0.86";"NDXm_TICK_UTCPlus02";"M15";"9019.15";"";"1596";"1.17";"1.14";"0.11";"30.06";"0.87";"0.0";"1157.05";"0.62";"7.79";"0.88";"100.15";"52.81";"26.88";"16.78";"20.64";"10.17";"0.0";"0.0";"";"0";"0.0";"0.0";"0.0";"0.0";"0.0";"0.0";"0.0";"0.0";"0.0";"0.0";"0.0";"0.0";"0.0";"0.0";"0.0";"0.0"
"Strategy 2.3.487";"PASSED";"0.79";"NDXm_TICK_UTCPlus02";"M15";"7785.53";"";"1191";"1.21";"1.15";"0.13";"25.95";"0.82";"0.0";"1622.36";"0.62";"4.8";"0.93";"99.3";"51.22";"19.43";"13.06";"15.5";"3.03";"0.0";"0.0";"";"0";"0.0";"0.0";"0.0";"0.0";"0.0";"0.0";"0.0";"0.0";"0.0";"0.0";"0.0";"0.0";"0.0";"0.0";"0.0";"0.0"
"Strategy 2.3.503";"PASSED";"0.83";"NDXm_TICK_UTCPlus02";"M15";"6150.35";"";"1269";"1.22";"1.34";"0.1";"20.5";"0.81";"0.0";"985.22";"1.27";"6.24";"1.12";"48.65";"50.61";"25.24";"20.61";"23.2";"6.81";"0.0";"0.0";"";"0";"0.0";"0.0";"0.0";"0.0";"0.0";"0.0";"0.0";"0.0";"0.0";"0.0";"0.0";"0.0";"0.0";"0.0";"0.0";"0.0"
"Strategy 2.3.507";"PASSED";"0.82";"NDXm_TICK_UTCPlus02";"M15";"5588.9";"";"660";"1.29";"1.22";"0.17";"18.63";"0.83";"0.0";"959.08";"0.75";"5.83";"0.78";"87.84";"51.12";"27.58";"17.31";"21.72";"3.07";"0.0";"0.0";"";"0";"0.0";"0.0";"0.0";"0.0";"0.0";"0.0";"0.0";"0.0";"0.0";"0.0";"0.0";"0.0";"0.0";"0.0";"0.0";"0.0"
"Strategy 2.3.534";"PASSED";"0.86";"NDXm_TICK_UTCPlus02";"M15";"10654.04";"";"1971";"1.17";"1.26";"0.1";"35.51";"0.88";"0.0";"1391.16";"0.63";"7.66";"0.96";"96.61";"52.45";"25.14";"15.41";"19.18";"11.18";"0.0";"0.0";"";"0";"0.0";"0.0";"0.0";"0.0";"0.0";"0.0";"0.0";"0.0";"0.0";"0.0";"0.0";"0.0";"0.0";"0.0";"0.0";"0.0"
"Strategy 2.3.543";"PASSED";"0.79";"NDXm_TICK_UTCPlus02";"M15";"5380.95";"";"1427";"1.14";"0.95";"0.07";"17.94";"0.77";"0.0";"1145.31";"0.9";"4.7";"0.67";"64.41";"50.81";"21.16";"16.0";"18.44";"5.88";"0.0";"0.0";"";"0";"0.0";"0.0";"0.0";"0.0";"0.0";"0.0";"0.0";"0.0";"0.0";"0.0";"0.0";"0.0";"0.0";"0.0";"0.0";"0.0"
"Strategy 2.3.584";"PASSED";"0.85";"NDXm_TICK_UTCPlus02";"M15";"13738.18";"";"3909";"1.12";"1.34";"0.07";"45.79";"0.9";"0.0";"1933.77";"0.77";"7.1";"0.97";"74.69";"51.03";"19.11";"13.23";"15.78";"12.65";"0.0";"0.0";"";"0";"0.0";"0.0";"0.0";"0.0";"0.0";"0.0";"0.0";"0.0";"0.0";"0.0";"0.0";"0.0";"0.0";"0.0";"0.0";"0.0"
"Strategy 2.4.379";"PASSED";"0.89";"NDXm_TICK_UTCPlus02";"M15";"8398.49";"";"585";"1.45";"1.58";"0.28";"27.99";"0.91";"0.0";"814.79";"0.64";"10.31";"1.52";"117.64";"52.08";"19.07";"13.28";"15.55";"1.72";"0.0";"0.0";"";"0";"0.0";"0.0";"0.0";"0.0";"0.0";"0.0";"0.0";"0.0";"0.0";"0.0";"0.0";"0.0";"0.0";"0.0";"0.0";"0.0"
"Strategy 2.4.397";"PASSED";"0.88";"NDXm_TICK_UTCPlus02";"M15";"9868.05";"";"824";"1.4";"1.68";"0.23";"32.89";"0.89";"0.0";"999.45";"0.73";"9.87";"1.24";"98.71";"51.43";"23.98";"15.4";"19.03";"2.9";"0.0";"0.0";"";"0";"0.0";"0.0";"0.0";"0.0";"0.0";"0.0";"0.0";"0.0";"0.0";"0.0";"0.0";"0.0";"0.0";"0.0";"0.0";"0.0"
"Strategy 2.4.403";"PASSED";"0.76";"NDXm_TICK_UTCPlus02";"M15";"4240.37";"";"592";"1.25";"0.95";"0.14";"14.13";"0.83";"0.0";"1074.05";"0.75";"3.95";"0.89";"84.19";"50.32";"20.54";"15.25";"17.51";"0.71";"0.0";"0.0";"";"0";"0.0";"0.0";"0.0";"0.0";"0.0";"0.0";"0.0";"0.0";"0.0";"0.0";"0.0";"0.0";"0.0";"0.0";"0.0";"0.0"
"Strategy 2.4.406";"PASSED";"0.77";"NDXm_TICK_UTCPlus02";"M15";"4945.47";"";"997";"1.18";"0.98";"0.1";"16.49";"0.79";"0.0";"1202.76";"0.86";"4.11";"0.66";"69.63";"50.89";"22.2";"15.95";"18.85";"3.45";"0.0";"0.0";"";"0";"0.0";"0.0";"0.0";"0.0";"0.0";"0.0";"0.0";"0.0";"0.0";"0.0";"0.0";"0.0";"0.0";"0.0";"0.0";"0.0"
"Strategy 2.4.444";"PASSED";"0.85";"NDXm_TICK_UTCPlus02";"M15";"10488.25";"";"1945";"1.17";"1.24";"0.1";"34.96";"0.85";"0.0";"1413.84";"0.63";"7.42";"0.87";"96.59";"52.47";"25.18";"15.38";"19.18";"11.18";"0.0";"0.0";"";"0";"0.0";"0.0";"0.0";"0.0";"0.0";"0.0";"0.0";"0.0";"0.0";"0.0";"0.0";"0.0";"0.0";"0.0";"0.0";"0.0"
"Strategy 2.4.476";"PASSED";"0.77";"NDXm_TICK_UTCPlus02";"M15";"8499.68";"";"2806";"1.1";"0.98";"0.06";"28.33";"0.84";"0.0";"2060.17";"0.7";"4.13";"0.7";"79.76";"50.81";"22.61";"16.99";"19.31";"5.8";"0.0";"0.0";"";"0";"0.0";"0.0";"0.0";"0.0";"0.0";"0.0";"0.0";"0.0";"0.0";"0.0";"0.0";"0.0";"0.0";"0.0";"0.0";"0.0"
"Strategy 2.4.484";"PASSED";"0.89";"NDXm_TICK_UTCPlus02";"M15";"5997.17";"";"604";"1.38";"1.42";"0.19";"19.99";"0.87";"0.0";"571.17";"0.95";"10.5";"1.57";"74.61";"51.42";"22.85";"20.16";"21.47";"1.97";"0.0";"0.0";"";"0";"0.0";"0.0";"0.0";"0.0";"0.0";"0.0";"0.0";"0.0";"0.0";"0.0";"0.0";"0.0";"0.0";"0.0";"0.0";"0.0"
"Strategy 2.4.485";"PASSED";"0.87";"NDXm_TICK_UTCPlus02";"M15";"8427.89";"";"1597";"1.18";"1.19";"0.1";"28.09";"0.86";"0.0";"931.07";"0.77";"9.05";"1.11";"78.52";"51.44";"17.0";"11.18";"13.72";"6.93";"0.0";"0.0";"";"0";"0.0";"0.0";"0.0";"0.0";"0.0";"0.0";"0.0";"0.0";"0.0";"0.0";"0.0";"0.0";"0.0";"0.0";"0.0";"0.0"
"Strategy 2.4.496";"PASSED";"0.82";"NDXm_TICK_UTCPlus02";"M15";"3736.83";"";"670";"1.24";"1.06";"0.11";"12.46";"0.86";"0.0";"633.47";"1.21";"5.9";"0.93";"52.26";"50.97";"13.59";"15.01";"14.23";"1.43";"0.0";"0.0";"";"0";"0.0";"0.0";"0.0";"0.0";"0.0";"0.0";"0.0";"0.0";"0.0";"0.0";"0.0";"0.0";"0.0";"0.0";"0.0";"0.0"
"Strategy 2.4.502";"PASSED";"0.8";"NDXm_TICK_UTCPlus02";"M15";"6109.77";"";"2338";"1.1";"0.86";"0.05";"20.37";"0.84";"0.0";"1218.5";"0.95";"5.01";"0.6";"59.17";"51.02";"20.05";"17.88";"18.94";"6.13";"0.0";"0.0";"";"0";"0.0";"0.0";"0.0";"0.0";"0.0";"0.0";"0.0";"0.0";"0.0";"0.0";"0.0";"0.0";"0.0";"0.0";"0.0";"0.0"
"Strategy 2.4.543";"PASSED";"0.75";"NDXm_TICK_UTCPlus02";"M15";"3520.84";"";"697";"1.22";"0.99";"0.1";"11.74";"0.8";"0.0";"963.48";"1.22";"3.65";"0.84";"50.99";"50.98";"20.25";"18.78";"19.59";"2.27";"0.0";"0.0";"";"0";"0.0";"0.0";"0.0";"0.0";"0.0";"0.0";"0.0";"0.0";"0.0";"0.0";"0.0";"0.0";"0.0";"0.0";"0.0";"0.0"
"Strategy 2.5.331";"PASSED";"0.81";"NDXm_TICK_UTCPlus02";"M15";"7053.44";"";"2312";"1.11";"0.99";"0.06";"23.51";"0.83";"0.0";"1304.33";"0.91";"5.41";"0.69";"62.12";"50.75";"28.09";"21.24";"24.5";"11.85";"0.0";"0.0";"";"0";"0.0";"0.0";"0.0";"0.0";"0.0";"0.0";"0.0";"0.0";"0.0";"0.0";"0.0";"0.0";"0.0";"0.0";"0.0";"0.0"
"Strategy 2.5.343";"PASSED";"0.83";"NDXm_TICK_UTCPlus02";"M15";"10071.51";"";"2536";"1.13";"1.08";"0.08";"33.57";"0.9";"0.0";"1562.6";"0.65";"6.45";"0.82";"89.57";"51.76";"19.28";"11.93";"14.83";"11.13";"0.0";"0.0";"";"0";"0.0";"0.0";"0.0";"0.0";"0.0";"0.0";"0.0";"0.0";"0.0";"0.0";"0.0";"0.0";"0.0";"0.0";"0.0";"0.0"
"Strategy 2.5.351";"PASSED";"0.8";"NDXm_TICK_UTCPlus02";"M15";"10046.23";"";"2420";"1.14";"1.2";"0.08";"33.49";"0.88";"0.0";"2069.75";"0.73";"4.85";"0.96";"79.88";"51.39";"38.11";"25.34";"30.74";"18.45";"0.0";"0.0";"";"0";"0.0";"0.0";"0.0";"0.0";"0.0";"0.0";"0.0";"0.0";"0.0";"0.0";"0.0";"0.0";"0.0";"0.0";"0.0";"0.0"
"Strategy 2.5.358";"PASSED";"0.84";"NDXm_TICK_UTCPlus02";"M15";"6999.35";"";"1538";"1.17";"1.14";"0.09";"23.33";"0.87";"0.0";"1061.39";"0.92";"6.59";"0.87";"66.1";"52.08";"31.88";"25.4";"28.5";"9.71";"0.0";"0.0";"";"0";"0.0";"0.0";"0.0";"0.0";"0.0";"0.0";"0.0";"0.0";"0.0";"0.0";"0.0";"0.0";"0.0";"0.0";"0.0";"0.0"
"Strategy 2.5.372";"PASSED";"0.89";"NDXm_TICK_UTCPlus02";"M15";"8650.09";"";"604";"1.45";"1.6";"0.28";"28.83";"0.86";"0.0";"814.79";"0.64";"10.62";"1.53";"117.78";"52.03";"19.61";"13.42";"15.84";"1.72";"0.0";"0.0";"";"0";"0.0";"0.0";"0.0";"0.0";"0.0";"0.0";"0.0";"0.0";"0.0";"0.0";"0.0";"0.0";"0.0";"0.0";"0.0";"0.0"
"Strategy 2.5.389";"PASSED";"0.87";"NDXm_TICK_UTCPlus02";"M15";"12392.64";"";"2430";"1.18";"1.5";"0.1";"41.31";"0.9";"0.0";"1404.84";"0.78";"8.82";"1.18";"77.83";"51.84";"19.56";"12.72";"15.72";"12.61";"0.0";"0.0";"";"0";"0.0";"0.0";"0.0";"0.0";"0.0";"0.0";"0.0";"0.0";"0.0";"0.0";"0.0";"0.0";"0.0";"0.0";"0.0";"0.0"
"Strategy 2.5.528";"PASSED";"0.87";"NDXm_TICK_UTCPlus02";"M15";"6400.53";"";"1374";"1.22";"1.39";"0.09";"21.34";"0.88";"0.0";"747.36";"1.41";"8.56";"1.28";"44.55";"51.61";"18.67";"20.27";"19.33";"4.79";"0.0";"0.0";"";"0";"0.0";"0.0";"0.0";"0.0";"0.0";"0.0";"0.0";"0.0";"0.0";"0.0";"0.0";"0.0";"0.0";"0.0";"0.0";"0.0"
"Strategy 2.5.538";"PASSED";"0.73";"NDXm_TICK_UTCPlus02";"M15";"4785.36";"";"1132";"1.18";"1.1";"0.08";"15.95";"0.77";"0.0";"1489.63";"1.19";"3.21";"0.79";"50.04";"50.46";"22.43";"19.4";"21.05";"4.54";"0.0";"0.0";"";"0";"0.0";"0.0";"0.0";"0.0";"0.0";"0.0";"0.0";"0.0";"0.0";"0.0";"0.0";"0.0";"0.0";"0.0";"0.0";"0.0"
"Strategy 2.5.551";"PASSED";"0.68";"NDXm_TICK_UTCPlus02";"M15";"4585.65";"";"1784";"1.1";"0.77";"0.05";"15.29";"0.79";"0.0";"1930.8";"1.05";"2.37";"0.55";"53.08";"50.61";"16.69";"14.93";"15.83";"4.66";"0.0";"0.0";"";"0";"0.0";"0.0";"0.0";"0.0";"0.0";"0.0";"0.0";"0.0";"0.0";"0.0";"0.0";"0.0";"0.0";"0.0";"0.0";"0.0"
"Strategy 2.6.305";"PASSED";"0.82";"NDXm_TICK_UTCPlus02";"M15";"11653.18";"";"3549";"1.11";"1.17";"0.06";"38.84";"0.9";"0.0";"1956.3";"0.77";"5.96";"0.96";"74.52";"51.26";"20.04";"14.3";"16.79";"13.36";"0.0";"0.0";"";"0";"0.0";"0.0";"0.0";"0.0";"0.0";"0.0";"0.0";"0.0";"0.0";"0.0";"0.0";"0.0";"0.0";"0.0";"0.0";"0.0"
"Strategy 2.6.321";"PASSED";"0.79";"NDXm_TICK_UTCPlus02";"M15";"6250.74";"";"2219";"1.11";"0.91";"0.06";"20.84";"0.83";"0.0";"1316.8";"0.9";"4.75";"0.61";"62.11";"50.73";"27.85";"20.95";"24.22";"11.22";"0.0";"0.0";"";"0";"0.0";"0.0";"0.0";"0.0";"0.0";"0.0";"0.0";"0.0";"0.0";"0.0";"0.0";"0.0";"0.0";"0.0";"0.0";"0.0"
"Strategy 2.6.325";"PASSED";"0.91";"NDXm_TICK_UTCPlus02";"M15";"7824.7";"";"597";"1.45";"1.61";"0.25";"26.08";"0.87";"0.0";"614.03";"0.79";"12.74";"1.87";"94.86";"51.71";"20.79";"16.34";"18.31";"1.72";"0.0";"0.0";"";"0";"0.0";"0.0";"0.0";"0.0";"0.0";"0.0";"0.0";"0.0";"0.0";"0.0";"0.0";"0.0";"0.0";"0.0";"0.0";"0.0"
"Strategy 2.6.329";"PASSED";"0.81";"NDXm_TICK_UTCPlus02";"M15";"8149.7";"";"3003";"1.1";"1.02";"0.05";"27.17";"0.86";"0.0";"1480.05";"0.96";"5.51";"0.68";"59.08";"51.27";"34.81";"26.04";"30.33";"23.99";"0.0";"0.0";"";"0";"0.0";"0.0";"0.0";"0.0";"0.0";"0.0";"0.0";"0.0";"0.0";"0.0";"0.0";"0.0";"0.0";"0.0";"0.0";"0.0"
"Strategy 2.6.377";"PASSED";"0.85";"NDXm_TICK_UTCPlus02";"M15";"9353.16";"";"1698";"1.22";"1.55";"0.11";"31.18";"0.9";"0.0";"1285.71";"1.11";"7.27";"1.32";"57.16";"52.06";"28.05";"23.59";"25.94";"13.19";"0.0";"0.0";"";"0";"0.0";"0.0";"0.0";"0.0";"0.0";"0.0";"0.0";"0.0";"0.0";"0.0";"0.0";"0.0";"0.0";"0.0";"0.0";"0.0"
"Strategy 2.6.389";"PASSED";"0.89";"NDXm_TICK_UTCPlus02";"M15";"8680.79";"";"578";"1.48";"1.64";"0.29";"28.94";"0.82";"0.0";"814.79";"0.66";"10.65";"1.51";"117.37";"52.14";"20.11";"13.94";"16.38";"1.72";"0.0";"0.0";"";"0";"0.0";"0.0";"0.0";"0.0";"0.0";"0.0";"0.0";"0.0";"0.0";"0.0";"0.0";"0.0";"0.0";"0.0";"0.0";"0.0"
"Strategy 2.6.390";"PASSED";"0.77";"NDXm_TICK_UTCPlus02";"M15";"5421.66";"";"1638";"1.13";"0.91";"0.07";"18.07";"0.82";"0.0";"1295.07";"0.92";"4.19";"0.69";"62.26";"50.67";"27.13";"20.43";"23.63";"7.98";"0.0";"0.0";"";"0";"0.0";"0.0";"0.0";"0.0";"0.0";"0.0";"0.0";"0.0";"0.0";"0.0";"0.0";"0.0";"0.0";"0.0";"0.0";"0.0"
"Strategy 2.6.425";"PASSED";"0.8";"NDXm_TICK_UTCPlus02";"M15";"5314.19";"";"1195";"1.17";"1.01";"0.09";"17.71";"0.84";"0.0";"1029.44";"0.93";"5.16";"0.88";"64.61";"51.54";"34.38";"29.95";"32.08";"7.1";"0.0";"0.0";"";"0";"0.0";"0.0";"0.0";"0.0";"0.0";"0.0";"0.0";"0.0";"0.0";"0.0";"0.0";"0.0";"0.0";"0.0";"0.0";"0.0"
"Strategy 2.6.446";"PASSED";"0.72";"NDXm_TICK_UTCPlus02";"M15";"3849.25";"";"953";"1.14";"0.73";"0.08";"12.83";"0.78";"0.0";"1289.26";"0.75";"2.99";"0.57";"77.66";"51.08";"20.31";"14.09";"16.76";"3.15";"0.0";"0.0";"";"0";"0.0";"0.0";"0.0";"0.0";"0.0";"0.0";"0.0";"0.0";"0.0";"0.0";"0.0";"0.0";"0.0";"0.0";"0.0";"0.0"
"Strategy 2.6.448";"PASSED";"0.82";"NDXm_TICK_UTCPlus02";"M15";"11201.9";"";"2437";"1.15";"1.28";"0.09";"37.34";"0.89";"0.0";"1915.19";"0.71";"5.85";"1.07";"83.89";"51.91";"22.89";"14.81";"18.17";"13.11";"0.0";"0.0";"";"0";"0.0";"0.0";"0.0";"0.0";"0.0";"0.0";"0.0";"0.0";"0.0";"0.0";"0.0";"0.0";"0.0";"0.0";"0.0";"0.0"
"Strategy 2.6.512";"PASSED";"0.87";"NDXm_TICK_UTCPlus02";"M15";"4807.57";"";"589";"1.34";"1.35";"0.16";"16.03";"0.8";"0.0";"531.37";"1.12";"9.05";"1.31";"61.23";"51.21";"24.56";"22.4";"23.54";"2.35";"0.0";"0.0";"";"0";"0.0";"0.0";"0.0";"0.0";"0.0";"0.0";"0.0";"0.0";"0.0";"0.0";"0.0";"0.0";"0.0";"0.0";"0.0";"0.0"
"Strategy 2.6.537";"PASSED";"0.83";"NDXm_TICK_UTCPlus02";"M15";"8090.81";"";"2198";"1.12";"1.02";"0.07";"26.97";"0.88";"0.0";"1267.05";"0.77";"6.39";"0.84";"76.25";"52.08";"29.54";"19.65";"23.95";"15.88";"0.0";"0.0";"";"0";"0.0";"0.0";"0.0";"0.0";"0.0";"0.0";"0.0";"0.0";"0.0";"0.0";"0.0";"0.0";"0.0";"0.0";"0.0";"0.0"
"Strategy 2.6.544";"PASSED";"0.8";"NDXm_TICK_UTCPlus02";"M15";"8636.11";"";"1819";"1.15";"1.05";"0.09";"28.79";"0.88";"0.0";"1740.4";"0.61";"4.96";"0.84";"98.19";"52.5";"28.9";"18.36";"22.36";"12.35";"0.0";"0.0";"";"0";"0.0";"0.0";"0.0";"0.0";"0.0";"0.0";"0.0";"0.0";"0.0";"0.0";"0.0";"0.0";"0.0";"0.0";"0.0";"0.0"
"Strategy 2.6.558";"PASSED";"0.89";"NDXm_TICK_UTCPlus02";"M15";"12354.99";"";"1859";"1.22";"1.58";"0.13";"41.18";"0.93";"0.0";"1208.51";"0.76";"10.22";"1.29";"83.57";"52.1";"24.19";"15.68";"19.37";"11.09";"0.0";"0.0";"";"0";"0.0";"0.0";"0.0";"0.0";"0.0";"0.0";"0.0";"0.0";"0.0";"0.0";"0.0";"0.0";"0.0";"0.0";"0.0";"0.0"
"Strategy 2.7.311";"PASSED";"0.86";"NDXm_TICK_UTCPlus02";"M15";"10717.76";"";"2098";"1.16";"1.18";"0.1";"35.73";"0.85";"0.0";"1383.64";"0.6";"7.75";"0.9";"100.51";"52.51";"30.54";"17.52";"22.42";"13.32";"0.0";"0.0";"";"0";"0.0";"0.0";"0.0";"0.0";"0.0";"0.0";"0.0";"0.0";"0.0";"0.0";"0.0";"0.0";"0.0";"0.0";"0.0";"0.0"
"Strategy 2.7.317";"PASSED";"0.81";"NDXm_TICK_UTCPlus02";"M15";"11029.27";"";"3620";"1.1";"1.11";"0.06";"36.76";"0.87";"0.0";"2037.74";"0.76";"5.41";"0.84";"74.48";"51.23";"20.11";"14.19";"16.75";"13.66";"0.0";"0.0";"";"0";"0.0";"0.0";"0.0";"0.0";"0.0";"0.0";"0.0";"0.0";"0.0";"0.0";"0.0";"0.0";"0.0";"0.0";"0.0";"0.0"
"Strategy 2.7.351";"PASSED";"0.89";"NDXm_TICK_UTCPlus02";"M15";"8606.18";"";"1640";"1.21";"1.44";"0.1";"28.69";"0.88";"0.0";"832.08";"1.08";"10.34";"1.34";"58.64";"52.2";"26.07";"21.5";"23.87";"12.44";"0.0";"0.0";"";"0";"0.0";"0.0";"0.0";"0.0";"0.0";"0.0";"0.0";"0.0";"0.0";"0.0";"0.0";"0.0";"0.0";"0.0";"0.0";"0.0"
"Strategy 2.7.379";"PASSED";"0.88";"NDXm_TICK_UTCPlus02";"M15";"12603.39";"";"4351";"1.12";"1.35";"0.06";"42.01";"0.92";"0.0";"1357.07";"1.04";"9.29";"1.1";"54.38";"50.88";"14.17";"11.97";"13.09";"10.08";"0.0";"0.0";"";"0";"0.0";"0.0";"0.0";"0.0";"0.0";"0.0";"0.0";"0.0";"0.0";"0.0";"0.0";"0.0";"0.0";"0.0";"0.0";"0.0"
"Strategy 2.7.381";"PASSED";"0.81";"NDXm_TICK_UTCPlus02";"M15";"7661.02";"";"1868";"1.13";"0.96";"0.08";"25.54";"0.86";"0.0";"1414.54";"0.64";"5.42";"0.75";"91.02";"51.65";"28.52";"19.86";"23.24";"8.78";"0.0";"0.0";"";"0";"0.0";"0.0";"0.0";"0.0";"0.0";"0.0";"0.0";"0.0";"0.0";"0.0";"0.0";"0.0";"0.0";"0.0";"0.0";"0.0"
"Strategy 2.7.385";"PASSED";"0.84";"NDXm_TICK_UTCPlus02";"M15";"9664.28";"";"2856";"1.12";"1.15";"0.07";"32.21";"0.89";"0.0";"1433.15";"0.83";"6.74";"0.84";"69.17";"51.42";"34.76";"25.31";"29.6";"22.65";"0.0";"0.0";"";"0";"0.0";"0.0";"0.0";"0.0";"0.0";"0.0";"0.0";"0.0";"0.0";"0.0";"0.0";"0.0";"0.0";"0.0";"0.0";"0.0"
"Strategy 2.7.401";"PASSED";"0.9";"NDXm_TICK_UTCPlus02";"M15";"18259.57";"";"3974";"1.16";"1.72";"0.09";"60.87";"0.92";"0.0";"1476.86";"0.78";"12.36";"1.36";"75.65";"51.09";"17.6";"12.42";"14.69";"11.22";"0.0";"0.0";"";"0";"0.0";"0.0";"0.0";"0.0";"0.0";"0.0";"0.0";"0.0";"0.0";"0.0";"0.0";"0.0";"0.0";"0.0";"0.0";"0.0"
"Strategy 2.7.406";"PASSED";"0.81";"NDXm_TICK_UTCPlus02";"M15";"4967.97";"";"1380";"1.17";"1.08";"0.07";"16.56";"0.86";"0.0";"900.53";"1.38";"5.52";"0.84";"43.82";"51.87";"27.71";"29.56";"28.49";"12.06";"0.0";"0.0";"";"0";"0.0";"0.0";"0.0";"0.0";"0.0";"0.0";"0.0";"0.0";"0.0";"0.0";"0.0";"0.0";"0.0";"0.0";"0.0";"0.0"
"Strategy 2.7.417";"PASSED";"0.85";"NDXm_TICK_UTCPlus02";"M15";"11296.91";"";"3976";"1.1";"1.15";"0.06";"37.66";"0.85";"0.0";"1549.05";"0.89";"7.29";"0.99";"63.42";"51.22";"22.95";"18.8";"20.76";"17.9";"0.0";"0.0";"";"0";"0.0";"0.0";"0.0";"0.0";"0.0";"0.0";"0.0";"0.0";"0.0";"0.0";"0.0";"0.0";"0.0";"0.0";"0.0";"0.0"
"Strategy 2.7.462";"PASSED";"0.87";"NDXm_TICK_UTCPlus02";"M15";"13136.86";"";"2524";"1.18";"1.46";"0.1";"43.79";"0.89";"0.0";"1532.7";"0.75";"8.57";"1.23";"81.16";"51.97";"20.15";"13.99";"16.64";"12.39";"0.0";"0.0";"";"0";"0.0";"0.0";"0.0";"0.0";"0.0";"0.0";"0.0";"0.0";"0.0";"0.0";"0.0";"0.0";"0.0";"0.0";"0.0";"0.0"
"Strategy 2.7.468";"PASSED";"0.83";"NDXm_TICK_UTCPlus02";"M15";"11808.81";"";"2031";"1.18";"1.36";"0.11";"39.36";"0.92";"0.0";"1922.72";"0.63";"6.14";"1.0";"97.57";"52.35";"31.91";"18.78";"23.87";"13.32";"0.0";"0.0";"";"0";"0.0";"0.0";"0.0";"0.0";"0.0";"0.0";"0.0";"0.0";"0.0";"0.0";"0.0";"0.0";"0.0";"0.0";"0.0";"0.0"
"Strategy 2.7.470";"PASSED";"0.87";"NDXm_TICK_UTCPlus02";"M15";"8568.01";"";"1746";"1.19";"1.37";"0.1";"28.56";"0.94";"0.0";"946.93";"0.97";"9.05";"1.11";"62.35";"50.85";"28.13";"20.84";"24.43";"8.91";"0.0";"0.0";"";"0";"0.0";"0.0";"0.0";"0.0";"0.0";"0.0";"0.0";"0.0";"0.0";"0.0";"0.0";"0.0";"0.0";"0.0";"0.0";"0.0"
"Strategy 2.7.492";"PASSED";"0.83";"NDXm_TICK_UTCPlus02";"M15";"7376.36";"";"1034";"1.27";"1.45";"0.14";"24.59";"0.77";"0.0";"1186.87";"0.96";"6.21";"1.23";"68.1";"51.29";"17.16";"15.64";"16.38";"2.56";"0.0";"0.0";"";"0";"0.0";"0.0";"0.0";"0.0";"0.0";"0.0";"0.0";"0.0";"0.0";"0.0";"0.0";"0.0";"0.0";"0.0";"0.0";"0.0"
"Strategy 2.7.497";"PASSED";"0.81";"NDXm_TICK_UTCPlus02";"M15";"7234.79";"";"2807";"1.12";"1.13";"0.05";"24.12";"0.8";"0.0";"1371.01";"1.48";"5.28";"0.67";"39.07";"51.5";"18.9";"19.89";"19.3";"15.04";"0.0";"0.0";"";"0";"0.0";"0.0";"0.0";"0.0";"0.0";"0.0";"0.0";"0.0";"0.0";"0.0";"0.0";"0.0";"0.0";"0.0";"0.0";"0.0"
"Strategy 2.7.519";"PASSED";"0.82";"NDXm_TICK_UTCPlus02";"M15";"7582.78";"";"1941";"1.14";"1.12";"0.07";"25.28";"0.89";"0.0";"1351.29";"0.93";"5.61";"0.83";"64.01";"52.19";"27.8";"21.95";"24.78";"14.45";"0.0";"0.0";"";"0";"0.0";"0.0";"0.0";"0.0";"0.0";"0.0";"0.0";"0.0";"0.0";"0.0";"0.0";"0.0";"0.0";"0.0";"0.0";"0.0"
"Strategy 2.7.546";"PASSED";"0.75";"NDXm_TICK_UTCPlus02";"M15";"3682.32";"";"1458";"1.12";"0.81";"0.05";"12.27";"0.8";"0.0";"1022.23";"1.42";"3.6";"0.51";"40.63";"51.66";"28.07";"30.91";"29.24";"13.57";"0.0";"0.0";"";"0";"0.0";"0.0";"0.0";"0.0";"0.0";"0.0";"0.0";"0.0";"0.0";"0.0";"0.0";"0.0";"0.0";"0.0";"0.0";"0.0"
"Strategy 2.7.554";"PASSED";"0.84";"NDXm_TICK_UTCPlus02";"M15";"11558.47";"";"2501";"1.14";"1.19";"0.09";"38.53";"0.9";"0.0";"1678.11";"0.61";"6.89";"0.92";"97.62";"52.34";"31.86";"19.24";"24.03";"18.66";"0.0";"0.0";"";"0";"0.0";"0.0";"0.0";"0.0";"0.0";"0.0";"0.0";"0.0";"0.0";"0.0";"0.0";"0.0";"0.0";"0.0";"0.0";"0.0"
"Strategy 2.7.566";"PASSED";"0.84";"NDXm_TICK_UTCPlus02";"M15";"8905.09";"";"2940";"1.12";"1.15";"0.06";"29.68";"0.88";"0.0";"1341.99";"1.01";"6.64";"0.82";"56.63";"51.01";"23.45";"20.3";"21.88";"11.43";"0.0";"0.0";"";"0";"0.0";"0.0";"0.0";"0.0";"0.0";"0.0";"0.0";"0.0";"0.0";"0.0";"0.0";"0.0";"0.0";"0.0";"0.0";"0.0"
"Strategy 2.8.300";"PASSED";"0.89";"NDXm_TICK_UTCPlus02";"M15";"7372.57";"";"611";"1.43";"1.57";"0.23";"24.58";"0.88";"0.0";"700.99";"0.85";"10.52";"1.68";"87.3";"51.57";"21.04";"17.04";"18.87";"1.89";"0.0";"0.0";"";"0";"0.0";"0.0";"0.0";"0.0";"0.0";"0.0";"0.0";"0.0";"0.0";"0.0";"0.0";"0.0";"0.0";"0.0";"0.0";"0.0"
"Strategy 2.8.307";"PASSED";"0.86";"NDXm_TICK_UTCPlus02";"M15";"5828.24";"";"1437";"1.19";"1.24";"0.08";"19.43";"0.87";"0.0";"745.67";"1.43";"7.82";"1.06";"43.42";"52.13";"25.41";"26.88";"26.02";"12.1";"0.0";"0.0";"";"0";"0.0";"0.0";"0.0";"0.0";"0.0";"0.0";"0.0";"0.0";"0.0";"0.0";"0.0";"0.0";"0.0";"0.0";"0.0";"0.0"
"Strategy 2.8.321";"PASSED";"0.88";"NDXm_TICK_UTCPlus02";"M15";"12495.28";"";"2378";"1.18";"1.47";"0.1";"41.65";"0.88";"0.0";"1228.86";"0.72";"10.17";"1.13";"84.43";"51.41";"22.6";"15.68";"18.57";"8.28";"0.0";"0.0";"";"0";"0.0";"0.0";"0.0";"0.0";"0.0";"0.0";"0.0";"0.0";"0.0";"0.0";"0.0";"0.0";"0.0";"0.0";"0.0";"0.0"
"Strategy 2.8.336";"PASSED";"0.87";"NDXm_TICK_UTCPlus02";"M15";"10865.24";"";"2511";"1.16";"1.39";"0.08";"36.22";"0.9";"0.0";"1281.25";"0.93";"8.48";"1.05";"64.26";"51.51";"16.11";"13.47";"14.74";"10.8";"0.0";"0.0";"";"0";"0.0";"0.0";"0.0";"0.0";"0.0";"0.0";"0.0";"0.0";"0.0";"0.0";"0.0";"0.0";"0.0";"0.0";"0.0";"0.0"
"Strategy 2.8.346";"PASSED";"0.83";"NDXm_TICK_UTCPlus02";"M15";"10273.91";"";"2133";"1.16";"1.26";"0.09";"34.25";"0.84";"0.0";"1619.68";"0.73";"6.34";"0.92";"82.75";"52.07";"33.83";"21.99";"26.99";"16.81";"0.0";"0.0";"";"0";"0.0";"0.0";"0.0";"0.0";"0.0";"0.0";"0.0";"0.0";"0.0";"0.0";"0.0";"0.0";"0.0";"0.0";"0.0";"0.0"
"Strategy 2.8.378";"PASSED";"0.92";"NDXm_TICK_UTCPlus02";"M15";"12091.27";"";"1091";"1.38";"1.92";"0.22";"40.3";"0.92";"0.0";"751.01";"0.74";"16.1";"2.17";"95.71";"51.31";"14.77";"10.87";"12.52";"2.52";"0.0";"0.0";"";"0";"0.0";"0.0";"0.0";"0.0";"0.0";"0.0";"0.0";"0.0";"0.0";"0.0";"0.0";"0.0";"0.0";"0.0";"0.0";"0.0"
"Strategy 2.8.428";"PASSED";"0.91";"NDXm_TICK_UTCPlus02";"M15";"13925.1";"";"1831";"1.26";"1.79";"0.15";"46.42";"0.87";"0.0";"1052.28";"0.79";"13.23";"1.84";"83.55";"52.24";"24.62";"15.62";"19.59";"10.88";"0.0";"0.0";"";"0";"0.0";"0.0";"0.0";"0.0";"0.0";"0.0";"0.0";"0.0";"0.0";"0.0";"0.0";"0.0";"0.0";"0.0";"0.0";"0.0"
"Strategy 2.8.461";"PASSED";"0.84";"NDXm_TICK_UTCPlus02";"M15";"8738.93";"";"3537";"1.12";"1.22";"0.05";"29.13";"0.86";"0.0";"1299.46";"1.41";"6.73";"0.77";"40.35";"50.79";"16.27";"15.79";"16.07";"12.65";"0.0";"0.0";"";"0";"0.0";"0.0";"0.0";"0.0";"0.0";"0.0";"0.0";"0.0";"0.0";"0.0";"0.0";"0.0";"0.0";"0.0";"0.0";"0.0"
"Strategy 2.8.528";"PASSED";"0.79";"NDXm_TICK_UTCPlus02";"M15";"9109.94";"";"3312";"1.12";"1.22";"0.05";"30.37";"0.86";"0.0";"1905.07";"1.23";"4.78";"0.81";"46.46";"50.96";"15.6";"14.95";"15.31";"11.26";"0.0";"0.0";"";"0";"0.0";"0.0";"0.0";"0.0";"0.0";"0.0";"0.0";"0.0";"0.0";"0.0";"0.0";"0.0";"0.0";"0.0";"0.0";"0.0"
"Strategy 2.8.536";"PASSED";"0.81";"NDXm_TICK_UTCPlus02";"M15";"10854.38";"";"1901";"1.18";"1.28";"0.11";"36.18";"0.89";"0.0";"1973.06";"0.64";"5.5";"1.04";"97.13";"52.56";"35.03";"21.05";"26.49";"14.03";"0.0";"0.0";"";"0";"0.0";"0.0";"0.0";"0.0";"0.0";"0.0";"0.0";"0.0";"0.0";"0.0";"0.0";"0.0";"0.0";"0.0";"0.0";"0.0"
"Strategy 2.9.301";"PASSED";"0.8";"NDXm_TICK_UTCPlus02";"M15";"7226.91";"";"2220";"1.11";"0.93";"0.06";"24.09";"0.89";"0.0";"1470.42";"0.76";"4.91";"0.62";"75.25";"51.6";"22.22";"15.82";"18.58";"7.48";"0.0";"0.0";"";"0";"0.0";"0.0";"0.0";"0.0";"0.0";"0.0";"0.0";"0.0";"0.0";"0.0";"0.0";"0.0";"0.0";"0.0";"0.0";"0.0"
"Strategy 2.9.316";"PASSED";"0.82";"NDXm_TICK_UTCPlus02";"M15";"7765.38";"";"1712";"1.15";"1.1";"0.09";"25.89";"0.88";"0.0";"1327.38";"0.76";"5.85";"0.85";"78.29";"51.74";"35.13";"27.04";"30.54";"8.87";"0.0";"0.0";"";"0";"0.0";"0.0";"0.0";"0.0";"0.0";"0.0";"0.0";"0.0";"0.0";"0.0";"0.0";"0.0";"0.0";"0.0";"0.0";"0.0"
"Strategy 2.9.318";"PASSED";"0.88";"NDXm_TICK_UTCPlus02";"M15";"11551.92";"";"1903";"1.2";"1.47";"0.12";"38.51";"0.89";"0.0";"1168.61";"0.75";"9.89";"1.12";"83.51";"52.31";"23.79";"14.78";"18.65";"10.97";"0.0";"0.0";"";"0";"0.0";"0.0";"0.0";"0.0";"0.0";"0.0";"0.0";"0.0";"0.0";"0.0";"0.0";"0.0";"0.0";"0.0";"0.0";"0.0"
"Strategy 2.9.393";"PASSED";"0.87";"NDXm_TICK_UTCPlus02";"M15";"14303.69";"";"3072";"1.15";"1.4";"0.09";"47.68";"0.9";"0.0";"1577.25";"0.66";"9.07";"1.05";"90.33";"51.47";"25.67";"16.49";"20.12";"13.36";"0.0";"0.0";"";"0";"0.0";"0.0";"0.0";"0.0";"0.0";"0.0";"0.0";"0.0";"0.0";"0.0";"0.0";"0.0";"0.0";"0.0";"0.0";"0.0"
"Strategy 2.9.408";"PASSED";"0.85";"NDXm_TICK_UTCPlus02";"M15";"9297.22";"";"3047";"1.12";"1.19";"0.06";"30.99";"0.89";"0.0";"1268.83";"0.98";"7.33";"0.91";"58.59";"51.23";"26.77";"21.43";"24.07";"17.82";"0.0";"0.0";"";"0";"0.0";"0.0";"0.0";"0.0";"0.0";"0.0";"0.0";"0.0";"0.0";"0.0";"0.0";"0.0";"0.0";"0.0";"0.0";"0.0"
"Strategy 2.9.411";"PASSED";"0.81";"NDXm_TICK_UTCPlus02";"M15";"6777.73";"";"2047";"1.13";"1.0";"0.07";"22.59";"0.9";"0.0";"1236.78";"0.92";"5.48";"0.72";"62.16";"50.85";"27.63";"20.75";"24.05";"10.63";"0.0";"0.0";"";"0";"0.0";"0.0";"0.0";"0.0";"0.0";"0.0";"0.0";"0.0";"0.0";"0.0";"0.0";"0.0";"0.0";"0.0";"0.0";"0.0"
"Strategy 2.9.413";"PASSED";"0.89";"NDXm_TICK_UTCPlus02";"M15";"9261.59";"";"1601";"1.2";"1.36";"0.11";"30.87";"0.85";"0.0";"904.79";"0.82";"10.24";"1.26";"76.46";"51.97";"20.2";"14.52";"17.07";"8.82";"0.0";"0.0";"";"0";"0.0";"0.0";"0.0";"0.0";"0.0";"0.0";"0.0";"0.0";"0.0";"0.0";"0.0";"0.0";"0.0";"0.0";"0.0";"0.0"
"Strategy 2.9.425";"PASSED";"0.78";"NDXm_TICK_UTCPlus02";"M15";"5685.55";"";"1762";"1.15";"1.03";"0.06";"18.95";"0.81";"0.0";"1284.02";"1.39";"4.43";"0.56";"42.86";"51.89";"18.6";"17.96";"18.33";"10.71";"0.0";"0.0";"";"0";"0.0";"0.0";"0.0";"0.0";"0.0";"0.0";"0.0";"0.0";"0.0";"0.0";"0.0";"0.0";"0.0";"0.0";"0.0";"0.0"
"Strategy 2.9.428";"PASSED";"0.87";"NDXm_TICK_UTCPlus02";"M15";"11433.23";"";"2317";"1.18";"1.44";"0.09";"38.11";"0.85";"0.0";"1335.02";"0.86";"8.56";"1.18";"70.84";"52.01";"24.57";"17.82";"20.95";"13.66";"0.0";"0.0";"";"0";"0.0";"0.0";"0.0";"0.0";"0.0";"0.0";"0.0";"0.0";"0.0";"0.0";"0.0";"0.0";"0.0";"0.0";"0.0";"0.0"
"Strategy 2.9.443";"PASSED";"0.81";"NDXm_TICK_UTCPlus02";"M15";"7011.4";"";"1803";"1.13";"0.98";"0.07";"23.37";"0.82";"0.0";"1265.83";"0.74";"5.54";"0.76";"79.72";"52.25";"39.14";"27.19";"32.27";"16.26";"0.0";"0.0";"";"0";"0.0";"0.0";"0.0";"0.0";"0.0";"0.0";"0.0";"0.0";"0.0";"0.0";"0.0";"0.0";"0.0";"0.0";"0.0";"0.0"
"Strategy 2.9.481";"PASSED";"0.81";"NDXm_TICK_UTCPlus02";"M15";"6902.74";"";"2419";"1.12";"1.07";"0.06";"23.01";"0.86";"0.0";"1328.26";"1.19";"5.2";"0.76";"48.1";"50.86";"21.09";"20.28";"20.72";"6.64";"0.0";"0.0";"";"0";"0.0";"0.0";"0.0";"0.0";"0.0";"0.0";"0.0";"0.0";"0.0";"0.0";"0.0";"0.0";"0.0";"0.0";"0.0";"0.0"
"Strategy 2.9.510";"PASSED";"0.81";"NDXm_TICK_UTCPlus02";"M15";"5990.77";"";"1289";"1.18";"1.08";"0.09";"19.97";"0.8";"0.0";"1121.5";"0.98";"5.34";"0.69";"62.93";"52.3";"29.32";"23.59";"26.43";"11.13";"0.0";"0.0";"";"0";"0.0";"0.0";"0.0";"0.0";"0.0";"0.0";"0.0";"0.0";"0.0";"0.0";"0.0";"0.0";"0.0";"0.0";"0.0";"0.0"
"Strategy 2.9.537";"PASSED";"0.85";"NDXm_TICK_UTCPlus02";"M15";"10385.83";"";"3257";"1.11";"1.11";"0.06";"34.62";"0.89";"0.0";"1398.43";"0.76";"7.43";"0.88";"75.02";"51.17";"20.31";"14.61";"17.07";"9.08";"0.0";"0.0";"";"0";"0.0";"0.0";"0.0";"0.0";"0.0";"0.0";"0.0";"0.0";"0.0";"0.0";"0.0";"0.0";"0.0";"0.0";"0.0";"0.0"
"Strategy 2.9.542";"PASSED";"0.83";"NDXm_TICK_UTCPlus02";"M15";"11232.94";"";"2901";"1.13";"1.18";"0.07";"37.44";"0.89";"0.0";"1863.35";"0.7";"6.03";"0.98";"84.02";"52.03";"26.16";"17.37";"20.98";"17.98";"0.0";"0.0";"";"0";"0.0";"0.0";"0.0";"0.0";"0.0";"0.0";"0.0";"0.0";"0.0";"0.0";"0.0";"0.0";"0.0";"0.0";"0.0";"0.0"
"Strategy 2.9.574";"PASSED";"0.85";"NDXm_TICK_UTCPlus02";"M15";"8898.69";"";"2900";"1.12";"1.18";"0.06";"29.66";"0.92";"0.0";"1230.1";"0.97";"7.23";"1.0";"58.46";"50.44";"31.01";"27.0";"28.97";"7.98";"0.0";"0.0";"";"0";"0.0";"0.0";"0.0";"0.0";"0.0";"0.0";"0.0";"0.0";"0.0";"0.0";"0.0";"0.0";"0.0";"0.0";"0.0";"0.0"
"Strategy 3.1.389";"PASSED";"0.83";"NDXm_TICK_UTCPlus02";"M15";"9286.27";"";"2829";"1.13";"1.19";"0.06";"30.95";"0.87";"0.0";"1441.09";"1.08";"6.44";"0.98";"54.05";"51.55";"13.68";"12.28";"13.01";"11.68";"0.0";"0.0";"";"0";"0.0";"0.0";"0.0";"0.0";"0.0";"0.0";"0.0";"0.0";"0.0";"0.0";"0.0";"0.0";"0.0";"0.0";"0.0";"0.0"
"Strategy 3.1.428";"PASSED";"0.77";"NDXm_TICK_UTCPlus02";"M15";"6618.13";"";"966";"1.23";"1.15";"0.13";"22.06";"0.81";"0.0";"1567.78";"0.71";"4.22";"0.71";"88.76";"51.04";"19.28";"14.6";"16.54";"2.35";"0.0";"0.0";"";"0";"0.0";"0.0";"0.0";"0.0";"0.0";"0.0";"0.0";"0.0";"0.0";"0.0";"0.0";"0.0";"0.0";"0.0";"0.0";"0.0"
"Strategy 3.10.313";"PASSED";"0.77";"NDXm_TICK_UTCPlus02";"M15";"5865.95";"";"2584";"1.1";"0.88";"0.04";"19.55";"0.87";"0.0";"1442.88";"1.31";"4.07";"0.62";"43.54";"51.59";"16.46";"16.19";"16.34";"13.32";"0.0";"0.0";"";"0";"0.0";"0.0";"0.0";"0.0";"0.0";"0.0";"0.0";"0.0";"0.0";"0.0";"0.0";"0.0";"0.0";"0.0";"0.0";"0.0"
"Strategy 3.10.342";"PASSED";"0.87";"NDXm_TICK_UTCPlus02";"M15";"12405.28";"";"2930";"1.15";"1.34";"0.08";"41.35";"0.91";"0.0";"1424.12";"0.79";"8.71";"0.95";"74.25";"51.38";"28.88";"21.73";"24.89";"15.34";"0.0";"0.0";"";"0";"0.0";"0.0";"0.0";"0.0";"0.0";"0.0";"0.0";"0.0";"0.0";"0.0";"0.0";"0.0";"0.0";"0.0";"0.0";"0.0"
"Strategy 3.10.344";"PASSED";"0.85";"NDXm_TICK_UTCPlus02";"M15";"12120.56";"";"3762";"1.11";"1.21";"0.06";"40.4";"0.9";"0.0";"1590.22";"0.8";"7.62";"0.93";"71.3";"51.3";"20.73";"15.06";"17.58";"13.19";"0.0";"0.0";"";"0";"0.0";"0.0";"0.0";"0.0";"0.0";"0.0";"0.0";"0.0";"0.0";"0.0";"0.0";"0.0";"0.0";"0.0";"0.0";"0.0"
"Strategy 3.10.345";"PASSED";"0.88";"NDXm_TICK_UTCPlus02";"M15";"12746.65";"";"2950";"1.16";"1.47";"0.08";"42.49";"0.92";"0.0";"1327.25";"0.88";"9.6";"0.99";"67.37";"51.25";"19.01";"14.75";"16.74";"11.26";"0.0";"0.0";"";"0";"0.0";"0.0";"0.0";"0.0";"0.0";"0.0";"0.0";"0.0";"0.0";"0.0";"0.0";"0.0";"0.0";"0.0";"0.0";"0.0"
"Strategy 3.10.452";"PASSED";"0.85";"NDXm_TICK_UTCPlus02";"M15";"16091.74";"";"5166";"1.12";"1.49";"0.06";"53.64";"0.87";"0.0";"2258.19";"0.96";"7.13";"0.96";"59.58";"50.95";"14.48";"12.07";"13.25";"14.03";"0.0";"0.0";"";"0";"0.0";"0.0";"0.0";"0.0";"0.0";"0.0";"0.0";"0.0";"0.0";"0.0";"0.0";"0.0";"0.0";"0.0";"0.0";"0.0"
"Strategy 3.10.463";"PASSED";"0.72";"NDXm_TICK_UTCPlus02";"M15";"4261.02";"";"1111";"1.14";"0.82";"0.07";"14.2";"0.85";"0.0";"1384.75";"0.91";"3.08";"0.67";"65.43";"52.35";"41.63";"35.0";"38.16";"10.08";"0.0";"0.0";"";"0";"0.0";"0.0";"0.0";"0.0";"0.0";"0.0";"0.0";"0.0";"0.0";"0.0";"0.0";"0.0";"0.0";"0.0";"0.0";"0.0"
"Strategy 3.10.483";"PASSED";"0.86";"NDXm_TICK_UTCPlus02";"M15";"11179.54";"";"3925";"1.11";"1.23";"0.06";"37.27";"0.89";"0.0";"1378.03";"0.98";"8.11";"1.01";"57.97";"50.97";"18.24";"15.45";"16.83";"14.66";"0.0";"0.0";"";"0";"0.0";"0.0";"0.0";"0.0";"0.0";"0.0";"0.0";"0.0";"0.0";"0.0";"0.0";"0.0";"0.0";"0.0";"0.0";"0.0"
"Strategy 3.10.495";"PASSED";"0.82";"NDXm_TICK_UTCPlus02";"M15";"10327.29";"";"2662";"1.15";"1.32";"0.08";"34.42";"0.86";"0.0";"1750.15";"0.97";"5.9";"1.16";"60.81";"51.11";"19.12";"15.43";"17.24";"9.75";"0.0";"0.0";"";"0";"0.0";"0.0";"0.0";"0.0";"0.0";"0.0";"0.0";"0.0";"0.0";"0.0";"0.0";"0.0";"0.0";"0.0";"0.0";"0.0"
"Strategy 3.10.504";"PASSED";"0.86";"NDXm_TICK_UTCPlus02";"M15";"13367.95";"";"4025";"1.12";"1.32";"0.06";"44.56";"0.89";"0.0";"1616.0";"0.82";"8.27";"0.9";"69.98";"51.21";"19.86";"14.4";"16.86";"14.16";"0.0";"0.0";"";"0";"0.0";"0.0";"0.0";"0.0";"0.0";"0.0";"0.0";"0.0";"0.0";"0.0";"0.0";"0.0";"0.0";"0.0";"0.0";"0.0"
"Strategy 3.10.528";"PASSED";"0.79";"NDXm_TICK_UTCPlus02";"M15";"12153.77";"";"4492";"1.1";"1.19";"0.05";"40.51";"0.81";"0.0";"2650.1";"0.88";"4.59";"0.9";"63.91";"50.98";"20.39";"15.65";"17.87";"17.1";"0.0";"0.0";"";"0";"0.0";"0.0";"0.0";"0.0";"0.0";"0.0";"0.0";"0.0";"0.0";"0.0";"0.0";"0.0";"0.0";"0.0";"0.0";"0.0"
"Strategy 3.10.532";"PASSED";"0.75";"NDXm_TICK_UTCPlus02";"M15";"5687.16";"";"1039";"1.17";"0.9";"0.1";"18.96";"0.85";"0.0";"1580.02";"0.6";"3.6";"0.58";"102.43";"53.03";"50.03";"32.27";"38.95";"13.11";"0.0";"0.0";"";"0";"0.0";"0.0";"0.0";"0.0";"0.0";"0.0";"0.0";"0.0";"0.0";"0.0";"0.0";"0.0";"0.0";"0.0";"0.0";"0.0"
"Strategy 3.10.562";"PASSED";"0.82";"NDXm_TICK_UTCPlus02";"M15";"12924.77";"";"3407";"1.14";"1.47";"0.07";"43.08";"0.83";"0.0";"2198.59";"0.92";"5.88";"1.25";"63.47";"51.01";"20.14";"16.54";"18.26";"12.73";"0.0";"0.0";"";"0";"0.0";"0.0";"0.0";"0.0";"0.0";"0.0";"0.0";"0.0";"0.0";"0.0";"0.0";"0.0";"0.0";"0.0";"0.0";"0.0"
"Strategy 3.10.569";"PASSED";"0.84";"NDXm_TICK_UTCPlus02";"M15";"10030.99";"";"2256";"1.18";"1.47";"0.09";"33.44";"0.87";"0.0";"1478.58";"1.11";"6.78";"1.13";"54.53";"51.16";"10.09";"9.54";"9.83";"6.34";"0.0";"0.0";"";"0";"0.0";"0.0";"0.0";"0.0";"0.0";"0.0";"0.0";"0.0";"0.0";"0.0";"0.0";"0.0";"0.0";"0.0";"0.0";"0.0"
"Strategy 3.2.344";"PASSED";"0.88";"NDXm_TICK_UTCPlus02";"M15";"11958.69";"";"4729";"1.12";"1.43";"0.05";"39.86";"0.86";"0.0";"1239.19";"1.36";"9.65";"1.19";"41.69";"50.81";"12.71";"12.72";"12.71";"12.65";"0.0";"0.0";"";"0";"0.0";"0.0";"0.0";"0.0";"0.0";"0.0";"0.0";"0.0";"0.0";"0.0";"0.0";"0.0";"0.0";"0.0";"0.0";"0.0"
"Strategy 3.2.347";"PASSED";"0.87";"NDXm_TICK_UTCPlus02";"M15";"13418.07";"";"3671";"1.12";"1.23";"0.07";"44.73";"0.9";"0.0";"1498.32";"0.63";"8.96";"0.98";"91.62";"51.39";"30.39";"18.5";"23.07";"20.88";"0.0";"0.0";"";"0";"0.0";"0.0";"0.0";"0.0";"0.0";"0.0";"0.0";"0.0";"0.0";"0.0";"0.0";"0.0";"0.0";"0.0";"0.0";"0.0"
"Strategy 3.2.400";"PASSED";"0.87";"NDXm_TICK_UTCPlus02";"M15";"7566.01";"";"1054";"1.28";"1.5";"0.14";"25.22";"0.84";"0.0";"855.76";"0.98";"8.84";"1.19";"66.63";"51.38";"16.2";"13.12";"14.65";"3.61";"0.0";"0.0";"";"0";"0.0";"0.0";"0.0";"0.0";"0.0";"0.0";"0.0";"0.0";"0.0";"0.0";"0.0";"0.0";"0.0";"0.0";"0.0";"0.0"
"Strategy 3.2.497";"PASSED";"0.82";"NDXm_TICK_UTCPlus02";"M15";"7171.82";"";"1131";"1.24";"1.38";"0.12";"23.91";"0.86";"0.0";"1222.23";"0.99";"5.87";"0.81";"64.91";"51.5";"18.19";"15.51";"16.84";"4.12";"0.0";"0.0";"";"0";"0.0";"0.0";"0.0";"0.0";"0.0";"0.0";"0.0";"0.0";"0.0";"0.0";"0.0";"0.0";"0.0";"0.0";"0.0";"0.0"
"Strategy 3.2.503";"PASSED";"0.82";"NDXm_TICK_UTCPlus02";"M15";"8188.38";"";"2674";"1.12";"1.08";"0.06";"27.3";"0.87";"0.0";"1382.92";"1.07";"5.92";"0.81";"54.02";"51.61";"13.47";"12.02";"12.77";"11.51";"0.0";"0.0";"";"0";"0.0";"0.0";"0.0";"0.0";"0.0";"0.0";"0.0";"0.0";"0.0";"0.0";"0.0";"0.0";"0.0";"0.0";"0.0";"0.0"
"Strategy 3.2.515";"PASSED";"0.86";"NDXm_TICK_UTCPlus02";"M15";"10360.68";"";"2847";"1.15";"1.32";"0.07";"34.54";"0.88";"0.0";"1291.71";"1.09";"8.02";"0.96";"54.13";"51.33";"12.45";"11.3";"11.9";"11.6";"0.0";"0.0";"";"0";"0.0";"0.0";"0.0";"0.0";"0.0";"0.0";"0.0";"0.0";"0.0";"0.0";"0.0";"0.0";"0.0";"0.0";"0.0";"0.0"
"Strategy 3.3.342";"PASSED";"0.88";"NDXm_TICK_UTCPlus02";"M15";"8793.44";"";"1567";"1.21";"1.49";"0.11";"29.31";"0.79";"0.0";"914.37";"0.93";"9.62";"1.22";"66.61";"51.25";"16.47";"13.2";"14.77";"4.5";"0.0";"0.0";"";"0";"0.0";"0.0";"0.0";"0.0";"0.0";"0.0";"0.0";"0.0";"0.0";"0.0";"0.0";"0.0";"0.0";"0.0";"0.0";"0.0"
"Strategy 3.3.364";"PASSED";"0.85";"NDXm_TICK_UTCPlus02";"M15";"5460.34";"";"865";"1.25";"1.26";"0.12";"18.2";"0.82";"0.0";"734.35";"1.07";"7.44";"1.06";"60.21";"51.32";"18.4";"15.82";"17.15";"3.4";"0.0";"0.0";"";"0";"0.0";"0.0";"0.0";"0.0";"0.0";"0.0";"0.0";"0.0";"0.0";"0.0";"0.0";"0.0";"0.0";"0.0";"0.0";"0.0"
"Strategy 3.3.403";"PASSED";"0.88";"NDXm_TICK_UTCPlus02";"M15";"9053.81";"";"1560";"1.22";"1.53";"0.11";"30.18";"0.8";"0.0";"892.94";"0.94";"10.14";"1.27";"66.67";"51.28";"16.31";"13.05";"14.63";"4.41";"0.0";"0.0";"";"0";"0.0";"0.0";"0.0";"0.0";"0.0";"0.0";"0.0";"0.0";"0.0";"0.0";"0.0";"0.0";"0.0";"0.0";"0.0";"0.0"
"Strategy 3.3.454";"PASSED";"0.73";"NDXm_TICK_UTCPlus02";"M15";"3518.94";"";"702";"1.18";"0.83";"0.1";"11.73";"0.86";"0.0";"1120.46";"0.83";"3.14";"0.48";"72.17";"50.6";"23.68";"17.14";"20.1";"2.48";"0.0";"0.0";"";"0";"0.0";"0.0";"0.0";"0.0";"0.0";"0.0";"0.0";"0.0";"0.0";"0.0";"0.0";"0.0";"0.0";"0.0";"0.0";"0.0"
"Strategy 3.3.490";"PASSED";"0.81";"NDXm_TICK_UTCPlus02";"M15";"6276.27";"";"1978";"1.15";"1.13";"0.06";"20.92";"0.85";"0.0";"1179.16";"1.42";"5.32";"0.68";"41.3";"51.12";"11.42";"11.72";"11.54";"7.94";"0.0";"0.0";"";"0";"0.0";"0.0";"0.0";"0.0";"0.0";"0.0";"0.0";"0.0";"0.0";"0.0";"0.0";"0.0";"0.0";"0.0";"0.0";"0.0"
"Strategy 3.3.555";"PASSED";"0.78";"NDXm_TICK_UTCPlus02";"M15";"6766.99";"";"1444";"1.16";"1.06";"0.09";"22.56";"0.75";"0.0";"1548.99";"0.71";"4.37";"0.8";"82.61";"50.71";"15.33";"10.33";"12.41";"0.8";"0.0";"0.0";"";"0";"0.0";"0.0";"0.0";"0.0";"0.0";"0.0";"0.0";"0.0";"0.0";"0.0";"0.0";"0.0";"0.0";"0.0";"0.0";"0.0"
"Strategy 3.4.316";"PASSED";"0.82";"NDXm_TICK_UTCPlus02";"M15";"9317.74";"";"1187";"1.26";"1.42";"0.15";"31.06";"0.82";"0.0";"1666.64";"0.71";"5.59";"0.73";"91.66";"51.9";"16.39";"10.97";"13.23";"3.78";"0.0";"0.0";"";"0";"0.0";"0.0";"0.0";"0.0";"0.0";"0.0";"0.0";"0.0";"0.0";"0.0";"0.0";"0.0";"0.0";"0.0";"0.0";"0.0"
"Strategy 3.4.355";"PASSED";"0.91";"NDXm_TICK_UTCPlus02";"M15";"9793.68";"";"1024";"1.34";"1.78";"0.18";"32.65";"0.89";"0.0";"696.09";"0.83";"14.07";"1.81";"83.62";"51.8";"26.03";"18.05";"21.67";"4.79";"0.0";"0.0";"";"0";"0.0";"0.0";"0.0";"0.0";"0.0";"0.0";"0.0";"0.0";"0.0";"0.0";"0.0";"0.0";"0.0";"0.0";"0.0";"0.0"
"Strategy 3.4.356";"PASSED";"0.83";"NDXm_TICK_UTCPlus02";"M15";"7857.29";"";"1911";"1.2";"1.44";"0.08";"26.19";"0.88";"0.0";"1274.96";"1.5";"6.16";"0.74";"41.04";"51.45";"14.08";"14.14";"14.1";"10.34";"0.0";"0.0";"";"0";"0.0";"0.0";"0.0";"0.0";"0.0";"0.0";"0.0";"0.0";"0.0";"0.0";"0.0";"0.0";"0.0";"0.0";"0.0";"0.0"
"Strategy 3.4.379";"PASSED";"0.75";"NDXm_TICK_UTCPlus02";"M15";"3684.04";"";"698";"1.18";"0.83";"0.1";"12.28";"0.87";"0.0";"1037.59";"0.75";"3.55";"0.52";"79.82";"50.58";"26.92";"18.31";"22.0";"2.69";"0.0";"0.0";"";"0";"0.0";"0.0";"0.0";"0.0";"0.0";"0.0";"0.0";"0.0";"0.0";"0.0";"0.0";"0.0";"0.0";"0.0";"0.0";"0.0"
"Strategy 3.4.437";"PASSED";"0.85";"NDXm_TICK_UTCPlus02";"M15";"7216.52";"";"1344";"1.2";"1.26";"0.1";"24.06";"0.83";"0.0";"977.66";"0.86";"7.38";"0.98";"70.9";"51.25";"19.36";"14.49";"16.74";"4.71";"0.0";"0.0";"";"0";"0.0";"0.0";"0.0";"0.0";"0.0";"0.0";"0.0";"0.0";"0.0";"0.0";"0.0";"0.0";"0.0";"0.0";"0.0";"0.0"
"Strategy 3.4.483";"PASSED";"0.7";"NDXm_TICK_UTCPlus02";"M15";"4329.73";"";"1136";"1.14";"0.85";"0.08";"14.43";"0.73";"0.0";"1667.32";"0.91";"2.6";"0.62";"63.85";"50.78";"20.48";"17.03";"18.67";"4.54";"0.0";"0.0";"";"0";"0.0";"0.0";"0.0";"0.0";"0.0";"0.0";"0.0";"0.0";"0.0";"0.0";"0.0";"0.0";"0.0";"0.0";"0.0";"0.0"
"Strategy 3.4.489";"PASSED";"0.86";"NDXm_TICK_UTCPlus02";"M15";"7339.59";"";"1152";"1.25";"1.4";"0.12";"24.47";"0.88";"0.0";"909.52";"0.99";"8.07";"1.13";"64.86";"51.52";"18.06";"15.43";"16.74";"4.03";"0.0";"0.0";"";"0";"0.0";"0.0";"0.0";"0.0";"0.0";"0.0";"0.0";"0.0";"0.0";"0.0";"0.0";"0.0";"0.0";"0.0";"0.0";"0.0"
"Strategy 3.4.515";"PASSED";"0.84";"NDXm_TICK_UTCPlus02";"M15";"5493.36";"";"853";"1.24";"1.2";"0.13";"18.31";"0.79";"0.0";"794.09";"0.92";"6.92";"1.0";"69.24";"51.41";"18.4";"15.04";"16.65";"3.45";"0.0";"0.0";"";"0";"0.0";"0.0";"0.0";"0.0";"0.0";"0.0";"0.0";"0.0";"0.0";"0.0";"0.0";"0.0";"0.0";"0.0";"0.0";"0.0"
"Strategy 3.4.528";"PASSED";"0.79";"NDXm_TICK_UTCPlus02";"M15";"7061.17";"";"2235";"1.13";"1.05";"0.06";"23.54";"0.85";"0.0";"1518.67";"1.11";"4.65";"0.69";"52.35";"51.66";"27.09";"22.82";"25.07";"17.06";"0.0";"0.0";"";"0";"0.0";"0.0";"0.0";"0.0";"0.0";"0.0";"0.0";"0.0";"0.0";"0.0";"0.0";"0.0";"0.0";"0.0";"0.0";"0.0"
"Strategy 3.4.550";"PASSED";"0.86";"NDXm_TICK_UTCPlus02";"M15";"8061.23";"";"865";"1.3";"1.35";"0.18";"26.87";"0.81";"0.0";"1037.07";"0.66";"7.77";"0.97";"103.17";"52.35";"23.38";"14.57";"18.06";"3.45";"0.0";"0.0";"";"0";"0.0";"0.0";"0.0";"0.0";"0.0";"0.0";"0.0";"0.0";"0.0";"0.0";"0.0";"0.0";"0.0";"0.0";"0.0";"0.0"
"Strategy 3.5.416";"PASSED";"0.86";"NDXm_TICK_UTCPlus02";"M15";"8197.7";"";"996";"1.29";"1.53";"0.16";"27.33";"0.9";"0.0";"1059.96";"0.84";"7.73";"1.13";"79.54";"51.5";"14.82";"9.68";"12.02";"2.14";"0.0";"0.0";"";"0";"0.0";"0.0";"0.0";"0.0";"0.0";"0.0";"0.0";"0.0";"0.0";"0.0";"0.0";"0.0";"0.0";"0.0";"0.0";"0.0"
"Strategy 3.5.430";"PASSED";"0.83";"NDXm_TICK_UTCPlus02";"M15";"6364.88";"";"941";"1.21";"1.11";"0.13";"21.22";"0.85";"0.0";"998.4";"0.63";"6.38";"0.85";"99.36";"51.65";"30.44";"16.68";"22.0";"4.96";"0.0";"0.0";"";"0";"0.0";"0.0";"0.0";"0.0";"0.0";"0.0";"0.0";"0.0";"0.0";"0.0";"0.0";"0.0";"0.0";"0.0";"0.0";"0.0"
"Strategy 3.5.441";"PASSED";"0.82";"NDXm_TICK_UTCPlus02";"M15";"7619.8";"";"1901";"1.19";"1.4";"0.08";"25.4";"0.87";"0.0";"1317.44";"1.5";"5.78";"0.7";"41.03";"51.45";"14.09";"14.08";"14.08";"10.08";"0.0";"0.0";"";"0";"0.0";"0.0";"0.0";"0.0";"0.0";"0.0";"0.0";"0.0";"0.0";"0.0";"0.0";"0.0";"0.0";"0.0";"0.0";"0.0"
"Strategy 3.5.449";"PASSED";"0.81";"NDXm_TICK_UTCPlus02";"M15";"6971.55";"";"2089";"1.12";"0.97";"0.07";"23.24";"0.85";"0.0";"1277.65";"0.78";"5.46";"0.71";"72.8";"50.91";"20.67";"13.98";"16.92";"6.72";"0.0";"0.0";"";"0";"0.0";"0.0";"0.0";"0.0";"0.0";"0.0";"0.0";"0.0";"0.0";"0.0";"0.0";"0.0";"0.0";"0.0";"0.0";"0.0"
"Strategy 3.5.452";"PASSED";"0.89";"NDXm_TICK_UTCPlus02";"M15";"8868.44";"";"1078";"1.29";"1.56";"0.16";"29.56";"0.86";"0.0";"848.28";"0.8";"10.45";"1.43";"83.63";"51.85";"26.27";"17.77";"21.54";"4.54";"0.0";"0.0";"";"0";"0.0";"0.0";"0.0";"0.0";"0.0";"0.0";"0.0";"0.0";"0.0";"0.0";"0.0";"0.0";"0.0";"0.0";"0.0";"0.0"
"Strategy 3.5.453";"PASSED";"0.77";"NDXm_TICK_UTCPlus02";"M15";"4474.59";"";"605";"1.27";"1.1";"0.15";"14.92";"0.83";"0.0";"1066.03";"0.83";"4.2";"0.95";"76.94";"50.56";"22.4";"17.27";"19.6";"0.63";"0.0";"0.0";"";"0";"0.0";"0.0";"0.0";"0.0";"0.0";"0.0";"0.0";"0.0";"0.0";"0.0";"0.0";"0.0";"0.0";"0.0";"0.0";"0.0"
"Strategy 3.5.478";"PASSED";"0.85";"NDXm_TICK_UTCPlus02";"M15";"7831.45";"";"1944";"1.17";"1.2";"0.08";"26.11";"0.8";"0.0";"1096.57";"1.11";"7.14";"0.97";"53.9";"51.36";"12.77";"11.55";"12.19";"8.28";"0.0";"0.0";"";"0";"0.0";"0.0";"0.0";"0.0";"0.0";"0.0";"0.0";"0.0";"0.0";"0.0";"0.0";"0.0";"0.0";"0.0";"0.0";"0.0"
"Strategy 3.5.493";"PASSED";"0.85";"NDXm_TICK_UTCPlus02";"M15";"11562.18";"";"4017";"1.09";"1.04";"0.06";"38.54";"0.85";"0.0";"1632.79";"0.64";"7.08";"0.79";"87.18";"51.15";"19.11";"11.56";"14.51";"12.23";"0.0";"0.0";"";"0";"0.0";"0.0";"0.0";"0.0";"0.0";"0.0";"0.0";"0.0";"0.0";"0.0";"0.0";"0.0";"0.0";"0.0";"0.0";"0.0"
"Strategy 3.5.512";"PASSED";"0.73";"NDXm_TICK_UTCPlus02";"M15";"3564.02";"";"877";"1.18";"0.97";"0.08";"11.88";"0.73";"0.0";"1142.25";"1.28";"3.12";"0.7";"46.53";"50.21";"15.03";"13.96";"14.56";"0.34";"0.0";"0.0";"";"0";"0.0";"0.0";"0.0";"0.0";"0.0";"0.0";"0.0";"0.0";"0.0";"0.0";"0.0";"0.0";"0.0";"0.0";"0.0";"0.0"
"Strategy 3.6.312";"PASSED";"0.84";"NDXm_TICK_UTCPlus02";"M15";"11131.36";"";"3876";"1.1";"1.14";"0.06";"37.11";"0.91";"0.0";"1619.13";"0.85";"6.87";"0.84";"66.14";"51.19";"20.81";"16.18";"18.31";"15.63";"0.0";"0.0";"";"0";"0.0";"0.0";"0.0";"0.0";"0.0";"0.0";"0.0";"0.0";"0.0";"0.0";"0.0";"0.0";"0.0";"0.0";"0.0";"0.0"
"Strategy 3.6.319";"PASSED";"0.88";"NDXm_TICK_UTCPlus02";"M15";"14427.36";"";"3144";"1.15";"1.45";"0.09";"48.09";"0.92";"0.0";"1465.04";"0.7";"9.85";"1.22";"84.63";"51.47";"31.68";"21.94";"25.96";"20.08";"0.0";"0.0";"";"0";"0.0";"0.0";"0.0";"0.0";"0.0";"0.0";"0.0";"0.0";"0.0";"0.0";"0.0";"0.0";"0.0";"0.0";"0.0";"0.0"
"Strategy 3.6.326";"PASSED";"0.75";"NDXm_TICK_UTCPlus02";"M15";"3696.16";"";"596";"1.24";"0.99";"0.12";"12.32";"0.85";"0.0";"1026.3";"0.92";"3.6";"0.79";"67.65";"50.49";"23.13";"19.32";"21.15";"0.63";"0.0";"0.0";"";"0";"0.0";"0.0";"0.0";"0.0";"0.0";"0.0";"0.0";"0.0";"0.0";"0.0";"0.0";"0.0";"0.0";"0.0";"0.0";"0.0"
"Strategy 3.6.327";"PASSED";"0.77";"NDXm_TICK_UTCPlus02";"M15";"6848.21";"";"2085";"1.12";"0.94";"0.06";"22.83";"0.86";"0.0";"1689.02";"0.89";"4.05";"0.72";"65.7";"51.97";"23.37";"19.24";"21.18";"13.15";"0.0";"0.0";"";"0";"0.0";"0.0";"0.0";"0.0";"0.0";"0.0";"0.0";"0.0";"0.0";"0.0";"0.0";"0.0";"0.0";"0.0";"0.0";"0.0"
"Strategy 3.6.354";"PASSED";"0.65";"NDXm_TICK_UTCPlus02";"M15";"5150.99";"";"1081";"1.15";"0.84";"0.09";"17.17";"0.67";"0.0";"2579.6";"0.63";"2.0";"0.5";"94.82";"51.79";"32.7";"20.63";"25.29";"4.29";"0.0";"0.0";"";"0";"0.0";"0.0";"0.0";"0.0";"0.0";"0.0";"0.0";"0.0";"0.0";"0.0";"0.0";"0.0";"0.0";"0.0";"0.0";"0.0"
"Strategy 3.6.369";"PASSED";"0.88";"NDXm_TICK_UTCPlus02";"M15";"10688.25";"";"1577";"1.22";"1.37";"0.13";"35.63";"0.86";"0.0";"1103.42";"0.7";"9.69";"1.13";"91.64";"52.57";"27.03";"18.7";"22.13";"10.55";"0.0";"0.0";"";"0";"0.0";"0.0";"0.0";"0.0";"0.0";"0.0";"0.0";"0.0";"0.0";"0.0";"0.0";"0.0";"0.0";"0.0";"0.0";"0.0"
"Strategy 3.6.436";"PASSED";"0.85";"NDXm_TICK_UTCPlus02";"M15";"6129.04";"";"870";"1.27";"1.35";"0.14";"20.43";"0.83";"0.0";"809.42";"0.98";"7.57";"1.12";"66.52";"51.35";"18.11";"14.19";"16.13";"3.32";"0.0";"0.0";"";"0";"0.0";"0.0";"0.0";"0.0";"0.0";"0.0";"0.0";"0.0";"0.0";"0.0";"0.0";"0.0";"0.0";"0.0";"0.0";"0.0"
"Strategy 3.6.474";"PASSED";"0.86";"NDXm_TICK_UTCPlus02";"M15";"8575.51";"";"1852";"1.19";"1.33";"0.09";"28.59";"0.82";"0.0";"1032.11";"1.14";"8.31";"1.03";"53.88";"51.56";"12.36";"10.84";"11.65";"7.77";"0.0";"0.0";"";"0";"0.0";"0.0";"0.0";"0.0";"0.0";"0.0";"0.0";"0.0";"0.0";"0.0";"0.0";"0.0";"0.0";"0.0";"0.0";"0.0"
"Strategy 3.6.497";"PASSED";"0.9";"NDXm_TICK_UTCPlus02";"M15";"16662.14";"";"4451";"1.14";"1.6";"0.07";"55.54";"0.89";"0.0";"1380.81";"0.92";"12.07";"1.14";"63.14";"51.06";"15.08";"11.97";"13.46";"12.69";"0.0";"0.0";"";"0";"0.0";"0.0";"0.0";"0.0";"0.0";"0.0";"0.0";"0.0";"0.0";"0.0";"0.0";"0.0";"0.0";"0.0";"0.0";"0.0"
"Strategy 3.7.346";"PASSED";"0.81";"NDXm_TICK_UTCPlus02";"M15";"7272.42";"";"2869";"1.11";"1.03";"0.05";"24.24";"0.83";"0.0";"1389.5";"1.28";"5.23";"0.67";"44.88";"51.46";"15.69";"15.28";"15.51";"13.82";"0.0";"0.0";"";"0";"0.0";"0.0";"0.0";"0.0";"0.0";"0.0";"0.0";"0.0";"0.0";"0.0";"0.0";"0.0";"0.0";"0.0";"0.0";"0.0"
"Strategy 3.7.455";"PASSED";"0.85";"NDXm_TICK_UTCPlus02";"M15";"9085.0";"";"2355";"1.13";"1.13";"0.07";"30.28";"0.89";"0.0";"1248.73";"0.8";"7.28";"0.99";"73.69";"52.14";"27.66";"19.92";"23.36";"15.92";"0.0";"0.0";"";"0";"0.0";"0.0";"0.0";"0.0";"0.0";"0.0";"0.0";"0.0";"0.0";"0.0";"0.0";"0.0";"0.0";"0.0";"0.0";"0.0"
"Strategy 3.7.456";"PASSED";"0.85";"NDXm_TICK_UTCPlus02";"M15";"7988.65";"";"1990";"1.17";"1.22";"0.08";"26.63";"0.86";"0.0";"1093.64";"1.12";"7.3";"1.01";"53.71";"51.5";"14.83";"13.04";"13.99";"8.78";"0.0";"0.0";"";"0";"0.0";"0.0";"0.0";"0.0";"0.0";"0.0";"0.0";"0.0";"0.0";"0.0";"0.0";"0.0";"0.0";"0.0";"0.0";"0.0"
"Strategy 3.7.483";"PASSED";"0.84";"NDXm_TICK_UTCPlus02";"M15";"7789.3";"";"1438";"1.18";"1.17";"0.11";"25.96";"0.91";"0.0";"1188.84";"0.72";"6.55";"0.82";"84.0";"51.49";"15.8";"10.52";"12.74";"4.2";"0.0";"0.0";"";"0";"0.0";"0.0";"0.0";"0.0";"0.0";"0.0";"0.0";"0.0";"0.0";"0.0";"0.0";"0.0";"0.0";"0.0";"0.0";"0.0"
"Strategy 3.7.502";"PASSED";"0.74";"NDXm_TICK_UTCPlus02";"M15";"7778.09";"";"2122";"1.14";"1.1";"0.07";"25.93";"0.82";"0.0";"2337.85";"0.95";"3.33";"0.88";"62.17";"52.04";"26.7";"22.69";"24.65";"15.29";"0.0";"0.0";"";"0";"0.0";"0.0";"0.0";"0.0";"0.0";"0.0";"0.0";"0.0";"0.0";"0.0";"0.0";"0.0";"0.0";"0.0";"0.0";"0.0"
"Strategy 3.7.507";"PASSED";"0.83";"NDXm_TICK_UTCPlus02";"M15";"4507.43";"";"688";"1.25";"1.11";"0.13";"15.03";"0.86";"0.0";"744.45";"0.97";"6.05";"1.0";"65.67";"50.87";"30.16";"23.28";"26.67";"4.75";"0.0";"0.0";"";"0";"0.0";"0.0";"0.0";"0.0";"0.0";"0.0";"0.0";"0.0";"0.0";"0.0";"0.0";"0.0";"0.0";"0.0";"0.0";"0.0"
"Strategy 3.7.518";"PASSED";"0.81";"NDXm_TICK_UTCPlus02";"M15";"13173.83";"";"3388";"1.12";"1.22";"0.08";"43.91";"0.86";"0.0";"2516.5";"0.63";"5.23";"0.87";"91.36";"51.6";"28.11";"19.27";"22.71";"16.76";"0.0";"0.0";"";"0";"0.0";"0.0";"0.0";"0.0";"0.0";"0.0";"0.0";"0.0";"0.0";"0.0";"0.0";"0.0";"0.0";"0.0";"0.0";"0.0"
"Strategy 3.7.565";"PASSED";"0.87";"NDXm_TICK_UTCPlus02";"M15";"6659.57";"";"790";"1.29";"1.39";"0.16";"22.2";"0.87";"0.0";"735.1";"0.82";"9.06";"1.25";"82.47";"52.0";"17.84";"12.2";"14.74";"2.86";"0.0";"0.0";"";"0";"0.0";"0.0";"0.0";"0.0";"0.0";"0.0";"0.0";"0.0";"0.0";"0.0";"0.0";"0.0";"0.0";"0.0";"0.0";"0.0"
"Strategy 3.8.300";"PASSED";"0.86";"NDXm_TICK_UTCPlus02";"M15";"6897.24";"";"1751";"1.16";"1.13";"0.08";"22.99";"0.89";"0.0";"858.46";"1.11";"8.03";"1.02";"53.75";"51.59";"14.91";"13.17";"14.09";"8.24";"0.0";"0.0";"";"0";"0.0";"0.0";"0.0";"0.0";"0.0";"0.0";"0.0";"0.0";"0.0";"0.0";"0.0";"0.0";"0.0";"0.0";"0.0";"0.0"
"Strategy 3.8.307";"PASSED";"0.84";"NDXm_TICK_UTCPlus02";"M15";"8452.39";"";"1925";"1.17";"1.24";"0.09";"28.18";"0.88";"0.0";"1285.18";"1.05";"6.58";"0.81";"57.88";"51.54";"13.12";"11.18";"12.17";"8.19";"0.0";"0.0";"";"0";"0.0";"0.0";"0.0";"0.0";"0.0";"0.0";"0.0";"0.0";"0.0";"0.0";"0.0";"0.0";"0.0";"0.0";"0.0";"0.0"
"Strategy 3.8.371";"PASSED";"0.91";"NDXm_TICK_UTCPlus02";"M15";"18166.33";"";"4391";"1.16";"1.76";"0.08";"60.55";"0.91";"0.0";"1331.03";"0.94";"13.65";"1.24";"63.12";"51.08";"15.19";"12.13";"13.61";"12.77";"0.0";"0.0";"";"0";"0.0";"0.0";"0.0";"0.0";"0.0";"0.0";"0.0";"0.0";"0.0";"0.0";"0.0";"0.0";"0.0";"0.0";"0.0";"0.0"
"Strategy 3.8.383";"PASSED";"0.83";"NDXm_TICK_UTCPlus02";"M15";"6423.81";"";"1834";"1.13";"1.01";"0.07";"21.41";"0.89";"0.0";"1037.74";"0.98";"6.19";"0.87";"59.87";"51.64";"32.68";"26.55";"29.58";"16.6";"0.0";"0.0";"";"0";"0.0";"0.0";"0.0";"0.0";"0.0";"0.0";"0.0";"0.0";"0.0";"0.0";"0.0";"0.0";"0.0";"0.0";"0.0";"0.0"
"Strategy 3.8.388";"PASSED";"0.88";"NDXm_TICK_UTCPlus02";"M15";"9473.53";"";"1991";"1.17";"1.32";"0.09";"31.58";"0.88";"0.0";"1014.54";"0.91";"9.34";"1.18";"67.51";"52.05";"28.29";"21.16";"24.55";"14.66";"0.0";"0.0";"";"0";"0.0";"0.0";"0.0";"0.0";"0.0";"0.0";"0.0";"0.0";"0.0";"0.0";"0.0";"0.0";"0.0";"0.0";"0.0";"0.0"
"Strategy 3.8.412";"PASSED";"0.84";"NDXm_TICK_UTCPlus02";"M15";"5683.62";"";"1668";"1.17";"1.13";"0.07";"18.95";"0.85";"0.0";"809.31";"1.52";"7.02";"0.91";"39.54";"51.5";"16.88";"18.54";"17.54";"9.75";"0.0";"0.0";"";"0";"0.0";"0.0";"0.0";"0.0";"0.0";"0.0";"0.0";"0.0";"0.0";"0.0";"0.0";"0.0";"0.0";"0.0";"0.0";"0.0"
"Strategy 3.8.424";"PASSED";"0.82";"NDXm_TICK_UTCPlus02";"M15";"8181.75";"";"2962";"1.12";"1.14";"0.05";"27.27";"0.85";"0.0";"1447.37";"1.29";"5.65";"0.81";"44.93";"51.52";"15.93";"15.6";"15.78";"14.54";"0.0";"0.0";"";"0";"0.0";"0.0";"0.0";"0.0";"0.0";"0.0";"0.0";"0.0";"0.0";"0.0";"0.0";"0.0";"0.0";"0.0";"0.0";"0.0"
"Strategy 3.8.439";"PASSED";"0.84";"NDXm_TICK_UTCPlus02";"M15";"6365.3";"";"2311";"1.13";"1.07";"0.05";"21.22";"0.89";"0.0";"967.52";"1.47";"6.58";"0.92";"39.55";"51.3";"16.85";"17.84";"17.25";"12.56";"0.0";"0.0";"";"0";"0.0";"0.0";"0.0";"0.0";"0.0";"0.0";"0.0";"0.0";"0.0";"0.0";"0.0";"0.0";"0.0";"0.0";"0.0";"0.0"
"Strategy 3.8.451";"PASSED";"0.85";"NDXm_TICK_UTCPlus02";"M15";"7727.69";"";"1791";"1.16";"1.15";"0.08";"25.76";"0.9";"0.0";"1078.54";"0.96";"7.16";"0.94";"62.78";"51.65";"15.63";"13.98";"14.79";"7.94";"0.0";"0.0";"";"0";"0.0";"0.0";"0.0";"0.0";"0.0";"0.0";"0.0";"0.0";"0.0";"0.0";"0.0";"0.0";"0.0";"0.0";"0.0";"0.0"
"Strategy 3.8.515";"PASSED";"0.83";"NDXm_TICK_UTCPlus02";"M15";"10337.0";"";"3152";"1.11";"1.1";"0.06";"34.46";"0.88";"0.0";"1706.57";"0.77";"6.06";"0.87";"74.16";"51.43";"28.41";"20.37";"23.87";"16.47";"0.0";"0.0";"";"0";"0.0";"0.0";"0.0";"0.0";"0.0";"0.0";"0.0";"0.0";"0.0";"0.0";"0.0";"0.0";"0.0";"0.0";"0.0";"0.0"
"Strategy 3.8.517";"PASSED";"0.86";"NDXm_TICK_UTCPlus02";"M15";"14024.0";"";"4320";"1.11";"1.32";"0.06";"46.75";"0.88";"0.0";"1761.85";"0.8";"7.96";"1.03";"71.48";"51.13";"20.06";"14.01";"16.69";"14.92";"0.0";"0.0";"";"0";"0.0";"0.0";"0.0";"0.0";"0.0";"0.0";"0.0";"0.0";"0.0";"0.0";"0.0";"0.0";"0.0";"0.0";"0.0";"0.0"
"Strategy 3.8.523";"PASSED";"0.79";"NDXm_TICK_UTCPlus02";"M15";"6438.97";"";"1985";"1.12";"0.94";"0.06";"21.46";"0.81";"0.0";"1342.55";"0.95";"4.8";"0.71";"60.75";"51.27";"18.64";"16.17";"17.37";"7.27";"0.0";"0.0";"";"0";"0.0";"0.0";"0.0";"0.0";"0.0";"0.0";"0.0";"0.0";"0.0";"0.0";"0.0";"0.0";"0.0";"0.0";"0.0";"0.0"
"Strategy 3.9.364";"PASSED";"0.82";"NDXm_TICK_UTCPlus02";"M15";"8804.78";"";"2661";"1.12";"1.07";"0.06";"29.35";"0.86";"0.0";"1500.63";"0.87";"5.87";"0.75";"65.92";"51.33";"29.8";"24.41";"26.92";"15.67";"0.0";"0.0";"";"0";"0.0";"0.0";"0.0";"0.0";"0.0";"0.0";"0.0";"0.0";"0.0";"0.0";"0.0";"0.0";"0.0";"0.0";"0.0";"0.0"
"Strategy 3.9.397";"PASSED";"0.65";"NDXm_TICK_UTCPlus02";"M15";"4640.98";"";"1409";"1.11";"0.75";"0.07";"15.47";"0.67";"0.0";"2262.48";"0.71";"2.05";"0.51";"78.66";"50.53";"38.67";"30.54";"33.92";"4.08";"0.0";"0.0";"";"0";"0.0";"0.0";"0.0";"0.0";"0.0";"0.0";"0.0";"0.0";"0.0";"0.0";"0.0";"0.0";"0.0";"0.0";"0.0";"0.0"
"Strategy 3.9.399";"PASSED";"0.75";"NDXm_TICK_UTCPlus02";"M15";"7396.53";"";"1108";"1.21";"1.19";"0.13";"24.65";"0.82";"0.0";"2107.55";"0.66";"3.51";"0.89";"95.67";"51.94";"31.5";"20.61";"24.93";"4.83";"0.0";"0.0";"";"0";"0.0";"0.0";"0.0";"0.0";"0.0";"0.0";"0.0";"0.0";"0.0";"0.0";"0.0";"0.0";"0.0";"0.0";"0.0";"0.0"
"Strategy 3.9.403";"PASSED";"0.81";"NDXm_TICK_UTCPlus02";"M15";"6589.39";"";"2144";"1.13";"1.01";"0.06";"21.96";"0.88";"0.0";"1197.44";"1.1";"5.5";"0.79";"52.66";"51.67";"27.32";"23.61";"25.56";"16.47";"0.0";"0.0";"";"0";"0.0";"0.0";"0.0";"0.0";"0.0";"0.0";"0.0";"0.0";"0.0";"0.0";"0.0";"0.0";"0.0";"0.0";"0.0";"0.0"
"Strategy 3.9.467";"PASSED";"0.85";"NDXm_TICK_UTCPlus02";"M15";"8366.25";"";"2789";"1.13";"1.19";"0.06";"27.89";"0.91";"0.0";"1158.89";"1.3";"7.22";"0.91";"44.93";"51.55";"15.45";"15.14";"15.32";"13.82";"0.0";"0.0";"";"0";"0.0";"0.0";"0.0";"0.0";"0.0";"0.0";"0.0";"0.0";"0.0";"0.0";"0.0";"0.0";"0.0";"0.0";"0.0";"0.0"
"Strategy 3.9.490";"PASSED";"0.81";"NDXm_TICK_UTCPlus02";"M15";"11774.55";"";"3303";"1.13";"1.37";"0.07";"39.25";"0.87";"0.0";"2204.62";"0.91";"5.34";"0.94";"63.49";"51.12";"21.29";"17.01";"19.05";"13.95";"0.0";"0.0";"";"0";"0.0";"0.0";"0.0";"0.0";"0.0";"0.0";"0.0";"0.0";"0.0";"0.0";"0.0";"0.0";"0.0";"0.0";"0.0";"0.0"
"Strategy 3.9.506";"PASSED";"0.87";"NDXm_TICK_UTCPlus02";"M15";"14058.27";"";"3683";"1.14";"1.44";"0.07";"46.86";"0.89";"0.0";"1649.57";"0.86";"8.52";"0.86";"67.92";"51.08";"16.49";"13.0";"14.61";"11.43";"0.0";"0.0";"";"0";"0.0";"0.0";"0.0";"0.0";"0.0";"0.0";"0.0";"0.0";"0.0";"0.0";"0.0";"0.0";"0.0";"0.0";"0.0";"0.0"
"Strategy 3.9.522";"PASSED";"0.9";"NDXm_TICK_UTCPlus02";"M15";"13341.18";"";"2802";"1.18";"1.58";"0.09";"44.47";"0.92";"0.0";"1124.18";"0.88";"11.87";"1.23";"68.15";"51.14";"19.55";"14.85";"17.05";"10.0";"0.0";"0.0";"";"0";"0.0";"0.0";"0.0";"0.0";"0.0";"0.0";"0.0";"0.0";"0.0";"0.0";"0.0";"0.0";"0.0";"0.0";"0.0";"0.0"
"Strategy 3.9.531";"PASSED";"0.83";"NDXm_TICK_UTCPlus02";"M15";"8494.42";"";"1586";"1.17";"1.13";"0.1";"28.31";"0.89";"0.0";"1372.83";"0.63";"6.19";"0.91";"96.87";"52.61";"41.67";"26.28";"32.25";"16.89";"0.0";"0.0";"";"0";"0.0";"0.0";"0.0";"0.0";"0.0";"0.0";"0.0";"0.0";"0.0";"0.0";"0.0";"0.0";"0.0";"0.0";"0.0";"0.0"
"Strategy 4.1.350";"PASSED";"0.83";"NDXm_TICK_UTCPlus02";"M15";"9391.65";"";"1868";"1.18";"1.31";"0.1";"31.31";"0.91";"0.0";"1531.93";"0.81";"6.13";"0.84";"74.45";"51.33";"31.99";"25.99";"28.68";"11.26";"0.0";"0.0";"";"0";"0.0";"0.0";"0.0";"0.0";"0.0";"0.0";"0.0";"0.0";"0.0";"0.0";"0.0";"0.0";"0.0";"0.0";"0.0";"0.0"
"Strategy 4.1.493";"PASSED";"0.82";"NDXm_TICK_UTCPlus02";"M15";"6947.76";"";"2916";"1.11";"1.03";"0.05";"23.16";"0.88";"0.0";"1217.73";"1.33";"5.71";"0.68";"42.72";"51.23";"18.89";"19.58";"19.19";"12.56";"0.0";"0.0";"";"0";"0.0";"0.0";"0.0";"0.0";"0.0";"0.0";"0.0";"0.0";"0.0";"0.0";"0.0";"0.0";"0.0";"0.0";"0.0";"0.0"
"Strategy 4.1.511";"PASSED";"0.84";"NDXm_TICK_UTCPlus02";"M15";"3991.05";"";"520";"1.33";"1.23";"0.15";"13.3";"0.86";"0.0";"579.53";"1.15";"6.89";"0.92";"58.0";"50.14";"11.4";"10.17";"10.83";"0.55";"0.0";"0.0";"";"0";"0.0";"0.0";"0.0";"0.0";"0.0";"0.0";"0.0";"0.0";"0.0";"0.0";"0.0";"0.0";"0.0";"0.0";"0.0";"0.0"
"Strategy 4.1.558";"PASSED";"0.78";"NDXm_TICK_UTCPlus02";"M15";"5054.14";"";"1908";"1.11";"0.84";"0.05";"16.85";"0.88";"0.0";"1129.35";"1.1";"4.48";"0.69";"51.56";"50.99";"18.41";"16.01";"17.27";"8.78";"0.0";"0.0";"";"0";"0.0";"0.0";"0.0";"0.0";"0.0";"0.0";"0.0";"0.0";"0.0";"0.0";"0.0";"0.0";"0.0";"0.0";"0.0";"0.0"
"Strategy 4.10.300";"PASSED";"0.87";"NDXm_TICK_UTCPlus02";"M15";"11966.49";"";"3680";"1.12";"1.32";"0.06";"39.89";"0.9";"0.0";"1418.13";"0.94";"8.44";"0.98";"61.09";"51.11";"27.63";"21.77";"24.61";"21.76";"0.0";"0.0";"";"0";"0.0";"0.0";"0.0";"0.0";"0.0";"0.0";"0.0";"0.0";"0.0";"0.0";"0.0";"0.0";"0.0";"0.0";"0.0";"0.0"
"Strategy 4.10.328";"PASSED";"0.83";"NDXm_TICK_UTCPlus02";"M15";"13983.24";"";"3749";"1.12";"1.27";"0.07";"46.61";"0.88";"0.0";"2223.91";"0.66";"6.29";"0.99";"86.78";"51.36";"21.26";"14.38";"17.12";"14.24";"0.0";"0.0";"";"0";"0.0";"0.0";"0.0";"0.0";"0.0";"0.0";"0.0";"0.0";"0.0";"0.0";"0.0";"0.0";"0.0";"0.0";"0.0";"0.0"
"Strategy 4.10.341";"PASSED";"0.71";"NDXm_TICK_UTCPlus02";"M15";"3341.94";"";"1107";"1.12";"0.72";"0.06";"11.14";"0.83";"0.0";"1204.15";"1.01";"2.78";"0.51";"56.57";"51.02";"41.78";"38.81";"40.3";"6.26";"0.0";"0.0";"";"0";"0.0";"0.0";"0.0";"0.0";"0.0";"0.0";"0.0";"0.0";"0.0";"0.0";"0.0";"0.0";"0.0";"0.0";"0.0";"0.0"
"Strategy 4.10.356";"PASSED";"0.82";"NDXm_TICK_UTCPlus02";"M15";"10099.52";"";"1947";"1.17";"1.24";"0.1";"33.66";"0.89";"0.0";"1760.69";"0.67";"5.74";"1.0";"88.99";"51.19";"20.26";"15.01";"17.12";"7.73";"0.0";"0.0";"";"0";"0.0";"0.0";"0.0";"0.0";"0.0";"0.0";"0.0";"0.0";"0.0";"0.0";"0.0";"0.0";"0.0";"0.0";"0.0";"0.0"
"Strategy 4.10.375";"PASSED";"0.68";"NDXm_TICK_UTCPlus02";"M15";"6018.75";"";"1334";"1.14";"0.92";"0.09";"20.06";"0.72";"0.0";"2537.07";"0.63";"2.37";"0.59";"92.33";"50.71";"29.61";"21.44";"24.59";"3.95";"0.0";"0.0";"";"0";"0.0";"0.0";"0.0";"0.0";"0.0";"0.0";"0.0";"0.0";"0.0";"0.0";"0.0";"0.0";"0.0";"0.0";"0.0";"0.0"
"Strategy 4.10.440";"PASSED";"0.85";"NDXm_TICK_UTCPlus02";"M15";"5577.15";"";"726";"1.31";"1.35";"0.15";"18.59";"0.68";"0.0";"753.23";"1.12";"7.4";"1.27";"60.92";"52.09";"14.6";"14.28";"14.45";"4.96";"0.0";"0.0";"";"0";"0.0";"0.0";"0.0";"0.0";"0.0";"0.0";"0.0";"0.0";"0.0";"0.0";"0.0";"0.0";"0.0";"0.0";"0.0";"0.0"
"Strategy 4.10.450";"PASSED";"0.84";"NDXm_TICK_UTCPlus02";"M15";"9544.94";"";"1978";"1.19";"1.46";"0.09";"31.82";"0.86";"0.0";"1429.59";"1.02";"6.68";"1.2";"59.75";"51.1";"24.91";"23.15";"24.04";"9.83";"0.0";"0.0";"";"0";"0.0";"0.0";"0.0";"0.0";"0.0";"0.0";"0.0";"0.0";"0.0";"0.0";"0.0";"0.0";"0.0";"0.0";"0.0";"0.0"
"Strategy 4.10.456";"PASSED";"0.85";"NDXm_TICK_UTCPlus02";"M15";"6545.98";"";"1514";"1.17";"1.16";"0.08";"21.82";"0.9";"0.0";"889.76";"1.05";"7.36";"0.94";"57.05";"51.11";"26.78";"24.71";"25.77";"8.91";"0.0";"0.0";"";"0";"0.0";"0.0";"0.0";"0.0";"0.0";"0.0";"0.0";"0.0";"0.0";"0.0";"0.0";"0.0";"0.0";"0.0";"0.0";"0.0"
"Strategy 4.10.466";"PASSED";"0.79";"NDXm_TICK_UTCPlus02";"M15";"6624.57";"";"1670";"1.16";"1.16";"0.08";"22.08";"0.87";"0.0";"1422.21";"1.12";"4.66";"0.6";"53.07";"51.13";"22.39";"20.58";"21.54";"7.98";"0.0";"0.0";"";"0";"0.0";"0.0";"0.0";"0.0";"0.0";"0.0";"0.0";"0.0";"0.0";"0.0";"0.0";"0.0";"0.0";"0.0";"0.0";"0.0"
"Strategy 4.10.467";"PASSED";"0.79";"NDXm_TICK_UTCPlus02";"M15";"6770.57";"";"1688";"1.17";"1.2";"0.08";"22.57";"0.87";"0.0";"1418.12";"1.12";"4.77";"1.03";"53.09";"50.99";"23.07";"21.39";"22.28";"7.98";"0.0";"0.0";"";"0";"0.0";"0.0";"0.0";"0.0";"0.0";"0.0";"0.0";"0.0";"0.0";"0.0";"0.0";"0.0";"0.0";"0.0";"0.0";"0.0"
"Strategy 4.10.473";"PASSED";"0.84";"NDXm_TICK_UTCPlus02";"M15";"9354.05";"";"2308";"1.13";"1.12";"0.08";"31.18";"0.92";"0.0";"1425.42";"0.66";"6.56";"0.85";"85.7";"50.16";"27.48";"19.71";"22.81";"1.76";"0.0";"0.0";"";"0";"0.0";"0.0";"0.0";"0.0";"0.0";"0.0";"0.0";"0.0";"0.0";"0.0";"0.0";"0.0";"0.0";"0.0";"0.0";"0.0"
"Strategy 4.10.501";"PASSED";"0.88";"NDXm_TICK_UTCPlus02";"M15";"13703.64";"";"4167";"1.12";"1.32";"0.06";"45.68";"0.89";"0.0";"1453.61";"0.81";"9.43";"1.13";"70.35";"51.31";"22.7";"17.77";"19.98";"18.24";"0.0";"0.0";"";"0";"0.0";"0.0";"0.0";"0.0";"0.0";"0.0";"0.0";"0.0";"0.0";"0.0";"0.0";"0.0";"0.0";"0.0";"0.0";"0.0"
"Strategy 4.10.503";"PASSED";"0.86";"NDXm_TICK_UTCPlus02";"M15";"5519.78";"";"1341";"1.19";"1.21";"0.08";"18.4";"0.82";"0.0";"697.74";"1.39";"7.91";"1.0";"44.24";"51.67";"21.16";"22.04";"21.53";"8.91";"0.0";"0.0";"";"0";"0.0";"0.0";"0.0";"0.0";"0.0";"0.0";"0.0";"0.0";"0.0";"0.0";"0.0";"0.0";"0.0";"0.0";"0.0";"0.0"
"Strategy 4.10.513";"PASSED";"0.86";"NDXm_TICK_UTCPlus02";"M15";"7677.14";"";"1794";"1.17";"1.23";"0.08";"25.59";"0.83";"0.0";"974.51";"1.0";"7.88";"0.96";"59.74";"51.06";"26.02";"22.51";"24.26";"9.03";"0.0";"0.0";"";"0";"0.0";"0.0";"0.0";"0.0";"0.0";"0.0";"0.0";"0.0";"0.0";"0.0";"0.0";"0.0";"0.0";"0.0";"0.0";"0.0"
"Strategy 4.10.514";"PASSED";"0.85";"NDXm_TICK_UTCPlus02";"M15";"10050.46";"";"2775";"1.11";"1.04";"0.07";"33.5";"0.88";"0.0";"1424.25";"0.62";"7.06";"0.81";"92.04";"51.36";"35.0";"21.59";"26.73";"18.74";"0.0";"0.0";"";"0";"0.0";"0.0";"0.0";"0.0";"0.0";"0.0";"0.0";"0.0";"0.0";"0.0";"0.0";"0.0";"0.0";"0.0";"0.0";"0.0"
"Strategy 4.10.515";"PASSED";"0.85";"NDXm_TICK_UTCPlus02";"M15";"11217.43";"";"3109";"1.12";"1.25";"0.07";"37.39";"0.9";"0.0";"1569.45";"0.76";"7.15";"0.82";"75.23";"51.0";"18.24";"13.61";"15.61";"8.03";"0.0";"0.0";"";"0";"0.0";"0.0";"0.0";"0.0";"0.0";"0.0";"0.0";"0.0";"0.0";"0.0";"0.0";"0.0";"0.0";"0.0";"0.0";"0.0"
"Strategy 4.10.516";"PASSED";"0.82";"NDXm_TICK_UTCPlus02";"M15";"8875.29";"";"2558";"1.16";"1.34";"0.07";"29.58";"0.86";"0.0";"1495.65";"1.31";"5.93";"0.81";"45.03";"51.17";"9.81";"10.72";"10.2";"6.93";"0.0";"0.0";"";"0";"0.0";"0.0";"0.0";"0.0";"0.0";"0.0";"0.0";"0.0";"0.0";"0.0";"0.0";"0.0";"0.0";"0.0";"0.0";"0.0"
"Strategy 4.10.519";"PASSED";"0.84";"NDXm_TICK_UTCPlus02";"M15";"8571.38";"";"2378";"1.15";"1.25";"0.07";"28.57";"0.9";"0.0";"1288.27";"1.14";"6.65";"1.07";"51.73";"51.28";"10.17";"10.11";"10.14";"6.64";"0.0";"0.0";"";"0";"0.0";"0.0";"0.0";"0.0";"0.0";"0.0";"0.0";"0.0";"0.0";"0.0";"0.0";"0.0";"0.0";"0.0";"0.0";"0.0"
"Strategy 4.10.522";"PASSED";"0.82";"NDXm_TICK_UTCPlus02";"M15";"9037.93";"";"2398";"1.14";"1.2";"0.07";"30.13";"0.86";"0.0";"1548.22";"0.89";"5.84";"0.82";"65.64";"51.46";"29.0";"23.76";"26.23";"10.5";"0.0";"0.0";"";"0";"0.0";"0.0";"0.0";"0.0";"0.0";"0.0";"0.0";"0.0";"0.0";"0.0";"0.0";"0.0";"0.0";"0.0";"0.0";"0.0"
"Strategy 4.10.542";"PASSED";"0.78";"NDXm_TICK_UTCPlus02";"M15";"9055.71";"";"3372";"1.13";"1.29";"0.05";"30.19";"0.86";"0.0";"2096.33";"1.42";"4.32";"1.09";"40.02";"50.42";"10.4";"10.29";"10.36";"6.68";"0.0";"0.0";"";"0";"0.0";"0.0";"0.0";"0.0";"0.0";"0.0";"0.0";"0.0";"0.0";"0.0";"0.0";"0.0";"0.0";"0.0";"0.0";"0.0"
"Strategy 4.10.548";"PASSED";"0.77";"NDXm_TICK_UTCPlus02";"M15";"7609.79";"";"2152";"1.15";"1.26";"0.07";"25.37";"0.86";"0.0";"1835.34";"1.24";"4.15";"0.87";"47.66";"51.25";"22.04";"21.88";"21.96";"9.62";"0.0";"0.0";"";"0";"0.0";"0.0";"0.0";"0.0";"0.0";"0.0";"0.0";"0.0";"0.0";"0.0";"0.0";"0.0";"0.0";"0.0";"0.0";"0.0"
"Strategy 4.10.568";"PASSED";"0.85";"NDXm_TICK_UTCPlus02";"M15";"9374.25";"";"1793";"1.19";"1.36";"0.1";"31.25";"0.88";"0.0";"1266.3";"0.86";"7.4";"1.15";"70.87";"51.23";"24.7";"20.33";"22.35";"8.45";"0.0";"0.0";"";"0";"0.0";"0.0";"0.0";"0.0";"0.0";"0.0";"0.0";"0.0";"0.0";"0.0";"0.0";"0.0";"0.0";"0.0";"0.0";"0.0"
"Strategy 4.11.297";"PASSED";"0.85";"NDXm_TICK_UTCPlus02";"M15";"6150.69";"";"1606";"1.17";"1.2";"0.08";"20.5";"0.88";"0.0";"862.58";"1.31";"7.13";"0.9";"45.57";"50.89";"23.79";"24.24";"23.99";"8.03";"0.0";"0.0";"";"0";"0.0";"0.0";"0.0";"0.0";"0.0";"0.0";"0.0";"0.0";"0.0";"0.0";"0.0";"0.0";"0.0";"0.0";"0.0";"0.0"
"Strategy 4.11.306";"PASSED";"0.7";"NDXm_TICK_UTCPlus02";"M15";"3597.6";"";"1212";"1.14";"0.88";"0.06";"11.99";"0.66";"0.0";"1379.55";"1.34";"2.61";"0.59";"42.61";"49.97";"10.23";"11.95";"10.96";"0.67";"0.0";"0.0";"";"0";"0.0";"0.0";"0.0";"0.0";"0.0";"0.0";"0.0";"0.0";"0.0";"0.0";"0.0";"0.0";"0.0";"0.0";"0.0";"0.0"
"Strategy 4.11.328";"PASSED";"0.8";"NDXm_TICK_UTCPlus02";"M15";"6214.18";"";"1552";"1.16";"1.05";"0.08";"20.71";"0.87";"0.0";"1268.3";"0.98";"4.9";"0.64";"60.0";"51.13";"30.13";"26.68";"28.39";"9.5";"0.0";"0.0";"";"0";"0.0";"0.0";"0.0";"0.0";"0.0";"0.0";"0.0";"0.0";"0.0";"0.0";"0.0";"0.0";"0.0";"0.0";"0.0";"0.0"
"Strategy 4.11.347";"PASSED";"0.84";"NDXm_TICK_UTCPlus02";"M15";"9139.36";"";"2140";"1.14";"1.11";"0.08";"30.46";"0.91";"0.0";"1381.7";"0.64";"6.61";"0.81";"90.15";"50.79";"25.3";"17.41";"20.49";"4.83";"0.0";"0.0";"";"0";"0.0";"0.0";"0.0";"0.0";"0.0";"0.0";"0.0";"0.0";"0.0";"0.0";"0.0";"0.0";"0.0";"0.0";"0.0";"0.0"
"Strategy 4.11.392";"PASSED";"0.82";"NDXm_TICK_UTCPlus02";"M15";"7821.79";"";"1982";"1.17";"1.28";"0.08";"26.07";"0.88";"0.0";"1396.31";"1.21";"5.6";"0.95";"49.51";"51.06";"16.41";"16.07";"16.26";"6.89";"0.0";"0.0";"";"0";"0.0";"0.0";"0.0";"0.0";"0.0";"0.0";"0.0";"0.0";"0.0";"0.0";"0.0";"0.0";"0.0";"0.0";"0.0";"0.0"
"Strategy 4.11.398";"PASSED";"0.83";"NDXm_TICK_UTCPlus02";"M15";"6369.26";"";"1546";"1.16";"1.07";"0.08";"21.23";"0.9";"0.0";"992.12";"0.95";"6.42";"0.84";"62.25";"51.22";"25.54";"23.08";"24.28";"8.49";"0.0";"0.0";"";"0";"0.0";"0.0";"0.0";"0.0";"0.0";"0.0";"0.0";"0.0";"0.0";"0.0";"0.0";"0.0";"0.0";"0.0";"0.0";"0.0"
"Strategy 4.11.418";"PASSED";"0.76";"NDXm_TICK_UTCPlus02";"M15";"6578.08";"";"1979";"1.15";"1.14";"0.07";"21.93";"0.84";"0.0";"1765.94";"1.22";"3.72";"0.9";"47.69";"50.96";"21.97";"21.33";"21.69";"9.37";"0.0";"0.0";"";"0";"0.0";"0.0";"0.0";"0.0";"0.0";"0.0";"0.0";"0.0";"0.0";"0.0";"0.0";"0.0";"0.0";"0.0";"0.0";"0.0"
"Strategy 4.11.449";"PASSED";"0.81";"NDXm_TICK_UTCPlus02";"M15";"7187.44";"";"2172";"1.11";"0.91";"0.06";"23.96";"0.83";"0.0";"1355.74";"0.7";"5.3";"0.68";"80.67";"51.01";"22.8";"15.13";"18.29";"8.99";"0.0";"0.0";"";"0";"0.0";"0.0";"0.0";"0.0";"0.0";"0.0";"0.0";"0.0";"0.0";"0.0";"0.0";"0.0";"0.0";"0.0";"0.0";"0.0"
"Strategy 4.11.488";"PASSED";"0.83";"NDXm_TICK_UTCPlus02";"M15";"5807.92";"";"991";"1.24";"1.22";"0.11";"19.36";"0.83";"0.0";"957.71";"1.1";"6.06";"0.84";"58.1";"51.81";"12.85";"10.73";"11.84";"5.38";"0.0";"0.0";"";"0";"0.0";"0.0";"0.0";"0.0";"0.0";"0.0";"0.0";"0.0";"0.0";"0.0";"0.0";"0.0";"0.0";"0.0";"0.0";"0.0"
"Strategy 4.11.510";"PASSED";"0.86";"NDXm_TICK_UTCPlus02";"M15";"8858.57";"";"1822";"1.18";"1.33";"0.1";"29.53";"0.86";"0.0";"1094.34";"0.92";"8.09";"0.98";"65.96";"51.1";"25.46";"20.4";"22.82";"8.95";"0.0";"0.0";"";"0";"0.0";"0.0";"0.0";"0.0";"0.0";"0.0";"0.0";"0.0";"0.0";"0.0";"0.0";"0.0";"0.0";"0.0";"0.0";"0.0"
"Strategy 4.11.514";"PASSED";"0.77";"NDXm_TICK_UTCPlus02";"M15";"4036.08";"";"524";"1.26";"1.02";"0.15";"13.45";"0.79";"0.0";"1003.36";"0.78";"4.02";"0.61";"83.83";"51.85";"30.87";"22.8";"26.34";"2.61";"0.0";"0.0";"";"0";"0.0";"0.0";"0.0";"0.0";"0.0";"0.0";"0.0";"0.0";"0.0";"0.0";"0.0";"0.0";"0.0";"0.0";"0.0";"0.0"
"Strategy 4.11.517";"PASSED";"0.67";"NDXm_TICK_UTCPlus02";"M15";"7231.13";"";"2286";"1.11";"0.95";"0.06";"24.1";"0.62";"0.0";"3258.0";"0.75";"2.22";"0.61";"75.48";"51.1";"30.47";"22.93";"26.16";"10.97";"0.0";"0.0";"";"0";"0.0";"0.0";"0.0";"0.0";"0.0";"0.0";"0.0";"0.0";"0.0";"0.0";"0.0";"0.0";"0.0";"0.0";"0.0";"0.0"
"Strategy 4.11.538";"PASSED";"0.8";"NDXm_TICK_UTCPlus02";"M15";"9069.55";"";"1715";"1.17";"1.18";"0.1";"30.23";"0.88";"0.0";"1878.24";"0.67";"4.83";"0.83";"89.02";"51.21";"26.04";"18.61";"21.61";"6.81";"0.0";"0.0";"";"0";"0.0";"0.0";"0.0";"0.0";"0.0";"0.0";"0.0";"0.0";"0.0";"0.0";"0.0";"0.0";"0.0";"0.0";"0.0";"0.0"
"Strategy 4.11.574";"PASSED";"0.82";"NDXm_TICK_UTCPlus02";"M15";"8844.23";"";"2207";"1.13";"1.02";"0.08";"29.48";"0.83";"0.0";"1509.23";"0.61";"5.86";"0.78";"94.55";"51.31";"28.91";"19.28";"22.93";"6.13";"0.0";"0.0";"";"0";"0.0";"0.0";"0.0";"0.0";"0.0";"0.0";"0.0";"0.0";"0.0";"0.0";"0.0";"0.0";"0.0";"0.0";"0.0";"0.0"
"Strategy 4.11.580";"PASSED";"0.88";"NDXm_TICK_UTCPlus02";"M15";"13377.84";"";"3852";"1.12";"1.36";"0.07";"44.59";"0.84";"0.0";"1383.97";"0.82";"9.67";"1.1";"70.31";"51.31";"23.56";"18.16";"20.59";"16.26";"0.0";"0.0";"";"0";"0.0";"0.0";"0.0";"0.0";"0.0";"0.0";"0.0";"0.0";"0.0";"0.0";"0.0";"0.0";"0.0";"0.0";"0.0";"0.0"
"Strategy 4.2.325";"PASSED";"0.73";"NDXm_TICK_UTCPlus02";"M15";"2870.15";"";"959";"1.13";"0.69";"0.06";"9.57";"0.85";"0.0";"881.62";"1.16";"3.26";"0.53";"49.26";"50.68";"15.93";"15.01";"15.5";"3.11";"0.0";"0.0";"";"0";"0.0";"0.0";"0.0";"0.0";"0.0";"0.0";"0.0";"0.0";"0.0";"0.0";"0.0";"0.0";"0.0";"0.0";"0.0";"0.0"
"Strategy 4.2.369";"PASSED";"0.83";"NDXm_TICK_UTCPlus02";"M15";"7688.84";"";"1699";"1.16";"1.13";"0.09";"25.63";"0.85";"0.0";"1219.27";"0.8";"6.31";"0.81";"74.45";"51.53";"31.7";"25.21";"28.1";"10.92";"0.0";"0.0";"";"0";"0.0";"0.0";"0.0";"0.0";"0.0";"0.0";"0.0";"0.0";"0.0";"0.0";"0.0";"0.0";"0.0";"0.0";"0.0";"0.0"
"Strategy 4.2.410";"PASSED";"0.74";"NDXm_TICK_UTCPlus02";"M15";"2813.04";"";"656";"1.16";"0.7";"0.08";"9.38";"0.89";"0.0";"808.3";"0.91";"3.48";"0.54";"66.19";"51.85";"24.91";"21.3";"23.02";"4.08";"0.0";"0.0";"";"0";"0.0";"0.0";"0.0";"0.0";"0.0";"0.0";"0.0";"0.0";"0.0";"0.0";"0.0";"0.0";"0.0";"0.0";"0.0";"0.0"
"Strategy 4.2.419";"PASSED";"0.84";"NDXm_TICK_UTCPlus02";"M15";"4890.55";"";"655";"1.26";"1.11";"0.15";"16.3";"0.83";"0.0";"703.78";"0.76";"6.95";"0.97";"83.35";"50.26";"19.8";"13.11";"16.0";"0.84";"0.0";"0.0";"";"0";"0.0";"0.0";"0.0";"0.0";"0.0";"0.0";"0.0";"0.0";"0.0";"0.0";"0.0";"0.0";"0.0";"0.0";"0.0";"0.0"
"Strategy 4.2.454";"PASSED";"0.85";"NDXm_TICK_UTCPlus02";"M15";"6396.36";"";"1292";"1.24";"1.38";"0.1";"21.32";"0.88";"0.0";"905.38";"1.43";"7.06";"0.85";"44.15";"51.22";"12.87";"12.94";"12.9";"3.99";"0.0";"0.0";"";"0";"0.0";"0.0";"0.0";"0.0";"0.0";"0.0";"0.0";"0.0";"0.0";"0.0";"0.0";"0.0";"0.0";"0.0";"0.0";"0.0"
"Strategy 4.2.509";"PASSED";"0.82";"NDXm_TICK_UTCPlus02";"M15";"6993.2";"";"920";"1.24";"1.19";"0.15";"23.31";"0.89";"0.0";"1246.25";"0.62";"5.61";"0.94";"102.94";"51.48";"24.92";"13.31";"17.75";"3.4";"0.0";"0.0";"";"0";"0.0";"0.0";"0.0";"0.0";"0.0";"0.0";"0.0";"0.0";"0.0";"0.0";"0.0";"0.0";"0.0";"0.0";"0.0";"0.0"
"Strategy 4.2.552";"PASSED";"0.88";"NDXm_TICK_UTCPlus02";"M15";"12397.36";"";"2945";"1.14";"1.28";"0.08";"41.33";"0.87";"0.0";"1319.87";"0.66";"9.39";"0.92";"87.88";"50.94";"20.16";"14.29";"16.62";"4.62";"0.0";"0.0";"";"0";"0.0";"0.0";"0.0";"0.0";"0.0";"0.0";"0.0";"0.0";"0.0";"0.0";"0.0";"0.0";"0.0";"0.0";"0.0";"0.0"
"Strategy 4.3.313";"PASSED";"0.74";"NDXm_TICK_UTCPlus02";"M15";"2973.94";"";"786";"1.14";"0.69";"0.08";"9.91";"0.81";"0.0";"901.16";"0.79";"3.3";"0.46";"71.87";"50.03";"27.71";"21.04";"23.98";"0.97";"0.0";"0.0";"";"0";"0.0";"0.0";"0.0";"0.0";"0.0";"0.0";"0.0";"0.0";"0.0";"0.0";"0.0";"0.0";"0.0";"0.0";"0.0";"0.0"
"Strategy 4.3.394";"PASSED";"0.88";"NDXm_TICK_UTCPlus02";"M15";"5990.86";"";"780";"1.33";"1.6";"0.15";"19.97";"0.92";"0.0";"613.72";"1.15";"9.76";"1.19";"57.9";"50.01";"8.19";"6.75";"7.52";"0.34";"0.0";"0.0";"";"0";"0.0";"0.0";"0.0";"0.0";"0.0";"0.0";"0.0";"0.0";"0.0";"0.0";"0.0";"0.0";"0.0";"0.0";"0.0";"0.0"
"Strategy 4.3.438";"PASSED";"0.84";"NDXm_TICK_UTCPlus02";"M15";"8539.97";"";"1754";"1.17";"1.24";"0.1";"28.47";"0.9";"0.0";"1241.23";"0.8";"6.88";"0.86";"74.51";"51.16";"32.03";"24.59";"27.91";"10.34";"0.0";"0.0";"";"0";"0.0";"0.0";"0.0";"0.0";"0.0";"0.0";"0.0";"0.0";"0.0";"0.0";"0.0";"0.0";"0.0";"0.0";"0.0";"0.0"
"Strategy 4.3.500";"PASSED";"0.84";"NDXm_TICK_UTCPlus02";"M15";"6094.52";"";"997";"1.22";"1.2";"0.12";"20.31";"0.77";"0.0";"930.33";"0.82";"6.55";"0.81";"75.43";"50.45";"17.91";"13.28";"15.36";"2.06";"0.0";"0.0";"";"0";"0.0";"0.0";"0.0";"0.0";"0.0";"0.0";"0.0";"0.0";"0.0";"0.0";"0.0";"0.0";"0.0";"0.0";"0.0";"0.0"
"Strategy 4.3.533";"PASSED";"0.74";"NDXm_TICK_UTCPlus02";"M15";"4647.64";"";"1257";"1.14";"0.89";"0.07";"15.49";"0.86";"0.0";"1403.79";"0.94";"3.31";"0.69";"62.39";"51.29";"32.31";"27.63";"29.89";"10.29";"0.0";"0.0";"";"0";"0.0";"0.0";"0.0";"0.0";"0.0";"0.0";"0.0";"0.0";"0.0";"0.0";"0.0";"0.0";"0.0";"0.0";"0.0";"0.0"
"Strategy 4.4.416";"PASSED";"0.82";"NDXm_TICK_UTCPlus02";"M15";"8399.07";"";"1919";"1.14";"1.08";"0.08";"28.0";"0.88";"0.0";"1498.91";"0.68";"5.6";"0.77";"86.06";"51.56";"30.05";"21.63";"25.05";"10.8";"0.0";"0.0";"";"0";"0.0";"0.0";"0.0";"0.0";"0.0";"0.0";"0.0";"0.0";"0.0";"0.0";"0.0";"0.0";"0.0";"0.0";"0.0";"0.0"
"Strategy 4.4.419";"PASSED";"0.72";"NDXm_TICK_UTCPlus02";"M15";"7370.36";"";"2131";"1.13";"1.08";"0.07";"24.57";"0.74";"0.0";"2440.11";"0.89";"3.02";"0.85";"63.94";"50.22";"17.0";"13.5";"15.15";"0.97";"0.0";"0.0";"";"0";"0.0";"0.0";"0.0";"0.0";"0.0";"0.0";"0.0";"0.0";"0.0";"0.0";"0.0";"0.0";"0.0";"0.0";"0.0";"0.0"
"Strategy 4.4.426";"PASSED";"0.83";"NDXm_TICK_UTCPlus02";"M15";"9542.24";"";"1826";"1.19";"1.36";"0.1";"31.81";"0.9";"0.0";"1475.35";"0.82";"6.47";"0.84";"74.45";"51.2";"31.95";"25.29";"28.28";"11.76";"0.0";"0.0";"";"0";"0.0";"0.0";"0.0";"0.0";"0.0";"0.0";"0.0";"0.0";"0.0";"0.0";"0.0";"0.0";"0.0";"0.0";"0.0";"0.0"
"Strategy 4.4.458";"PASSED";"0.8";"NDXm_TICK_UTCPlus02";"M15";"7191.56";"";"1601";"1.16";"1.1";"0.09";"23.97";"0.86";"0.0";"1400.35";"0.83";"5.14";"0.65";"71.85";"51.25";"32.3";"27.37";"29.6";"11.18";"0.0";"0.0";"";"0";"0.0";"0.0";"0.0";"0.0";"0.0";"0.0";"0.0";"0.0";"0.0";"0.0";"0.0";"0.0";"0.0";"0.0";"0.0";"0.0"
"Strategy 4.4.466";"PASSED";"0.87";"NDXm_TICK_UTCPlus02";"M15";"9736.86";"";"2455";"1.16";"1.4";"0.08";"32.46";"0.81";"0.0";"1071.13";"1.05";"9.09";"1.09";"56.1";"50.82";"24.11";"19.26";"21.75";"11.05";"0.0";"0.0";"";"0";"0.0";"0.0";"0.0";"0.0";"0.0";"0.0";"0.0";"0.0";"0.0";"0.0";"0.0";"0.0";"0.0";"0.0";"0.0";"0.0"
"Strategy 4.4.506";"PASSED";"0.73";"NDXm_TICK_UTCPlus02";"M15";"4521.19";"";"1237";"1.14";"0.87";"0.07";"15.07";"0.83";"0.0";"1460.13";"0.94";"3.1";"0.7";"62.4";"51.5";"32.43";"27.54";"29.91";"10.97";"0.0";"0.0";"";"0";"0.0";"0.0";"0.0";"0.0";"0.0";"0.0";"0.0";"0.0";"0.0";"0.0";"0.0";"0.0";"0.0";"0.0";"0.0";"0.0"
"Strategy 4.4.523";"PASSED";"0.84";"NDXm_TICK_UTCPlus02";"M15";"8577.42";"";"1869";"1.17";"1.3";"0.09";"28.59";"0.87";"0.0";"1321.5";"0.95";"6.49";"1.05";"63.33";"51.15";"34.01";"29.55";"31.72";"12.31";"0.0";"0.0";"";"0";"0.0";"0.0";"0.0";"0.0";"0.0";"0.0";"0.0";"0.0";"0.0";"0.0";"0.0";"0.0";"0.0";"0.0";"0.0";"0.0"
"Strategy 4.5.336";"PASSED";"0.79";"NDXm_TICK_UTCPlus02";"M15";"6787.34";"";"1705";"1.15";"1.08";"0.08";"22.62";"0.88";"0.0";"1418.58";"0.93";"4.78";"0.93";"63.48";"51.14";"33.32";"29.0";"31.08";"12.02";"0.0";"0.0";"";"0";"0.0";"0.0";"0.0";"0.0";"0.0";"0.0";"0.0";"0.0";"0.0";"0.0";"0.0";"0.0";"0.0";"0.0";"0.0";"0.0"
"Strategy 4.5.339";"PASSED";"0.86";"NDXm_TICK_UTCPlus02";"M15";"10058.86";"";"2523";"1.16";"1.42";"0.08";"33.53";"0.82";"0.0";"1206.81";"1.05";"8.34";"1.14";"56.12";"50.81";"23.92";"19.44";"21.74";"11.34";"0.0";"0.0";"";"0";"0.0";"0.0";"0.0";"0.0";"0.0";"0.0";"0.0";"0.0";"0.0";"0.0";"0.0";"0.0";"0.0";"0.0";"0.0";"0.0"
"Strategy 4.5.360";"PASSED";"0.76";"NDXm_TICK_UTCPlus02";"M15";"7129.0";"";"2299";"1.13";"1.1";"0.06";"23.76";"0.85";"0.0";"1809.85";"1.17";"3.94";"0.68";"49.29";"50.98";"14.4";"14.72";"14.55";"7.94";"0.0";"0.0";"";"0";"0.0";"0.0";"0.0";"0.0";"0.0";"0.0";"0.0";"0.0";"0.0";"0.0";"0.0";"0.0";"0.0";"0.0";"0.0";"0.0"
"Strategy 4.5.401";"PASSED";"0.8";"NDXm_TICK_UTCPlus02";"M15";"6536.69";"";"1559";"1.16";"1.08";"0.08";"21.79";"0.79";"0.0";"1265.32";"0.94";"5.17";"0.77";"63.36";"51.22";"33.6";"30.45";"31.98";"11.64";"0.0";"0.0";"";"0";"0.0";"0.0";"0.0";"0.0";"0.0";"0.0";"0.0";"0.0";"0.0";"0.0";"0.0";"0.0";"0.0";"0.0";"0.0";"0.0"
"Strategy 4.5.406";"PASSED";"0.72";"NDXm_TICK_UTCPlus02";"M15";"4387.77";"";"1244";"1.14";"0.85";"0.07";"14.63";"0.82";"0.0";"1502.96";"1.04";"2.92";"0.41";"57.12";"52.18";"14.66";"14.05";"14.36";"6.97";"0.0";"0.0";"";"0";"0.0";"0.0";"0.0";"0.0";"0.0";"0.0";"0.0";"0.0";"0.0";"0.0";"0.0";"0.0";"0.0";"0.0";"0.0";"0.0"
"Strategy 4.5.434";"PASSED";"0.76";"NDXm_TICK_UTCPlus02";"M15";"4357.91";"";"1414";"1.16";"1.03";"0.06";"14.53";"0.77";"0.0";"1142.27";"1.52";"3.82";"0.76";"37.95";"49.94";"28.16";"31.21";"29.37";"1.85";"0.0";"0.0";"";"0";"0.0";"0.0";"0.0";"0.0";"0.0";"0.0";"0.0";"0.0";"0.0";"0.0";"0.0";"0.0";"0.0";"0.0";"0.0";"0.0"
"Strategy 4.5.452";"PASSED";"0.81";"NDXm_TICK_UTCPlus02";"M15";"7590.71";"";"1983";"1.14";"1.12";"0.07";"25.3";"0.86";"0.0";"1444.83";"0.93";"5.25";"0.91";"63.27";"51.39";"34.12";"29.53";"31.74";"13.11";"0.0";"0.0";"";"0";"0.0";"0.0";"0.0";"0.0";"0.0";"0.0";"0.0";"0.0";"0.0";"0.0";"0.0";"0.0";"0.0";"0.0";"0.0";"0.0"
"Strategy 4.5.481";"PASSED";"0.77";"NDXm_TICK_UTCPlus02";"M15";"5544.26";"";"943";"1.19";"0.97";"0.12";"18.48";"0.84";"0.0";"1312.62";"0.65";"4.22";"0.83";"93.01";"51.14";"27.36";"15.49";"20.18";"3.66";"0.0";"0.0";"";"0";"0.0";"0.0";"0.0";"0.0";"0.0";"0.0";"0.0";"0.0";"0.0";"0.0";"0.0";"0.0";"0.0";"0.0";"0.0";"0.0"
"Strategy 4.5.525";"PASSED";"0.8";"NDXm_TICK_UTCPlus02";"M15";"7053.94";"";"2110";"1.13";"1.06";"0.07";"23.51";"0.86";"0.0";"1438.94";"1.01";"4.9";"0.64";"57.72";"51.35";"16.02";"14.64";"15.33";"7.73";"0.0";"0.0";"";"0";"0.0";"0.0";"0.0";"0.0";"0.0";"0.0";"0.0";"0.0";"0.0";"0.0";"0.0";"0.0";"0.0";"0.0";"0.0";"0.0"
"Strategy 4.5.548";"PASSED";"0.84";"NDXm_TICK_UTCPlus02";"M15";"6958.03";"";"1288";"1.19";"1.17";"0.11";"23.19";"0.9";"0.0";"1070.79";"0.78";"6.5";"0.93";"77.52";"50.6";"13.25";"9.12";"10.93";"1.89";"0.0";"0.0";"";"0";"0.0";"0.0";"0.0";"0.0";"0.0";"0.0";"0.0";"0.0";"0.0";"0.0";"0.0";"0.0";"0.0";"0.0";"0.0";"0.0"
"Strategy 4.5.573";"PASSED";"0.82";"NDXm_TICK_UTCPlus02";"M15";"7168.05";"";"1574";"1.16";"1.11";"0.09";"23.89";"0.87";"0.0";"1196.97";"0.83";"5.99";"0.88";"71.65";"51.15";"32.46";"26.76";"29.35";"10.71";"0.0";"0.0";"";"0";"0.0";"0.0";"0.0";"0.0";"0.0";"0.0";"0.0";"0.0";"0.0";"0.0";"0.0";"0.0";"0.0";"0.0";"0.0";"0.0"
"Strategy 4.6.317";"PASSED";"0.78";"NDXm_TICK_UTCPlus02";"M15";"7203.11";"";"2137";"1.13";"1.08";"0.07";"24.01";"0.85";"0.0";"1638.0";"1.01";"4.4";"0.57";"57.73";"51.34";"15.93";"14.58";"15.26";"7.73";"0.0";"0.0";"";"0";"0.0";"0.0";"0.0";"0.0";"0.0";"0.0";"0.0";"0.0";"0.0";"0.0";"0.0";"0.0";"0.0";"0.0";"0.0";"0.0"
"Strategy 4.6.403";"PASSED";"0.77";"NDXm_TICK_UTCPlus02";"M15";"9097.76";"";"2188";"1.16";"1.34";"0.08";"30.33";"0.85";"0.0";"2230.91";"1.01";"4.08";"0.78";"59.04";"51.03";"17.71";"16.43";"17.07";"8.4";"0.0";"0.0";"";"0";"0.0";"0.0";"0.0";"0.0";"0.0";"0.0";"0.0";"0.0";"0.0";"0.0";"0.0";"0.0";"0.0";"0.0";"0.0";"0.0"
"Strategy 4.6.419";"PASSED";"0.85";"NDXm_TICK_UTCPlus02";"M15";"8344.58";"";"1781";"1.18";"1.31";"0.09";"27.82";"0.86";"0.0";"1099.43";"0.95";"7.59";"1.06";"63.34";"51.08";"35.49";"30.32";"32.84";"12.9";"0.0";"0.0";"";"0";"0.0";"0.0";"0.0";"0.0";"0.0";"0.0";"0.0";"0.0";"0.0";"0.0";"0.0";"0.0";"0.0";"0.0";"0.0";"0.0"
"Strategy 4.6.458";"PASSED";"0.82";"NDXm_TICK_UTCPlus02";"M15";"8656.87";"";"1751";"1.16";"1.16";"0.1";"28.86";"0.89";"0.0";"1532.41";"0.7";"5.65";"0.74";"85.13";"51.06";"31.6";"23.0";"26.54";"8.28";"0.0";"0.0";"";"0";"0.0";"0.0";"0.0";"0.0";"0.0";"0.0";"0.0";"0.0";"0.0";"0.0";"0.0";"0.0";"0.0";"0.0";"0.0";"0.0"
"Strategy 4.6.471";"PASSED";"0.68";"NDXm_TICK_UTCPlus02";"M15";"2357.26";"";"654";"1.16";"0.69";"0.07";"7.86";"0.76";"0.0";"1018.37";"1.19";"2.31";"0.49";"49.03";"50.33";"18.56";"16.4";"17.58";"0.71";"0.0";"0.0";"";"0";"0.0";"0.0";"0.0";"0.0";"0.0";"0.0";"0.0";"0.0";"0.0";"0.0";"0.0";"0.0";"0.0";"0.0";"0.0";"0.0"
"Strategy 4.6.545";"PASSED";"0.82";"NDXm_TICK_UTCPlus02";"M15";"7592.41";"";"1661";"1.16";"1.13";"0.09";"25.31";"0.86";"0.0";"1363.66";"0.8";"5.57";"0.71";"74.34";"51.49";"32.25";"25.22";"28.35";"10.8";"0.0";"0.0";"";"0";"0.0";"0.0";"0.0";"0.0";"0.0";"0.0";"0.0";"0.0";"0.0";"0.0";"0.0";"0.0";"0.0";"0.0";"0.0";"0.0"
"Strategy 4.6.557";"PASSED";"0.82";"NDXm_TICK_UTCPlus02";"M15";"7702.3";"";"1852";"1.15";"1.15";"0.08";"25.67";"0.88";"0.0";"1298.21";"0.87";"5.93";"0.85";"67.92";"51.36";"25.81";"20.86";"23.16";"9.41";"0.0";"0.0";"";"0";"0.0";"0.0";"0.0";"0.0";"0.0";"0.0";"0.0";"0.0";"0.0";"0.0";"0.0";"0.0";"0.0";"0.0";"0.0";"0.0"
"Strategy 4.6.574";"PASSED";"0.88";"NDXm_TICK_UTCPlus02";"M15";"11489.18";"";"2332";"1.17";"1.34";"0.1";"38.3";"0.9";"0.0";"1217.7";"0.72";"9.44";"1.18";"82.75";"51.29";"29.07";"19.98";"23.79";"12.1";"0.0";"0.0";"";"0";"0.0";"0.0";"0.0";"0.0";"0.0";"0.0";"0.0";"0.0";"0.0";"0.0";"0.0";"0.0";"0.0";"0.0";"0.0";"0.0"
"Strategy 4.7.339";"PASSED";"0.78";"NDXm_TICK_UTCPlus02";"M15";"5879.37";"";"1658";"1.14";"1.0";"0.07";"19.6";"0.84";"0.0";"1342.36";"1.03";"4.38";"0.85";"56.63";"50.97";"29.79";"27.26";"28.54";"10.46";"0.0";"0.0";"";"0";"0.0";"0.0";"0.0";"0.0";"0.0";"0.0";"0.0";"0.0";"0.0";"0.0";"0.0";"0.0";"0.0";"0.0";"0.0";"0.0"
"Strategy 4.7.341";"PASSED";"0.85";"NDXm_TICK_UTCPlus02";"M15";"10516.99";"";"1903";"1.2";"1.47";"0.11";"35.06";"0.92";"0.0";"1421.09";"0.83";"7.4";"1.2";"74.43";"51.41";"31.97";"25.37";"28.36";"12.1";"0.0";"0.0";"";"0";"0.0";"0.0";"0.0";"0.0";"0.0";"0.0";"0.0";"0.0";"0.0";"0.0";"0.0";"0.0";"0.0";"0.0";"0.0";"0.0"
"Strategy 4.7.478";"PASSED";"0.86";"NDXm_TICK_UTCPlus02";"M15";"6785.49";"";"2202";"1.13";"1.1";"0.06";"22.62";"0.87";"0.0";"821.04";"1.18";"8.26";"1.01";"48.66";"50.81";"29.58";"29.94";"29.75";"8.7";"0.0";"0.0";"";"0";"0.0";"0.0";"0.0";"0.0";"0.0";"0.0";"0.0";"0.0";"0.0";"0.0";"0.0";"0.0";"0.0";"0.0";"0.0";"0.0"
"Strategy 4.7.489";"PASSED";"0.81";"NDXm_TICK_UTCPlus02";"M15";"6975.41";"";"1923";"1.14";"1.09";"0.07";"23.25";"0.82";"0.0";"1267.14";"0.99";"5.5";"0.71";"59.09";"51.2";"34.59";"29.96";"32.26";"13.74";"0.0";"0.0";"";"0";"0.0";"0.0";"0.0";"0.0";"0.0";"0.0";"0.0";"0.0";"0.0";"0.0";"0.0";"0.0";"0.0";"0.0";"0.0";"0.0"
"Strategy 4.7.495";"PASSED";"0.85";"NDXm_TICK_UTCPlus02";"M15";"6180.16";"";"1890";"1.16";"1.16";"0.06";"20.6";"0.89";"0.0";"876.72";"1.49";"7.05";"1.05";"39.97";"51.3";"19.84";"21.4";"20.47";"8.61";"0.0";"0.0";"";"0";"0.0";"0.0";"0.0";"0.0";"0.0";"0.0";"0.0";"0.0";"0.0";"0.0";"0.0";"0.0";"0.0";"0.0";"0.0";"0.0"
"Strategy 4.7.499";"PASSED";"0.74";"NDXm_TICK_UTCPlus02";"M15";"4241.68";"";"514";"1.27";"0.99";"0.16";"14.14";"0.83";"0.0";"1265.03";"0.65";"3.35";"0.69";"99.53";"51.33";"23.66";"17.27";"19.79";"1.51";"0.0";"0.0";"";"0";"0.0";"0.0";"0.0";"0.0";"0.0";"0.0";"0.0";"0.0";"0.0";"0.0";"0.0";"0.0";"0.0";"0.0";"0.0";"0.0"
"Strategy 4.8.329";"PASSED";"0.78";"NDXm_TICK_UTCPlus02";"M15";"5217.71";"";"1585";"1.12";"0.88";"0.06";"17.39";"0.82";"0.0";"1219.45";"0.91";"4.28";"0.6";"63.02";"50.91";"34.72";"29.56";"32.02";"11.18";"0.0";"0.0";"";"0";"0.0";"0.0";"0.0";"0.0";"0.0";"0.0";"0.0";"0.0";"0.0";"0.0";"0.0";"0.0";"0.0";"0.0";"0.0";"0.0"
"Strategy 4.8.362";"PASSED";"0.79";"NDXm_TICK_UTCPlus02";"M15";"5945.86";"";"1832";"1.12";"0.9";"0.06";"19.82";"0.88";"0.0";"1266.29";"0.87";"4.7";"0.62";"65.7";"50.93";"20.17";"15.75";"17.8";"7.14";"0.0";"0.0";"";"0";"0.0";"0.0";"0.0";"0.0";"0.0";"0.0";"0.0";"0.0";"0.0";"0.0";"0.0";"0.0";"0.0";"0.0";"0.0";"0.0"
"Strategy 4.8.380";"PASSED";"0.84";"NDXm_TICK_UTCPlus02";"M15";"11196.32";"";"3739";"1.11";"1.2";"0.06";"37.32";"0.88";"0.0";"1636.16";"0.93";"6.84";"0.92";"61.3";"51.13";"29.23";"23.58";"26.3";"22.06";"0.0";"0.0";"";"0";"0.0";"0.0";"0.0";"0.0";"0.0";"0.0";"0.0";"0.0";"0.0";"0.0";"0.0";"0.0";"0.0";"0.0";"0.0";"0.0"
"Strategy 4.8.418";"PASSED";"0.82";"NDXm_TICK_UTCPlus02";"M15";"9413.72";"";"3893";"1.1";"1.09";"0.05";"31.38";"0.86";"0.0";"1648.02";"1.1";"5.71";"0.78";"50.99";"50.83";"14.09";"12.36";"13.27";"9.2";"0.0";"0.0";"";"0";"0.0";"0.0";"0.0";"0.0";"0.0";"0.0";"0.0";"0.0";"0.0";"0.0";"0.0";"0.0";"0.0";"0.0";"0.0";"0.0"
"Strategy 4.8.420";"PASSED";"0.73";"NDXm_TICK_UTCPlus02";"M15";"7824.58";"";"2057";"1.13";"1.01";"0.07";"26.08";"0.82";"0.0";"2435.7";"0.73";"3.21";"0.81";"79.15";"51.42";"22.83";"17.61";"19.82";"6.97";"0.0";"0.0";"";"0";"0.0";"0.0";"0.0";"0.0";"0.0";"0.0";"0.0";"0.0";"0.0";"0.0";"0.0";"0.0";"0.0";"0.0";"0.0";"0.0"
"Strategy 4.8.438";"PASSED";"0.88";"NDXm_TICK_UTCPlus02";"M15";"10937.87";"";"2662";"1.14";"1.31";"0.08";"36.46";"0.85";"0.0";"1172.18";"0.78";"9.33";"1.07";"75.08";"51.04";"19.2";"13.69";"16.1";"6.72";"0.0";"0.0";"";"0";"0.0";"0.0";"0.0";"0.0";"0.0";"0.0";"0.0";"0.0";"0.0";"0.0";"0.0";"0.0";"0.0";"0.0";"0.0";"0.0"
"Strategy 4.8.472";"PASSED";"0.83";"NDXm_TICK_UTCPlus02";"M15";"11906.8";"";"2104";"1.19";"1.42";"0.11";"39.69";"0.89";"0.0";"1928.9";"0.69";"6.17";"0.8";"88.9";"51.43";"19.04";"14.26";"16.21";"7.77";"0.0";"0.0";"";"0";"0.0";"0.0";"0.0";"0.0";"0.0";"0.0";"0.0";"0.0";"0.0";"0.0";"0.0";"0.0";"0.0";"0.0";"0.0";"0.0"
"Strategy 4.8.489";"PASSED";"0.79";"NDXm_TICK_UTCPlus02";"M15";"3367.94";"";"792";"1.19";"0.92";"0.09";"11.23";"0.87";"0.0";"727.46";"1.25";"4.63";"0.82";"47.61";"49.95";"29.13";"29.29";"29.2";"1.26";"0.0";"0.0";"";"0";"0.0";"0.0";"0.0";"0.0";"0.0";"0.0";"0.0";"0.0";"0.0";"0.0";"0.0";"0.0";"0.0";"0.0";"0.0";"0.0"
"Strategy 4.8.514";"PASSED";"0.79";"NDXm_TICK_UTCPlus02";"M15";"5601.42";"";"1743";"1.12";"0.91";"0.06";"18.67";"0.83";"0.0";"1221.05";"0.95";"4.59";"0.61";"60.15";"51.11";"21.24";"16.82";"18.98";"6.09";"0.0";"0.0";"";"0";"0.0";"0.0";"0.0";"0.0";"0.0";"0.0";"0.0";"0.0";"0.0";"0.0";"0.0";"0.0";"0.0";"0.0";"0.0";"0.0"
"Strategy 4.8.521";"PASSED";"0.87";"NDXm_TICK_UTCPlus02";"M15";"8730.22";"";"2370";"1.17";"1.37";"0.07";"29.1";"0.82";"0.0";"956.12";"1.32";"9.13";"1.22";"45.36";"51.47";"10.14";"11.01";"10.51";"7.18";"0.0";"0.0";"";"0";"0.0";"0.0";"0.0";"0.0";"0.0";"0.0";"0.0";"0.0";"0.0";"0.0";"0.0";"0.0";"0.0";"0.0";"0.0";"0.0"
"Strategy 4.8.543";"PASSED";"0.81";"NDXm_TICK_UTCPlus02";"M15";"7307.17";"";"1824";"1.16";"1.2";"0.08";"24.36";"0.86";"0.0";"1388.4";"1.05";"5.26";"1.13";"56.37";"50.95";"29.69";"27.13";"28.44";"10.8";"0.0";"0.0";"";"0";"0.0";"0.0";"0.0";"0.0";"0.0";"0.0";"0.0";"0.0";"0.0";"0.0";"0.0";"0.0";"0.0";"0.0";"0.0";"0.0"
"Strategy 4.8.573";"PASSED";"0.8";"NDXm_TICK_UTCPlus02";"M15";"7616.67";"";"1801";"1.16";"1.19";"0.08";"25.39";"0.82";"0.0";"1504.97";"0.91";"5.06";"0.98";"64.84";"51.04";"37.63";"31.7";"34.53";"13.99";"0.0";"0.0";"";"0";"0.0";"0.0";"0.0";"0.0";"0.0";"0.0";"0.0";"0.0";"0.0";"0.0";"0.0";"0.0";"0.0";"0.0";"0.0";"0.0"
"Strategy 4.9.307";"PASSED";"0.79";"NDXm_TICK_UTCPlus02";"M15";"8526.96";"";"3836";"1.09";"1.02";"0.04";"28.42";"0.85";"0.0";"1782.33";"1.16";"4.78";"0.64";"48.06";"50.77";"14.61";"12.98";"13.85";"9.71";"0.0";"0.0";"";"0";"0.0";"0.0";"0.0";"0.0";"0.0";"0.0";"0.0";"0.0";"0.0";"0.0";"0.0";"0.0";"0.0";"0.0";"0.0";"0.0"
"Strategy 4.9.338";"PASSED";"0.74";"NDXm_TICK_UTCPlus02";"M15";"7450.68";"";"3174";"1.11";"1.09";"0.05";"24.84";"0.9";"0.0";"2205.54";"1.39";"3.38";"0.8";"40.66";"50.84";"14.5";"13.92";"14.26";"12.52";"0.0";"0.0";"";"0";"0.0";"0.0";"0.0";"0.0";"0.0";"0.0";"0.0";"0.0";"0.0";"0.0";"0.0";"0.0";"0.0";"0.0";"0.0";"0.0"
"Strategy 4.9.350";"PASSED";"0.8";"NDXm_TICK_UTCPlus02";"M15";"6946.54";"";"1674";"1.17";"1.24";"0.08";"23.16";"0.87";"0.0";"1372.6";"1.13";"5.06";"1.09";"53.11";"51.04";"23.03";"21.45";"22.29";"8.03";"0.0";"0.0";"";"0";"0.0";"0.0";"0.0";"0.0";"0.0";"0.0";"0.0";"0.0";"0.0";"0.0";"0.0";"0.0";"0.0";"0.0";"0.0";"0.0"
"Strategy 4.9.359";"PASSED";"0.77";"NDXm_TICK_UTCPlus02";"M15";"4250.89";"";"747";"1.19";"0.88";"0.11";"14.17";"0.82";"0.0";"1051.38";"0.66";"4.04";"0.64";"90.81";"50.18";"13.94";"9.67";"11.36";"0.42";"0.0";"0.0";"";"0";"0.0";"0.0";"0.0";"0.0";"0.0";"0.0";"0.0";"0.0";"0.0";"0.0";"0.0";"0.0";"0.0";"0.0";"0.0";"0.0"
"Strategy 4.9.379";"PASSED";"0.78";"NDXm_TICK_UTCPlus02";"M15";"4495.07";"";"716";"1.22";"0.97";"0.12";"14.98";"0.86";"0.0";"1052.02";"0.79";"4.27";"0.72";"79.26";"51.38";"20.73";"14.57";"17.29";"0.88";"0.0";"0.0";"";"0";"0.0";"0.0";"0.0";"0.0";"0.0";"0.0";"0.0";"0.0";"0.0";"0.0";"0.0";"0.0";"0.0";"0.0";"0.0";"0.0"
"Strategy 4.9.392";"PASSED";"0.77";"NDXm_TICK_UTCPlus02";"M15";"7545.35";"";"2140";"1.15";"1.25";"0.07";"25.15";"0.8";"0.0";"1810.05";"1.24";"4.17";"0.93";"47.59";"50.95";"23.25";"22.76";"23.04";"10.8";"0.0";"0.0";"";"0";"0.0";"0.0";"0.0";"0.0";"0.0";"0.0";"0.0";"0.0";"0.0";"0.0";"0.0";"0.0";"0.0";"0.0";"0.0";"0.0"
"Strategy 4.9.400";"PASSED";"0.85";"NDXm_TICK_UTCPlus02";"M15";"11371.41";"";"2056";"1.18";"1.36";"0.11";"37.91";"0.88";"0.0";"1559.67";"0.68";"7.29";"0.91";"88.85";"51.45";"19.28";"14.39";"16.38";"7.9";"0.0";"0.0";"";"0";"0.0";"0.0";"0.0";"0.0";"0.0";"0.0";"0.0";"0.0";"0.0";"0.0";"0.0";"0.0";"0.0";"0.0";"0.0";"0.0"
"Strategy 4.9.416";"PASSED";"0.83";"NDXm_TICK_UTCPlus02";"M15";"7648.17";"";"2004";"1.17";"1.29";"0.07";"25.49";"0.8";"0.0";"1227.75";"1.22";"6.23";"0.98";"48.66";"51.08";"27.22";"27.03";"27.14";"11.89";"0.0";"0.0";"";"0";"0.0";"0.0";"0.0";"0.0";"0.0";"0.0";"0.0";"0.0";"0.0";"0.0";"0.0";"0.0";"0.0";"0.0";"0.0";"0.0"
"Strategy 4.9.430";"PASSED";"0.75";"NDXm_TICK_UTCPlus02";"M15";"7488.27";"";"1975";"1.15";"1.2";"0.07";"24.96";"0.84";"0.0";"2072.37";"1.05";"3.61";"0.82";"56.08";"51.04";"22.24";"19.99";"21.14";"9.71";"0.0";"0.0";"";"0";"0.0";"0.0";"0.0";"0.0";"0.0";"0.0";"0.0";"0.0";"0.0";"0.0";"0.0";"0.0";"0.0";"0.0";"0.0";"0.0"
"Strategy 4.9.499";"PASSED";"0.84";"NDXm_TICK_UTCPlus02";"M15";"8876.44";"";"2483";"1.16";"1.37";"0.07";"29.59";"0.83";"0.0";"1306.8";"1.32";"6.79";"0.91";"45.1";"51.26";"9.88";"10.69";"10.23";"7.18";"0.0";"0.0";"";"0";"0.0";"0.0";"0.0";"0.0";"0.0";"0.0";"0.0";"0.0";"0.0";"0.0";"0.0";"0.0";"0.0";"0.0";"0.0";"0.0"
"Strategy 4.9.531";"PASSED";"0.81";"NDXm_TICK_UTCPlus02";"M15";"6188.61";"";"2911";"1.1";"0.94";"0.04";"20.63";"0.86";"0.0";"1175.21";"1.36";"5.27";"0.74";"41.09";"50.83";"16.69";"17.13";"16.88";"6.64";"0.0";"0.0";"";"0";"0.0";"0.0";"0.0";"0.0";"0.0";"0.0";"0.0";"0.0";"0.0";"0.0";"0.0";"0.0";"0.0";"0.0";"0.0";"0.0"
